entity_id,store_id,total_weight,total_qty,email_sent,send_email,order_id,customer_id,shipping_address_id,billing_address_id,shipment_status,increment_id,created_at,updated_at,packages,shipping_label,customer_note,customer_note_notify
274,1,,1.0000,1,1,756,2151,1511,1512,,000000274,2022-02-21 13:00:37,2022-02-21 13:01:16,[],,,
275,1,,3.0000,1,1,762,2151,1523,1524,,000000275,2022-02-21 15:16:08,2022-02-21 15:16:17,[],,,
276,1,,1.0000,1,1,759,2151,1517,1518,,000000276,2022-02-21 15:34:14,2022-02-21 15:34:23,[],,,
277,1,,1.0000,1,1,765,2151,1529,1530,,000000277,2022-02-21 15:34:24,2022-02-21 15:34:26,[],,,
278,1,,1.0000,1,1,763,2151,1525,1526,,000000278,2022-02-21 15:34:27,2022-02-21 15:34:29,[],,,
279,1,,2.0000,1,1,764,2151,1527,1528,,000000279,2022-02-21 15:34:30,2022-02-21 15:34:31,[],,,
280,1,,1.0000,1,1,760,2151,1519,1520,,000000280,2022-02-21 15:34:32,2022-02-21 15:34:34,[],,,
281,1,,1.0000,1,1,761,2151,1521,1522,,000000281,2022-02-21 15:34:35,2022-02-21 15:34:36,[],,,
282,1,,1.0000,1,1,758,2151,1515,1516,,000000282,2022-02-21 15:36:12,2022-02-21 15:36:35,[],,,
283,1,,1.0000,1,1,766,2151,1531,1532,,000000283,2022-02-21 16:04:12,2022-02-21 16:04:29,[],,,
284,1,,2.0000,1,1,767,1654,1533,1534,,000000284,2022-02-21 16:04:32,2022-02-21 16:04:33,[],,,
285,1,,1.0000,,,768,2151,1535,1536,,000000285,2022-02-22 12:42:13,2022-02-22 12:42:13,[],,,
286,1,,1.0000,1,1,768,2151,1535,1536,,000000286,2022-02-22 12:42:13,2022-02-22 12:42:23,[],,,
287,1,,1.0000,1,1,771,2151,1541,1542,,000000287,2022-02-22 12:42:24,2022-02-22 12:42:32,[],,,
288,1,,2.0000,1,1,770,2151,1539,1540,,000000288,2022-02-22 12:42:33,2022-02-22 12:42:41,[],,,
289,1,,2.0000,1,1,769,2151,1537,1538,,000000289,2022-02-22 12:42:42,2022-02-22 12:42:47,[],,,
290,1,,1.0000,1,1,772,1654,1543,1544,,000000290,2022-02-22 14:48:08,2022-02-22 14:48:29,[],,,
291,1,,1.0000,1,1,773,2151,1545,1546,,000000291,2022-02-23 12:18:11,2022-02-23 12:18:21,[],,,
292,1,,1.0000,1,1,774,2151,1547,1548,,000000292,2022-02-23 12:18:23,2022-02-23 12:18:24,[],,,
293,1,,1.0000,1,1,778,2151,1555,1556,,000000293,2022-02-24 13:06:10,2022-02-24 13:06:37,[],,,
294,1,,1.0000,1,1,777,2151,1553,1554,,000000294,2022-02-24 13:06:10,2022-02-24 13:06:37,[],,,
295,1,,1.0000,1,1,776,2151,1551,1552,,000000295,2022-02-24 13:06:39,2022-02-24 13:06:43,[],,,
296,1,,1.0000,1,1,775,2151,1549,1550,,000000296,2022-02-24 13:06:39,2022-02-24 13:06:43,[],,,
297,1,,1.0000,1,1,780,2151,1559,1560,,000000297,2022-02-25 13:08:17,2022-02-25 13:08:28,[],,,
298,1,,1.0000,1,1,779,2151,1557,1558,,000000298,2022-02-25 13:08:29,2022-02-25 13:08:30,[],,,
299,1,,3.0000,1,1,788,2151,1575,1576,,000000299,2022-02-28 15:06:14,2022-02-28 15:06:21,[],,,
300,1,,1.0000,1,1,782,2151,1563,1564,,000000300,2022-02-28 15:20:14,2022-02-28 15:20:25,[],,,
301,1,,1.0000,1,1,784,2151,1567,1568,,000000301,2022-02-28 15:20:26,2022-02-28 15:20:27,[],,,
302,1,,1.0000,1,1,786,2151,1571,1572,,000000302,2022-02-28 15:22:08,2022-02-28 15:22:16,[],,,
303,1,,1.0000,1,1,787,2151,1573,1574,,000000303,2022-02-28 15:24:09,2022-02-28 15:24:18,[],,,
304,1,,1.0000,1,1,785,2151,1569,1570,,000000304,2022-02-28 15:24:19,2022-02-28 15:24:21,[],,,
305,1,,1.0000,1,1,783,2151,1565,1566,,000000305,2022-02-28 15:24:22,2022-02-28 15:24:23,[],,,
306,1,,1.0000,1,1,781,2151,1561,1562,,000000306,2022-02-28 15:24:24,2022-02-28 15:24:25,[],,,
307,1,,1.0000,1,1,790,2151,1579,1580,,000000307,2022-03-01 13:18:15,2022-03-01 13:18:25,[],,,
308,1,,1.0000,1,1,791,2151,1581,1582,,000000308,2022-03-01 13:18:27,2022-03-01 13:18:29,[],,,
309,1,,1.0000,1,1,792,2151,1583,1584,,000000309,2022-03-01 13:20:36,2022-03-01 13:20:41,[],,,
310,1,,1.0000,1,1,789,2151,1577,1578,,000000310,2022-03-01 13:20:42,2022-03-01 13:20:44,[],,,
311,1,,2.0000,1,1,796,2151,1591,1592,,000000311,2022-03-02 13:30:21,2022-03-02 13:30:25,[],,,
312,1,,1.0000,1,1,794,2151,1587,1588,,000000312,2022-03-02 13:32:08,2022-03-02 13:32:14,[],,,
313,1,,1.0000,1,1,797,2151,1593,1594,,000000313,2022-03-02 13:32:15,2022-03-02 13:32:16,[],,,
314,1,,3.0000,1,1,795,2151,1589,1590,,000000314,2022-03-02 13:32:18,2022-03-02 13:32:19,[],,,
315,1,,1.0000,1,1,798,2151,1595,1596,,000000315,2022-03-02 13:34:06,2022-03-02 13:34:09,[],,,
316,1,,1.0000,1,1,793,2151,1585,1586,,000000316,2022-03-02 13:34:10,2022-03-02 13:34:11,[],,,
317,1,,1.0000,1,1,801,2151,1601,1602,,000000317,2022-03-03 13:18:10,2022-03-03 13:18:13,[],,,
318,1,,2.0000,1,1,800,2151,1599,1600,,000000318,2022-03-03 13:18:13,2022-03-03 13:18:14,[],,,
319,1,,1.0000,1,1,802,2151,1603,1604,,000000319,2022-03-03 13:18:16,2022-03-03 13:18:17,[],,,
320,1,,2.0000,1,1,803,2151,1605,1606,,000000320,2022-03-03 13:18:18,2022-03-03 13:18:19,[],,,
321,1,,1.0000,1,1,799,2151,1597,1598,,000000321,2022-03-03 13:18:20,2022-03-03 13:18:21,[],,,
322,1,,1.0000,1,1,807,2151,1613,1614,,000000322,2022-03-04 13:26:09,2022-03-04 13:26:12,[],,,
323,1,,1.0000,1,1,804,2151,1607,1608,,000000323,2022-03-04 13:26:14,2022-03-04 13:26:15,[],,,
324,1,,1.0000,1,1,808,2151,1615,1616,,000000324,2022-03-04 13:26:16,2022-03-04 13:26:16,[],,,
325,1,,1.0000,1,1,810,2151,1619,1620,,000000325,2022-03-04 13:28:07,2022-03-04 13:28:13,[],,,
326,1,,1.0000,1,1,805,2151,1609,1610,,000000326,2022-03-04 13:28:14,2022-03-04 13:28:15,[],,,
327,1,,1.0000,1,1,809,2151,1617,1618,,000000327,2022-03-04 13:28:17,2022-03-04 13:28:18,[],,,
328,1,,1.0000,1,1,806,2151,1611,1612,,000000328,2022-03-04 13:28:19,2022-03-04 13:28:20,[],,,
329,1,,1.0000,1,1,814,2151,1627,1628,,000000329,2022-03-07 13:58:07,2022-03-07 13:58:11,[],,,
330,1,,1.0000,1,1,812,2151,1623,1624,,000000330,2022-03-07 13:58:12,2022-03-07 13:58:13,[],,,
331,1,,1.0000,1,1,813,2151,1625,1626,,000000331,2022-03-07 13:58:15,2022-03-07 13:58:17,[],,,
332,1,,1.0000,1,1,811,2151,1621,1622,,000000332,2022-03-07 13:58:18,2022-03-07 13:58:19,[],,,
333,1,,1.0000,1,1,817,2151,1633,1634,,000000333,2022-03-08 15:36:06,2022-03-08 15:36:12,[],,,
334,1,,1.0000,1,1,816,2151,1631,1632,,000000334,2022-03-08 15:36:14,2022-03-08 15:36:15,[],,,
335,1,,1.0000,1,1,815,2151,1629,1630,,000000335,2022-03-08 15:36:17,2022-03-08 15:36:18,[],,,
336,1,,1.0000,1,1,819,2151,1637,1638,,000000336,2022-03-09 13:34:09,2022-03-09 13:34:11,[],,,
337,1,,1.0000,1,1,821,2151,1641,1642,,000000337,2022-03-09 13:34:13,2022-03-09 13:34:14,[],,,
338,1,,1.0000,1,1,820,2151,1639,1640,,000000338,2022-03-09 13:34:14,2022-03-09 13:34:15,[],,,
339,1,,1.0000,1,1,818,2151,1635,1636,,000000339,2022-03-09 13:34:17,2022-03-09 13:34:18,[],,,
340,1,,1.0000,1,1,822,2151,1643,1644,,000000340,2022-03-09 15:00:21,2022-03-09 15:00:25,[],,,
341,1,,1.0000,1,1,824,2151,1647,1648,,000000341,2022-03-10 12:54:09,2022-03-10 12:54:13,[],,,
342,1,,1.0000,1,1,823,2151,1645,1646,,000000342,2022-03-10 12:54:14,2022-03-10 12:54:15,[],,,
343,1,,1.0000,1,1,825,2151,1649,1650,,000000343,2022-03-10 12:54:17,2022-03-10 12:54:18,[],,,
344,1,,1.0000,1,1,828,2151,1655,1656,,000000344,2022-03-11 12:38:09,2022-03-11 12:38:12,[],,,
345,1,,1.0000,1,1,827,2151,1653,1654,,000000345,2022-03-11 12:38:12,2022-03-11 12:38:13,[],,,
346,1,,1.0000,1,1,826,2151,1651,1652,,000000346,2022-03-11 12:38:14,2022-03-11 12:38:15,[],,,
347,1,,3.0000,1,1,829,1654,1657,1658,,000000347,2022-03-14 12:42:08,2022-03-14 12:42:12,[],,,
348,1,,7.0000,1,1,830,1654,1659,1660,,000000348,2022-03-15 11:22:07,2022-03-15 11:22:10,[],,,
349,1,,2.0000,1,1,834,2151,1667,1668,,000000349,2022-03-15 12:44:07,2022-03-15 12:44:13,[],,,
350,1,,1.0000,1,1,833,2151,1665,1666,,000000350,2022-03-15 12:44:14,2022-03-15 12:44:15,[],,,
351,1,,1.0000,1,1,835,2151,1669,1670,,000000351,2022-03-15 12:44:16,2022-03-15 12:44:17,[],,,
352,1,,1.0000,1,1,832,2151,1663,1664,,000000352,2022-03-15 12:44:18,2022-03-15 12:44:19,[],,,
353,1,,1.0000,1,1,831,2151,1661,1662,,000000353,2022-03-15 12:44:20,2022-03-15 12:44:21,[],,,
354,1,,1.0000,1,1,836,2151,1671,1672,,000000354,2022-03-15 13:12:06,2022-03-15 13:12:14,[],,,
355,1,,1.0000,1,1,837,2151,1673,1674,,000000355,2022-03-15 13:12:15,2022-03-15 13:12:16,[],,,
356,1,,1.0000,1,1,838,2151,1675,1676,,000000356,2022-03-15 13:42:09,2022-03-15 13:42:11,[],,,
357,1,,1.0000,1,1,839,2151,1677,1678,,000000357,2022-03-16 12:24:11,2022-03-16 12:24:15,[],,,
358,1,,4.0000,1,1,842,2151,1683,1684,,000000358,2022-03-16 13:04:10,2022-03-16 13:04:14,[],,,
359,1,,1.0000,1,1,844,2151,1687,1688,,000000359,2022-03-16 13:08:09,2022-03-16 13:08:14,[],,,
360,1,,1.0000,1,1,840,2151,1679,1680,,000000360,2022-03-16 13:08:15,2022-03-16 13:08:16,[],,,
361,1,,1.0000,1,1,843,2151,1685,1686,,000000361,2022-03-16 13:08:17,2022-03-16 13:08:17,[],,,
362,1,,1.0000,1,1,841,2151,1681,1682,,000000362,2022-03-16 13:08:18,2022-03-16 13:08:19,[],,,
363,1,,1.0000,1,1,846,2151,1691,1692,,000000363,2022-03-17 12:28:09,2022-03-17 12:28:14,[],,,
364,1,,1.0000,1,1,850,2151,1699,1700,,000000364,2022-03-17 12:28:15,2022-03-17 12:28:15,[],,,
365,1,,1.0000,1,1,847,2151,1693,1694,,000000365,2022-03-17 12:28:16,2022-03-17 12:28:17,[],,,
366,1,,1.0000,1,1,848,2151,1695,1696,,000000366,2022-03-17 12:28:18,2022-03-17 12:28:18,[],,,
367,1,,1.0000,1,1,845,2151,1689,1690,,000000367,2022-03-17 12:28:19,2022-03-17 12:28:19,[],,,
368,1,,1.0000,1,1,849,2151,1697,1698,,000000368,2022-03-17 12:28:20,2022-03-17 12:28:20,[],,,
369,1,,1.0000,1,1,851,1654,1701,1702,,000000369,2022-03-17 14:48:14,2022-03-17 14:48:21,[],,,
370,1,,4.0000,1,1,853,2151,1705,1706,,000000370,2022-03-18 12:14:07,2022-03-18 12:14:09,[],,,
371,1,,1.0000,1,1,852,2151,1703,1704,,000000371,2022-03-18 12:42:09,2022-03-18 12:42:13,[],,,
372,1,,1.0000,1,1,854,2151,1707,1708,,000000372,2022-03-18 13:08:11,2022-03-18 13:08:15,[],,,
373,1,,1.0000,1,1,855,2151,1709,1710,,000000373,2022-03-21 13:52:18,2022-03-21 13:52:20,[],,,
374,1,,2.0000,1,1,856,2151,1711,1712,,000000374,2022-03-21 14:56:13,2022-03-21 14:56:15,[],,,
375,1,,1.0000,1,1,857,2151,1713,1714,,000000375,2022-03-21 14:58:08,2022-03-21 14:58:10,[],,,
376,1,,1.0000,1,1,858,2151,1715,1716,,000000376,2022-03-21 14:58:11,2022-03-21 14:58:11,[],,,
377,1,,1.0000,1,1,859,2151,1717,1718,,000000377,2022-03-21 14:58:13,2022-03-21 14:58:13,[],,,
378,1,,1.0000,1,1,861,2151,1721,1722,,000000378,2022-03-21 14:58:14,2022-03-21 14:58:14,[],,,
379,1,,1.0000,1,1,862,2151,1723,1724,,000000379,2022-03-21 14:58:14,2022-03-21 14:58:15,[],,,
380,1,,1.0000,1,1,863,2151,1725,1726,,000000380,2022-03-21 14:58:16,2022-03-21 14:58:16,[],,,
381,1,,1.0000,1,1,860,2151,1719,1720,,000000381,2022-03-21 14:58:16,2022-03-21 14:58:17,[],,,
382,1,,1.0000,1,1,865,2151,1729,1730,,000000382,2022-03-22 13:42:08,2022-03-22 13:42:10,[],,,
383,1,,1.0000,1,1,866,2151,1731,1732,,000000383,2022-03-22 13:42:11,2022-03-22 13:42:11,[],,,
384,1,,1.0000,1,1,864,2151,1727,1728,,000000384,2022-03-22 13:42:13,2022-03-22 13:42:13,[],,,
385,1,,1.0000,1,1,867,2151,1733,1734,,000000385,2022-03-22 13:42:14,2022-03-22 13:42:15,[],,,
386,1,,1.0000,1,1,869,2151,1737,1738,,000000386,2022-03-22 15:42:08,2022-03-22 15:42:10,[],,,
387,1,,1.0000,1,1,868,2151,1735,1736,,000000387,2022-03-22 15:42:12,2022-03-22 15:42:12,[],,,
388,1,,4.0000,1,1,874,2151,1747,1748,,000000388,2022-03-23 15:30:08,2022-03-23 15:30:10,[],,,
389,1,,1.0000,1,1,872,2151,1743,1744,,000000389,2022-03-23 15:36:11,2022-03-23 15:36:13,[],,,
390,1,,1.0000,1,1,873,2151,1745,1746,,000000390,2022-03-23 15:36:15,2022-03-23 15:36:15,[],,,
391,1,,1.0000,1,1,870,1654,1739,1740,,000000391,2022-03-23 15:36:16,2022-03-23 15:36:16,[],,,
392,1,,1.0000,1,1,871,2151,1741,1742,,000000392,2022-03-23 15:54:07,2022-03-23 15:54:09,[],,,
393,1,,1.0000,1,1,876,2151,1751,1752,,000000393,2022-03-24 14:12:10,2022-03-24 14:12:13,[],,,
394,1,,1.0000,1,1,877,2151,1753,1754,,000000394,2022-03-24 14:12:15,2022-03-24 14:12:15,[],,,
395,1,,1.0000,1,1,875,2151,1749,1750,,000000395,2022-03-24 14:12:16,2022-03-24 14:12:16,[],,,
396,1,,1.0000,1,1,878,2151,1755,1756,,000000396,2022-03-24 14:12:17,2022-03-24 14:12:17,[],,,
397,1,,1.0000,1,1,879,2151,1757,1758,,000000397,2022-03-25 14:28:11,2022-03-25 14:28:12,[],,,
398,1,,1.0000,1,1,880,2151,1759,1760,,000000398,2022-03-25 16:24:18,2022-03-25 16:24:19,[],,,
399,1,,1.0000,1,1,884,2151,1767,1768,,000000399,2022-03-29 13:08:24,2022-03-29 13:08:25,[],,,
400,1,,1.0000,1,1,882,2151,1763,1764,,000000400,2022-03-29 13:08:26,2022-03-29 13:08:26,[],,,
401,1,,1.0000,1,1,888,2151,1775,1776,,000000401,2022-03-29 13:08:27,2022-03-29 13:08:28,[],,,
402,1,,1.0000,1,1,887,2151,1773,1774,,000000402,2022-03-29 13:08:29,2022-03-29 13:08:29,[],,,
403,1,,1.0000,1,1,881,2151,1761,1762,,000000403,2022-03-29 13:08:30,2022-03-29 13:08:30,[],,,
404,1,,1.0000,1,1,891,2151,1781,1782,,000000404,2022-03-29 13:08:31,2022-03-29 13:08:31,[],,,
405,1,,1.0000,1,1,892,2151,1783,1784,,000000405,2022-03-29 13:08:33,2022-03-29 13:08:34,[],,,
406,1,,2.0000,1,1,890,2151,1779,1780,,000000406,2022-03-29 13:08:34,2022-03-29 13:08:35,[],,,
407,1,,1.0000,1,1,886,2151,1771,1772,,000000407,2022-03-29 13:08:36,2022-03-29 13:08:36,[],,,
408,1,,1.0000,1,1,885,2151,1769,1770,,000000408,2022-03-29 13:08:37,2022-03-29 13:08:37,[],,,
409,1,,1.0000,1,1,883,2151,1765,1766,,000000409,2022-03-29 13:08:38,2022-03-29 13:08:38,[],,,
410,1,,1.0000,1,1,889,2151,1777,1778,,000000410,2022-03-29 13:08:39,2022-03-29 13:08:39,[],,,
411,1,,1.0000,1,1,893,2151,1785,1786,,000000411,2022-03-29 14:10:20,2022-03-29 14:10:21,[],,,
412,1,,1.0000,1,1,894,2151,1787,1788,,000000412,2022-03-29 14:10:24,2022-03-29 14:10:25,[],,,
413,1,,2.0000,1,1,895,2151,1789,1790,,000000413,2022-03-29 14:10:25,2022-03-29 14:10:26,[],,,
414,1,,1.0000,1,1,896,2151,1791,1792,,000000414,2022-03-30 15:44:07,2022-03-30 15:44:11,[],,,
415,1,,2.0000,1,1,897,2151,1793,1794,,000000415,2022-03-30 15:44:13,2022-03-30 15:44:14,[],,,
416,1,,2.0000,1,1,898,2151,1795,1796,,000000416,2022-03-30 15:44:14,2022-03-30 15:44:15,[],,,
417,1,,1.0000,1,1,899,2151,1797,1798,,000000417,2022-03-30 15:44:15,2022-03-30 15:44:16,[],,,
418,1,,1.0000,1,1,901,2151,1801,1802,,000000418,2022-03-31 13:10:11,2022-03-31 13:10:12,[],,,
419,1,,1.0000,1,1,902,2151,1803,1804,,000000419,2022-03-31 13:10:13,2022-03-31 13:10:14,[],,,
420,1,,1.0000,1,1,903,2151,1805,1806,,000000420,2022-03-31 14:08:07,2022-03-31 14:08:11,[],,,
421,1,,1.0000,1,1,905,2151,1809,1810,,000000421,2022-03-31 14:08:12,2022-03-31 14:08:12,[],,,
422,1,,1.0000,1,1,904,2151,1807,1808,,000000422,2022-03-31 14:08:13,2022-03-31 14:08:13,[],,,
423,1,,1.0000,1,1,906,2151,1811,1812,,000000423,2022-04-01 12:34:11,2022-04-01 12:34:13,[],,,
424,1,,1.0000,1,1,907,2151,1813,1814,,000000424,2022-04-01 12:34:14,2022-04-01 12:34:14,[],,,
425,1,,1.0000,1,1,908,2151,1815,1816,,000000425,2022-04-01 12:34:15,2022-04-01 12:34:15,[],,,
426,1,,1.0000,1,1,909,2151,1817,1818,,000000426,2022-04-01 12:34:16,2022-04-01 12:34:16,[],,,
427,1,,1.0000,1,1,911,2151,1821,1822,,000000427,2022-04-01 13:34:06,2022-04-01 13:34:09,[],,,
428,1,,1.0000,1,1,910,2151,1819,1820,,000000428,2022-04-01 13:34:10,2022-04-01 13:34:10,[],,,
429,1,,1.0000,1,1,912,2151,1823,1824,,000000429,2022-04-01 15:32:08,2022-04-01 15:32:11,[],,,
430,1,,1.0000,1,1,913,2151,1825,1826,,000000430,2022-04-01 15:32:12,2022-04-01 15:32:12,[],,,
431,1,,1.0000,1,1,919,2151,1837,1838,,000000431,2022-04-04 14:18:13,2022-04-04 14:18:15,[],,,
432,1,,1.0000,1,1,915,2151,1829,1830,,000000432,2022-04-04 14:18:16,2022-04-04 14:18:16,[],,,
433,1,,1.0000,1,1,918,2151,1835,1836,,000000433,2022-04-04 14:18:17,2022-04-04 14:18:17,[],,,
434,1,,1.0000,1,1,917,2151,1833,1834,,000000434,2022-04-04 14:18:17,2022-04-04 14:18:18,[],,,
435,1,,1.0000,1,1,920,2151,1839,1840,,000000435,2022-04-04 14:18:18,2022-04-04 14:18:19,[],,,
436,1,,1.0000,1,1,914,2151,1827,1828,,000000436,2022-04-04 14:18:20,2022-04-04 14:18:20,[],,,
437,1,,1.0000,1,1,916,2151,1831,1832,,000000437,2022-04-04 14:18:22,2022-04-04 14:18:22,[],,,
438,1,,1.0000,1,1,921,2151,1841,1842,,000000438,2022-04-04 16:14:17,2022-04-04 16:14:18,[],,,
439,1,,1.0000,1,1,922,2151,1843,1844,,000000439,2022-04-05 13:20:07,2022-04-05 13:20:10,[],,,
440,1,,1.0000,1,1,923,2151,1845,1846,,000000440,2022-04-05 13:20:11,2022-04-05 13:20:11,[],,,
441,1,,2.0000,1,1,924,2151,1847,1848,,000000441,2022-04-05 13:20:12,2022-04-05 13:20:12,[],,,
442,1,,2.0000,1,1,925,1654,1849,1850,,000000442,2022-04-05 14:22:05,2022-04-05 14:22:07,[],,,
443,1,,1.0000,1,1,928,2151,1855,1856,,000000443,2022-04-06 15:08:06,2022-04-06 15:08:09,[],,,
444,1,,1.0000,1,1,927,2151,1853,1854,,000000444,2022-04-06 15:08:10,2022-04-06 15:08:10,[],,,
445,1,,1.0000,1,1,930,2151,1859,1860,,000000445,2022-04-06 15:08:11,2022-04-06 15:08:12,[],,,
446,1,,1.0000,1,1,929,2151,1857,1858,,000000446,2022-04-06 15:08:12,2022-04-06 15:08:13,[],,,
447,1,,1.0000,1,1,931,2151,1861,1862,,000000447,2022-04-06 15:08:14,2022-04-06 15:08:15,[],,,
448,1,,2.0000,1,1,926,1654,1851,1852,,000000448,2022-04-06 15:08:20,2022-04-06 15:08:20,[],,,
449,1,,2.0000,1,1,932,2151,1863,1864,,000000449,2022-04-07 16:24:05,2022-04-07 16:24:10,[],,,
450,1,,1.0000,1,1,936,2151,1871,1872,,000000450,2022-04-08 13:27:23,2022-04-08 13:27:23,[],,,
451,1,,1.0000,1,1,935,2151,1869,1870,,000000451,2022-04-08 13:27:24,2022-04-08 13:27:24,[],,,
452,1,,1.0000,1,1,934,2151,1867,1868,,000000452,2022-04-08 13:27:25,2022-04-08 13:27:26,[],,,
453,1,,1.0000,1,1,933,2151,1865,1866,,000000453,2022-04-08 13:27:26,2022-04-08 13:27:27,[],,,
454,1,,1.0000,1,1,937,2151,1873,1874,,000000454,2022-04-11 12:32:30,2022-04-11 12:32:31,[],,,
455,1,,1.0000,1,1,938,2151,1875,1876,,000000455,2022-04-11 12:32:32,2022-04-11 12:32:33,[],,,
456,1,,1.0000,1,1,942,2151,1883,1884,,000000456,2022-04-11 16:22:09,2022-04-11 16:22:10,[],,,
457,1,,1.0000,1,1,943,2151,1885,1886,,000000457,2022-04-11 16:22:11,2022-04-11 16:22:11,[],,,
458,1,,2.0000,1,1,940,2151,1879,1880,,000000458,2022-04-11 16:22:12,2022-04-11 16:22:12,[],,,
459,1,,1.0000,1,1,941,2151,1881,1882,,000000459,2022-04-11 16:22:15,2022-04-11 16:22:15,[],,,
460,1,,1.0000,1,1,939,2151,1877,1878,,000000460,2022-04-11 16:22:16,2022-04-11 16:22:16,[],,,
461,1,,2.0000,1,1,944,2151,1887,1888,,000000461,2022-04-11 16:22:18,2022-04-11 16:22:19,[],,,
462,1,,1.0000,1,1,945,2151,1889,1890,,000000462,2022-04-12 13:28:12,2022-04-12 13:28:14,[],,,
463,1,,1.0000,1,1,946,2151,1891,1892,,000000463,2022-04-12 14:28:09,2022-04-12 14:28:11,[],,,
464,1,,1.0000,1,1,947,2151,1893,1894,,000000464,2022-04-12 14:28:12,2022-04-12 14:28:12,[],,,
465,1,,1.0000,1,1,948,2151,1895,1896,,000000465,2022-04-13 11:12:09,2022-04-13 11:12:17,[],,,
466,1,,1.0000,1,1,949,2151,1897,1898,,000000466,2022-04-13 11:12:18,2022-04-13 11:12:20,[],,,
467,1,,1.0000,1,1,950,2151,1899,1900,,000000467,2022-04-13 11:12:21,2022-04-13 11:12:24,[],,,
468,1,,1.0000,1,1,951,2151,1901,1902,,000000468,2022-04-13 12:58:05,2022-04-13 12:58:07,[],,,
469,1,,1.0000,1,1,952,2151,1903,1904,,000000469,2022-04-13 12:58:08,2022-04-13 12:58:08,[],,,
470,1,,1.0000,1,1,953,2151,1905,1906,,000000470,2022-04-13 12:58:09,2022-04-13 12:58:10,[],,,
471,1,,1.0000,1,1,954,2151,1907,1908,,000000471,2022-04-14 11:34:11,2022-04-14 11:34:13,[],,,
472,1,,2.0000,1,1,956,1654,1911,1912,,000000472,2022-04-14 13:38:06,2022-04-14 13:38:08,[],,,
473,1,,1.0000,1,1,957,2151,1913,1914,,000000473,2022-04-19 12:46:06,2022-04-19 12:46:08,[],,,
474,1,,1.0000,1,1,958,2151,1915,1916,,000000474,2022-04-19 12:46:10,2022-04-19 12:46:10,[],,,
475,1,,1.0000,1,1,959,2151,1917,1918,,000000475,2022-04-19 13:48:11,2022-04-19 13:48:13,[],,,
476,1,,1.0000,1,1,960,2151,1919,1920,,000000476,2022-04-19 13:48:15,2022-04-19 13:48:16,[],,,
477,1,,1.0000,1,1,961,2151,1921,1922,,000000477,2022-04-19 13:48:17,2022-04-19 13:48:17,[],,,
478,1,,1.0000,1,1,962,2151,1923,1924,,000000478,2022-04-19 14:50:07,2022-04-19 14:50:10,[],,,
479,1,,1.0000,1,1,964,2151,1927,1928,,000000479,2022-04-19 14:50:11,2022-04-19 14:50:11,[],,,
480,1,,1.0000,1,1,963,2151,1925,1926,,000000480,2022-04-19 14:50:12,2022-04-19 14:50:12,[],,,
481,1,,2.0000,1,1,965,1654,1929,1930,,000000481,2022-04-19 15:40:28,2022-04-19 15:40:30,[],,,
482,1,,1.0000,1,1,966,2151,1931,1932,,000000482,2022-04-19 16:42:25,2022-04-19 16:42:32,[],,,
483,1,,1.0000,1,1,967,2151,1933,1934,,000000483,2022-04-20 11:28:06,2022-04-20 11:28:09,[],,,
484,1,,1.0000,1,1,968,2151,1935,1936,,000000484,2022-04-20 11:28:11,2022-04-20 11:28:11,[],,,
485,1,,1.0000,1,1,969,2151,1937,1938,,000000485,2022-04-20 12:16:05,2022-04-20 12:16:09,[],,,
486,1,,1.0000,1,1,970,2151,1939,1940,,000000486,2022-04-20 12:16:10,2022-04-20 12:16:10,[],,,
487,1,,1.0000,1,1,971,2151,1941,1942,,000000487,2022-04-20 12:16:11,2022-04-20 12:16:12,[],,,
488,1,,1.0000,1,1,972,2151,1943,1944,,000000488,2022-04-20 12:16:12,2022-04-20 12:16:12,[],,,
489,1,,1.0000,1,1,973,2151,1945,1946,,000000489,2022-04-20 13:10:07,2022-04-20 13:10:09,[],,,
490,1,,1.0000,1,1,974,2151,1947,1948,,000000490,2022-04-20 15:54:06,2022-04-20 15:54:09,[],,,
491,1,,1.0000,1,1,900,1654,1799,1800,,000000491,2022-04-20 16:50:14,2022-04-20 16:50:15,[],,,
492,1,,1.0000,1,1,975,2151,1949,1950,,000000492,2022-04-21 14:50:14,2022-04-21 14:50:16,[],,,
493,1,,1.0000,1,1,977,2151,1953,1954,,000000493,2022-04-21 15:52:05,2022-04-21 15:52:09,[],,,
494,1,,1.0000,1,1,976,2151,1951,1952,,000000494,2022-04-21 15:52:12,2022-04-21 15:52:13,[],,,
495,1,,1.0000,1,1,978,2151,1955,1956,,000000495,2022-04-21 16:50:06,2022-04-21 16:50:09,[],,,
496,1,,1.0000,1,1,982,2151,1963,1964,,000000496,2022-04-22 15:32:05,2022-04-22 15:32:08,[],,,
497,1,,1.0000,1,1,981,2151,1961,1962,,000000497,2022-04-22 15:32:10,2022-04-22 15:32:10,[],,,
498,1,,1.0000,1,1,979,2151,1957,1958,,000000498,2022-04-22 15:32:11,2022-04-22 15:32:11,[],,,
499,1,,1.0000,1,1,980,2151,1959,1960,,000000499,2022-04-22 15:32:11,2022-04-22 15:32:12,[],,,
500,1,,2.0000,1,1,988,2151,1975,1976,,000000500,2022-05-03 14:40:09,2022-05-03 14:40:12,[],,,
501,1,,1.0000,1,1,993,2151,1985,1986,,000000501,2022-05-03 14:40:13,2022-05-03 14:40:13,[],,,
502,1,,1.0000,1,1,986,2151,1971,1972,,000000502,2022-05-03 14:40:14,2022-05-03 14:40:14,[],,,
503,1,,1.0000,1,1,984,2151,1967,1968,,000000503,2022-05-03 14:40:15,2022-05-03 14:40:15,[],,,
504,1,,1.0000,1,1,992,2151,1983,1984,,000000504,2022-05-03 14:40:16,2022-05-03 14:40:16,[],,,
505,1,,1.0000,1,1,983,2151,1965,1966,,000000505,2022-05-03 14:40:17,2022-05-03 14:40:17,[],,,
506,1,,1.0000,1,1,990,2151,1979,1980,,000000506,2022-05-03 14:40:18,2022-05-03 14:40:18,[],,,
507,1,,1.0000,1,1,989,2151,1977,1978,,000000507,2022-05-03 14:40:19,2022-05-03 14:40:19,[],,,
508,1,,1.0000,1,1,987,2151,1973,1974,,000000508,2022-05-03 14:40:20,2022-05-03 14:40:20,[],,,
509,1,,1.0000,1,1,985,2151,1969,1970,,000000509,2022-05-03 14:40:21,2022-05-03 14:40:22,[],,,
510,1,,2.0000,1,1,995,2151,1989,1990,,000000510,2022-05-03 15:38:16,2022-05-03 15:38:17,[],,,
511,1,,1.0000,1,1,994,2151,1987,1988,,000000511,2022-05-03 15:38:19,2022-05-03 15:38:19,[],,,
512,1,,2.0000,1,1,996,2151,1991,1992,,000000512,2022-05-03 16:38:09,2022-05-03 16:38:11,[],,,
513,1,,1.0000,1,1,998,2151,1995,1996,,000000513,2022-05-04 12:14:50,2022-05-04 12:14:51,[],,,
514,1,,1.0000,1,1,991,2151,1981,1982,,000000514,2022-05-04 12:14:52,2022-05-04 12:14:52,[],,,
515,1,,1.0000,1,1,997,2151,1993,1994,,000000515,2022-05-04 12:14:53,2022-05-04 12:14:53,[],,,
516,1,,2.0000,1,1,999,2151,1997,1998,,000000516,2022-05-04 12:14:54,2022-05-04 12:14:54,[],,,
517,1,,1.0000,1,1,1004,2151,2007,2008,,000000517,2022-05-04 13:14:18,2022-05-04 13:14:19,[],,,
518,1,,1.0000,1,1,1000,2151,1999,2000,,000000518,2022-05-04 13:14:21,2022-05-04 13:14:21,[],,,
519,1,,1.0000,1,1,1001,2151,2001,2002,,000000519,2022-05-04 13:14:22,2022-05-04 13:14:22,[],,,
520,1,,2.0000,1,1,1002,2151,2003,2004,,000000520,2022-05-04 13:14:23,2022-05-04 13:14:23,[],,,
521,1,,1.0000,1,1,1003,2151,2005,2006,,000000521,2022-05-04 13:14:23,2022-05-04 13:14:24,[],,,
522,1,,1.0000,1,1,1005,2151,2009,2010,,000000522,2022-05-04 13:14:25,2022-05-04 13:14:25,[],,,
523,1,,1.0000,1,1,1007,2151,2013,2014,,000000523,2022-05-05 12:22:12,2022-05-05 12:22:13,[],,,
524,1,,1.0000,1,1,1006,2151,2011,2012,,000000524,2022-05-05 12:22:14,2022-05-05 12:22:14,[],,,
525,1,,1.0000,1,1,1010,2151,2019,2020,,000000525,2022-05-05 12:22:17,2022-05-05 12:22:17,[],,,
526,1,,1.0000,1,1,1008,2151,2015,2016,,000000526,2022-05-05 12:22:18,2022-05-05 12:22:18,[],,,
527,1,,1.0000,1,1,1009,2151,2017,2018,,000000527,2022-05-05 13:24:07,2022-05-05 13:24:10,[],,,
528,1,,2.0000,1,1,1011,2151,2021,2022,,000000528,2022-05-05 15:24:05,2022-05-05 15:24:09,[],,,
529,1,,1.0000,1,1,1012,2151,2023,2024,,000000529,2022-05-06 12:22:04,2022-05-06 12:22:06,[],,,
530,1,,1.0000,1,1,1013,2151,2025,2026,,000000530,2022-05-06 16:08:05,2022-05-06 16:08:10,[],,,
531,1,,1.0000,1,1,1014,2151,2027,2028,,000000531,2022-05-06 16:08:10,2022-05-06 16:08:11,[],,,
532,1,,16.0000,1,1,1015,2475,2029,2030,,000000532,2022-05-09 12:10:14,2022-05-09 12:10:16,[],,,
533,1,,1.0000,1,1,1020,2151,2039,2040,,000000533,2022-05-09 14:10:16,2022-05-09 14:10:17,[],,,
534,1,,1.0000,1,1,1021,2151,2041,2042,,000000534,2022-05-09 14:10:18,2022-05-09 14:10:18,[],,,
535,1,,1.0000,1,1,1019,2151,2037,2038,,000000535,2022-05-09 14:10:19,2022-05-09 14:10:20,[],,,
536,1,,1.0000,1,1,1023,2151,2045,2046,,000000536,2022-05-09 14:10:20,2022-05-09 14:10:21,[],,,
537,1,,1.0000,1,1,1018,2151,2035,2036,,000000537,2022-05-09 14:10:21,2022-05-09 14:10:22,[],,,
538,1,,1.0000,1,1,1016,2151,2031,2032,,000000538,2022-05-09 14:10:22,2022-05-09 14:10:22,[],,,
539,1,,1.0000,1,1,1024,2151,2047,2048,,000000539,2022-05-09 14:10:23,2022-05-09 14:10:23,[],,,
540,1,,1.0000,1,1,1017,2151,2033,2034,,000000540,2022-05-09 14:10:24,2022-05-09 14:10:24,[],,,
541,1,,1.0000,1,1,1025,2151,2049,2050,,000000541,2022-05-09 14:10:25,2022-05-09 14:10:25,[],,,
542,1,,2.0000,1,1,1022,2151,2043,2044,,000000542,2022-05-09 14:10:26,2022-05-09 14:10:26,[],,,
543,1,,1.0000,1,1,1026,2151,2051,2052,,000000543,2022-05-09 14:10:27,2022-05-09 14:10:27,[],,,
544,1,,3.0000,1,1,1031,2151,2061,2062,,000000544,2022-05-10 12:52:07,2022-05-10 12:52:09,[],,,
545,1,,1.0000,1,1,1032,2151,2063,2064,,000000545,2022-05-10 13:42:14,2022-05-10 13:42:15,[],,,
546,1,,1.0000,1,1,1029,2151,2057,2058,,000000546,2022-05-10 13:42:16,2022-05-10 13:42:16,[],,,
547,1,,1.0000,1,1,1030,2151,2059,2060,,000000547,2022-05-10 13:42:17,2022-05-10 13:42:17,[],,,
548,1,,1.0000,1,1,1033,2151,2065,2066,,000000548,2022-05-10 13:42:18,2022-05-10 13:42:18,[],,,
549,1,,1.0000,1,1,1027,1654,2053,2054,,000000549,2022-05-10 13:42:20,2022-05-10 13:42:20,[],,,
550,1,,1.0000,1,1,1034,1654,2067,2068,,000000550,2022-05-10 15:30:12,2022-05-10 15:30:14,[],,,
551,1,,4.0000,1,1,1036,2151,2071,2072,,000000551,2022-05-11 13:12:25,2022-05-11 13:12:27,[],,,
552,1,,1.0000,1,1,1035,2151,2069,2070,,000000552,2022-05-11 13:12:31,2022-05-11 13:12:31,[],,,
553,1,,1.0000,1,1,1038,2151,2075,2076,,000000553,2022-05-12 14:02:22,2022-05-12 14:02:24,[],,,
554,1,,1.0000,1,1,1040,2151,2079,2080,,000000554,2022-05-13 13:42:12,2022-05-13 13:42:14,[],,,
555,1,,1.0000,1,1,1039,2151,2077,2078,,000000555,2022-05-13 13:42:14,2022-05-13 13:42:15,[],,,
556,1,,2.0000,1,1,1041,2151,2081,2082,,000000556,2022-05-13 13:42:16,2022-05-13 13:42:16,[],,,
557,1,,1.0000,1,1,1042,2151,2083,2084,,000000557,2022-05-16 12:46:19,2022-05-16 12:46:21,[],,,
558,1,,1.0000,1,1,1043,1654,2085,2086,,000000558,2022-05-16 12:46:23,2022-05-16 12:46:24,[],,,
559,1,,1.0000,1,1,1044,2151,2087,2088,,000000559,2022-05-16 14:40:13,2022-05-16 14:40:14,[],,,
560,1,,1.0000,1,1,1028,2151,2055,2056,,000000560,2022-05-16 14:40:17,2022-05-16 14:40:17,[],,,
561,1,,1.0000,1,1,1053,2151,2105,2106,,000000561,2022-05-16 15:40:20,2022-05-16 15:40:22,[],,,
562,1,,1.0000,1,1,1045,2151,2089,2090,,000000562,2022-05-16 15:40:23,2022-05-16 15:40:24,[],,,
563,1,,1.0000,1,1,1047,2151,2093,2094,,000000563,2022-05-16 15:40:24,2022-05-16 15:40:25,[],,,
564,1,,1.0000,1,1,1048,2151,2095,2096,,000000564,2022-05-16 15:40:26,2022-05-16 15:40:26,[],,,
565,1,,1.0000,1,1,1046,2151,2091,2092,,000000565,2022-05-16 15:40:27,2022-05-16 15:40:27,[],,,
566,1,,1.0000,1,1,1050,2151,2099,2100,,000000566,2022-05-16 15:40:28,2022-05-16 15:40:28,[],,,
567,1,,1.0000,1,1,1049,2151,2097,2098,,000000567,2022-05-16 15:40:29,2022-05-16 15:40:30,[],,,
568,1,,1.0000,1,1,1052,2151,2103,2104,,000000568,2022-05-16 15:40:31,2022-05-16 15:40:31,[],,,
569,1,,1.0000,1,1,1051,2151,2101,2102,,000000569,2022-05-16 15:40:32,2022-05-16 15:40:32,[],,,
570,1,,1.0000,1,1,1055,2151,2109,2110,,000000570,2022-05-17 12:48:09,2022-05-17 12:48:11,[],,,
571,1,,1.0000,1,1,1056,2151,2111,2112,,000000571,2022-05-17 12:48:12,2022-05-17 12:48:12,[],,,
572,1,,1.0000,1,1,1057,2151,2113,2114,,000000572,2022-05-17 12:48:13,2022-05-17 12:48:13,[],,,
573,1,,1.0000,1,1,1060,2151,2119,2120,,000000573,2022-05-18 13:28:14,2022-05-18 13:28:15,[],,,
574,1,,1.0000,1,1,1059,2151,2117,2118,,000000574,2022-05-18 13:28:17,2022-05-18 13:28:17,[],,,
575,1,,1.0000,1,1,1058,2151,2115,2116,,000000575,2022-05-18 13:28:18,2022-05-18 13:28:18,[],,,
576,1,,1.0000,1,1,1054,2151,2107,2108,,000000576,2022-05-18 14:30:09,2022-05-18 14:30:11,[],,,
577,1,,1.0000,1,1,1065,2151,2129,2130,,000000577,2022-05-19 13:58:13,2022-05-19 13:58:15,[],,,
578,1,,1.0000,1,1,1066,2151,2131,2132,,000000578,2022-05-19 13:58:15,2022-05-19 13:58:16,[],,,
579,1,,1.0000,1,1,1061,2151,2121,2122,,000000579,2022-05-19 13:58:16,2022-05-19 13:58:17,[],,,
580,1,,1.0000,1,1,1063,2151,2125,2126,,000000580,2022-05-19 13:58:17,2022-05-19 13:58:18,[],,,
581,1,,1.0000,1,1,1062,2151,2123,2124,,000000581,2022-05-19 13:58:19,2022-05-19 13:58:19,[],,,
582,1,,1.0000,1,1,1067,2151,2133,2134,,000000582,2022-05-19 14:56:05,2022-05-19 14:56:09,[],,,
583,1,,2.0000,1,1,1064,2151,2127,2128,,000000583,2022-05-19 14:56:10,2022-05-19 14:56:10,[],,,
584,1,,2.0000,1,1,1070,2151,2139,2140,,000000584,2022-05-20 13:04:11,2022-05-20 13:04:13,[],,,
585,1,,1.0000,1,1,1068,2151,2135,2136,,000000585,2022-05-20 13:04:13,2022-05-20 13:04:14,[],,,
586,1,,2.0000,1,1,1069,2151,2137,2138,,000000586,2022-05-20 13:04:14,2022-05-20 13:04:15,[],,,
587,1,,1.0000,1,1,1071,1654,2141,2142,,000000587,2022-05-20 14:02:07,2022-05-20 14:02:08,[],,,
588,1,,1.0000,1,1,1072,2151,2143,2144,,000000588,2022-05-20 15:48:08,2022-05-20 15:48:10,[],,,
589,1,,1.0000,1,1,1078,2151,2155,2156,,000000589,2022-05-23 15:04:16,2022-05-23 15:04:18,[],,,
590,1,,1.0000,1,1,1073,2151,2145,2146,,000000590,2022-05-23 15:04:19,2022-05-23 15:04:20,[],,,
591,1,,1.0000,1,1,1075,2151,2149,2150,,000000591,2022-05-23 15:04:20,2022-05-23 15:04:21,[],,,
592,1,,1.0000,1,1,1080,2151,2159,2160,,000000592,2022-05-23 15:04:21,2022-05-23 15:04:22,[],,,
593,1,,1.0000,1,1,1077,2151,2153,2154,,000000593,2022-05-23 15:04:22,2022-05-23 15:04:23,[],,,
594,1,,1.0000,1,1,1082,2151,2163,2164,,000000594,2022-05-23 15:04:23,2022-05-23 15:04:24,[],,,
595,1,,1.0000,1,1,1074,2151,2147,2148,,000000595,2022-05-23 15:04:24,2022-05-23 15:04:24,[],,,
596,1,,1.0000,1,1,1081,2151,2161,2162,,000000596,2022-05-23 15:04:25,2022-05-23 15:04:25,[],,,
597,1,,1.0000,1,1,1079,2151,2157,2158,,000000597,2022-05-23 15:04:27,2022-05-23 15:04:27,[],,,
598,1,,2.0000,1,1,1083,2151,2165,2166,,000000598,2022-05-23 17:06:08,2022-05-23 17:06:09,[],,,
599,1,,1.0000,1,1,1084,2151,2167,2168,,000000599,2022-05-24 13:08:22,2022-05-24 13:08:23,[],,,
600,1,,3.0000,1,1,1088,2151,2175,2176,,000000600,2022-05-24 14:10:07,2022-05-24 14:10:09,[],,,
601,1,,1.0000,1,1,1089,2151,2177,2178,,000000601,2022-05-24 15:06:07,2022-05-24 15:06:09,[],,,
602,1,,1.0000,1,1,1087,2151,2173,2174,,000000602,2022-05-24 15:06:10,2022-05-24 15:06:10,[],,,
603,1,,1.0000,1,1,1086,2151,2171,2172,,000000603,2022-05-24 15:06:11,2022-05-24 15:06:12,[],,,
604,1,,1.0000,1,1,1085,2151,2169,2170,,000000604,2022-05-24 15:06:13,2022-05-24 15:06:13,[],,,
605,1,,1.0000,1,1,1090,2151,2179,2180,,000000605,2022-05-24 16:08:08,2022-05-24 16:08:09,[],,,
606,1,,1.0000,1,1,1093,2151,2185,2186,,000000606,2022-05-25 13:04:09,2022-05-25 13:04:10,[],,,
607,1,,2.0000,1,1,1091,2151,2181,2182,,000000607,2022-05-25 13:04:12,2022-05-25 13:04:12,[],,,
608,1,,1.0000,1,1,1092,2151,2183,2184,,000000608,2022-05-25 13:04:13,2022-05-25 13:04:13,[],,,
609,1,,1.0000,1,1,1094,2151,2187,2188,,000000609,2022-05-25 13:04:15,2022-05-25 13:04:15,[],,,
610,1,,1.0000,1,1,1095,2151,2189,2190,,000000610,2022-05-26 12:12:06,2022-05-26 12:12:09,[],,,
611,1,,1.0000,1,1,1097,2151,2193,2194,,000000611,2022-05-27 12:32:11,2022-05-27 12:32:13,[],,,
612,1,,1.0000,1,1,1096,2151,2191,2192,,000000612,2022-05-27 12:32:14,2022-05-27 12:32:14,[],,,
613,1,,1.0000,1,1,1098,2151,2195,2196,,000000613,2022-05-27 14:36:15,2022-05-27 14:36:16,[],,,
614,1,,4.0000,1,1,1100,1654,2199,2200,,000000614,2022-05-30 12:36:07,2022-05-30 12:36:11,[],,,
615,1,,1.0000,1,1,1099,1654,2197,2198,,000000615,2022-05-30 12:36:11,2022-05-30 12:36:11,[],,,
616,1,,1.0000,1,1,1101,2151,2201,2202,,000000616,2022-05-30 16:12:15,2022-05-30 16:12:16,[],,,
617,1,,1.0000,1,1,1102,2151,2203,2204,,000000617,2022-05-31 14:04:49,2022-05-31 14:04:50,[],,,
618,1,,1.0000,1,1,1103,1654,2205,2206,,000000618,2022-05-31 15:52:18,2022-05-31 15:52:20,[],,,
619,1,,1.0000,1,1,1104,2151,2207,2208,,000000619,2022-05-31 15:52:20,2022-05-31 15:52:21,[],,,
620,1,,1.0000,1,1,1105,2151,2209,2210,,000000620,2022-05-31 15:52:21,2022-05-31 15:52:22,[],,,
621,1,,1.0000,1,1,1106,2151,2211,2212,,000000621,2022-06-01 13:58:15,2022-06-01 13:58:16,[],,,
622,1,,1.0000,1,1,1107,2151,2213,2214,,000000622,2022-06-01 15:00:10,2022-06-01 15:00:13,[],,,
623,1,,1.0000,1,1,1108,2151,2215,2216,,000000623,2022-06-06 15:30:11,2022-06-06 15:30:12,[],,,
624,1,,2.0000,1,1,1117,2151,2233,2234,,000000624,2022-06-06 15:30:12,2022-06-06 15:30:13,[],,,
625,1,,1.0000,1,1,1113,2151,2225,2226,,000000625,2022-06-06 15:30:14,2022-06-06 15:30:14,[],,,
626,1,,1.0000,1,1,1115,2151,2229,2230,,000000626,2022-06-06 15:30:15,2022-06-06 15:30:15,[],,,
627,1,,1.0000,1,1,1109,2151,2217,2218,,000000627,2022-06-06 15:30:16,2022-06-06 15:30:16,[],,,
628,1,,1.0000,1,1,1111,2151,2221,2222,,000000628,2022-06-06 15:30:17,2022-06-06 15:30:18,[],,,
629,1,,1.0000,1,1,1114,2151,2227,2228,,000000629,2022-06-06 15:30:18,2022-06-06 15:30:19,[],,,
630,1,,1.0000,1,1,1112,2151,2223,2224,,000000630,2022-06-06 15:30:20,2022-06-06 15:30:20,[],,,
631,1,,1.0000,1,1,1116,2151,2231,2232,,000000631,2022-06-06 15:30:21,2022-06-06 15:30:22,[],,,
632,1,,1.0000,1,1,1118,2151,2235,2236,,000000632,2022-06-07 12:06:07,2022-06-07 12:06:09,[],,,
633,1,,1.0000,1,1,1119,1654,2237,2238,,000000633,2022-06-07 12:06:11,2022-06-07 12:06:11,[],,,
634,1,,1.0000,1,1,1120,2151,2239,2240,,000000634,2022-06-08 13:40:10,2022-06-08 13:40:11,[],,,
635,1,,1.0000,1,1,1121,2151,2241,2242,,000000635,2022-06-08 13:40:12,2022-06-08 13:40:12,[],,,
636,1,,2.0000,1,1,1124,2151,2247,2248,,000000636,2022-06-09 13:18:39,2022-06-09 13:18:41,[],,,
637,1,,1.0000,1,1,1123,2151,2245,2246,,000000637,2022-06-09 13:18:41,2022-06-09 13:18:42,[],,,
638,1,,1.0000,1,1,1122,1654,2243,2244,,000000638,2022-06-09 13:18:43,2022-06-09 13:18:43,[],,,
639,1,,1.0000,1,1,1126,2151,2251,2252,,000000639,2022-06-10 13:14:08,2022-06-10 13:14:09,[],,,
640,1,,1.0000,1,1,1128,2151,2255,2256,,000000640,2022-06-10 13:14:10,2022-06-10 13:14:10,[],,,
641,1,,2.0000,1,1,1129,2151,2257,2258,,000000641,2022-06-10 13:14:11,2022-06-10 13:14:12,[],,,
642,1,,1.0000,1,1,1125,2151,2249,2250,,000000642,2022-06-10 13:14:12,2022-06-10 13:14:13,[],,,
643,1,,1.0000,1,1,1127,2151,2253,2254,,000000643,2022-06-10 13:14:13,2022-06-10 13:14:14,[],,,
644,1,,1.0000,1,1,1131,1654,2261,2262,,000000644,2022-06-13 14:01:13,2022-06-13 14:01:14,[],,,
645,1,,2.0000,1,1,1133,1654,2265,2266,,000000645,2022-06-13 14:01:15,2022-06-13 14:01:15,[],,,
646,1,,6.0000,1,1,1132,2475,2263,2264,,000000646,2022-06-13 14:01:16,2022-06-13 14:01:17,[],,,
647,1,,1.0000,1,1,1134,2151,2267,2268,,000000647,2022-06-13 15:02:13,2022-06-13 15:02:15,[],,,
648,1,,1.0000,1,1,1135,2151,2269,2270,,000000648,2022-06-13 15:02:17,2022-06-13 15:02:17,[],,,
649,1,,1.0000,1,1,1136,2151,2271,2272,,000000649,2022-06-13 15:02:18,2022-06-13 15:02:18,[],,,
650,1,,1.0000,1,1,1137,2151,2273,2274,,000000650,2022-06-13 15:02:19,2022-06-13 15:02:19,[],,,
651,1,,1.0000,1,1,1139,2151,2277,2278,,000000651,2022-06-13 15:52:19,2022-06-13 15:52:21,[],,,
652,1,,1.0000,1,1,1140,2151,2279,2280,,000000652,2022-06-13 15:52:22,2022-06-13 15:52:23,[],,,
653,1,,1.0000,1,1,1138,2151,2275,2276,,000000653,2022-06-13 15:52:23,2022-06-13 15:52:24,[],,,
654,1,,1.0000,1,1,1141,2151,2281,2282,,000000654,2022-06-14 15:44:10,2022-06-14 15:44:11,[],,,
655,1,,1.0000,1,1,1142,2151,2283,2284,,000000655,2022-06-14 15:44:12,2022-06-14 15:44:12,[],,,
656,1,,1.0000,1,1,1143,2151,2285,2286,,000000656,2022-06-14 15:44:13,2022-06-14 15:44:14,[],,,
657,1,,1.0000,1,1,1144,2151,2287,2288,,000000657,2022-06-14 15:44:14,2022-06-14 15:44:14,[],,,
658,1,,1.0000,1,1,1145,2151,2289,2290,,000000658,2022-06-15 13:32:06,2022-06-15 13:32:09,[],,,
659,1,,1.0000,1,1,1147,2151,2293,2294,,000000659,2022-06-15 13:32:09,2022-06-15 13:32:09,[],,,
660,1,,2.0000,1,1,1148,2151,2295,2296,,000000660,2022-06-15 13:32:10,2022-06-15 13:32:11,[],,,
661,1,,1.0000,1,1,1149,2151,2297,2298,,000000661,2022-06-15 13:32:12,2022-06-15 13:32:13,[],,,
662,1,,1.0000,1,1,1150,2151,2299,2300,,000000662,2022-06-15 13:32:14,2022-06-15 13:32:14,[],,,
663,1,,1.0000,1,1,1153,2151,2305,2306,,000000663,2022-06-16 13:44:05,2022-06-16 13:44:08,[],,,
664,1,,1.0000,1,1,1151,2151,2301,2302,,000000664,2022-06-16 13:44:09,2022-06-16 13:44:09,[],,,
665,1,,1.0000,1,1,1154,2151,2307,2308,,000000665,2022-06-16 13:44:10,2022-06-16 13:44:10,[],,,
666,1,,1.0000,1,1,1155,2151,2309,2310,,000000666,2022-06-16 13:44:11,2022-06-16 13:44:11,[],,,
667,1,,1.0000,1,1,1160,2151,2319,2320,,000000667,2022-06-17 14:42:12,2022-06-17 14:42:13,[],,,
668,1,,2.0000,1,1,1159,2151,2317,2318,,000000668,2022-06-17 14:42:14,2022-06-17 14:42:14,[],,,
669,1,,1.0000,1,1,1158,2151,2315,2316,,000000669,2022-06-17 14:42:15,2022-06-17 14:42:15,[],,,
670,1,,1.0000,1,1,1157,2151,2313,2314,,000000670,2022-06-17 14:42:16,2022-06-17 14:42:16,[],,,
671,1,,1.0000,1,1,1156,2151,2311,2312,,000000671,2022-06-17 14:42:17,2022-06-17 14:42:17,[],,,
672,1,,1.0000,1,1,1163,2151,2325,2326,,000000672,2022-06-20 17:10:10,2022-06-20 17:10:11,[],,,
673,1,,1.0000,1,1,1161,2151,2321,2322,,000000673,2022-06-20 17:10:12,2022-06-20 17:10:12,[],,,
674,1,,1.0000,1,1,1162,2151,2323,2324,,000000674,2022-06-20 17:10:13,2022-06-20 17:10:13,[],,,
675,1,,2.0000,1,1,1167,2151,2333,2334,,000000675,2022-06-20 17:10:15,2022-06-20 17:10:15,[],,,
676,1,,1.0000,1,1,1166,2151,2331,2332,,000000676,2022-06-20 17:10:17,2022-06-20 17:10:17,[],,,
677,1,,2.0000,1,1,1165,2151,2329,2330,,000000677,2022-06-20 17:10:17,2022-06-20 17:10:18,[],,,
678,1,,1.0000,1,1,1164,2151,2327,2328,,000000678,2022-06-20 17:10:19,2022-06-20 17:10:19,[],,,
679,1,,1.0000,1,1,1169,2151,2337,2338,,000000679,2022-06-21 11:54:06,2022-06-21 11:54:08,[],,,
680,1,,6.0000,1,1,1170,1654,2339,2340,,000000680,2022-06-21 14:52:07,2022-06-21 14:52:09,[],,,
681,1,,1.0000,1,1,1171,2151,2341,2342,,000000681,2022-06-21 15:52:08,2022-06-21 15:52:10,[],,,
682,1,,1.0000,1,1,1172,2151,2343,2344,,000000682,2022-06-22 12:52:32,2022-06-22 12:52:34,[],,,
683,1,,1.0000,1,1,1173,2151,2345,2346,,000000683,2022-06-22 12:52:34,2022-06-22 12:52:35,[],,,
684,1,,1.0000,1,1,1174,2151,2347,2348,,000000684,2022-06-22 12:52:35,2022-06-22 12:52:36,[],,,
685,1,,1.0000,1,1,1175,2151,2349,2350,,000000685,2022-06-22 12:52:36,2022-06-22 12:52:37,[],,,
686,1,,1.0000,1,1,1176,1654,2351,2352,,000000686,2022-06-22 15:52:07,2022-06-22 15:52:09,[],,,
687,1,,2.0000,1,1,1177,1654,2353,2354,,000000687,2022-06-22 16:46:05,2022-06-22 16:46:07,[],,,
688,1,,1.0000,1,1,1181,2151,2361,2362,,000000688,2022-06-23 12:56:31,2022-06-23 12:56:32,[],,,
689,1,,1.0000,1,1,1180,2151,2359,2360,,000000689,2022-06-23 12:56:33,2022-06-23 12:56:34,[],,,
690,1,,2.0000,1,1,1182,2151,2363,2364,,000000690,2022-06-23 12:56:34,2022-06-23 12:56:35,[],,,
691,1,,1.0000,1,1,1179,2151,2357,2358,,000000691,2022-06-23 12:56:35,2022-06-23 12:56:36,[],,,
692,1,,1.0000,1,1,1178,2151,2355,2356,,000000692,2022-06-23 12:56:36,2022-06-23 12:56:36,[],,,
693,1,,1.0000,1,1,1183,2151,2365,2366,,000000693,2022-06-24 10:16:08,2022-06-24 10:16:09,[],,,
694,1,,1.0000,1,1,1184,2151,2367,2368,,000000694,2022-06-24 12:38:08,2022-06-24 12:38:09,[],,,
695,1,,1.0000,1,1,1185,2172,2369,2370,,000000695,2022-06-24 15:50:08,2022-06-24 15:50:09,[],,,
696,1,,1.0000,1,1,1152,2151,2303,2304,,000000696,2022-06-27 13:23:12,2022-06-27 13:23:13,[],,,
697,1,,2.0000,1,1,1146,2151,2291,2292,,000000697,2022-06-27 16:52:07,2022-06-27 16:52:09,[],,,
698,1,,1.0000,1,1,1110,2151,2219,2220,,000000698,2022-06-28 13:16:20,2022-06-28 13:16:22,[],,,
699,1,,1.0000,1,1,1189,2151,2377,2378,,000000699,2022-06-28 13:16:29,2022-06-28 13:16:29,[],,,
700,1,,1.0000,1,1,1190,2151,2379,2380,,000000700,2022-06-28 13:16:30,2022-06-28 13:16:31,[],,,
701,1,,1.0000,1,1,1191,2151,2381,2382,,000000701,2022-06-28 13:16:31,2022-06-28 13:16:32,[],,,
702,1,,1.0000,1,1,1188,2151,2375,2376,,000000702,2022-06-28 14:06:05,2022-06-28 14:06:07,[],,,
703,1,,1.0000,1,1,1192,1654,2383,2384,,000000703,2022-06-28 14:06:08,2022-06-28 14:06:08,[],,,
704,1,,1.0000,1,1,1193,2151,2385,2386,,000000704,2022-06-28 17:02:06,2022-06-28 17:02:08,[],,,
705,1,,1.0000,1,1,1195,2151,2389,2390,,000000705,2022-06-29 13:12:05,2022-06-29 13:12:07,[],,,
706,1,,1.0000,1,1,1196,2151,2391,2392,,000000706,2022-06-29 13:12:08,2022-06-29 13:12:08,[],,,
707,1,,2.0000,1,1,1194,1654,2387,2388,,000000707,2022-06-29 13:12:11,2022-06-29 13:12:12,[],,,
708,1,,1.0000,1,1,1197,2151,2393,2394,,000000708,2022-06-29 13:12:15,2022-06-29 13:12:15,[],,,
709,1,,1.0000,1,1,1198,2151,2395,2396,,000000709,2022-06-30 15:56:09,2022-06-30 15:56:11,[],,,
710,1,,1.0000,1,1,1199,2151,2397,2398,,000000710,2022-07-01 13:14:22,2022-07-01 13:14:23,[],,,
711,1,,4.0000,1,1,1200,1654,2399,2400,,000000711,2022-07-01 16:08:07,2022-07-01 16:08:08,[],,,
712,1,,3.0000,1,1,1201,1654,2401,2402,,000000712,2022-07-04 13:54:08,2022-07-04 13:54:10,[],,,
713,1,,1.0000,1,1,1130,2151,2259,2260,,000000713,2022-07-04 13:54:27,2022-07-04 13:54:27,[],,,
714,1,,1.0000,1,1,1203,2151,2405,2406,,000000714,2022-07-04 15:40:07,2022-07-04 15:40:09,[],,,
715,1,,2.0000,1,1,1202,2151,2403,2404,,000000715,2022-07-04 16:42:06,2022-07-04 16:42:07,[],,,
716,1,,1.0000,1,1,1204,2151,2407,2408,,000000716,2022-07-04 16:42:10,2022-07-04 16:42:10,[],,,
717,1,,1.0000,1,1,1205,2151,2409,2410,,000000717,2022-07-04 16:42:11,2022-07-04 16:42:12,[],,,
718,1,,1.0000,1,1,1206,2151,2411,2412,,000000718,2022-07-04 16:42:13,2022-07-04 16:42:13,[],,,
719,1,,1.0000,1,1,1207,2151,2413,2414,,000000719,2022-07-04 16:42:14,2022-07-04 16:42:14,[],,,
720,1,,1.0000,1,1,1208,2151,2415,2416,,000000720,2022-07-04 16:42:15,2022-07-04 16:42:15,[],,,
721,1,,1.0000,1,1,1209,2151,2417,2418,,000000721,2022-07-04 16:42:16,2022-07-04 16:42:16,[],,,
722,1,,1.0000,1,1,1210,2151,2419,2420,,000000722,2022-07-04 16:42:17,2022-07-04 16:42:17,[],,,
723,1,,1.0000,1,1,1211,2151,2421,2422,,000000723,2022-07-04 16:42:18,2022-07-04 16:42:18,[],,,
724,1,,1.0000,1,1,1212,2172,2423,2424,,000000724,2022-07-05 15:30:05,2022-07-05 15:30:09,[],,,
725,1,,1.0000,1,1,1213,2172,2425,2426,,000000725,2022-07-05 15:30:10,2022-07-05 15:30:10,[],,,
726,1,,1.0000,1,1,1214,2172,2427,2428,,000000726,2022-07-05 15:30:10,2022-07-05 15:30:11,[],,,
727,1,,1.0000,1,1,1215,2151,2429,2430,,000000727,2022-07-05 15:30:12,2022-07-05 15:30:12,[],,,
728,1,,1.0000,1,1,1216,2172,2431,2432,,000000728,2022-07-05 15:30:13,2022-07-05 15:30:13,[],,,
729,1,,1.0000,1,1,1217,2172,2433,2434,,000000729,2022-07-05 15:30:14,2022-07-05 15:30:14,[],,,
730,1,,1.0000,1,1,1218,2151,2435,2436,,000000730,2022-07-05 15:30:15,2022-07-05 15:30:16,[],,,
731,1,,1.0000,1,1,1219,2172,2437,2438,,000000731,2022-07-05 15:30:16,2022-07-05 15:30:17,[],,,
732,1,,1.0000,1,1,1222,2172,2443,2444,,000000732,2022-07-06 15:16:05,2022-07-06 15:16:12,[],,,
733,1,,1.0000,1,1,1223,2172,2445,2446,,000000733,2022-07-06 15:16:16,2022-07-06 15:16:16,[],,,
734,1,,1.0000,1,1,1224,2172,2447,2448,,000000734,2022-07-06 15:16:17,2022-07-06 15:16:17,[],,,
735,1,,1.0000,1,1,1225,2172,2449,2450,,000000735,2022-07-06 15:16:18,2022-07-06 15:16:18,[],,,
736,1,,2.0000,1,1,1220,2172,2439,2440,,000000736,2022-07-06 15:16:19,2022-07-06 15:16:19,[],,,
737,1,,1.0000,1,1,1221,2172,2441,2442,,000000737,2022-07-06 15:16:20,2022-07-06 15:16:20,[],,,
738,1,,1.0000,1,1,1233,2172,2465,2466,,000000738,2022-07-07 13:26:10,2022-07-07 13:26:12,[],,,
739,1,,1.0000,1,1,1234,2172,2467,2468,,000000739,2022-07-07 13:26:14,2022-07-07 13:26:14,[],,,
740,1,,1.0000,1,1,1235,2172,2469,2470,,000000740,2022-07-07 13:26:16,2022-07-07 13:26:16,[],,,
741,1,,1.0000,1,1,1236,2172,2471,2472,,000000741,2022-07-07 13:26:18,2022-07-07 13:26:18,[],,,
742,1,,1.0000,1,1,1237,2172,2473,2474,,000000742,2022-07-07 13:26:20,2022-07-07 13:26:20,[],,,
743,1,,1.0000,1,1,1232,2172,2463,2464,,000000743,2022-07-07 13:26:22,2022-07-07 13:26:23,[],,,
744,1,,1.0000,1,1,1231,2172,2461,2462,,000000744,2022-07-07 13:26:24,2022-07-07 13:26:24,[],,,
745,1,,2.0000,1,1,1238,2151,2475,2476,,000000745,2022-07-08 12:26:05,2022-07-08 12:26:07,[],,,
746,1,,1.0000,1,1,1239,2151,2477,2478,,000000746,2022-07-08 12:26:07,2022-07-08 12:26:07,[],,,
747,1,,1.0000,1,1,1240,2151,2479,2480,,000000747,2022-07-08 12:26:09,2022-07-08 12:26:10,[],,,
748,1,,9.0000,1,1,1242,1654,2483,2484,,000000748,2022-07-08 16:34:06,2022-07-08 16:34:07,[],,,
749,1,,1.0000,1,1,1243,1654,2485,2486,,000000749,2022-07-11 13:52:07,2022-07-11 13:52:09,[],,,
750,1,,1.0000,1,1,1244,2151,2487,2488,,000000750,2022-07-11 13:52:23,2022-07-11 13:52:24,[],,,
751,1,,1.0000,1,1,1245,2151,2489,2490,,000000751,2022-07-11 13:52:25,2022-07-11 13:52:25,[],,,
752,1,,1.0000,1,1,1247,2151,2493,2494,,000000752,2022-07-11 13:52:29,2022-07-11 13:52:29,[],,,
753,1,,1.0000,1,1,1246,2151,2491,2492,,000000753,2022-07-11 13:52:29,2022-07-11 13:52:30,[],,,
754,1,,1.0000,1,1,1248,2172,2495,2496,,000000754,2022-07-12 09:43:50,2022-07-12 09:43:52,[],,,
755,1,,1.0000,1,1,1249,2172,2497,2498,,000000755,2022-07-12 09:43:57,2022-07-12 09:43:57,[],,,
756,1,,1.0000,1,1,1250,2172,2499,2500,,000000756,2022-07-12 09:44:02,2022-07-12 09:44:02,[],,,
757,1,,1.0000,1,1,1251,2172,2501,2502,,000000757,2022-07-12 09:44:05,2022-07-12 09:44:05,[],,,
758,1,,1.0000,1,1,1252,2172,2503,2504,,000000758,2022-07-12 09:44:17,2022-07-12 09:44:17,[],,,
759,1,,1.0000,1,1,1253,2172,2505,2506,,000000759,2022-07-12 09:44:21,2022-07-12 09:44:22,[],,,
760,1,,1.0000,1,1,1254,2172,2507,2508,,000000760,2022-07-12 09:44:24,2022-07-12 09:44:25,[],,,
761,1,,1.0000,1,1,1255,2172,2509,2510,,000000761,2022-07-12 09:44:27,2022-07-12 09:44:27,[],,,
762,1,,1.0000,1,1,1256,2172,2511,2512,,000000762,2022-07-12 09:44:32,2022-07-12 09:44:33,[],,,
763,1,,1.0000,1,1,1257,2172,2513,2514,,000000763,2022-07-12 09:44:34,2022-07-12 09:44:35,[],,,
764,1,,1.0000,1,1,1269,2172,2537,2538,,000000764,2022-07-12 13:30:04,2022-07-12 13:30:07,[],,,
765,1,,1.0000,1,1,1262,2172,2523,2524,,000000765,2022-07-12 13:30:08,2022-07-12 13:30:08,[],,,
766,1,,1.0000,1,1,1259,2172,2517,2518,,000000766,2022-07-12 13:30:09,2022-07-12 13:30:09,[],,,
767,1,,1.0000,1,1,1261,2172,2521,2522,,000000767,2022-07-12 13:30:10,2022-07-12 13:30:10,[],,,
768,1,,1.0000,1,1,1258,2172,2515,2516,,000000768,2022-07-12 13:30:10,2022-07-12 13:30:11,[],,,
769,1,,1.0000,1,1,1263,2172,2525,2526,,000000769,2022-07-12 13:30:11,2022-07-12 13:30:12,[],,,
770,1,,1.0000,1,1,1260,2172,2519,2520,,000000770,2022-07-12 13:30:12,2022-07-12 13:30:13,[],,,
771,1,,1.0000,1,1,1264,2172,2527,2528,,000000771,2022-07-12 13:30:13,2022-07-12 13:30:13,[],,,
772,1,,1.0000,1,1,1270,2172,2539,2540,,000000772,2022-07-12 13:30:15,2022-07-12 13:30:15,[],,,
773,1,,1.0000,1,1,1265,2172,2529,2530,,000000773,2022-07-12 13:30:17,2022-07-12 13:30:17,[],,,
774,1,,1.0000,1,1,1266,2172,2531,2532,,000000774,2022-07-12 13:30:18,2022-07-12 13:30:18,[],,,
775,1,,1.0000,1,1,1268,2172,2535,2536,,000000775,2022-07-12 13:30:19,2022-07-12 13:30:20,[],,,
776,1,,7.0000,1,1,1271,2172,2541,2542,,000000776,2022-07-12 13:30:21,2022-07-12 13:30:21,[],,,
777,1,,14.0000,1,1,1241,1654,2481,2482,,000000777,2022-07-12 14:28:10,2022-07-12 14:28:12,[],,,
778,1,,1.0000,1,1,1267,2172,2533,2534,,000000778,2022-07-12 15:58:07,2022-07-12 15:58:08,[],,,
779,1,,2.0000,1,1,1273,2151,2545,2546,,000000779,2022-07-13 12:18:13,2022-07-13 12:18:15,[],,,
780,1,,1.0000,1,1,1274,2151,2547,2548,,000000780,2022-07-13 12:18:16,2022-07-13 12:18:16,[],,,
781,1,,1.0000,1,1,1275,2172,2549,2550,,000000781,2022-07-13 13:20:06,2022-07-13 13:20:09,[],,,
782,1,,1.0000,1,1,1276,2172,2551,2552,,000000782,2022-07-13 13:20:13,2022-07-13 13:20:13,[],,,
783,1,,3.0000,1,1,1281,2172,2561,2562,,000000783,2022-07-13 14:22:15,2022-07-13 14:22:18,[],,,
784,1,,1.0000,1,1,1286,2172,2571,2572,,000000784,2022-07-13 15:10:06,2022-07-13 15:10:08,[],,,
785,1,,1.0000,1,1,1287,2172,2573,2574,,000000785,2022-07-13 15:10:08,2022-07-13 15:10:09,[],,,
786,1,,1.0000,1,1,1278,2172,2555,2556,,000000786,2022-07-13 15:10:12,2022-07-13 15:10:12,[],,,
787,1,,1.0000,1,1,1282,2172,2563,2564,,000000787,2022-07-13 15:10:13,2022-07-13 15:10:13,[],,,
788,1,,1.0000,1,1,1280,2172,2559,2560,,000000788,2022-07-13 15:10:14,2022-07-13 15:10:14,[],,,
789,1,,1.0000,1,1,1279,2172,2557,2558,,000000789,2022-07-13 15:10:15,2022-07-13 15:10:15,[],,,
790,1,,1.0000,1,1,1277,2172,2553,2554,,000000790,2022-07-13 15:10:16,2022-07-13 15:10:16,[],,,
791,1,,1.0000,1,1,1284,2172,2567,2568,,000000791,2022-07-13 15:10:17,2022-07-13 15:10:17,[],,,
792,1,,2.0000,1,1,1283,2172,2565,2566,,000000792,2022-07-13 15:10:18,2022-07-13 15:10:18,[],,,
793,1,,1.0000,1,1,1285,2172,2569,2570,,000000793,2022-07-13 15:10:21,2022-07-13 15:10:21,[],,,
794,1,,1.0000,1,1,1298,2172,2595,2596,,000000794,2022-07-14 13:40:23,2022-07-14 13:40:25,[],,,
795,1,,1.0000,1,1,1289,2172,2577,2578,,000000795,2022-07-14 13:40:26,2022-07-14 13:40:26,[],,,
796,1,,1.0000,1,1,1294,2172,2587,2588,,000000796,2022-07-14 13:40:27,2022-07-14 13:40:28,[],,,
797,1,,1.0000,1,1,1295,2172,2589,2590,,000000797,2022-07-14 13:40:28,2022-07-14 13:40:28,[],,,
798,1,,1.0000,1,1,1299,2172,2597,2598,,000000798,2022-07-14 13:40:30,2022-07-14 13:40:30,[],,,
799,1,,1.0000,1,1,1290,2172,2579,2580,,000000799,2022-07-14 13:40:30,2022-07-14 13:40:31,[],,,
800,1,,1.0000,1,1,1297,2172,2593,2594,,000000800,2022-07-14 13:40:31,2022-07-14 13:40:32,[],,,
801,1,,1.0000,1,1,1296,2172,2591,2592,,000000801,2022-07-14 13:40:32,2022-07-14 13:40:33,[],,,
802,1,,1.0000,1,1,1292,2151,2583,2584,,000000802,2022-07-14 13:40:33,2022-07-14 13:40:34,[],,,
803,1,,1.0000,1,1,1291,2151,2581,2582,,000000803,2022-07-14 13:40:34,2022-07-14 13:40:35,[],,,
804,1,,1.0000,1,1,1288,1654,2575,2576,,000000804,2022-07-14 13:40:36,2022-07-14 13:40:37,[],,,
805,1,,3.0000,1,1,1300,2172,2599,2600,,000000805,2022-07-14 14:43:05,2022-07-14 14:43:07,[],,,
806,1,,1.0000,1,1,1302,2172,2603,2604,,000000806,2022-07-14 14:43:09,2022-07-14 14:43:10,[],,,
807,1,,1.0000,1,1,1301,2172,2601,2602,,000000807,2022-07-14 14:43:10,2022-07-14 14:43:10,[],,,
808,1,,1.0000,1,1,1303,2172,2605,2606,,000000808,2022-07-14 14:43:11,2022-07-14 14:43:11,[],,,
809,1,,1.0000,1,1,1304,1654,2607,2608,,000000809,2022-07-15 13:16:07,2022-07-15 13:16:09,[],,,
810,1,,1.0000,1,1,1305,2172,2609,2610,,000000810,2022-07-15 13:16:11,2022-07-15 13:16:11,[],,,
811,1,,1.0000,1,1,1306,2151,2611,2612,,000000811,2022-07-15 13:16:13,2022-07-15 13:16:14,[],,,
812,1,,1.0000,1,1,1307,2151,2613,2614,,000000812,2022-07-15 13:16:15,2022-07-15 13:16:15,[],,,
813,1,,1.0000,1,1,1311,2172,2621,2622,,000000813,2022-07-15 15:50:20,2022-07-15 15:50:21,[],,,
814,1,,1.0000,1,1,1310,2172,2619,2620,,000000814,2022-07-15 15:50:21,2022-07-15 15:50:22,[],,,
815,1,,2.0000,1,1,1309,2172,2617,2618,,000000815,2022-07-15 15:50:22,2022-07-15 15:50:23,[],,,
816,1,,1.0000,1,1,1308,2172,2615,2616,,000000816,2022-07-15 15:50:24,2022-07-15 15:50:24,[],,,
817,1,,1.0000,1,1,1312,2172,2623,2624,,000000817,2022-07-18 13:25:01,2022-07-18 13:25:03,[],,,
818,1,,1.0000,1,1,1313,2151,2625,2626,,000000818,2022-07-18 14:26:06,2022-07-18 14:26:07,[],,,
819,1,,1.0000,1,1,1314,2151,2627,2628,,000000819,2022-07-18 14:26:08,2022-07-18 14:26:08,[],,,
820,1,,1.0000,1,1,1315,2151,2629,2630,,000000820,2022-07-18 15:20:39,2022-07-18 15:20:41,[],,,
821,1,,1.0000,1,1,1318,2172,2635,2636,,000000821,2022-07-19 14:38:06,2022-07-19 14:38:08,[],,,
822,1,,1.0000,1,1,1319,2172,2637,2638,,000000822,2022-07-19 14:38:08,2022-07-19 14:38:08,[],,,
823,1,,1.0000,1,1,1320,2172,2639,2640,,000000823,2022-07-19 14:38:09,2022-07-19 14:38:09,[],,,
824,1,,1.0000,1,1,1321,2172,2641,2642,,000000824,2022-07-19 14:38:10,2022-07-19 14:38:11,[],,,
825,1,,1.0000,1,1,1322,2151,2643,2644,,000000825,2022-07-20 13:22:08,2022-07-20 13:22:11,[],,,
826,1,,1.0000,1,1,1323,2151,2645,2646,,000000826,2022-07-20 13:22:11,2022-07-20 13:22:12,[],,,
827,1,,1.0000,1,1,1324,2172,2647,2648,,000000827,2022-07-20 14:20:05,2022-07-20 14:20:10,[],,,
828,1,,1.0000,1,1,1325,2172,2649,2650,,000000828,2022-07-20 14:20:12,2022-07-20 14:20:12,[],,,
829,1,,1.0000,1,1,1326,2172,2651,2652,,000000829,2022-07-20 14:20:13,2022-07-20 14:20:14,[],,,
830,1,,1.0000,1,1,1328,2172,2655,2656,,000000830,2022-07-20 14:20:17,2022-07-20 14:20:17,[],,,
831,1,,1.0000,1,1,1329,2172,2657,2658,,000000831,2022-07-20 14:20:18,2022-07-20 14:20:18,[],,,
832,1,,1.0000,1,1,1330,2172,2659,2660,,000000832,2022-07-20 14:20:19,2022-07-20 14:20:19,[],,,
833,1,,1.0000,1,1,1331,2172,2661,2662,,000000833,2022-07-20 14:20:20,2022-07-20 14:20:20,[],,,
834,1,,1.0000,1,1,1332,2172,2663,2664,,000000834,2022-07-20 14:20:21,2022-07-20 14:20:21,[],,,
835,1,,3.0000,1,1,1327,2172,2653,2654,,000000835,2022-07-20 15:18:07,2022-07-20 15:18:09,[],,,
836,1,,1.0000,1,1,1333,1654,2665,2666,,000000836,2022-07-21 13:14:55,2022-07-21 13:14:56,[],,,
837,1,,1.0000,1,1,1334,2151,2667,2668,,000000837,2022-07-21 14:14:16,2022-07-21 14:14:17,[],,,
838,1,,1.0000,1,1,1335,2172,2669,2670,,000000838,2022-07-21 14:14:18,2022-07-21 14:14:18,[],,,
839,1,,1.0000,1,1,1336,2172,2671,2672,,000000839,2022-07-21 14:14:19,2022-07-21 14:14:19,[],,,
840,1,,1.0000,1,1,1337,2172,2673,2674,,000000840,2022-07-21 14:14:20,2022-07-21 14:14:20,[],,,
841,1,,1.0000,1,1,1338,2172,2675,2676,,000000841,2022-07-21 14:14:21,2022-07-21 14:14:21,[],,,
842,1,,1.0000,1,1,1339,2172,2677,2678,,000000842,2022-07-21 14:14:22,2022-07-21 14:14:22,[],,,
843,1,,1.0000,1,1,1341,2172,2681,2682,,000000843,2022-07-21 16:12:07,2022-07-21 16:12:11,[],,,
844,1,,1.0000,1,1,1340,2172,2679,2680,,000000844,2022-07-21 16:12:12,2022-07-21 16:12:12,[],,,
845,1,,1.0000,1,1,1342,2151,2683,2684,,000000845,2022-07-21 16:12:13,2022-07-21 16:12:14,[],,,
846,1,,1.0000,1,1,1343,2151,2685,2686,,000000846,2022-07-21 16:12:15,2022-07-21 16:12:15,[],,,
847,1,,1.0000,1,1,1344,2151,2687,2688,,000000847,2022-07-22 13:18:08,2022-07-22 13:18:10,[],,,
848,1,,1.0000,1,1,1345,2172,2689,2690,,000000848,2022-07-22 15:20:07,2022-07-22 15:20:09,[],,,
849,1,,1.0000,1,1,1346,2172,2691,2692,,000000849,2022-07-22 15:20:10,2022-07-22 15:20:10,[],,,
850,1,,1.0000,1,1,1347,2172,2693,2694,,000000850,2022-07-22 15:20:11,2022-07-22 15:20:11,[],,,
851,1,,1.0000,1,1,1348,2172,2695,2696,,000000851,2022-07-22 15:20:13,2022-07-22 15:20:13,[],,,
852,1,,1.0000,1,1,1349,2172,2697,2698,,000000852,2022-07-22 15:20:14,2022-07-22 15:20:14,[],,,
853,1,,1.0000,1,1,1350,2172,2699,2700,,000000853,2022-07-22 15:20:15,2022-07-22 15:20:15,[],,,
854,1,,1.0000,1,1,1351,2172,2701,2702,,000000854,2022-07-22 15:20:16,2022-07-22 15:20:16,[],,,
855,1,,1.0000,1,1,1352,2172,2703,2704,,000000855,2022-07-22 15:20:17,2022-07-22 15:20:17,[],,,
856,1,,5.0000,1,1,1353,2475,2705,2706,,000000856,2022-07-25 13:58:33,2022-07-25 13:58:34,[],,,
857,1,,1.0000,1,1,1370,2172,2739,2740,,000000857,2022-07-25 14:58:05,2022-07-25 14:58:07,[],,,
858,1,,1.0000,1,1,1354,2172,2707,2708,,000000858,2022-07-25 14:58:15,2022-07-25 14:58:15,[],,,
859,1,,1.0000,1,1,1355,2172,2709,2710,,000000859,2022-07-25 14:58:16,2022-07-25 14:58:16,[],,,
860,1,,1.0000,1,1,1356,2172,2711,2712,,000000860,2022-07-25 14:58:18,2022-07-25 14:58:18,[],,,
861,1,,2.0000,1,1,1357,2172,2713,2714,,000000861,2022-07-25 14:58:19,2022-07-25 14:58:19,[],,,
862,1,,1.0000,1,1,1358,2172,2715,2716,,000000862,2022-07-25 14:58:20,2022-07-25 14:58:20,[],,,
863,1,,1.0000,1,1,1359,2172,2717,2718,,000000863,2022-07-25 14:58:21,2022-07-25 14:58:21,[],,,
864,1,,1.0000,1,1,1360,2172,2719,2720,,000000864,2022-07-25 14:58:21,2022-07-25 14:58:22,[],,,
865,1,,1.0000,1,1,1361,2172,2721,2722,,000000865,2022-07-25 14:58:22,2022-07-25 14:58:23,[],,,
866,1,,1.0000,1,1,1362,2172,2723,2724,,000000866,2022-07-25 14:58:24,2022-07-25 14:58:24,[],,,
867,1,,1.0000,1,1,1364,2172,2727,2728,,000000867,2022-07-25 14:58:26,2022-07-25 14:58:26,[],,,
868,1,,1.0000,1,1,1365,2172,2729,2730,,000000868,2022-07-25 14:58:27,2022-07-25 14:58:27,[],,,
869,1,,1.0000,1,1,1366,2172,2731,2732,,000000869,2022-07-25 14:58:28,2022-07-25 14:58:28,[],,,
870,1,,1.0000,1,1,1367,2172,2733,2734,,000000870,2022-07-25 14:58:29,2022-07-25 14:58:29,[],,,
871,1,,1.0000,1,1,1368,2172,2735,2736,,000000871,2022-07-25 14:58:30,2022-07-25 14:58:30,[],,,
872,1,,1.0000,1,1,1369,2172,2737,2738,,000000872,2022-07-25 14:58:31,2022-07-25 14:58:32,[],,,
873,1,,1.0000,1,1,1363,2172,2725,2726,,000000873,2022-07-25 15:58:19,2022-07-25 15:58:21,[],,,
874,1,,2.0000,1,1,1371,2172,2741,2742,,000000874,2022-07-25 15:58:22,2022-07-25 15:58:22,[],,,
875,1,,1.0000,1,1,1372,2172,2743,2744,,000000875,2022-07-25 15:58:23,2022-07-25 15:58:23,[],,,
876,1,,2.0000,1,1,1373,2172,2745,2746,,000000876,2022-07-25 15:58:24,2022-07-25 15:58:24,[],,,
877,1,,2.0000,1,1,1374,2172,2747,2748,,000000877,2022-07-25 15:58:25,2022-07-25 15:58:25,[],,,
878,1,,1.0000,1,1,1375,2172,2749,2750,,000000878,2022-07-25 15:58:26,2022-07-25 15:58:26,[],,,
879,1,,1.0000,1,1,1376,2172,2751,2752,,000000879,2022-07-25 15:58:26,2022-07-25 15:58:27,[],,,
880,1,,1.0000,1,1,1377,2172,2753,2754,,000000880,2022-07-25 15:58:28,2022-07-25 15:58:28,[],,,
881,1,,1.0000,1,1,1378,2151,2755,2756,,000000881,2022-07-26 13:46:33,2022-07-26 13:46:35,[],,,
882,1,,1.0000,1,1,1386,2172,2771,2772,,000000882,2022-07-26 14:46:20,2022-07-26 14:46:22,[],,,
883,1,,1.0000,1,1,1379,2172,2757,2758,,000000883,2022-07-26 14:46:24,2022-07-26 14:46:25,[],,,
884,1,,1.0000,1,1,1380,2172,2759,2760,,000000884,2022-07-26 14:46:25,2022-07-26 14:46:26,[],,,
885,1,,1.0000,1,1,1381,2172,2761,2762,,000000885,2022-07-26 14:46:26,2022-07-26 14:46:27,[],,,
886,1,,1.0000,1,1,1382,2172,2763,2764,,000000886,2022-07-26 14:46:27,2022-07-26 14:46:28,[],,,
887,1,,1.0000,1,1,1383,2172,2765,2766,,000000887,2022-07-26 14:46:28,2022-07-26 14:46:29,[],,,
888,1,,1.0000,1,1,1384,2172,2767,2768,,000000888,2022-07-26 14:46:29,2022-07-26 14:46:30,[],,,
889,1,,1.0000,1,1,1385,2172,2769,2770,,000000889,2022-07-26 14:46:30,2022-07-26 14:46:31,[],,,
890,1,,1.0000,1,1,1388,2172,2775,2776,,000000890,2022-07-26 15:28:06,2022-07-26 15:28:09,[],,,
891,1,,1.0000,1,1,1389,2172,2777,2778,,000000891,2022-07-26 15:28:10,2022-07-26 15:28:10,[],,,
892,1,,1.0000,1,1,1390,2172,2779,2780,,000000892,2022-07-26 15:28:11,2022-07-26 15:28:11,[],,,
893,1,,1.0000,1,1,1391,2172,2781,2782,,000000893,2022-07-26 15:28:12,2022-07-26 15:28:12,[],,,
894,1,,1.0000,1,1,1387,2172,2773,2774,,000000894,2022-07-26 15:28:15,2022-07-26 15:28:15,[],,,
895,1,,1.0000,1,1,1392,2151,2783,2784,,000000895,2022-07-27 14:18:09,2022-07-27 14:18:10,[],,,
896,1,,1.0000,1,1,1394,2172,2787,2788,,000000896,2022-07-27 14:18:13,2022-07-27 14:18:13,[],,,
897,1,,1.0000,1,1,1395,2172,2789,2790,,000000897,2022-07-27 14:18:14,2022-07-27 14:18:14,[],,,
898,1,,1.0000,1,1,1396,2172,2791,2792,,000000898,2022-07-27 14:18:15,2022-07-27 14:18:16,[],,,
899,1,,1.0000,1,1,1397,2172,2793,2794,,000000899,2022-07-27 14:18:16,2022-07-27 14:18:17,[],,,
900,1,,1.0000,1,1,1398,2172,2795,2796,,000000900,2022-07-27 14:18:18,2022-07-27 14:18:19,[],,,
901,1,,1.0000,1,1,1399,2172,2797,2798,,000000901,2022-07-27 14:18:19,2022-07-27 14:18:20,[],,,
902,1,,1.0000,1,1,1393,2151,2785,2786,,000000902,2022-07-27 14:18:21,2022-07-27 14:18:21,[],,,
903,1,,1.0000,1,1,1401,2172,2801,2802,,000000903,2022-07-27 16:20:22,2022-07-27 16:20:23,[],,,
904,1,,1.0000,1,1,1400,2172,2799,2800,,000000904,2022-07-27 16:20:24,2022-07-27 16:20:24,[],,,
905,1,,1.0000,1,1,1402,2172,2803,2804,,000000905,2022-07-27 16:20:25,2022-07-27 16:20:25,[],,,
906,1,,1.0000,1,1,1403,2151,2805,2806,,000000906,2022-07-28 13:06:25,2022-07-28 13:06:26,[],,,
907,1,,1.0000,1,1,1406,2172,2811,2812,,000000907,2022-07-28 14:08:05,2022-07-28 14:08:09,[],,,
908,1,,1.0000,1,1,1407,2172,2813,2814,,000000908,2022-07-28 14:08:10,2022-07-28 14:08:10,[],,,
909,1,,1.0000,1,1,1408,2172,2815,2816,,000000909,2022-07-28 14:08:12,2022-07-28 14:08:12,[],,,
910,1,,1.0000,1,1,1409,2172,2817,2818,,000000910,2022-07-28 14:08:13,2022-07-28 14:08:13,[],,,
911,1,,1.0000,1,1,1404,2151,2807,2808,,000000911,2022-07-28 14:08:17,2022-07-28 14:08:17,[],,,
912,1,,1.0000,1,1,1410,2172,2819,2820,,000000912,2022-07-28 14:08:20,2022-07-28 14:08:20,[],,,
913,1,,1.0000,1,1,1405,2172,2809,2810,,000000913,2022-07-28 16:06:08,2022-07-28 16:06:09,[],,,
914,1,,1.0000,1,1,1411,2151,2821,2822,,000000914,2022-07-28 16:06:10,2022-07-28 16:06:11,[],,,
915,1,,1.0000,1,1,1412,1654,2823,2824,,000000915,2022-07-28 16:06:12,2022-07-28 16:06:12,[],,,
916,1,,1.0000,1,1,1413,2172,2825,2826,,000000916,2022-07-29 13:44:08,2022-07-29 13:44:10,[],,,
917,1,,1.0000,1,1,1414,2172,2827,2828,,000000917,2022-07-29 13:44:11,2022-07-29 13:44:12,[],,,
918,1,,1.0000,1,1,1415,2172,2829,2830,,000000918,2022-07-29 13:44:12,2022-07-29 13:44:13,[],,,
919,1,,1.0000,1,1,1416,2172,2831,2832,,000000919,2022-07-29 13:44:13,2022-07-29 13:44:14,[],,,
920,1,,1.0000,1,1,1417,2172,2833,2834,,000000920,2022-07-29 13:44:14,2022-07-29 13:44:15,[],,,
921,1,,1.0000,1,1,1419,2172,2837,2838,,000000921,2022-07-29 14:44:06,2022-07-29 14:44:08,[],,,
922,1,,1.0000,1,1,1418,2172,2835,2836,,000000922,2022-07-29 14:44:09,2022-07-29 14:44:09,[],,,
923,1,,1.0000,1,1,1420,2151,2839,2840,,000000923,2022-07-29 14:44:11,2022-07-29 14:44:11,[],,,
924,1,,6.0000,1,1,1421,1654,2841,2842,,000000924,2022-07-29 15:28:06,2022-07-29 15:28:09,[],,,
925,1,,4.0000,1,1,1422,1654,2843,2844,,000000925,2022-08-01 12:36:12,2022-08-01 12:36:13,[],,,
926,1,,1.0000,1,1,1424,2172,2847,2848,,000000926,2022-08-01 14:18:26,2022-08-01 14:18:28,[],,,
927,1,,1.0000,1,1,1423,1654,2845,2846,,000000927,2022-08-01 14:18:30,2022-08-01 14:18:30,[],,,
928,1,,1.0000,1,1,1436,2172,2871,2872,,000000928,2022-08-01 15:18:23,2022-08-01 15:18:24,[],,,
929,1,,1.0000,1,1,1437,2172,2873,2874,,000000929,2022-08-01 15:18:25,2022-08-01 15:18:25,[],,,
930,1,,1.0000,1,1,1438,2172,2875,2876,,000000930,2022-08-01 15:18:26,2022-08-01 15:18:26,[],,,
931,1,,1.0000,1,1,1439,2172,2877,2878,,000000931,2022-08-01 15:18:27,2022-08-01 15:18:27,[],,,
932,1,,1.0000,1,1,1440,2172,2879,2880,,000000932,2022-08-01 15:18:28,2022-08-01 15:18:29,[],,,
933,1,,1.0000,1,1,1441,2172,2881,2882,,000000933,2022-08-01 15:18:29,2022-08-01 15:18:29,[],,,
934,1,,2.0000,1,1,1425,2172,2849,2850,,000000934,2022-08-01 15:18:30,2022-08-01 15:18:31,[],,,
935,1,,1.0000,1,1,1426,2172,2851,2852,,000000935,2022-08-01 15:18:31,2022-08-01 15:18:32,[],,,
936,1,,1.0000,1,1,1427,2172,2853,2854,,000000936,2022-08-01 15:18:32,2022-08-01 15:18:33,[],,,
937,1,,1.0000,1,1,1428,2172,2855,2856,,000000937,2022-08-01 15:18:34,2022-08-01 15:18:34,[],,,
938,1,,1.0000,1,1,1429,2172,2857,2858,,000000938,2022-08-01 15:18:35,2022-08-01 15:18:35,[],,,
939,1,,1.0000,1,1,1430,2172,2859,2860,,000000939,2022-08-01 15:18:36,2022-08-01 15:18:37,[],,,
940,1,,1.0000,1,1,1431,2172,2861,2862,,000000940,2022-08-01 15:18:37,2022-08-01 15:18:38,[],,,
941,1,,1.0000,1,1,1432,2172,2863,2864,,000000941,2022-08-01 15:18:38,2022-08-01 15:18:39,[],,,
942,1,,1.0000,1,1,1433,2172,2865,2866,,000000942,2022-08-01 15:18:39,2022-08-01 15:18:40,[],,,
943,1,,1.0000,1,1,1434,2172,2867,2868,,000000943,2022-08-01 15:18:40,2022-08-01 15:18:41,[],,,
944,1,,1.0000,1,1,1435,2172,2869,2870,,000000944,2022-08-01 15:18:41,2022-08-01 15:18:41,[],,,
945,1,,1.0000,1,1,1442,2151,2883,2884,,000000945,2022-08-01 16:20:23,2022-08-01 16:20:24,[],,,
946,1,,1.0000,1,1,1444,2151,2887,2888,,000000946,2022-08-01 16:20:26,2022-08-01 16:20:26,[],,,
947,1,,1.0000,1,1,1445,2151,2889,2890,,000000947,2022-08-01 16:20:26,2022-08-01 16:20:27,[],,,
948,1,,1.0000,1,1,1446,2151,2891,2892,,000000948,2022-08-01 16:20:27,2022-08-01 16:20:28,[],,,
949,1,,1.0000,1,1,1447,2151,2893,2894,,000000949,2022-08-01 16:20:29,2022-08-01 16:20:29,[],,,
950,1,,1.0000,1,1,1448,2151,2895,2896,,000000950,2022-08-02 13:32:09,2022-08-02 13:32:11,[],,,
951,1,,1.0000,1,1,1449,2151,2897,2898,,000000951,2022-08-02 13:32:12,2022-08-02 13:32:12,[],,,
952,1,,1.0000,1,1,1457,2172,2913,2914,,000000952,2022-08-02 14:10:13,2022-08-02 14:10:19,[],,,
953,1,,1.0000,1,1,1454,2172,2907,2908,,000000953,2022-08-02 14:10:20,2022-08-02 14:10:20,[],,,
954,1,,1.0000,1,1,1451,2172,2901,2902,,000000954,2022-08-02 14:10:21,2022-08-02 14:10:22,[],,,
955,1,,1.0000,1,1,1455,2172,2909,2910,,000000955,2022-08-02 14:10:24,2022-08-02 14:10:24,[],,,
956,1,,1.0000,1,1,1456,2172,2911,2912,,000000956,2022-08-02 14:10:25,2022-08-02 14:10:25,[],,,
957,1,,1.0000,1,1,1453,2172,2905,2906,,000000957,2022-08-02 14:10:26,2022-08-02 14:10:26,[],,,
958,1,,1.0000,1,1,1452,2172,2903,2904,,000000958,2022-08-02 14:10:27,2022-08-02 14:10:27,[],,,
959,1,,6.0000,1,1,1450,2172,2899,2900,,000000959,2022-08-02 14:10:29,2022-08-02 14:10:29,[],,,
960,1,,1.0000,1,1,1458,2151,2915,2916,,000000960,2022-08-03 12:26:05,2022-08-03 12:26:08,[],,,
961,1,,1.0000,1,1,1459,2151,2917,2918,,000000961,2022-08-03 13:18:03,2022-08-03 13:18:06,[],,,
962,1,,1.0000,1,1,1460,2151,2919,2920,,000000962,2022-08-03 13:18:07,2022-08-03 13:18:07,[],,,
963,1,,1.0000,1,1,1461,2151,2921,2922,,000000963,2022-08-03 13:18:08,2022-08-03 13:18:09,[],,,
964,1,,1.0000,1,1,1462,2172,2923,2924,,000000964,2022-08-03 14:20:07,2022-08-03 14:20:10,[],,,
965,1,,1.0000,1,1,1463,2172,2925,2926,,000000965,2022-08-03 14:20:11,2022-08-03 14:20:11,[],,,
966,1,,1.0000,1,1,1464,2172,2927,2928,,000000966,2022-08-03 14:20:12,2022-08-03 14:20:13,[],,,
967,1,,1.0000,1,1,1472,2172,2943,2944,,000000967,2022-08-03 15:20:05,2022-08-03 15:20:09,[],,,
968,1,,2.0000,1,1,1467,2172,2933,2934,,000000968,2022-08-03 15:20:10,2022-08-03 15:20:10,[],,,
969,1,,1.0000,1,1,1465,2172,2929,2930,,000000969,2022-08-03 15:20:11,2022-08-03 15:20:11,[],,,
970,1,,1.0000,1,1,1466,2172,2931,2932,,000000970,2022-08-03 15:20:12,2022-08-03 15:20:12,[],,,
971,1,,1.0000,1,1,1468,2172,2935,2936,,000000971,2022-08-03 15:20:13,2022-08-03 15:20:14,[],,,
972,1,,2.0000,1,1,1469,2172,2937,2938,,000000972,2022-08-03 15:20:14,2022-08-03 15:20:15,[],,,
973,1,,1.0000,1,1,1470,2172,2939,2940,,000000973,2022-08-03 15:20:15,2022-08-03 15:20:16,[],,,
974,1,,1.0000,1,1,1471,2172,2941,2942,,000000974,2022-08-03 15:20:16,2022-08-03 15:20:16,[],,,
975,1,,1.0000,1,1,1473,2151,2945,2946,,000000975,2022-08-04 12:16:07,2022-08-04 12:16:09,[],,,
976,1,,1.0000,1,1,1474,2151,2947,2948,,000000976,2022-08-04 12:16:12,2022-08-04 12:16:12,[],,,
977,1,,1.0000,1,1,1475,2172,2949,2950,,000000977,2022-08-04 14:16:05,2022-08-04 14:16:09,[],,,
978,1,,1.0000,1,1,1476,2172,2951,2952,,000000978,2022-08-04 14:16:11,2022-08-04 14:16:12,[],,,
979,1,,1.0000,1,1,1477,2172,2953,2954,,000000979,2022-08-04 14:16:12,2022-08-04 14:16:13,[],,,
980,1,,1.0000,1,1,1478,2172,2955,2956,,000000980,2022-08-04 14:16:13,2022-08-04 14:16:14,[],,,
981,1,,1.0000,1,1,1479,2172,2957,2958,,000000981,2022-08-04 15:04:16,2022-08-04 15:04:18,[],,,
982,1,,2.0000,1,1,1480,2172,2959,2960,,000000982,2022-08-04 15:04:18,2022-08-04 15:04:19,[],,,
983,1,,1.0000,1,1,1443,2151,2885,2886,,000000983,2022-08-04 16:04:25,2022-08-04 16:04:27,[],,,
984,1,,1.0000,1,1,1493,2172,2985,2986,,000000984,2022-08-05 14:48:06,2022-08-05 14:48:08,[],,,
985,1,,1.0000,1,1,1490,2172,2979,2980,,000000985,2022-08-05 14:48:09,2022-08-05 14:48:10,[],,,
986,1,,1.0000,1,1,1491,2172,2981,2982,,000000986,2022-08-05 14:48:11,2022-08-05 14:48:11,[],,,
987,1,,1.0000,1,1,1492,2172,2983,2984,,000000987,2022-08-05 14:48:12,2022-08-05 14:48:12,[],,,
988,1,,1.0000,1,1,1483,2151,2965,2966,,000000988,2022-08-05 14:48:19,2022-08-05 14:48:19,[],,,
989,1,,2.0000,1,1,1482,2151,2963,2964,,000000989,2022-08-05 14:48:20,2022-08-05 14:48:20,[],,,
990,1,,1.0000,1,1,1481,2172,2961,2962,,000000990,2022-08-05 14:48:21,2022-08-05 14:48:21,[],,,
991,1,,1.0000,1,1,1484,2172,2967,2968,,000000991,2022-08-05 14:48:22,2022-08-05 14:48:22,[],,,
992,1,,1.0000,1,1,1485,2172,2969,2970,,000000992,2022-08-05 14:48:23,2022-08-05 14:48:23,[],,,
993,1,,1.0000,1,1,1488,2172,2975,2976,,000000993,2022-08-05 14:48:24,2022-08-05 14:48:24,[],,,
994,1,,1.0000,1,1,1487,2172,2973,2974,,000000994,2022-08-05 14:48:25,2022-08-05 14:48:25,[],,,
995,1,,1.0000,1,1,1489,2172,2977,2978,,000000995,2022-08-05 14:48:26,2022-08-05 14:48:26,[],,,
996,1,,1.0000,1,1,1494,2172,2987,2988,,000000996,2022-08-08 13:50:12,2022-08-08 13:50:14,[],,,
997,1,,1.0000,1,1,1495,2172,2989,2990,,000000997,2022-08-08 13:50:15,2022-08-08 13:50:15,[],,,
998,1,,1.0000,1,1,1496,2172,2991,2992,,000000998,2022-08-08 13:50:16,2022-08-08 13:50:16,[],,,
999,1,,1.0000,1,1,1497,2172,2993,2994,,000000999,2022-08-08 13:50:17,2022-08-08 13:50:17,[],,,
1000,1,,1.0000,1,1,1498,2172,2995,2996,,000001000,2022-08-08 13:50:18,2022-08-08 13:50:18,[],,,
1001,1,,1.0000,1,1,1500,2172,2999,3000,,000001001,2022-08-08 13:50:20,2022-08-08 13:50:20,[],,,
1002,1,,1.0000,1,1,1503,2172,3005,3006,,000001002,2022-08-08 14:52:05,2022-08-08 14:52:09,[],,,
1003,1,,1.0000,1,1,1501,2172,3001,3002,,000001003,2022-08-08 14:52:11,2022-08-08 14:52:11,[],,,
1004,1,,1.0000,1,1,1502,2172,3003,3004,,000001004,2022-08-08 14:52:12,2022-08-08 14:52:12,[],,,
1005,1,,1.0000,1,1,1504,2172,3007,3008,,000001005,2022-08-08 15:52:10,2022-08-08 15:52:11,[],,,
1006,1,,1.0000,1,1,1507,2172,3013,3014,,000001006,2022-08-08 15:52:12,2022-08-08 15:52:12,[],,,
1007,1,,2.0000,1,1,1506,2172,3011,3012,,000001007,2022-08-08 15:52:13,2022-08-08 15:52:13,[],,,
1008,1,,1.0000,1,1,1505,2172,3009,3010,,000001008,2022-08-08 15:52:14,2022-08-08 15:52:14,[],,,
1009,1,,1.0000,1,1,1508,2151,3015,3016,,000001009,2022-08-08 15:52:16,2022-08-08 15:52:16,[],,,
1010,1,,1.0000,1,1,1509,2151,3017,3018,,000001010,2022-08-08 15:52:17,2022-08-08 15:52:17,[],,,
1011,1,,1.0000,1,1,1511,2151,3021,3022,,000001011,2022-08-08 15:52:19,2022-08-08 15:52:19,[],,,
1012,1,,1.0000,1,1,1499,2172,2997,2998,,000001012,2022-08-08 15:52:20,2022-08-08 15:52:20,[],,,
1013,1,,2.0000,1,1,1510,2151,3019,3020,,000001013,2022-08-08 16:52:07,2022-08-08 16:52:08,[],,,
1014,1,,1.0000,1,1,1513,2151,3025,3026,,000001014,2022-08-09 13:00:48,2022-08-09 13:00:50,[],,,
1015,1,,2.0000,1,1,1512,2151,3023,3024,,000001015,2022-08-09 13:00:50,2022-08-09 13:00:51,[],,,
1016,1,,1.0000,1,1,1514,2172,3027,3028,,000001016,2022-08-10 13:18:05,2022-08-10 13:18:08,[],,,
1017,1,,1.0000,1,1,1516,2172,3031,3032,,000001017,2022-08-10 13:18:08,2022-08-10 13:18:08,[],,,
1018,1,,1.0000,1,1,1519,2172,3037,3038,,000001018,2022-08-10 13:18:09,2022-08-10 13:18:09,[],,,
1019,1,,1.0000,1,1,1520,2172,3039,3040,,000001019,2022-08-10 13:18:10,2022-08-10 13:18:10,[],,,
1020,1,,1.0000,1,1,1517,2172,3033,3034,,000001020,2022-08-10 13:18:11,2022-08-10 13:18:12,[],,,
1021,1,,1.0000,1,1,1518,2172,3035,3036,,000001021,2022-08-10 13:18:12,2022-08-10 13:18:12,[],,,
1022,1,,1.0000,1,1,1515,2172,3029,3030,,000001022,2022-08-10 13:18:13,2022-08-10 13:18:13,[],,,
1023,1,,2.0000,1,1,1522,1654,3043,3044,,000001023,2022-08-10 14:10:07,2022-08-10 14:10:09,[],,,
1024,1,,2.0000,1,1,1521,2172,3041,3042,,000001024,2022-08-10 14:10:14,2022-08-10 14:10:14,[],,,
1025,1,,1.0000,1,1,1523,2151,3045,3046,,000001025,2022-08-12 13:16:15,2022-08-12 13:16:16,[],,,
1026,1,,1.0000,1,1,1527,2172,3053,3054,,000001026,2022-08-12 14:18:06,2022-08-12 14:18:07,[],,,
1027,1,,1.0000,1,1,1524,2172,3047,3048,,000001027,2022-08-12 14:18:08,2022-08-12 14:18:08,[],,,
1028,1,,1.0000,1,1,1525,2172,3049,3050,,000001028,2022-08-12 14:18:09,2022-08-12 14:18:09,[],,,
1029,1,,1.0000,1,1,1530,2172,3059,3060,,000001029,2022-08-12 14:18:10,2022-08-12 14:18:10,[],,,
1030,1,,1.0000,1,1,1531,2172,3061,3062,,000001030,2022-08-12 14:18:11,2022-08-12 14:18:12,[],,,
1031,1,,1.0000,1,1,1528,2172,3055,3056,,000001031,2022-08-12 14:18:13,2022-08-12 14:18:13,[],,,
1032,1,,1.0000,1,1,1529,2172,3057,3058,,000001032,2022-08-12 14:18:13,2022-08-12 14:18:14,[],,,
1033,1,,1.0000,1,1,1526,2172,3051,3052,,000001033,2022-08-12 14:18:14,2022-08-12 14:18:15,[],,,
1034,1,,1.0000,1,1,1532,1654,3063,3064,,000001034,2022-08-15 14:34:15,2022-08-15 14:34:17,[],,,
1035,1,,1.0000,1,1,1560,2172,3119,3120,,000001035,2022-08-15 15:36:21,2022-08-15 15:36:23,[],,,
1036,1,,3.0000,1,1,1554,2172,3107,3108,,000001036,2022-08-15 15:36:23,2022-08-15 15:36:24,[],,,
1037,1,,1.0000,1,1,1561,2172,3121,3122,,000001037,2022-08-15 15:36:24,2022-08-15 15:36:24,[],,,
1038,1,,4.0000,1,1,1545,2151,3089,3090,,000001038,2022-08-15 15:36:28,2022-08-15 15:36:28,[],,,
1039,1,,2.0000,1,1,1549,2151,3097,3098,,000001039,2022-08-15 15:36:29,2022-08-15 15:36:29,[],,,
1040,1,,2.0000,1,1,1537,2151,3073,3074,,000001040,2022-08-15 15:36:30,2022-08-15 15:36:30,[],,,
1041,1,,1.0000,1,1,1538,2151,3075,3076,,000001041,2022-08-15 15:36:31,2022-08-15 15:36:31,[],,,
1042,1,,1.0000,1,1,1533,2151,3065,3066,,000001042,2022-08-15 15:36:31,2022-08-15 15:36:32,[],,,
1043,1,,1.0000,1,1,1552,2172,3103,3104,,000001043,2022-08-15 15:36:36,2022-08-15 15:36:36,[],,,
1044,1,,1.0000,1,1,1551,2172,3101,3102,,000001044,2022-08-15 15:36:37,2022-08-15 15:36:37,[],,,
1045,1,,1.0000,1,1,1541,2172,3081,3082,,000001045,2022-08-15 15:36:38,2022-08-15 15:36:38,[],,,
1046,1,,1.0000,1,1,1540,2172,3079,3080,,000001046,2022-08-15 15:36:39,2022-08-15 15:36:39,[],,,
1047,1,,1.0000,1,1,1543,2172,3085,3086,,000001047,2022-08-15 15:36:40,2022-08-15 15:36:40,[],,,
1048,1,,1.0000,1,1,1539,2172,3077,3078,,000001048,2022-08-15 15:36:41,2022-08-15 15:36:41,[],,,
1049,1,,2.0000,1,1,1550,2172,3099,3100,,000001049,2022-08-15 15:36:42,2022-08-15 15:36:42,[],,,
1050,1,,1.0000,1,1,1535,2172,3069,3070,,000001050,2022-08-15 15:36:43,2022-08-15 15:36:43,[],,,
1051,1,,1.0000,1,1,1546,2172,3091,3092,,000001051,2022-08-15 15:36:44,2022-08-15 15:36:44,[],,,
1052,1,,1.0000,1,1,1544,2172,3087,3088,,000001052,2022-08-15 15:36:44,2022-08-15 15:36:45,[],,,
1053,1,,2.0000,1,1,1534,2172,3067,3068,,000001053,2022-08-15 15:36:45,2022-08-15 15:36:46,[],,,
1054,1,,1.0000,1,1,1553,2172,3105,3106,,000001054,2022-08-15 15:36:46,2022-08-15 15:36:46,[],,,
1055,1,,1.0000,1,1,1557,2172,3113,3114,,000001055,2022-08-15 15:36:47,2022-08-15 15:36:47,[],,,
1056,1,,1.0000,1,1,1548,2172,3095,3096,,000001056,2022-08-15 15:36:48,2022-08-15 15:36:48,[],,,
1057,1,,1.0000,1,1,1559,2172,3117,3118,,000001057,2022-08-15 15:36:49,2022-08-15 15:36:49,[],,,
1058,1,,1.0000,1,1,1556,2172,3111,3112,,000001058,2022-08-15 15:36:50,2022-08-15 15:36:50,[],,,
1059,1,,1.0000,1,1,1536,2172,3071,3072,,000001059,2022-08-15 15:36:51,2022-08-15 15:36:51,[],,,
1060,1,,1.0000,1,1,1562,2151,3123,3124,,000001060,2022-08-15 16:34:08,2022-08-15 16:34:10,[],,,
1061,1,,1.0000,1,1,1542,2151,3083,3084,,000001061,2022-08-15 16:34:12,2022-08-15 16:34:12,[],,,
1062,1,,1.0000,1,1,1563,2151,3125,3126,,000001062,2022-08-16 12:42:05,2022-08-16 12:42:08,[],,,
1063,1,,3.0000,1,1,1564,1654,3127,3128,,000001063,2022-08-16 12:42:13,2022-08-16 12:42:14,[],,,
1064,1,,1.0000,1,1,1565,2172,3129,3130,,000001064,2022-08-16 14:40:06,2022-08-16 14:40:10,[],,,
1065,1,,1.0000,1,1,1566,2172,3131,3132,,000001065,2022-08-16 14:40:11,2022-08-16 14:40:11,[],,,
1066,1,,3.0000,1,1,1567,2172,3133,3134,,000001066,2022-08-16 14:40:13,2022-08-16 14:40:13,[],,,
1067,1,,1.0000,1,1,1570,2151,3139,3140,,000001067,2022-08-17 12:32:19,2022-08-17 12:32:21,[],,,
1068,1,,1.0000,1,1,1571,2151,3141,3142,,000001068,2022-08-17 12:32:22,2022-08-17 12:32:22,[],,,
1069,1,,1.0000,1,1,1568,2151,3135,3136,,000001069,2022-08-17 12:32:24,2022-08-17 12:32:24,[],,,
1070,1,,1.0000,1,1,1569,2151,3137,3138,,000001070,2022-08-17 12:32:25,2022-08-17 12:32:25,[],,,
1071,1,,1.0000,1,1,1572,2151,3143,3144,,000001071,2022-08-17 13:26:06,2022-08-17 13:26:09,[],,,
1072,1,,1.0000,1,1,1573,2151,3145,3146,,000001072,2022-08-17 13:26:10,2022-08-17 13:26:10,[],,,
1073,1,,1.0000,1,1,1574,2172,3147,3148,,000001073,2022-08-17 14:26:04,2022-08-17 14:26:08,[],,,
1074,1,,1.0000,1,1,1575,2172,3149,3150,,000001074,2022-08-17 14:26:09,2022-08-17 14:26:10,[],,,
1075,1,,1.0000,1,1,1576,2172,3151,3152,,000001075,2022-08-17 15:28:08,2022-08-17 15:28:10,[],,,
1076,1,,1.0000,1,1,1577,2172,3153,3154,,000001076,2022-08-18 14:30:06,2022-08-18 14:30:09,[],,,
1077,1,,2.0000,1,1,1578,2172,3155,3156,,000001077,2022-08-18 14:30:10,2022-08-18 14:30:10,[],,,
1078,1,,1.0000,1,1,1579,2172,3157,3158,,000001078,2022-08-18 14:30:11,2022-08-18 14:30:12,[],,,
1079,1,,1.0000,1,1,1580,2172,3159,3160,,000001079,2022-08-18 14:30:13,2022-08-18 14:30:13,[],,,
1080,1,,1.0000,1,1,1581,2172,3161,3162,,000001080,2022-08-18 14:30:15,2022-08-18 14:30:15,[],,,
1081,1,,1.0000,1,1,1582,2172,3163,3164,,000001081,2022-08-18 15:32:06,2022-08-18 15:32:08,[],,,
1082,1,,1.0000,1,1,1585,2172,3169,3170,,000001082,2022-08-19 14:12:08,2022-08-19 14:12:10,[],,,
1083,1,,1.0000,1,1,1587,2172,3173,3174,,000001083,2022-08-19 14:12:11,2022-08-19 14:12:11,[],,,
1084,1,,1.0000,1,1,1586,2172,3171,3172,,000001084,2022-08-19 14:12:12,2022-08-19 14:12:12,[],,,
1085,1,,1.0000,1,1,1583,2172,3165,3166,,000001085,2022-08-19 14:12:13,2022-08-19 14:12:13,[],,,
1086,1,,2.0000,1,1,1584,2172,3167,3168,,000001086,2022-08-19 14:12:14,2022-08-19 14:12:14,[],,,
1087,1,,4.0000,1,1,1588,1654,3175,3176,,000001087,2022-08-19 16:42:06,2022-08-19 16:42:09,[],,,
1088,1,,2.0000,1,1,1594,2151,3187,3188,,000001088,2022-08-22 14:50:31,2022-08-22 14:50:32,[],,,
1089,1,,1.0000,1,1,1592,2151,3183,3184,,000001089,2022-08-22 14:50:33,2022-08-22 14:50:33,[],,,
1090,1,,1.0000,1,1,1593,2151,3185,3186,,000001090,2022-08-22 14:50:35,2022-08-22 14:50:35,[],,,
1091,1,,1.0000,1,1,1591,2151,3181,3182,,000001091,2022-08-22 14:50:36,2022-08-22 14:50:36,[],,,
1092,1,,1.0000,1,1,1590,2151,3179,3180,,000001092,2022-08-22 14:50:37,2022-08-22 14:50:38,[],,,
1093,1,,1.0000,1,1,1589,1654,3177,3178,,000001093,2022-08-22 14:50:38,2022-08-22 14:50:39,[],,,
1094,1,,1.0000,1,1,1618,2172,3235,3236,,000001094,2022-08-22 15:50:06,2022-08-22 15:50:09,[],,,
1095,1,,1.0000,1,1,1619,2172,3237,3238,,000001095,2022-08-22 15:50:09,2022-08-22 15:50:10,[],,,
1096,1,,1.0000,1,1,1595,2172,3189,3190,,000001096,2022-08-22 15:50:13,2022-08-22 15:50:14,[],,,
1097,1,,1.0000,1,1,1596,2172,3191,3192,,000001097,2022-08-22 15:50:14,2022-08-22 15:50:15,[],,,
1098,1,,1.0000,1,1,1597,2172,3193,3194,,000001098,2022-08-22 15:50:16,2022-08-22 15:50:17,[],,,
1099,1,,2.0000,1,1,1598,2172,3195,3196,,000001099,2022-08-22 15:50:17,2022-08-22 15:50:17,[],,,
1100,1,,1.0000,1,1,1600,2172,3199,3200,,000001100,2022-08-22 15:50:19,2022-08-22 15:50:19,[],,,
1101,1,,1.0000,1,1,1601,2172,3201,3202,,000001101,2022-08-22 15:50:20,2022-08-22 15:50:20,[],,,
1102,1,,1.0000,1,1,1602,2172,3203,3204,,000001102,2022-08-22 15:50:21,2022-08-22 15:50:21,[],,,
1103,1,,1.0000,1,1,1603,2172,3205,3206,,000001103,2022-08-22 15:50:22,2022-08-22 15:50:22,[],,,
1104,1,,1.0000,1,1,1604,2172,3207,3208,,000001104,2022-08-22 15:50:23,2022-08-22 15:50:24,[],,,
1105,1,,2.0000,1,1,1605,2172,3209,3210,,000001105,2022-08-22 15:50:24,2022-08-22 15:50:25,[],,,
1106,1,,1.0000,1,1,1606,2172,3211,3212,,000001106,2022-08-22 15:50:25,2022-08-22 15:50:26,[],,,
1107,1,,1.0000,1,1,1607,2172,3213,3214,,000001107,2022-08-22 15:50:26,2022-08-22 15:50:27,[],,,
1108,1,,1.0000,1,1,1608,2172,3215,3216,,000001108,2022-08-22 15:50:27,2022-08-22 15:50:27,[],,,
1109,1,,1.0000,1,1,1609,2172,3217,3218,,000001109,2022-08-22 15:50:28,2022-08-22 15:50:28,[],,,
1110,1,,2.0000,1,1,1610,2172,3219,3220,,000001110,2022-08-22 15:50:29,2022-08-22 15:50:29,[],,,
1111,1,,1.0000,1,1,1611,2172,3221,3222,,000001111,2022-08-22 15:50:30,2022-08-22 15:50:30,[],,,
1112,1,,1.0000,1,1,1612,2172,3223,3224,,000001112,2022-08-22 15:50:31,2022-08-22 15:50:31,[],,,
1113,1,,1.0000,1,1,1614,2172,3227,3228,,000001113,2022-08-22 15:50:32,2022-08-22 15:50:33,[],,,
1114,1,,1.0000,1,1,1616,2172,3231,3232,,000001114,2022-08-22 15:50:33,2022-08-22 15:50:34,[],,,
1115,1,,1.0000,1,1,1617,2172,3233,3234,,000001115,2022-08-22 15:50:34,2022-08-22 15:50:35,[],,,
1116,1,,1.0000,1,1,1620,2172,3239,3240,,000001116,2022-08-22 16:32:21,2022-08-22 16:32:22,[],,,
1117,1,,1.0000,1,1,1599,2172,3197,3198,,000001117,2022-08-22 16:32:23,2022-08-22 16:32:24,[],,,
1118,1,,1.0000,1,1,1613,2172,3225,3226,,000001118,2022-08-22 16:32:25,2022-08-22 16:32:25,[],,,
1119,1,,1.0000,1,1,1625,2172,3249,3250,,000001119,2022-08-23 13:30:34,2022-08-23 13:30:38,[],,,
1120,1,,1.0000,1,1,1627,2172,3253,3254,,000001120,2022-08-23 14:32:05,2022-08-23 14:32:08,[],,,
1121,1,,1.0000,1,1,1623,2172,3245,3246,,000001121,2022-08-23 14:32:09,2022-08-23 14:32:09,[],,,
1122,1,,1.0000,1,1,1624,2172,3247,3248,,000001122,2022-08-23 14:32:11,2022-08-23 14:32:11,[],,,
1123,1,,1.0000,1,1,1630,2172,3259,3260,,000001123,2022-08-23 14:32:12,2022-08-23 14:32:13,[],,,
1124,1,,2.0000,1,1,1615,2172,3229,3230,,000001124,2022-08-23 14:32:13,2022-08-23 14:32:14,[],,,
1125,1,,1.0000,1,1,1622,2172,3243,3244,,000001125,2022-08-23 14:32:14,2022-08-23 14:32:14,[],,,
1126,1,,1.0000,1,1,1626,2172,3251,3252,,000001126,2022-08-23 14:32:15,2022-08-23 14:32:15,[],,,
1127,1,,1.0000,1,1,1631,2172,3261,3262,,000001127,2022-08-23 14:32:16,2022-08-23 14:32:16,[],,,
1128,1,,1.0000,1,1,1629,2151,3257,3258,,000001128,2022-08-23 14:32:20,2022-08-23 14:32:20,[],,,
1129,1,,1.0000,1,1,1621,2151,3241,3242,,000001129,2022-08-23 14:32:22,2022-08-23 14:32:22,[],,,
1130,1,,1.0000,1,1,1632,2172,3263,3264,,000001130,2022-08-23 15:16:08,2022-08-23 15:16:09,[],,,
1131,1,,1.0000,1,1,1634,2172,3267,3268,,000001131,2022-08-23 16:16:08,2022-08-23 16:16:10,[],,,
1132,1,,2.0000,1,1,1635,1654,3269,3270,,000001132,2022-08-23 17:14:07,2022-08-23 17:14:08,[],,,
1133,1,,1.0000,1,1,1636,2172,3271,3272,,000001133,2022-08-24 12:42:06,2022-08-24 12:42:09,[],,,
1134,1,,1.0000,1,1,1637,2172,3273,3274,,000001134,2022-08-24 12:42:09,2022-08-24 12:42:10,[],,,
1135,1,,1.0000,1,1,1639,2172,3277,3278,,000001135,2022-08-25 12:42:31,2022-08-25 12:42:33,[],,,
1136,1,,1.0000,1,1,1640,2172,3279,3280,,000001136,2022-08-25 12:42:33,2022-08-25 12:42:33,[],,,
1137,1,,1.0000,1,1,1638,2172,3275,3276,,000001137,2022-08-25 12:42:42,2022-08-25 12:42:42,[],,,
1138,1,,1.0000,1,1,1646,2172,3291,3292,,000001138,2022-08-25 13:34:16,2022-08-25 13:34:18,[],,,
1139,1,,1.0000,1,1,1641,2172,3281,3282,,000001139,2022-08-25 13:34:19,2022-08-25 13:34:19,[],,,
1140,1,,1.0000,1,1,1642,2172,3283,3284,,000001140,2022-08-25 13:34:20,2022-08-25 13:34:20,[],,,
1141,1,,1.0000,1,1,1643,2172,3285,3286,,000001141,2022-08-25 13:34:22,2022-08-25 13:34:22,[],,,
1142,1,,2.0000,1,1,1645,2151,3289,3290,,000001142,2022-08-25 13:34:23,2022-08-25 13:34:23,[],,,
1143,1,,3.0000,1,1,1649,2172,3297,3298,,000001143,2022-08-25 15:18:05,2022-08-25 15:18:07,[],,,
1144,1,,1.0000,1,1,1648,2172,3295,3296,,000001144,2022-08-25 15:18:09,2022-08-25 15:18:09,[],,,
1145,1,,1.0000,1,1,1647,2151,3293,3294,,000001145,2022-08-25 15:18:10,2022-08-25 15:18:11,[],,,
1146,1,,1.0000,1,1,1650,2172,3299,3300,,000001146,2022-08-25 16:10:15,2022-08-25 16:10:16,[],,,
1147,1,,1.0000,1,1,1655,2172,3309,3310,,000001147,2022-08-30 10:34:31,2022-08-30 10:34:33,[],,,
1148,1,,2.0000,1,1,1657,2172,3313,3314,,000001148,2022-08-30 10:34:34,2022-08-30 10:34:34,[],,,
1149,1,,1.0000,1,1,1652,2172,3303,3304,,000001149,2022-08-30 10:34:35,2022-08-30 10:34:35,[],,,
1150,1,,1.0000,1,1,1654,2172,3307,3308,,000001150,2022-08-30 10:34:36,2022-08-30 10:34:36,[],,,
1151,1,,1.0000,1,1,1651,2172,3301,3302,,000001151,2022-08-30 10:34:37,2022-08-30 10:34:37,[],,,
1152,1,,1.0000,1,1,1658,2172,3315,3316,,000001152,2022-08-30 10:34:39,2022-08-30 10:34:39,[],,,
1153,1,,1.0000,1,1,1653,2172,3305,3306,,000001153,2022-08-30 10:34:40,2022-08-30 10:34:41,[],,,
1154,1,,1.0000,1,1,1660,2151,3319,3320,,000001154,2022-08-30 10:34:42,2022-08-30 10:34:42,[],,,
1155,1,,1.0000,1,1,1659,2151,3317,3318,,000001155,2022-08-30 10:34:43,2022-08-30 10:34:43,[],,,
1156,1,,3.0000,1,1,1661,1654,3321,3322,,000001156,2022-08-30 10:34:44,2022-08-30 10:34:44,[],,,
1157,1,,1.0000,1,1,1663,2172,3325,3326,,000001157,2022-08-30 11:36:15,2022-08-30 11:36:16,[],,,
1158,1,,3.0000,1,1,1662,2172,3323,3324,,000001158,2022-08-30 11:36:17,2022-08-30 11:36:17,[],,,
1159,1,,1.0000,1,1,1664,2172,3327,3328,,000001159,2022-08-30 11:36:18,2022-08-30 11:36:18,[],,,
1160,1,,2.0000,1,1,1656,2172,3311,3312,,000001160,2022-08-30 12:36:11,2022-08-30 12:36:12,[],,,
1161,1,,1.0000,1,1,1667,2172,3333,3334,,000001161,2022-08-30 13:38:10,2022-08-30 13:38:11,[],,,
1162,1,,1.0000,1,1,1665,2172,3329,3330,,000001162,2022-08-30 13:38:12,2022-08-30 13:38:13,[],,,
1163,1,,1.0000,1,1,1666,2172,3331,3332,,000001163,2022-08-30 13:38:14,2022-08-30 13:38:14,[],,,
1164,1,,1.0000,1,1,1668,2172,3335,3336,,000001164,2022-08-30 13:38:15,2022-08-30 13:38:15,[],,,
1165,1,,1.0000,1,1,1669,2172,3337,3338,,000001165,2022-08-30 13:38:16,2022-08-30 13:38:16,[],,,
1166,1,,1.0000,1,1,1670,2172,3339,3340,,000001166,2022-08-30 13:38:17,2022-08-30 13:38:17,[],,,
1167,1,,2.0000,1,1,1671,2172,3341,3342,,000001167,2022-08-30 13:38:18,2022-08-30 13:38:18,[],,,
1168,1,,1.0000,1,1,1672,2172,3343,3344,,000001168,2022-08-30 13:38:19,2022-08-30 13:38:19,[],,,
1169,1,,1.0000,1,1,1673,2172,3345,3346,,000001169,2022-08-30 13:38:20,2022-08-30 13:38:21,[],,,
1170,1,,1.0000,1,1,1674,2172,3347,3348,,000001170,2022-08-30 13:38:21,2022-08-30 13:38:21,[],,,
1171,1,,1.0000,1,1,1689,2172,3377,3378,,000001171,2022-08-30 14:40:06,2022-08-30 14:40:10,[],,,
1172,1,,2.0000,1,1,1690,2172,3379,3380,,000001172,2022-08-30 14:40:11,2022-08-30 14:40:11,[],,,
1173,1,,1.0000,1,1,1692,2151,3383,3384,,000001173,2022-08-30 14:40:12,2022-08-30 14:40:12,[],,,
1174,1,,4.0000,1,1,1678,2172,3355,3356,,000001174,2022-08-30 14:40:13,2022-08-30 14:40:13,[],,,
1175,1,,1.0000,1,1,1693,2151,3385,3386,,000001175,2022-08-30 14:40:14,2022-08-30 14:40:14,[],,,
1176,1,,1.0000,1,1,1694,2151,3387,3388,,000001176,2022-08-30 14:40:15,2022-08-30 14:40:15,[],,,
1177,1,,1.0000,1,1,1695,2151,3389,3390,,000001177,2022-08-30 14:40:16,2022-08-30 14:40:16,[],,,
1178,1,,1.0000,1,1,1683,2172,3365,3366,,000001178,2022-08-30 14:40:17,2022-08-30 14:40:17,[],,,
1179,1,,1.0000,1,1,1682,2172,3363,3364,,000001179,2022-08-30 14:40:18,2022-08-30 14:40:18,[],,,
1180,1,,1.0000,1,1,1677,2172,3353,3354,,000001180,2022-08-30 14:40:18,2022-08-30 14:40:19,[],,,
1181,1,,1.0000,1,1,1686,2172,3371,3372,,000001181,2022-08-30 14:40:19,2022-08-30 14:40:20,[],,,
1182,1,,1.0000,1,1,1675,2172,3349,3350,,000001182,2022-08-30 14:40:20,2022-08-30 14:40:20,[],,,
1183,1,,1.0000,1,1,1681,2172,3361,3362,,000001183,2022-08-30 14:40:21,2022-08-30 14:40:21,[],,,
1184,1,,1.0000,1,1,1676,2172,3351,3352,,000001184,2022-08-30 14:40:22,2022-08-30 14:40:22,[],,,
1185,1,,1.0000,1,1,1685,2151,3369,3370,,000001185,2022-08-30 14:40:23,2022-08-30 14:40:23,[],,,
1186,1,,1.0000,1,1,1680,2151,3359,3360,,000001186,2022-08-30 14:40:24,2022-08-30 14:40:24,[],,,
1187,1,,1.0000,1,1,1679,2151,3357,3358,,000001187,2022-08-30 14:40:25,2022-08-30 14:40:25,[],,,
1188,1,,1.0000,1,1,1684,2151,3367,3368,,000001188,2022-08-30 14:40:25,2022-08-30 14:40:26,[],,,
1189,1,,1.0000,1,1,1696,2151,3391,3392,,000001189,2022-08-30 14:40:26,2022-08-30 14:40:27,[],,,
1190,1,,1.0000,1,1,1697,2172,3393,3394,,000001190,2022-08-30 14:40:28,2022-08-30 14:40:28,[],,,
1191,1,,1.0000,1,1,1698,2151,3395,3396,,000001191,2022-08-30 14:40:29,2022-08-30 14:40:29,[],,,
1192,1,,4.0000,1,1,1699,2172,3397,3398,,000001192,2022-08-30 14:40:30,2022-08-30 14:40:30,[],,,
1193,1,,1.0000,1,1,1700,2151,3399,3400,,000001193,2022-08-30 14:40:31,2022-08-30 14:40:31,[],,,
1194,1,,1.0000,1,1,1687,2151,3373,3374,,000001194,2022-08-30 14:40:31,2022-08-30 14:40:32,[],,,
1195,1,,1.0000,1,1,1701,2172,3401,3402,,000001195,2022-08-30 14:40:32,2022-08-30 14:40:33,[],,,
1196,1,,3.0000,1,1,1702,2172,3403,3404,,000001196,2022-08-30 14:40:33,2022-08-30 14:40:34,[],,,
1197,1,,1.0000,1,1,1703,2172,3405,3406,,000001197,2022-08-30 14:40:34,2022-08-30 14:40:34,[],,,
1198,1,,1.0000,1,1,1704,2151,3407,3408,,000001198,2022-08-30 14:40:35,2022-08-30 14:40:35,[],,,
1199,1,,1.0000,1,1,1705,2172,3409,3410,,000001199,2022-08-30 14:40:36,2022-08-30 14:40:36,[],,,
1200,1,,1.0000,1,1,1707,2172,3413,3414,,000001200,2022-08-31 15:02:06,2022-08-31 15:02:08,[],,,
1201,1,,1.0000,1,1,1708,2172,3415,3416,,000001201,2022-08-31 15:02:08,2022-08-31 15:02:09,[],,,
1202,1,,1.0000,1,1,1709,2172,3417,3418,,000001202,2022-08-31 15:02:10,2022-08-31 15:02:10,[],,,
1203,1,,1.0000,1,1,1710,1654,3419,3420,,000001203,2022-08-31 15:02:11,2022-08-31 15:02:11,[],,,
1204,1,,1.0000,1,1,1711,2172,3421,3422,,000001204,2022-08-31 15:02:12,2022-08-31 15:02:13,[],,,
1205,1,,1.0000,1,1,1712,2172,3423,3424,,000001205,2022-08-31 15:02:14,2022-08-31 15:02:14,[],,,
1206,1,,1.0000,1,1,1713,2172,3425,3426,,000001206,2022-08-31 15:02:15,2022-08-31 15:02:15,[],,,
1207,1,,1.0000,1,1,1714,2172,3427,3428,,000001207,2022-08-31 15:02:16,2022-08-31 15:02:16,[],,,
1208,1,,1.0000,1,1,1715,2172,3429,3430,,000001208,2022-08-31 15:02:17,2022-08-31 15:02:17,[],,,
1209,1,,1.0000,1,1,1717,2172,3433,3434,,000001209,2022-08-31 15:02:19,2022-08-31 15:02:19,[],,,
1210,1,,1.0000,1,1,1718,2172,3435,3436,,000001210,2022-08-31 15:02:20,2022-08-31 15:02:20,[],,,
1211,1,,8.0000,1,1,1706,2475,3411,3412,,000001211,2022-08-31 15:02:31,2022-08-31 15:02:31,[],,,
1212,1,,1.0000,1,1,1716,2172,3431,3432,,000001212,2022-08-31 17:40:32,2022-08-31 17:40:33,[],,,
1213,1,,4.0000,1,1,1719,1654,3437,3438,,000001213,2022-09-01 11:18:18,2022-09-01 11:18:20,[],,,
1214,1,,1.0000,1,1,1720,2172,3439,3440,,000001214,2022-09-01 14:20:12,2022-09-01 14:20:13,[],,,
1215,1,,2.0000,1,1,1722,1654,3443,3444,,000001215,2022-09-01 16:14:06,2022-09-01 16:14:08,[],,,
1216,1,,1.0000,1,1,1724,2172,3447,3448,,000001216,2022-09-02 14:12:08,2022-09-02 14:12:10,[],,,
1217,1,,1.0000,1,1,1723,2172,3445,3446,,000001217,2022-09-02 14:12:13,2022-09-02 14:12:13,[],,,
1218,1,,1.0000,1,1,1725,2172,3449,3450,,000001218,2022-09-02 14:12:13,2022-09-02 14:12:14,[],,,
1219,1,,1.0000,1,1,1726,2172,3451,3452,,000001219,2022-09-02 14:12:16,2022-09-02 14:12:16,[],,,
1220,1,,1.0000,1,1,1727,2172,3453,3454,,000001220,2022-09-02 14:12:17,2022-09-02 14:12:17,[],,,
1221,1,,1.0000,1,1,1733,2172,3465,3466,,000001221,2022-09-05 16:22:15,2022-09-05 16:22:16,[],,,
1222,1,,1.0000,1,1,1730,2172,3459,3460,,000001222,2022-09-05 16:22:17,2022-09-05 16:22:17,[],,,
1223,1,,2.0000,1,1,1732,2172,3463,3464,,000001223,2022-09-05 16:22:18,2022-09-05 16:22:18,[],,,
1224,1,,1.0000,1,1,1731,2172,3461,3462,,000001224,2022-09-05 16:22:18,2022-09-05 16:22:19,[],,,
1225,1,,1.0000,1,1,1736,2172,3471,3472,,000001225,2022-09-05 16:22:19,2022-09-05 16:22:20,[],,,
1226,1,,1.0000,1,1,1729,2172,3457,3458,,000001226,2022-09-05 16:22:20,2022-09-05 16:22:21,[],,,
1227,1,,1.0000,1,1,1734,2172,3467,3468,,000001227,2022-09-05 16:22:21,2022-09-05 16:22:22,[],,,
1228,1,,1.0000,1,1,1735,2172,3469,3470,,000001228,2022-09-05 16:22:22,2022-09-05 16:22:22,[],,,
1229,1,,1.0000,1,1,1740,2151,3479,3480,,000001229,2022-09-05 16:22:24,2022-09-05 16:22:24,[],,,
1230,1,,1.0000,1,1,1737,2151,3473,3474,,000001230,2022-09-05 16:22:27,2022-09-05 16:22:27,[],,,
1231,1,,1.0000,1,1,1738,2151,3475,3476,,000001231,2022-09-05 16:22:28,2022-09-05 16:22:28,[],,,
1232,1,,1.0000,1,1,1741,2151,3481,3482,,000001232,2022-09-05 16:22:32,2022-09-05 16:22:33,[],,,
1233,1,,1.0000,1,1,1728,1654,3455,3456,,000001233,2022-09-05 16:22:34,2022-09-05 16:22:35,[],,,
1234,1,,1.0000,1,1,1747,2172,3493,3494,,000001234,2022-09-06 12:22:16,2022-09-06 12:22:17,[],,,
1235,1,,1.0000,1,1,1744,2172,3487,3488,,000001235,2022-09-06 12:22:18,2022-09-06 12:22:18,[],,,
1236,1,,1.0000,1,1,1745,2172,3489,3490,,000001236,2022-09-06 12:22:19,2022-09-06 12:22:19,[],,,
1237,1,,1.0000,1,1,1748,2172,3495,3496,,000001237,2022-09-06 12:22:20,2022-09-06 12:22:20,[],,,
1238,1,,1.0000,1,1,1743,2151,3485,3486,,000001238,2022-09-06 12:22:21,2022-09-06 12:22:21,[],,,
1239,1,,2.0000,1,1,1739,1654,3477,3478,,000001239,2022-09-06 12:22:24,2022-09-06 12:22:24,[],,,
1240,1,,7.0000,1,1,1746,1654,3491,3492,,000001240,2022-09-06 12:22:25,2022-09-06 12:22:25,[],,,
1241,1,,1.0000,1,1,1750,2151,3499,3500,,000001241,2022-09-06 13:24:08,2022-09-06 13:24:10,[],,,
1242,1,,1.0000,1,1,1751,2151,3501,3502,,000001242,2022-09-06 13:24:11,2022-09-06 13:24:11,[],,,
1243,1,,1.0000,1,1,1752,2172,3503,3504,,000001243,2022-09-06 13:24:12,2022-09-06 13:24:12,[],,,
1244,1,,1.0000,1,1,1753,2172,3505,3506,,000001244,2022-09-06 13:24:13,2022-09-06 13:24:13,[],,,
1245,1,,1.0000,1,1,1754,2172,3507,3508,,000001245,2022-09-06 13:24:14,2022-09-06 13:24:14,[],,,
1246,1,,2.0000,1,1,1755,2172,3509,3510,,000001246,2022-09-06 13:24:15,2022-09-06 13:24:15,[],,,
1247,1,,1.0000,1,1,1756,2172,3511,3512,,000001247,2022-09-06 14:26:10,2022-09-06 14:26:12,[],,,
1248,1,,1.0000,1,1,1757,2172,3513,3514,,000001248,2022-09-06 14:26:13,2022-09-06 14:26:13,[],,,
1249,1,,1.0000,1,1,1688,2151,3375,3376,,000001249,2022-09-06 16:12:10,2022-09-06 16:12:12,[],,,
1250,1,,2.0000,1,1,1758,2172,3515,3516,,000001250,2022-09-07 14:00:19,2022-09-07 14:00:22,[],,,
1251,1,,1.0000,1,1,1759,2172,3517,3518,,000001251,2022-09-07 14:00:23,2022-09-07 14:00:23,[],,,
1252,1,,1.0000,1,1,1760,2172,3519,3520,,000001252,2022-09-07 16:52:29,2022-09-07 16:52:31,[],,,
1253,1,,2.0000,1,1,1770,2172,3539,3540,,000001253,2022-09-09 14:18:12,2022-09-09 14:18:14,[],,,
1254,1,,1.0000,1,1,1769,2172,3537,3538,,000001254,2022-09-09 14:18:14,2022-09-09 14:18:15,[],,,
1255,1,,1.0000,1,1,1761,2172,3521,3522,,000001255,2022-09-09 14:18:15,2022-09-09 14:18:16,[],,,
1256,1,,2.0000,1,1,1768,2151,3535,3536,,000001256,2022-09-09 14:18:16,2022-09-09 14:18:17,[],,,
1257,1,,1.0000,1,1,1766,2151,3531,3532,,000001257,2022-09-09 14:18:18,2022-09-09 14:18:18,[],,,
1258,1,,1.0000,1,1,1763,2151,3525,3526,,000001258,2022-09-09 14:18:19,2022-09-09 14:18:19,[],,,
1259,1,,1.0000,1,1,1762,2151,3523,3524,,000001259,2022-09-09 14:18:20,2022-09-09 14:18:21,[],,,
1260,1,,1.0000,1,1,1767,2151,3533,3534,,000001260,2022-09-09 14:18:21,2022-09-09 14:18:21,[],,,
1261,1,,1.0000,1,1,1765,2151,3529,3530,,000001261,2022-09-09 14:18:22,2022-09-09 14:18:22,[],,,
1262,1,,1.0000,1,1,1771,2172,3541,3542,,000001262,2022-09-09 16:16:08,2022-09-09 16:16:15,[],,,
1263,1,,1.0000,1,1,1773,2151,3545,3546,,000001263,2022-09-12 13:02:18,2022-09-12 13:02:20,[],,,
1264,1,,1.0000,1,1,1772,1654,3543,3544,,000001264,2022-09-12 13:02:20,2022-09-12 13:02:21,[],,,
1265,1,,1.0000,1,1,1781,2172,3561,3562,,000001265,2022-09-12 14:00:17,2022-09-12 14:00:19,[],,,
1266,1,,1.0000,1,1,1782,2172,3563,3564,,000001266,2022-09-12 14:00:19,2022-09-12 14:00:20,[],,,
1267,1,,1.0000,1,1,1776,2172,3551,3552,,000001267,2022-09-12 14:00:20,2022-09-12 14:00:20,[],,,
1268,1,,2.0000,1,1,1780,2172,3559,3560,,000001268,2022-09-12 14:00:22,2022-09-12 14:00:22,[],,,
1269,1,,1.0000,1,1,1777,2172,3553,3554,,000001269,2022-09-12 14:00:23,2022-09-12 14:00:23,[],,,
1270,1,,1.0000,1,1,1775,2172,3549,3550,,000001270,2022-09-12 14:00:24,2022-09-12 14:00:24,[],,,
1271,1,,1.0000,1,1,1779,2172,3557,3558,,000001271,2022-09-12 14:00:25,2022-09-12 14:00:25,[],,,
1272,1,,1.0000,1,1,1784,2172,3567,3568,,000001272,2022-09-12 14:00:26,2022-09-12 14:00:26,[],,,
1273,1,,1.0000,1,1,1774,2172,3547,3548,,000001273,2022-09-12 14:00:26,2022-09-12 14:00:27,[],,,
1274,1,,1.0000,1,1,1783,2172,3565,3566,,000001274,2022-09-12 14:00:28,2022-09-12 14:00:28,[],,,
1275,1,,1.0000,1,1,1778,2172,3555,3556,,000001275,2022-09-12 14:00:29,2022-09-12 14:00:29,[],,,
1276,1,,1.0000,1,1,1786,2172,3571,3572,,000001276,2022-09-12 15:54:08,2022-09-12 15:54:09,[],,,
1277,1,,1.0000,1,1,1787,2172,3573,3574,,000001277,2022-09-12 15:54:10,2022-09-12 15:54:10,[],,,
1278,1,,1.0000,1,1,1791,2172,3581,3582,,000001278,2022-09-12 15:54:11,2022-09-12 15:54:11,[],,,
1279,1,,1.0000,1,1,1788,2172,3575,3576,,000001279,2022-09-12 15:54:12,2022-09-12 15:54:12,[],,,
1280,1,,1.0000,1,1,1785,2172,3569,3570,,000001280,2022-09-12 15:54:13,2022-09-12 15:54:13,[],,,
1281,1,,1.0000,1,1,1789,2151,3577,3578,,000001281,2022-09-12 15:54:14,2022-09-12 15:54:15,[],,,
1282,1,,1.0000,1,1,1790,2151,3579,3580,,000001282,2022-09-12 15:54:17,2022-09-12 15:54:17,[],,,
1283,1,,1.0000,1,1,1792,2172,3583,3584,,000001283,2022-09-13 14:34:15,2022-09-13 14:34:17,[],,,
1284,1,,1.0000,1,1,1793,2151,3585,3586,,000001284,2022-09-13 14:34:22,2022-09-13 14:34:23,[],,,
1285,1,,1.0000,1,1,1794,2151,3587,3588,,000001285,2022-09-13 14:34:24,2022-09-13 14:34:24,[],,,
1286,1,,1.0000,1,1,1795,2151,3589,3590,,000001286,2022-09-13 14:34:25,2022-09-13 14:34:25,[],,,
1287,1,,2.0000,1,1,1796,2151,3591,3592,,000001287,2022-09-13 14:34:26,2022-09-13 14:34:26,[],,,
1288,1,,1.0000,1,1,1797,2172,3593,3594,,000001288,2022-09-13 14:34:28,2022-09-13 14:34:28,[],,,
1289,1,,1.0000,1,1,1798,2172,3595,3596,,000001289,2022-09-13 14:34:29,2022-09-13 14:34:29,[],,,
1290,1,,1.0000,1,1,1691,2151,3381,3382,,000001290,2022-09-13 16:12:04,2022-09-13 16:12:08,[],,,
1291,1,,1.0000,1,1,1801,2151,3601,3602,,000001291,2022-09-14 13:16:14,2022-09-14 13:16:15,[],,,
1292,1,,1.0000,1,1,1800,2151,3599,3600,,000001292,2022-09-14 13:16:16,2022-09-14 13:16:17,[],,,
1293,1,,1.0000,1,1,1799,2151,3597,3598,,000001293,2022-09-14 13:16:17,2022-09-14 13:16:18,[],,,
1294,1,,1.0000,1,1,1804,2172,3607,3608,,000001294,2022-09-14 14:16:08,2022-09-14 14:16:09,[],,,
1295,1,,1.0000,1,1,1805,2172,3609,3610,,000001295,2022-09-14 14:16:11,2022-09-14 14:16:11,[],,,
1296,1,,1.0000,1,1,1806,2172,3611,3612,,000001296,2022-09-14 14:16:12,2022-09-14 14:16:12,[],,,
1297,1,,1.0000,1,1,1802,2172,3603,3604,,000001297,2022-09-14 14:16:13,2022-09-14 14:16:13,[],,,
1298,1,,1.0000,1,1,1803,2172,3605,3606,,000001298,2022-09-14 14:16:14,2022-09-14 14:16:14,[],,,
1299,1,,1.0000,1,1,1807,2151,3613,3614,,000001299,2022-09-14 15:52:06,2022-09-14 15:52:09,[],,,
1300,1,,2.0000,1,1,1810,2151,3619,3620,,000001300,2022-09-15 13:14:08,2022-09-15 13:14:10,[],,,
1301,1,,1.0000,1,1,1809,2151,3617,3618,,000001301,2022-09-15 13:14:11,2022-09-15 13:14:11,[],,,
1302,1,,1.0000,1,1,1808,2151,3615,3616,,000001302,2022-09-15 13:14:11,2022-09-15 13:14:12,[],,,
1303,1,,1.0000,1,1,1811,2172,3621,3622,,000001303,2022-09-15 14:12:06,2022-09-15 14:12:09,[],,,
1304,1,,1.0000,1,1,1812,2172,3623,3624,,000001304,2022-09-15 14:12:10,2022-09-15 14:12:10,[],,,
1305,1,,1.0000,1,1,1813,2172,3625,3626,,000001305,2022-09-15 14:12:11,2022-09-15 14:12:11,[],,,
1306,1,,2.0000,1,1,1814,2172,3627,3628,,000001306,2022-09-15 14:12:12,2022-09-15 14:12:12,[],,,
1307,1,,2.0000,1,1,1815,2172,3629,3630,,000001307,2022-09-15 14:12:13,2022-09-15 14:12:14,[],,,
1308,1,,1.0000,1,1,1816,2172,3631,3632,,000001308,2022-09-15 14:12:15,2022-09-15 14:12:15,[],,,
1309,1,,1.0000,1,1,1817,2172,3633,3634,,000001309,2022-09-15 14:12:16,2022-09-15 14:12:16,[],,,
1310,1,,1.0000,1,1,1818,2172,3635,3636,,000001310,2022-09-15 14:12:17,2022-09-15 14:12:17,[],,,
1311,1,,1.0000,1,1,1819,2172,3637,3638,,000001311,2022-09-15 15:06:07,2022-09-15 15:06:08,[],,,
1312,1,,1.0000,1,1,1742,2151,3483,3484,,000001312,2022-09-16 13:04:12,2022-09-16 13:04:14,[],,,
1313,1,,1.0000,1,1,1764,2151,3527,3528,,000001313,2022-09-16 13:04:15,2022-09-16 13:04:15,[],,,
1314,1,,1.0000,1,1,1820,2151,3639,3640,,000001314,2022-09-16 13:04:16,2022-09-16 13:04:17,[],,,
1315,1,,1.0000,1,1,1821,2151,3641,3642,,000001315,2022-09-16 13:04:17,2022-09-16 13:04:18,[],,,
1316,1,,1.0000,1,1,1822,2151,3643,3644,,000001316,2022-09-16 13:04:18,2022-09-16 13:04:18,[],,,
1317,1,,2.0000,1,1,1823,2151,3645,3646,,000001317,2022-09-16 13:04:19,2022-09-16 13:04:19,[],,,
1318,1,,1.0000,1,1,1824,2172,3647,3648,,000001318,2022-09-16 14:00:10,2022-09-16 14:00:17,[],,,
1319,1,,1.0000,1,1,1825,2172,3649,3650,,000001319,2022-09-16 17:00:10,2022-09-16 17:00:12,[],,,
1320,1,,1.0000,1,1,1828,2172,3655,3656,,000001320,2022-09-16 17:00:13,2022-09-16 17:00:14,[],,,
1321,1,,1.0000,1,1,1826,2172,3651,3652,,000001321,2022-09-16 17:00:14,2022-09-16 17:00:14,[],,,
1322,1,,1.0000,1,1,1827,2172,3653,3654,,000001322,2022-09-16 17:00:15,2022-09-16 17:00:15,[],,,
1323,1,,1.0000,1,1,1837,2172,3673,3674,,000001323,2022-09-20 14:40:06,2022-09-20 14:40:09,[],,,
1324,1,,1.0000,1,1,1838,2151,3675,3676,,000001324,2022-09-20 14:40:10,2022-09-20 14:40:10,[],,,
1325,1,,1.0000,1,1,1839,2172,3677,3678,,000001325,2022-09-20 14:40:11,2022-09-20 14:40:11,[],,,
1326,1,,1.0000,1,1,1840,2172,3679,3680,,000001326,2022-09-20 14:40:14,2022-09-20 14:40:15,[],,,
1327,1,,1.0000,1,1,1834,2172,3667,3668,,000001327,2022-09-20 14:40:15,2022-09-20 14:40:16,[],,,
1328,1,,1.0000,1,1,1836,2151,3671,3672,,000001328,2022-09-20 14:40:16,2022-09-20 14:40:17,[],,,
1329,1,,1.0000,1,1,1833,2151,3665,3666,,000001329,2022-09-20 14:40:18,2022-09-20 14:40:18,[],,,
1330,1,,1.0000,1,1,1830,2151,3659,3660,,000001330,2022-09-20 14:40:19,2022-09-20 14:40:19,[],,,
1331,1,,1.0000,1,1,1831,2151,3661,3662,,000001331,2022-09-20 14:40:20,2022-09-20 14:40:20,[],,,
1332,1,,1.0000,1,1,1835,2151,3669,3670,,000001332,2022-09-20 14:40:21,2022-09-20 14:40:21,[],,,
1333,1,,1.0000,1,1,1832,2151,3663,3664,,000001333,2022-09-20 14:40:22,2022-09-20 14:40:22,[],,,
1334,1,,1.0000,1,1,1829,2151,3657,3658,,000001334,2022-09-20 14:40:23,2022-09-20 14:40:24,[],,,
1335,1,,1.0000,1,1,1841,2172,3681,3682,,000001335,2022-09-20 14:40:25,2022-09-20 14:40:25,[],,,
1336,1,,1.0000,1,1,1842,2172,3683,3684,,000001336,2022-09-20 14:40:26,2022-09-20 14:40:26,[],,,
1337,1,,1.0000,1,1,1843,2172,3685,3686,,000001337,2022-09-20 14:40:27,2022-09-20 14:40:27,[],,,
1338,1,,1.0000,1,1,1845,2172,3689,3690,,000001338,2022-09-20 14:40:31,2022-09-20 14:40:31,[],,,
1339,1,,2.0000,1,1,1844,2172,3687,3688,,000001339,2022-09-20 15:40:12,2022-09-20 15:40:14,[],,,
1340,1,,1.0000,1,1,1846,2172,3691,3692,,000001340,2022-09-20 16:40:07,2022-09-20 16:40:11,[],,,
1341,1,,1.0000,1,1,1848,2151,3695,3696,,000001341,2022-09-20 16:40:14,2022-09-20 16:40:14,[],,,
1342,1,,1.0000,1,1,1847,2151,3693,3694,,000001342,2022-09-20 16:40:15,2022-09-20 16:40:15,[],,,
1343,1,,1.0000,1,1,1850,2172,3699,3700,,000001343,2022-09-21 14:58:09,2022-09-21 14:58:11,[],,,
1344,1,,1.0000,1,1,1849,2172,3697,3698,,000001344,2022-09-21 14:58:12,2022-09-21 14:58:12,[],,,
1345,1,,1.0000,1,1,1852,2151,3703,3704,,000001345,2022-09-22 14:33:05,2022-09-22 14:33:08,[],,,
1346,1,,1.0000,1,1,1853,2151,3705,3706,,000001346,2022-09-22 14:33:09,2022-09-22 14:33:09,[],,,
1347,1,,1.0000,1,1,1851,2151,3701,3702,,000001347,2022-09-22 14:33:10,2022-09-22 14:33:10,[],,,
1348,1,,1.0000,1,1,1854,2172,3707,3708,,000001348,2022-09-22 16:20:10,2022-09-22 16:20:12,[],,,
1349,1,,1.0000,1,1,1857,2172,3713,3714,,000001349,2022-09-22 16:20:13,2022-09-22 16:20:13,[],,,
1350,1,,1.0000,1,1,1860,2172,3719,3720,,000001350,2022-09-22 16:20:14,2022-09-22 16:20:14,[],,,
1351,1,,1.0000,1,1,1858,2172,3715,3716,,000001351,2022-09-22 16:20:15,2022-09-22 16:20:15,[],,,
1352,1,,1.0000,1,1,1859,2172,3717,3718,,000001352,2022-09-22 16:20:16,2022-09-22 16:20:16,[],,,
1353,1,,1.0000,1,1,1855,2172,3709,3710,,000001353,2022-09-22 16:20:17,2022-09-22 16:20:17,[],,,
1354,1,,1.0000,1,1,1856,2172,3711,3712,,000001354,2022-09-22 16:20:18,2022-09-22 16:20:18,[],,,
1355,1,,2.0000,1,1,1864,2151,3727,3728,,000001355,2022-09-23 12:56:32,2022-09-23 12:56:34,[],,,
1356,1,,1.0000,1,1,1861,2151,3721,3722,,000001356,2022-09-23 12:56:40,2022-09-23 12:56:40,[],,,
1357,1,,1.0000,1,1,1862,2151,3723,3724,,000001357,2022-09-23 12:56:41,2022-09-23 12:56:41,[],,,
1358,1,,1.0000,1,1,1863,2151,3725,3726,,000001358,2022-09-23 12:56:42,2022-09-23 12:56:42,[],,,
1359,1,,1.0000,1,1,1869,2172,3737,3738,,000001359,2022-09-23 15:56:49,2022-09-23 15:56:51,[],,,
1360,1,,1.0000,1,1,1867,2172,3733,3734,,000001360,2022-09-23 15:56:51,2022-09-23 15:56:52,[],,,
1361,1,,1.0000,1,1,1871,2172,3741,3742,,000001361,2022-09-23 15:56:52,2022-09-23 15:56:53,[],,,
1362,1,,1.0000,1,1,1865,2172,3729,3730,,000001362,2022-09-23 15:56:53,2022-09-23 15:56:54,[],,,
1363,1,,1.0000,1,1,1866,2172,3731,3732,,000001363,2022-09-23 15:56:54,2022-09-23 15:56:55,[],,,
1364,1,,1.0000,1,1,1870,2172,3739,3740,,000001364,2022-09-23 15:56:55,2022-09-23 15:56:56,[],,,
1365,1,,1.0000,1,1,1868,2172,3735,3736,,000001365,2022-09-23 15:56:56,2022-09-23 15:56:57,[],,,
1366,1,,1.0000,1,1,1872,1654,3743,3744,,000001366,2022-09-26 13:40:26,2022-09-26 13:40:28,[],,,
1367,1,,1.0000,1,1,1873,2151,3745,3746,,000001367,2022-09-26 13:40:31,2022-09-26 13:40:31,[],,,
1368,1,,1.0000,1,1,1874,2151,3747,3748,,000001368,2022-09-26 13:40:32,2022-09-26 13:40:32,[],,,
1369,1,,1.0000,1,1,1875,2151,3749,3750,,000001369,2022-09-26 13:40:33,2022-09-26 13:40:33,[],,,
1370,1,,1.0000,1,1,1877,2151,3753,3754,,000001370,2022-09-26 14:32:11,2022-09-26 14:32:13,[],,,
1371,1,,1.0000,1,1,1878,2172,3755,3756,,000001371,2022-09-26 14:32:14,2022-09-26 14:32:14,[],,,
1372,1,,1.0000,1,1,1879,2172,3757,3758,,000001372,2022-09-26 14:32:15,2022-09-26 14:32:15,[],,,
1373,1,,1.0000,1,1,1880,2172,3759,3760,,000001373,2022-09-26 14:32:16,2022-09-26 14:32:17,[],,,
1374,1,,1.0000,1,1,1881,2172,3761,3762,,000001374,2022-09-26 14:32:18,2022-09-26 14:32:18,[],,,
1375,1,,1.0000,1,1,1882,2172,3763,3764,,000001375,2022-09-26 14:32:19,2022-09-26 14:32:19,[],,,
1376,1,,1.0000,1,1,1883,2172,3765,3766,,000001376,2022-09-26 14:32:20,2022-09-26 14:32:20,[],,,
1377,1,,1.0000,1,1,1884,2172,3767,3768,,000001377,2022-09-26 14:32:21,2022-09-26 14:32:21,[],,,
1378,1,,1.0000,1,1,1885,2172,3769,3770,,000001378,2022-09-26 16:30:11,2022-09-26 16:30:12,[],,,
1379,1,,1.0000,1,1,1886,2172,3771,3772,,000001379,2022-09-26 16:30:13,2022-09-26 16:30:13,[],,,
1380,1,,1.0000,1,1,1888,2172,3775,3776,,000001380,2022-09-26 16:30:14,2022-09-26 16:30:14,[],,,
1381,1,,1.0000,1,1,1890,2172,3779,3780,,000001381,2022-09-26 16:30:15,2022-09-26 16:30:15,[],,,
1382,1,,1.0000,1,1,1893,2172,3785,3786,,000001382,2022-09-26 16:30:16,2022-09-26 16:30:16,[],,,
1383,1,,1.0000,1,1,1894,2172,3787,3788,,000001383,2022-09-26 16:30:17,2022-09-26 16:30:17,[],,,
1384,1,,1.0000,1,1,1892,2172,3783,3784,,000001384,2022-09-26 16:30:18,2022-09-26 16:30:18,[],,,
1385,1,,1.0000,1,1,1887,2172,3773,3774,,000001385,2022-09-26 16:30:19,2022-09-26 16:30:19,[],,,
1386,1,,2.0000,1,1,1891,2172,3781,3782,,000001386,2022-09-26 16:30:20,2022-09-26 16:30:20,[],,,
1387,1,,1.0000,1,1,1889,2172,3777,3778,,000001387,2022-09-26 16:30:21,2022-09-26 16:30:22,[],,,
1388,1,,1.0000,1,1,1895,2151,3789,3790,,000001388,2022-09-27 12:44:09,2022-09-27 12:44:11,[],,,
1389,1,,1.0000,1,1,1896,2151,3791,3792,,000001389,2022-09-27 12:44:12,2022-09-27 12:44:12,[],,,
1390,1,,1.0000,1,1,1897,2151,3793,3794,,000001390,2022-09-27 12:44:13,2022-09-27 12:44:13,[],,,
1391,1,,1.0000,1,1,1898,2151,3795,3796,,000001391,2022-09-27 12:44:14,2022-09-27 12:44:14,[],,,
1392,1,,1.0000,1,1,1899,2172,3797,3798,,000001392,2022-09-27 13:40:19,2022-09-27 13:40:21,[],,,
1393,1,,1.0000,1,1,1900,2172,3799,3800,,000001393,2022-09-27 14:42:16,2022-09-27 14:42:18,[],,,
1394,1,,1.0000,1,1,1901,2172,3801,3802,,000001394,2022-09-27 14:42:18,2022-09-27 14:42:19,[],,,
1395,1,,1.0000,1,1,1905,2172,3809,3810,,000001395,2022-09-27 15:42:29,2022-09-27 15:42:31,[],,,
1396,1,,1.0000,1,1,1903,2172,3805,3806,,000001396,2022-09-27 15:42:31,2022-09-27 15:42:32,[],,,
1397,1,,1.0000,1,1,1906,2172,3811,3812,,000001397,2022-09-27 15:42:32,2022-09-27 15:42:32,[],,,
1398,1,,1.0000,1,1,1904,2172,3807,3808,,000001398,2022-09-27 15:42:33,2022-09-27 15:42:34,[],,,
1399,1,,1.0000,1,1,1902,2172,3803,3804,,000001399,2022-09-27 15:42:35,2022-09-27 15:42:35,[],,,
1400,1,,1.0000,1,1,1907,2172,3813,3814,,000001400,2022-09-28 14:48:39,2022-09-28 14:48:41,[],,,
1401,1,,1.0000,1,1,1908,2172,3815,3816,,000001401,2022-09-28 14:48:42,2022-09-28 14:48:42,[],,,
1402,1,,1.0000,1,1,1909,2172,3817,3818,,000001402,2022-09-28 14:48:43,2022-09-28 14:48:43,[],,,
1403,1,,1.0000,1,1,1910,2172,3819,3820,,000001403,2022-09-28 14:48:45,2022-09-28 14:48:45,[],,,
1404,1,,1.0000,1,1,1911,2172,3821,3822,,000001404,2022-09-28 15:50:21,2022-09-28 15:50:23,[],,,
1405,1,,1.0000,1,1,1912,2151,3823,3824,,000001405,2022-09-29 13:28:17,2022-09-29 13:28:18,[],,,
1406,1,,1.0000,1,1,1913,2151,3825,3826,,000001406,2022-09-29 13:28:19,2022-09-29 13:28:19,[],,,
1407,1,,1.0000,1,1,1914,2151,3827,3828,,000001407,2022-09-29 13:28:20,2022-09-29 13:28:20,[],,,
1408,1,,1.0000,1,1,1915,2172,3829,3830,,000001408,2022-09-29 14:24:11,2022-09-29 14:24:13,[],,,
1409,1,,1.0000,1,1,1916,2172,3831,3832,,000001409,2022-09-29 14:24:14,2022-09-29 14:24:14,[],,,
1410,1,,1.0000,1,1,1917,2172,3833,3834,,000001410,2022-09-29 14:24:15,2022-09-29 14:24:15,[],,,
1411,1,,1.0000,1,1,1918,2172,3835,3836,,000001411,2022-09-29 14:24:16,2022-09-29 14:24:16,[],,,
1412,1,,2.0000,1,1,1919,2172,3837,3838,,000001412,2022-09-29 14:24:17,2022-09-29 14:24:17,[],,,
1413,1,,6.0000,1,1,1922,1654,3843,3844,,000001413,2022-09-29 15:16:09,2022-09-29 15:16:11,[],,,
1414,1,,2.0000,1,1,1921,2172,3841,3842,,000001414,2022-09-29 15:16:12,2022-09-29 15:16:13,[],,,
1415,1,,1.0000,1,1,1920,2172,3839,3840,,000001415,2022-09-29 15:16:14,2022-09-29 15:16:14,[],,,
1416,1,,1.0000,1,1,1924,2151,3847,3848,,000001416,2022-10-03 11:06:14,2022-10-03 11:06:15,[],,,
1417,1,,1.0000,1,1,1925,2151,3849,3850,,000001417,2022-10-03 11:06:16,2022-10-03 11:06:16,[],,,
1418,1,,1.0000,1,1,1923,2151,3845,3846,,000001418,2022-10-03 11:06:17,2022-10-03 11:06:17,[],,,
1419,1,,1.0000,1,1,1926,2151,3851,3852,,000001419,2022-10-03 11:06:18,2022-10-03 11:06:18,[],,,
1420,1,,1.0000,1,1,1933,2172,3865,3866,,000001420,2022-10-03 11:06:19,2022-10-03 11:06:19,[],,,
1421,1,,1.0000,1,1,1928,2172,3855,3856,,000001421,2022-10-03 12:08:05,2022-10-03 12:08:09,[],,,
1422,1,,1.0000,1,1,1935,2172,3869,3870,,000001422,2022-10-03 12:08:10,2022-10-03 12:08:10,[],,,
1423,1,,1.0000,1,1,1927,2172,3853,3854,,000001423,2022-10-03 12:08:12,2022-10-03 12:08:12,[],,,
1424,1,,1.0000,1,1,1930,2172,3859,3860,,000001424,2022-10-03 12:08:13,2022-10-03 12:08:13,[],,,
1425,1,,1.0000,1,1,1931,2172,3861,3862,,000001425,2022-10-03 12:08:14,2022-10-03 12:08:14,[],,,
1426,1,,1.0000,1,1,1929,2172,3857,3858,,000001426,2022-10-03 12:08:15,2022-10-03 12:08:15,[],,,
1427,1,,1.0000,1,1,1932,2172,3863,3864,,000001427,2022-10-03 12:08:16,2022-10-03 12:08:17,[],,,
1428,1,,1.0000,1,1,1934,2172,3867,3868,,000001428,2022-10-03 12:08:17,2022-10-03 12:08:18,[],,,
1429,1,,1.0000,1,1,1942,1654,3883,3884,,000001429,2022-10-03 15:02:15,2022-10-03 15:02:16,[],,,
1430,1,,1.0000,1,1,1959,2151,3917,3918,,000001430,2022-10-03 16:02:06,2022-10-03 16:02:08,[],,,
1431,1,,1.0000,1,1,1960,2151,3919,3920,,000001431,2022-10-03 16:02:09,2022-10-03 16:02:09,[],,,
1432,1,,1.0000,1,1,1961,2151,3921,3922,,000001432,2022-10-03 16:02:10,2022-10-03 16:02:11,[],,,
1433,1,,1.0000,1,1,1963,2151,3925,3926,,000001433,2022-10-03 16:02:13,2022-10-03 16:02:13,[],,,
1434,1,,3.0000,1,1,1958,2151,3915,3916,,000001434,2022-10-03 16:02:14,2022-10-03 16:02:15,[],,,
1435,1,,1.0000,1,1,1947,2172,3893,3894,,000001435,2022-10-03 16:02:15,2022-10-03 16:02:16,[],,,
1436,1,,1.0000,1,1,1948,2172,3895,3896,,000001436,2022-10-03 16:02:16,2022-10-03 16:02:16,[],,,
1437,1,,1.0000,1,1,1945,2172,3889,3890,,000001437,2022-10-03 16:02:17,2022-10-03 16:02:17,[],,,
1438,1,,1.0000,1,1,1950,2172,3899,3900,,000001438,2022-10-03 16:02:18,2022-10-03 16:02:19,[],,,
1439,1,,1.0000,1,1,1949,2172,3897,3898,,000001439,2022-10-03 16:02:19,2022-10-03 16:02:19,[],,,
1440,1,,1.0000,1,1,1943,2172,3885,3886,,000001440,2022-10-03 16:02:20,2022-10-03 16:02:20,[],,,
1441,1,,1.0000,1,1,1944,2172,3887,3888,,000001441,2022-10-03 16:02:21,2022-10-03 16:02:21,[],,,
1442,1,,1.0000,1,1,1939,2172,3877,3878,,000001442,2022-10-03 16:02:22,2022-10-03 16:02:22,[],,,
1443,1,,1.0000,1,1,1936,2172,3871,3872,,000001443,2022-10-03 16:02:24,2022-10-03 16:02:24,[],,,
1444,1,,1.0000,1,1,1938,2172,3875,3876,,000001444,2022-10-03 16:02:24,2022-10-03 16:02:25,[],,,
1445,1,,1.0000,1,1,1937,2172,3873,3874,,000001445,2022-10-03 16:02:25,2022-10-03 16:02:26,[],,,
1446,1,,1.0000,1,1,1951,2172,3901,3902,,000001446,2022-10-03 16:02:29,2022-10-03 16:02:29,[],,,
1447,1,,1.0000,1,1,1940,2172,3879,3880,,000001447,2022-10-03 16:02:30,2022-10-03 16:02:30,[],,,
1448,1,,3.0000,1,1,1946,2172,3891,3892,,000001448,2022-10-03 16:02:31,2022-10-03 16:02:31,[],,,
1449,1,,2.0000,1,1,1952,2172,3903,3904,,000001449,2022-10-03 16:02:31,2022-10-03 16:02:32,[],,,
1450,1,,2.0000,1,1,1941,2172,3881,3882,,000001450,2022-10-03 16:02:33,2022-10-03 16:02:33,[],,,
1451,1,,1.0000,1,1,1953,2151,3905,3906,,000001451,2022-10-03 16:02:35,2022-10-03 16:02:35,[],,,
1452,1,,1.0000,1,1,1956,2151,3911,3912,,000001452,2022-10-03 16:02:36,2022-10-03 16:02:36,[],,,
1453,1,,1.0000,1,1,1969,2151,3937,3938,,000001453,2022-10-04 15:08:31,2022-10-04 15:08:33,[],,,
1454,1,,1.0000,1,1,1965,2151,3929,3930,,000001454,2022-10-04 15:08:34,2022-10-04 15:08:34,[],,,
1455,1,,1.0000,1,1,1968,2151,3935,3936,,000001455,2022-10-04 15:08:34,2022-10-04 15:08:35,[],,,
1456,1,,1.0000,1,1,1966,2151,3931,3932,,000001456,2022-10-04 15:08:35,2022-10-04 15:08:36,[],,,
1457,1,,1.0000,1,1,1964,2151,3927,3928,,000001457,2022-10-04 15:08:36,2022-10-04 15:08:37,[],,,
1458,1,,1.0000,1,1,1967,2151,3933,3934,,000001458,2022-10-04 15:08:38,2022-10-04 15:08:38,[],,,
1459,1,,1.0000,1,1,1970,1654,3939,3940,,000001459,2022-10-04 16:10:09,2022-10-04 16:10:12,[],,,
1460,1,,1.0000,1,1,1972,2151,3943,3944,,000001460,2022-10-05 14:52:40,2022-10-05 14:52:42,[],,,
1461,1,,1.0000,1,1,1978,2172,3955,3956,,000001461,2022-10-05 14:52:42,2022-10-05 14:52:43,[],,,
1462,1,,1.0000,1,1,1976,2172,3951,3952,,000001462,2022-10-05 14:52:44,2022-10-05 14:52:44,[],,,
1463,1,,1.0000,1,1,1977,2172,3953,3954,,000001463,2022-10-05 14:52:45,2022-10-05 14:52:45,[],,,
1464,1,,1.0000,1,1,1975,2172,3949,3950,,000001464,2022-10-05 14:52:46,2022-10-05 14:52:46,[],,,
1465,1,,1.0000,1,1,1973,2172,3945,3946,,000001465,2022-10-05 14:52:47,2022-10-05 14:52:47,[],,,
1466,1,,1.0000,1,1,1974,2172,3947,3948,,000001466,2022-10-05 14:52:48,2022-10-05 14:52:48,[],,,
1467,1,,1.0000,1,1,1984,2172,3967,3968,,000001467,2022-10-06 16:40:12,2022-10-06 16:40:14,[],,,
1468,1,,1.0000,1,1,1979,2172,3957,3958,,000001468,2022-10-06 16:40:15,2022-10-06 16:40:15,[],,,
1469,1,,1.0000,1,1,1980,2172,3959,3960,,000001469,2022-10-06 16:40:16,2022-10-06 16:40:16,[],,,
1470,1,,1.0000,1,1,1985,2172,3969,3970,,000001470,2022-10-06 16:40:17,2022-10-06 16:40:17,[],,,
1471,1,,1.0000,1,1,1983,2172,3965,3966,,000001471,2022-10-06 16:40:18,2022-10-06 16:40:18,[],,,
1472,1,,1.0000,1,1,1986,2151,3971,3972,,000001472,2022-10-06 16:40:19,2022-10-06 16:40:19,[],,,
1473,1,,1.0000,1,1,1982,2151,3963,3964,,000001473,2022-10-06 16:40:20,2022-10-06 16:40:20,[],,,
1474,1,,1.0000,1,1,1981,2151,3961,3962,,000001474,2022-10-06 16:40:21,2022-10-06 16:40:21,[],,,
1475,1,,4.0000,1,1,1997,2172,3993,3994,,000001475,2022-10-07 14:42:07,2022-10-07 14:42:12,[],,,
1476,1,,1.0000,1,1,1998,2172,3995,3996,,000001476,2022-10-07 14:42:13,2022-10-07 14:42:13,[],,,
1477,1,,1.0000,1,1,1995,2172,3989,3990,,000001477,2022-10-07 14:42:24,2022-10-07 14:42:25,[],,,
1478,1,,1.0000,1,1,1996,2172,3991,3992,,000001478,2022-10-07 14:42:26,2022-10-07 14:42:26,[],,,
1479,1,,1.0000,1,1,1994,2151,3987,3988,,000001479,2022-10-07 14:42:27,2022-10-07 14:42:27,[],,,
1480,1,,1.0000,1,1,1992,2151,3983,3984,,000001480,2022-10-07 14:42:28,2022-10-07 14:42:28,[],,,
1481,1,,1.0000,1,1,1990,2151,3979,3980,,000001481,2022-10-07 14:42:29,2022-10-07 14:42:29,[],,,
1482,1,,1.0000,1,1,1989,2151,3977,3978,,000001482,2022-10-07 14:42:30,2022-10-07 14:42:30,[],,,
1483,1,,1.0000,1,1,1991,2151,3981,3982,,000001483,2022-10-07 14:42:31,2022-10-07 14:42:31,[],,,
1484,1,,2.0000,1,1,1988,2151,3975,3976,,000001484,2022-10-07 14:42:32,2022-10-07 14:42:32,[],,,
1485,1,,2.0000,1,1,1987,2151,3973,3974,,000001485,2022-10-07 14:42:33,2022-10-07 14:42:34,[],,,
1486,1,,1.0000,1,1,1993,2172,3985,3986,,000001486,2022-10-07 14:42:37,2022-10-07 14:42:37,[],,,
1487,1,,4.0000,1,1,1999,1654,3997,3998,,000001487,2022-10-10 14:44:18,2022-10-10 14:44:23,[],,,
1488,1,,1.0000,1,1,1272,1654,2543,2544,,000001488,2022-10-10 14:44:24,2022-10-10 14:44:25,[],,,
1489,1,,1.0000,1,1,2014,2151,4027,4028,,000001489,2022-10-10 16:42:11,2022-10-10 16:42:12,[],,,
1490,1,,2.0000,1,1,2011,2151,4021,4022,,000001490,2022-10-10 16:42:13,2022-10-10 16:42:14,[],,,
1491,1,,1.0000,1,1,2005,2172,4009,4010,,000001491,2022-10-10 16:42:15,2022-10-10 16:42:15,[],,,
1492,1,,1.0000,1,1,2002,2172,4003,4004,,000001492,2022-10-10 16:42:16,2022-10-10 16:42:16,[],,,
1493,1,,1.0000,1,1,2000,2172,3999,4000,,000001493,2022-10-10 16:42:17,2022-10-10 16:42:17,[],,,
1494,1,,1.0000,1,1,2006,2172,4011,4012,,000001494,2022-10-10 16:42:18,2022-10-10 16:42:18,[],,,
1495,1,,1.0000,1,1,2008,2172,4015,4016,,000001495,2022-10-10 16:42:19,2022-10-10 16:42:19,[],,,
1496,1,,1.0000,1,1,2007,2172,4013,4014,,000001496,2022-10-10 16:42:20,2022-10-10 16:42:20,[],,,
1497,1,,1.0000,1,1,2013,2172,4025,4026,,000001497,2022-10-10 16:42:21,2022-10-10 16:42:21,[],,,
1498,1,,1.0000,1,1,2003,2172,4005,4006,,000001498,2022-10-10 16:42:22,2022-10-10 16:42:22,[],,,
1499,1,,1.0000,1,1,2009,2172,4017,4018,,000001499,2022-10-10 16:42:23,2022-10-10 16:42:23,[],,,
1500,1,,1.0000,1,1,2015,2172,4029,4030,,000001500,2022-10-10 16:42:24,2022-10-10 16:42:25,[],,,
1501,1,,1.0000,1,1,2016,2151,4031,4032,,000001501,2022-10-10 16:42:25,2022-10-10 16:42:26,[],,,
1502,1,,1.0000,1,1,2017,2151,4033,4034,,000001502,2022-10-10 16:42:26,2022-10-10 16:42:27,[],,,
1503,1,,2.0000,1,1,2025,2151,4049,4050,,000001503,2022-10-11 16:08:32,2022-10-11 16:08:37,[],,,
1504,1,,1.0000,1,1,2021,2151,4041,4042,,000001504,2022-10-11 16:08:38,2022-10-11 16:08:38,[],,,
1505,1,,1.0000,1,1,2019,2151,4037,4038,,000001505,2022-10-11 16:08:39,2022-10-11 16:08:40,[],,,
1506,1,,1.0000,1,1,1955,2151,3909,3910,,000001506,2022-10-11 16:08:41,2022-10-11 16:08:41,[],,,
1507,1,,1.0000,1,1,1962,2151,3923,3924,,000001507,2022-10-11 16:08:42,2022-10-11 16:08:42,[],,,
1508,1,,1.0000,1,1,1957,2151,3913,3914,,000001508,2022-10-11 16:08:43,2022-10-11 16:08:43,[],,,
1509,1,,1.0000,1,1,2004,2151,4007,4008,,000001509,2022-10-11 16:08:44,2022-10-11 16:08:44,[],,,
1510,1,,1.0000,1,1,2001,2151,4001,4002,,000001510,2022-10-11 16:08:45,2022-10-11 16:08:45,[],,,
1511,1,,1.0000,1,1,2012,2151,4023,4024,,000001511,2022-10-11 16:08:46,2022-10-11 16:08:46,[],,,
1512,1,,1.0000,1,1,2022,2172,4043,4044,,000001512,2022-10-11 16:08:50,2022-10-11 16:08:50,[],,,
1513,1,,1.0000,1,1,2023,2172,4045,4046,,000001513,2022-10-11 16:08:51,2022-10-11 16:08:51,[],,,
1514,1,,1.0000,1,1,2020,2172,4039,4040,,000001514,2022-10-11 16:08:52,2022-10-11 16:08:52,[],,,
1515,1,,1.0000,1,1,2024,2172,4047,4048,,000001515,2022-10-11 16:08:53,2022-10-11 16:08:53,[],,,
1516,1,,1.0000,1,1,2018,2172,4035,4036,,000001516,2022-10-11 16:08:55,2022-10-11 16:08:55,[],,,
1517,1,,10.0000,1,1,2026,2049,4051,4052,,000001517,2022-10-12 13:08:09,2022-10-12 13:08:12,[],,,
1518,1,,1.0000,1,1,2027,2151,4053,4054,,000001518,2022-10-12 13:08:14,2022-10-12 13:08:14,[],,,
1519,1,,1.0000,1,1,2028,2172,4055,4056,,000001519,2022-10-12 16:20:24,2022-10-12 16:20:26,[],,,
1520,1,,1.0000,1,1,2029,2172,4057,4058,,000001520,2022-10-14 10:46:06,2022-10-14 10:46:08,[],,,
1521,1,,4.0000,1,1,2033,2172,4065,4066,,000001521,2022-10-14 10:46:10,2022-10-14 10:46:10,[],,,
1522,1,,2.0000,1,1,2030,2172,4059,4060,,000001522,2022-10-14 10:46:12,2022-10-14 10:46:13,[],,,
1523,1,,2.0000,1,1,2032,2172,4063,4064,,000001523,2022-10-14 10:46:14,2022-10-14 10:46:14,[],,,
1524,1,,1.0000,1,1,2031,2172,4061,4062,,000001524,2022-10-14 10:46:16,2022-10-14 10:46:16,[],,,
1525,1,,2.0000,1,1,2039,2172,4077,4078,,000001525,2022-10-14 10:46:17,2022-10-14 10:46:17,[],,,
1526,1,,2.0000,1,1,2037,2151,4073,4074,,000001526,2022-10-14 10:46:18,2022-10-14 10:46:19,[],,,
1527,1,,1.0000,1,1,2034,2151,4067,4068,,000001527,2022-10-14 10:46:20,2022-10-14 10:46:21,[],,,
1528,1,,1.0000,1,1,2038,2151,4075,4076,,000001528,2022-10-14 10:46:21,2022-10-14 10:46:22,[],,,
1529,1,,1.0000,1,1,2036,2151,4071,4072,,000001529,2022-10-14 10:46:23,2022-10-14 10:46:23,[],,,
1530,1,,1.0000,1,1,2035,2151,4069,4070,,000001530,2022-10-14 10:46:24,2022-10-14 10:46:24,[],,,
1531,1,,1.0000,1,1,2040,2172,4079,4080,,000001531,2022-10-14 13:38:13,2022-10-14 13:38:15,[],,,
1532,1,,1.0000,1,1,2041,2172,4081,4082,,000001532,2022-10-14 13:38:16,2022-10-14 13:38:16,[],,,
1533,1,,1.0000,1,1,2042,2172,4083,4084,,000001533,2022-10-14 13:38:17,2022-10-14 13:38:17,[],,,
1534,1,,1.0000,1,1,2045,2172,4089,4090,,000001534,2022-10-17 13:10:21,2022-10-17 13:10:22,[],,,
1535,1,,1.0000,1,1,2043,2172,4085,4086,,000001535,2022-10-17 13:10:23,2022-10-17 13:10:23,[],,,
1536,1,,1.0000,1,1,2044,2172,4087,4088,,000001536,2022-10-17 13:10:24,2022-10-17 13:10:24,[],,,
1537,1,,1.0000,1,1,2052,2172,4103,4104,,000001537,2022-10-17 14:10:12,2022-10-17 14:10:14,[],,,
1538,1,,1.0000,1,1,2053,2172,4105,4106,,000001538,2022-10-17 14:10:16,2022-10-17 14:10:16,[],,,
1539,1,,1.0000,1,1,2046,2151,4091,4092,,000001539,2022-10-17 14:10:20,2022-10-17 14:10:20,[],,,
1540,1,,1.0000,1,1,2047,2151,4093,4094,,000001540,2022-10-17 14:10:21,2022-10-17 14:10:21,[],,,
1541,1,,1.0000,1,1,2048,2151,4095,4096,,000001541,2022-10-17 14:10:22,2022-10-17 14:10:22,[],,,
1542,1,,1.0000,1,1,2049,2151,4097,4098,,000001542,2022-10-17 14:10:23,2022-10-17 14:10:23,[],,,
1543,1,,2.0000,1,1,2050,2151,4099,4100,,000001543,2022-10-17 14:10:24,2022-10-17 14:10:24,[],,,
1544,1,,1.0000,1,1,2051,2151,4101,4102,,000001544,2022-10-17 14:10:26,2022-10-17 14:10:26,[],,,
1545,1,,1.0000,1,1,2054,2172,4107,4108,,000001545,2022-10-17 15:58:06,2022-10-17 15:58:09,[],,,
1546,1,,1.0000,1,1,2055,2172,4109,4110,,000001546,2022-10-17 15:58:10,2022-10-17 15:58:10,[],,,
1547,1,,1.0000,,,2056,2151,4111,4112,,000001547,2022-10-18 12:00:21,2022-10-18 12:00:21,[],,,
1548,1,,1.0000,1,1,2056,2151,4111,4112,,000001548,2022-10-18 12:00:22,2022-10-18 12:00:39,[],,,
1549,1,,1.0000,1,1,2057,2151,4113,4114,,000001549,2022-10-18 12:00:42,2022-10-18 12:00:43,[],,,
1550,1,,1.0000,1,1,2058,2151,4115,4116,,000001550,2022-10-19 13:50:11,2022-10-19 13:50:13,[],,,
1551,1,,2.0000,1,1,2059,2172,4117,4118,,000001551,2022-10-19 14:36:08,2022-10-19 14:36:10,[],,,
1552,1,,1.0000,1,1,2060,2172,4119,4120,,000001552,2022-10-19 15:20:12,2022-10-19 15:20:17,[],,,
1553,1,,1.0000,1,1,2061,2172,4121,4122,,000001553,2022-10-19 15:20:18,2022-10-19 15:20:18,[],,,
1554,1,,1.0000,1,1,2067,2172,4133,4134,,000001554,2022-10-21 10:08:19,2022-10-21 10:08:20,[],,,
1555,1,,1.0000,1,1,2065,2151,4129,4130,,000001555,2022-10-21 10:08:21,2022-10-21 10:08:21,[],,,
1556,1,,1.0000,1,1,2062,2151,4123,4124,,000001556,2022-10-21 10:08:22,2022-10-21 10:08:22,[],,,
1557,1,,1.0000,1,1,2066,2151,4131,4132,,000001557,2022-10-21 10:08:25,2022-10-21 10:08:25,[],,,
1558,1,,1.0000,1,1,2063,2151,4125,4126,,000001558,2022-10-21 10:08:26,2022-10-21 10:08:27,[],,,
1559,1,,1.0000,1,1,2068,2151,4135,4136,,000001559,2022-10-21 13:42:07,2022-10-21 13:42:10,[],,,
1560,1,,1.0000,1,1,2069,2151,4137,4138,,000001560,2022-10-21 13:42:11,2022-10-21 13:42:11,[],,,
1561,1,,1.0000,1,1,2070,2172,4139,4140,,000001561,2022-10-21 15:46:25,2022-10-21 15:46:26,[],,,
1562,1,,1.0000,1,1,2071,2172,4141,4142,,000001562,2022-10-21 15:46:27,2022-10-21 15:46:27,[],,,
1563,1,,1.0000,1,1,2072,2172,4143,4144,,000001563,2022-10-21 15:46:28,2022-10-21 15:46:28,[],,,
1564,1,,1.0000,1,1,2073,2172,4145,4146,,000001564,2022-10-21 15:46:29,2022-10-21 15:46:29,[],,,
1565,1,,2.0000,1,1,2074,2172,4147,4148,,000001565,2022-10-21 15:46:30,2022-10-21 15:46:30,[],,,
1566,1,,1.0000,1,1,2075,2172,4149,4150,,000001566,2022-10-21 15:46:31,2022-10-21 15:46:31,[],,,
1567,1,,1.0000,1,1,2076,2172,4151,4152,,000001567,2022-10-21 15:46:32,2022-10-21 15:46:32,[],,,
1568,1,,1.0000,1,1,2077,2172,4153,4154,,000001568,2022-10-21 15:46:33,2022-10-21 15:46:33,[],,,
1569,1,,1.0000,1,1,2097,2172,4193,4194,,000001569,2022-10-24 14:38:48,2022-10-24 14:38:50,[],,,
1570,1,,1.0000,1,1,2088,2172,4175,4176,,000001570,2022-10-24 14:38:51,2022-10-24 14:38:51,[],,,
1571,1,,1.0000,1,1,2099,2172,4197,4198,,000001571,2022-10-24 14:38:52,2022-10-24 14:38:53,[],,,
1572,1,,1.0000,1,1,2092,2172,4183,4184,,000001572,2022-10-24 14:38:53,2022-10-24 14:38:54,[],,,
1573,1,,1.0000,1,1,2082,2172,4163,4164,,000001573,2022-10-24 14:38:54,2022-10-24 14:38:55,[],,,
1574,1,,1.0000,1,1,2096,2172,4191,4192,,000001574,2022-10-24 14:38:56,2022-10-24 14:38:57,[],,,
1575,1,,1.0000,1,1,2098,2172,4195,4196,,000001575,2022-10-24 14:38:58,2022-10-24 14:38:58,[],,,
1576,1,,1.0000,1,1,2081,2172,4161,4162,,000001576,2022-10-24 14:38:59,2022-10-24 14:38:59,[],,,
1577,1,,1.0000,1,1,2091,2172,4181,4182,,000001577,2022-10-24 14:39:00,2022-10-24 14:39:00,[],,,
1578,1,,1.0000,1,1,2095,2172,4189,4190,,000001578,2022-10-24 14:39:01,2022-10-24 14:39:01,[],,,
1579,1,,1.0000,1,1,2079,2172,4157,4158,,000001579,2022-10-24 14:39:02,2022-10-24 14:39:02,[],,,
1580,1,,1.0000,1,1,2078,2172,4155,4156,,000001580,2022-10-24 14:39:03,2022-10-24 14:39:04,[],,,
1581,1,,1.0000,1,1,2094,2172,4187,4188,,000001581,2022-10-24 14:39:05,2022-10-24 14:39:05,[],,,
1582,1,,1.0000,1,1,2083,2172,4165,4166,,000001582,2022-10-24 14:39:06,2022-10-24 14:39:07,[],,,
1583,1,,1.0000,1,1,2080,2172,4159,4160,,000001583,2022-10-24 14:39:08,2022-10-24 14:39:08,[],,,
1584,1,,1.0000,1,1,2084,2151,4167,4168,,000001584,2022-10-24 14:39:09,2022-10-24 14:39:10,[],,,
1585,1,,1.0000,1,1,2089,2151,4177,4178,,000001585,2022-10-24 14:39:10,2022-10-24 14:39:11,[],,,
1586,1,,1.0000,1,1,2085,2151,4169,4170,,000001586,2022-10-24 14:39:11,2022-10-24 14:39:12,[],,,
1587,1,,1.0000,1,1,2087,2151,4173,4174,,000001587,2022-10-24 14:39:13,2022-10-24 14:39:13,[],,,
1588,1,,2.0000,1,1,2090,2151,4179,4180,,000001588,2022-10-24 14:39:14,2022-10-24 14:39:14,[],,,
1589,1,,1.0000,1,1,2093,2151,4185,4186,,000001589,2022-10-24 14:39:15,2022-10-24 14:39:15,[],,,
1590,1,,1.0000,1,1,2100,2151,4199,4200,,000001590,2022-10-24 14:39:19,2022-10-24 14:39:20,[],,,
1591,1,,1.0000,1,1,2101,2172,4201,4202,,000001591,2022-10-24 15:40:30,2022-10-24 15:40:31,[],,,
1592,1,,1.0000,1,1,2105,2172,4209,4210,,000001592,2022-10-26 10:12:27,2022-10-26 10:12:29,[],,,
1593,1,,1.0000,1,1,2110,2172,4219,4220,,000001593,2022-10-26 10:12:30,2022-10-26 10:12:30,[],,,
1594,1,,1.0000,1,1,2109,2172,4217,4218,,000001594,2022-10-26 10:12:31,2022-10-26 10:12:31,[],,,
1595,1,,1.0000,1,1,2108,2172,4215,4216,,000001595,2022-10-26 10:12:32,2022-10-26 10:12:33,[],,,
1596,1,,1.0000,1,1,2106,2172,4211,4212,,000001596,2022-10-26 10:12:34,2022-10-26 10:12:34,[],,,
1597,1,,1.0000,1,1,2107,2172,4213,4214,,000001597,2022-10-26 10:12:35,2022-10-26 10:12:35,[],,,
1598,1,,2.0000,1,1,2103,2151,4205,4206,,000001598,2022-10-26 10:12:36,2022-10-26 10:12:36,[],,,
1599,1,,2.0000,1,1,2104,2151,4207,4208,,000001599,2022-10-26 10:12:37,2022-10-26 10:12:37,[],,,
1600,1,,1.0000,1,1,2102,2151,4203,4204,,000001600,2022-10-26 10:12:38,2022-10-26 10:12:38,[],,,
1601,1,,1.0000,1,1,2113,2172,4225,4226,,000001601,2022-10-26 12:10:22,2022-10-26 12:10:24,[],,,
1602,1,,1.0000,1,1,2114,2172,4227,4228,,000001602,2022-10-26 12:10:25,2022-10-26 12:10:25,[],,,
1603,1,,1.0000,1,1,2010,2151,4019,4020,,000001603,2022-10-26 12:10:27,2022-10-26 12:10:28,[],,,
1604,1,,1.0000,1,1,2116,2172,4231,4232,,000001604,2022-10-26 12:10:30,2022-10-26 12:10:30,[],,,
1605,1,,1.0000,1,1,2112,2172,4223,4224,,000001605,2022-10-26 13:12:10,2022-10-26 13:12:12,[],,,
1606,1,,2.0000,1,1,2117,2172,4233,4234,,000001606,2022-10-26 13:12:16,2022-10-26 13:12:17,[],,,
1607,1,,2.0000,1,1,2118,2172,4235,4236,,000001607,2022-10-26 13:12:17,2022-10-26 13:12:18,[],,,
1608,1,,1.0000,1,1,2119,2172,4237,4238,,000001608,2022-10-26 13:12:18,2022-10-26 13:12:19,[],,,
1609,1,,1.0000,1,1,2121,2172,4241,4242,,000001609,2022-10-27 11:58:10,2022-10-27 11:58:13,[],,,
1610,1,,2.0000,1,1,2120,2172,4239,4240,,000001610,2022-10-27 11:58:14,2022-10-27 11:58:14,[],,,
1611,1,,1.0000,1,1,2131,2172,4261,4262,,000001611,2022-10-27 14:28:09,2022-10-27 14:28:13,[],,,
1612,1,,1.0000,1,1,2127,2172,4253,4254,,000001612,2022-10-27 14:28:16,2022-10-27 14:28:16,[],,,
1613,1,,1.0000,1,1,2130,2172,4259,4260,,000001613,2022-10-27 14:28:17,2022-10-27 14:28:18,[],,,
1614,1,,1.0000,1,1,2123,2172,4245,4246,,000001614,2022-10-27 14:28:19,2022-10-27 14:28:19,[],,,
1615,1,,1.0000,1,1,2124,2172,4247,4248,,000001615,2022-10-27 14:28:20,2022-10-27 14:28:21,[],,,
1616,1,,1.0000,1,1,2132,2172,4263,4264,,000001616,2022-10-27 14:28:21,2022-10-27 14:28:22,[],,,
1617,1,,1.0000,1,1,2122,2172,4243,4244,,000001617,2022-10-27 14:28:22,2022-10-27 14:28:23,[],,,
1618,1,,1.0000,1,1,2126,2172,4251,4252,,000001618,2022-10-27 14:28:23,2022-10-27 14:28:24,[],,,
1619,1,,1.0000,1,1,2128,2151,4255,4256,,000001619,2022-10-27 14:28:24,2022-10-27 14:28:25,[],,,
1620,1,,1.0000,1,1,2129,2151,4257,4258,,000001620,2022-10-27 14:28:26,2022-10-27 14:28:26,[],,,
1621,1,,1.0000,1,1,2125,2151,4249,4250,,000001621,2022-10-27 14:28:27,2022-10-27 14:28:27,[],,,
1622,1,,1.0000,1,1,2133,2172,4265,4266,,000001622,2022-10-27 14:28:28,2022-10-27 14:28:28,[],,,
1623,1,,1.0000,1,1,2134,2172,4267,4268,,000001623,2022-10-27 14:28:30,2022-10-27 14:28:30,[],,,
1624,1,,1.0000,1,1,2064,2151,4127,4128,,000001624,2022-10-28 11:16:30,2022-10-28 11:16:32,[],,,
1625,1,,1.0000,1,1,1633,1654,3265,3266,,000001625,2022-10-28 12:10:19,2022-10-28 12:10:20,[],,,
1626,1,,2.0000,1,1,2115,2172,4229,4230,,000001626,2022-10-28 13:06:07,2022-10-28 13:06:09,[],,,
1627,1,,1.0000,1,1,2136,2151,4271,4272,,000001627,2022-10-28 14:00:15,2022-10-28 14:00:21,[],,,
1628,1,,1.0000,1,1,2137,2172,4273,4274,,000001628,2022-10-28 14:00:29,2022-10-28 14:00:29,[],,,
1629,1,,1.0000,1,1,2138,2172,4275,4276,,000001629,2022-10-28 14:00:30,2022-10-28 14:00:31,[],,,
1630,1,,1.0000,1,1,2139,2172,4277,4278,,000001630,2022-10-28 14:00:34,2022-10-28 14:00:34,[],,,
1631,1,,1.0000,1,1,2141,2172,4281,4282,,000001631,2022-10-28 14:00:36,2022-10-28 14:00:37,[],,,
1632,1,,1.0000,1,1,2140,2172,4279,4280,,000001632,2022-10-28 14:52:11,2022-10-28 14:52:14,[],,,
1633,1,,1.0000,1,1,2143,2151,4285,4286,,000001633,2022-10-31 13:32:19,2022-10-31 13:32:21,[],,,
1634,1,,1.0000,1,1,2145,2151,4289,4290,,000001634,2022-10-31 13:32:22,2022-10-31 13:32:22,[],,,
1635,1,,1.0000,1,1,2144,2151,4287,4288,,000001635,2022-10-31 13:34:15,2022-10-31 13:34:23,[],,,
1636,1,,1.0000,1,1,2142,2151,4283,4284,,000001636,2022-10-31 13:34:25,2022-10-31 13:34:25,[],,,
1637,1,,1.0000,1,1,2147,2172,4293,4294,,000001637,2022-10-31 14:06:15,2022-10-31 14:06:24,[],,,
1638,1,,1.0000,1,1,2150,2172,4299,4300,,000001638,2022-10-31 14:06:24,2022-10-31 14:06:25,[],,,
1639,1,,1.0000,1,1,2152,2172,4303,4304,,000001639,2022-10-31 14:06:26,2022-10-31 14:06:26,[],,,
1640,1,,1.0000,1,1,2149,2172,4297,4298,,000001640,2022-10-31 14:06:27,2022-10-31 14:06:27,[],,,
1641,1,,2.0000,1,1,2148,2151,4295,4296,,000001641,2022-10-31 14:06:28,2022-10-31 14:06:28,[],,,
1642,1,,1.0000,1,1,2146,2151,4291,4292,,000001642,2022-10-31 14:08:12,2022-10-31 14:08:13,[],,,
1643,1,,1.0000,1,1,2151,2151,4301,4302,,000001643,2022-10-31 14:08:14,2022-10-31 14:08:15,[],,,
1644,1,,3.0000,1,1,2162,2172,4323,4324,,000001644,2022-10-31 15:18:15,2022-10-31 15:18:21,[],,,
1645,1,,1.0000,1,1,2158,2172,4315,4316,,000001645,2022-10-31 15:28:13,2022-10-31 15:28:19,[],,,
1646,1,,1.0000,1,1,2161,2172,4321,4322,,000001646,2022-10-31 15:28:20,2022-10-31 15:28:21,[],,,
1647,1,,2.0000,1,1,2155,2172,4309,4310,,000001647,2022-10-31 15:28:22,2022-10-31 15:28:22,[],,,
1648,1,,1.0000,1,1,2156,2172,4311,4312,,000001648,2022-10-31 15:28:23,2022-10-31 15:28:24,[],,,
1649,1,,2.0000,1,1,2160,2172,4319,4320,,000001649,2022-10-31 15:28:25,2022-10-31 15:28:25,[],,,
1650,1,,1.0000,1,1,2159,2172,4317,4318,,000001650,2022-10-31 15:28:26,2022-10-31 15:28:27,[],,,
1651,1,,1.0000,1,1,2163,2172,4325,4326,,000001651,2022-10-31 15:28:28,2022-10-31 15:28:29,[],,,
1652,1,,1.0000,1,1,2157,2172,4313,4314,,000001652,2022-10-31 15:30:42,2022-10-31 15:30:55,[],,,
1653,1,,1.0000,1,1,2164,2172,4327,4328,,000001653,2022-10-31 15:30:57,2022-10-31 15:30:57,[],,,
1654,1,,1.0000,1,1,2153,2151,4305,4306,,000001654,2022-10-31 15:30:59,2022-10-31 15:31:00,[],,,
1655,1,,1.0000,1,1,2154,2151,4307,4308,,000001655,2022-10-31 15:31:01,2022-10-31 15:31:01,[],,,
1656,1,,1.0000,1,1,2165,2172,4329,4330,,000001656,2022-11-01 13:36:16,2022-11-01 13:36:18,[],,,
1657,1,,2.0000,1,1,2166,2151,4331,4332,,000001657,2022-11-01 13:36:19,2022-11-01 13:36:20,[],,,
1658,1,,1.0000,1,1,2167,2172,4333,4334,,000001658,2022-11-01 13:44:22,2022-11-01 13:44:24,[],,,
1659,1,,1.0000,1,1,2168,2172,4335,4336,,000001659,2022-11-01 13:44:24,2022-11-01 13:44:25,[],,,
1660,1,,1.0000,1,1,2170,2172,4339,4340,,000001660,2022-11-01 14:06:08,2022-11-01 14:06:10,[],,,
1661,1,,1.0000,1,1,2169,2172,4337,4338,,000001661,2022-11-01 14:06:11,2022-11-01 14:06:11,[],,,
1662,1,,1.0000,1,1,2172,2151,4343,4344,,000001662,2022-11-02 12:46:09,2022-11-02 12:46:12,[],,,
1663,1,,1.0000,1,1,2173,2151,4345,4346,,000001663,2022-11-02 12:46:13,2022-11-02 12:46:14,[],,,
1664,1,,1.0000,1,1,2174,2172,4347,4348,,000001664,2022-11-02 13:54:20,2022-11-02 13:54:22,[],,,
1665,1,,1.0000,1,1,2175,2172,4349,4350,,000001665,2022-11-02 14:02:19,2022-11-02 14:02:25,[],,,
1666,1,,1.0000,1,1,2176,2151,4351,4352,,000001666,2022-11-03 12:16:09,2022-11-03 12:16:12,[],,,
1667,1,,1.0000,1,1,2177,2172,4353,4354,,000001667,2022-11-03 13:36:19,2022-11-03 13:36:21,[],,,
1668,1,,1.0000,1,1,2179,2172,4357,4358,,000001668,2022-11-03 13:42:15,2022-11-03 13:42:19,[],,,
1669,1,,1.0000,1,1,2178,2172,4355,4356,,000001669,2022-11-03 13:42:19,2022-11-03 13:42:20,[],,,
1670,1,,1.0000,1,1,2180,2172,4359,4360,,000001670,2022-11-03 13:46:11,2022-11-03 13:46:13,[],,,
1671,1,,1.0000,1,1,2181,2172,4361,4362,,000001671,2022-11-03 13:46:14,2022-11-03 13:46:14,[],,,
1672,1,,1.0000,1,1,2182,2172,4363,4364,,000001672,2022-11-03 13:58:17,2022-11-03 13:58:19,[],,,
1673,1,,1.0000,1,1,2183,2172,4365,4366,,000001673,2022-11-03 14:00:36,2022-11-03 14:00:42,[],,,
1674,1,,1.0000,1,1,2185,2172,4369,4370,,000001674,2022-11-03 14:06:08,2022-11-03 14:06:12,[],,,
1675,1,,1.0000,1,1,2184,2172,4367,4368,,000001675,2022-11-03 14:06:14,2022-11-03 14:06:14,[],,,
1676,1,,1.0000,1,1,2186,2172,4371,4372,,000001676,2022-11-03 15:16:10,2022-11-03 15:16:12,[],,,
1677,1,,1.0000,1,1,2187,2151,4373,4374,,000001677,2022-11-04 12:08:12,2022-11-04 12:08:14,[],,,
1678,1,,1.0000,1,1,2188,2151,4375,4376,,000001678,2022-11-04 12:08:15,2022-11-04 12:08:16,[],,,
1679,1,,1.0000,1,1,2189,2172,4377,4378,,000001679,2022-11-04 15:04:10,2022-11-04 15:04:12,[],,,
1680,1,,1.0000,1,1,2194,2172,4387,4388,,000001680,2022-11-07 13:32:10,2022-11-07 13:32:15,[],,,
1681,1,,1.0000,1,1,2196,2172,4391,4392,,000001681,2022-11-07 13:32:17,2022-11-07 13:32:17,[],,,
1682,1,,1.0000,1,1,2191,2172,4381,4382,,000001682,2022-11-07 13:32:18,2022-11-07 13:32:18,[],,,
1683,1,,1.0000,1,1,2195,2172,4389,4390,,000001683,2022-11-07 13:32:19,2022-11-07 13:32:19,[],,,
1684,1,,1.0000,1,1,2193,2172,4385,4386,,000001684,2022-11-07 13:32:20,2022-11-07 13:32:21,[],,,
1685,1,,1.0000,1,1,2197,2172,4393,4394,,000001685,2022-11-07 13:32:21,2022-11-07 13:32:22,[],,,
1686,1,,1.0000,1,1,2199,2172,4397,4398,,000001686,2022-11-07 13:32:23,2022-11-07 13:32:23,[],,,
1687,1,,1.0000,1,1,2200,2172,4399,4400,,000001687,2022-11-07 13:32:24,2022-11-07 13:32:24,[],,,
1688,1,,1.0000,1,1,2190,2151,4379,4380,,000001688,2022-11-07 13:32:25,2022-11-07 13:32:26,[],,,
1689,1,,1.0000,1,1,2198,2151,4395,4396,,000001689,2022-11-07 13:32:27,2022-11-07 13:32:27,[],,,
1690,1,,1.0000,1,1,2192,2151,4383,4384,,000001690,2022-11-07 13:34:09,2022-11-07 13:34:14,[],,,
1691,1,,2.0000,1,1,2202,2172,4403,4404,,000001691,2022-11-07 14:04:14,2022-11-07 14:04:16,[],,,
1692,1,,1.0000,1,1,2207,2151,4413,4414,,000001692,2022-11-07 14:06:15,2022-11-07 14:06:17,[],,,
1693,1,,1.0000,1,1,2203,2151,4405,4406,,000001693,2022-11-07 14:06:18,2022-11-07 14:06:18,[],,,
1694,1,,1.0000,1,1,2206,2151,4411,4412,,000001694,2022-11-07 14:06:20,2022-11-07 14:06:20,[],,,
1695,1,,1.0000,1,1,2201,2151,4401,4402,,000001695,2022-11-07 14:06:21,2022-11-07 14:06:21,[],,,
1696,1,,1.0000,1,1,2205,2151,4409,4410,,000001696,2022-11-07 14:06:22,2022-11-07 14:06:22,[],,,
1697,1,,1.0000,1,1,2204,2151,4407,4408,,000001697,2022-11-07 14:06:23,2022-11-07 14:06:24,[],,,
1698,1,,1.0000,1,1,2208,2151,4415,4416,,000001698,2022-11-07 14:06:24,2022-11-07 14:06:25,[],,,
1699,1,,1.0000,1,1,2209,2172,4417,4418,,000001699,2022-11-07 15:28:10,2022-11-07 15:28:13,[],,,
1700,1,,1.0000,1,1,2210,2172,4419,4420,,000001700,2022-11-07 15:28:14,2022-11-07 15:28:15,[],,,
1701,1,,1.0000,1,1,2214,2172,4427,4428,,000001701,2022-11-07 15:28:16,2022-11-07 15:28:16,[],,,
1702,1,,1.0000,1,1,2211,2172,4421,4422,,000001702,2022-11-07 15:28:18,2022-11-07 15:28:18,[],,,
1703,1,,1.0000,1,1,2212,2172,4423,4424,,000001703,2022-11-07 15:28:19,2022-11-07 15:28:20,[],,,
1704,1,,1.0000,1,1,2213,2172,4425,4426,,000001704,2022-11-07 15:28:21,2022-11-07 15:28:21,[],,,
1705,1,,1.0000,1,1,2215,2151,4429,4430,,000001705,2022-11-08 11:32:09,2022-11-08 11:32:14,[],,,
1706,1,,1.0000,1,1,2217,2151,4433,4434,,000001706,2022-11-08 11:32:16,2022-11-08 11:32:16,[],,,
1707,1,,1.0000,1,1,2216,2151,4431,4432,,000001707,2022-11-08 11:32:17,2022-11-08 11:32:18,[],,,
1708,1,,2.0000,1,1,2218,2151,4435,4436,,000001708,2022-11-08 11:50:12,2022-11-08 11:50:14,[],,,
1709,1,,1.0000,1,1,2219,2151,4437,4438,,000001709,2022-11-08 11:50:15,2022-11-08 11:50:15,[],,,
1710,1,,1.0000,1,1,2220,2151,4439,4440,,000001710,2022-11-08 11:50:16,2022-11-08 11:50:16,[],,,
1711,1,,1.0000,1,1,2222,2172,4443,4444,,000001711,2022-11-08 12:30:23,2022-11-08 12:30:25,[],,,
1712,1,,1.0000,1,1,2221,2172,4441,4442,,000001712,2022-11-08 12:30:26,2022-11-08 12:30:27,[],,,
1713,1,,1.0000,1,1,2223,2151,4445,4446,,000001713,2022-11-08 12:42:11,2022-11-08 12:42:14,[],,,
1714,1,,1.0000,1,1,2224,2172,4447,4448,,000001714,2022-11-08 15:10:20,2022-11-08 15:10:22,[],,,
1715,1,,10.0000,1,1,2225,2049,4449,4450,,000001715,2022-11-09 10:30:19,2022-11-09 10:30:22,[],,,
1716,1,,1.0000,1,1,2227,2151,4453,4454,,000001716,2022-11-09 13:14:09,2022-11-09 13:14:11,[],,,
1717,1,,1.0000,1,1,2226,2151,4451,4452,,000001717,2022-11-09 13:14:12,2022-11-09 13:14:13,[],,,
1718,1,,1.0000,1,1,2231,2172,4461,4462,,000001718,2022-11-09 13:56:10,2022-11-09 13:56:12,[],,,
1719,1,,2.0000,1,1,2228,2151,4455,4456,,000001719,2022-11-09 13:56:13,2022-11-09 13:56:13,[],,,
1720,1,,1.0000,1,1,2229,2151,4457,4458,,000001720,2022-11-09 13:56:14,2022-11-09 13:56:15,[],,,
1721,1,,1.0000,1,1,2230,2151,4459,4460,,000001721,2022-11-09 13:56:16,2022-11-09 13:56:16,[],,,
1722,1,,1.0000,1,1,2235,2172,4469,4470,,000001722,2022-11-10 13:40:11,2022-11-10 13:40:15,[],,,
1723,1,,1.0000,1,1,2233,2172,4465,4466,,000001723,2022-11-10 13:40:17,2022-11-10 13:40:17,[],,,
1724,1,,1.0000,1,1,2234,2172,4467,4468,,000001724,2022-11-10 13:40:18,2022-11-10 13:40:19,[],,,
1725,1,,1.0000,1,1,2236,2172,4471,4472,,000001725,2022-11-10 13:40:20,2022-11-10 13:40:20,[],,,
1726,1,,1.0000,1,1,2232,2151,4463,4464,,000001726,2022-11-10 13:40:23,2022-11-10 13:40:23,[],,,
1727,1,,1.0000,1,1,2237,2172,4473,4474,,000001727,2022-11-10 15:06:13,2022-11-10 15:06:24,[],,,
1728,1,,1.0000,1,1,2239,2172,4477,4478,,000001728,2022-11-10 15:06:26,2022-11-10 15:06:26,[],,,
1729,1,,1.0000,1,1,2238,2151,4475,4476,,000001729,2022-11-10 15:06:28,2022-11-10 15:06:29,[],,,
1730,1,,1.0000,1,1,2242,2151,4483,4484,,000001730,2022-11-11 11:26:09,2022-11-11 11:26:12,[],,,
1731,1,,1.0000,1,1,2240,2151,4479,4480,,000001731,2022-11-11 11:26:13,2022-11-11 11:26:13,[],,,
1732,1,,1.0000,1,1,2241,2151,4481,4482,,000001732,2022-11-11 11:26:14,2022-11-11 11:26:14,[],,,
1733,1,,1.0000,1,1,2247,2172,4493,4494,,000001733,2022-11-11 15:30:24,2022-11-11 15:30:33,[],,,
1734,1,,1.0000,1,1,2244,2172,4487,4488,,000001734,2022-11-11 15:32:14,2022-11-11 15:32:16,[],,,
1735,1,,1.0000,1,1,2245,2172,4489,4490,,000001735,2022-11-11 15:32:17,2022-11-11 15:32:18,[],,,
1736,1,,1.0000,1,1,2246,2172,4491,4492,,000001736,2022-11-11 15:32:19,2022-11-11 15:32:19,[],,,
1737,1,,1.0000,1,1,2243,2151,4485,4486,,000001737,2022-11-11 15:32:20,2022-11-11 15:32:20,[],,,
1738,1,,1.0000,1,1,2251,2151,4501,4502,,000001738,2022-11-14 13:02:13,2022-11-14 13:02:15,[],,,
1739,1,,1.0000,1,1,2248,2151,4495,4496,,000001739,2022-11-14 13:02:16,2022-11-14 13:02:16,[],,,
1740,1,,1.0000,1,1,2249,2151,4497,4498,,000001740,2022-11-14 13:02:18,2022-11-14 13:02:18,[],,,
1741,1,,1.0000,1,1,2250,2151,4499,4500,,000001741,2022-11-14 13:02:19,2022-11-14 13:02:19,[],,,
1742,1,,1.0000,1,1,2252,2151,4503,4504,,000001742,2022-11-14 13:02:20,2022-11-14 13:02:20,[],,,
1743,1,,1.0000,1,1,2254,2151,4507,4508,,000001743,2022-11-14 13:24:18,2022-11-14 13:24:20,[],,,
1744,1,,1.0000,1,1,2256,2151,4511,4512,,000001744,2022-11-14 13:26:16,2022-11-14 13:26:17,[],,,
1745,1,,1.0000,1,1,2258,2151,4515,4516,,000001745,2022-11-14 13:26:19,2022-11-14 13:26:20,[],,,
1746,1,,1.0000,1,1,2253,2151,4505,4506,,000001746,2022-11-14 13:26:21,2022-11-14 13:26:21,[],,,
1747,1,,1.0000,1,1,2257,2151,4513,4514,,000001747,2022-11-14 13:26:22,2022-11-14 13:26:22,[],,,
1748,1,,1.0000,1,1,2255,2151,4509,4510,,000001748,2022-11-14 13:26:24,2022-11-14 13:26:24,[],,,
1749,1,,1.0000,1,1,2261,2172,4521,4522,,000001749,2022-11-14 13:40:23,2022-11-14 13:40:24,[],,,
1750,1,,2.0000,1,1,2259,2172,4517,4518,,000001750,2022-11-14 13:40:25,2022-11-14 13:40:26,[],,,
1751,1,,1.0000,1,1,2260,2172,4519,4520,,000001751,2022-11-14 13:42:09,2022-11-14 13:42:10,[],,,
1752,1,,1.0000,1,1,2263,2172,4525,4526,,000001752,2022-11-14 13:42:11,2022-11-14 13:42:11,[],,,
1753,1,,1.0000,1,1,2262,2151,4523,4524,,000001753,2022-11-14 13:42:12,2022-11-14 13:42:12,[],,,
1754,1,,1.0000,1,1,2264,2151,4527,4528,,000001754,2022-11-14 13:42:14,2022-11-14 13:42:14,[],,,
1755,1,,1.0000,1,1,2266,2172,4531,4532,,000001755,2022-11-14 14:08:15,2022-11-14 14:08:22,[],,,
1756,1,,1.0000,1,1,2268,2172,4535,4536,,000001756,2022-11-14 14:08:23,2022-11-14 14:08:24,[],,,
1757,1,,1.0000,1,1,2265,2172,4529,4530,,000001757,2022-11-14 14:08:24,2022-11-14 14:08:25,[],,,
1758,1,,1.0000,1,1,2267,2151,4533,4534,,000001758,2022-11-14 14:08:25,2022-11-14 14:08:26,[],,,
1759,1,,1.0000,1,1,2269,1654,4537,4538,,000001759,2022-11-14 16:16:09,2022-11-14 16:16:11,[],,,
1760,1,,1.0000,1,1,2274,2151,4547,4548,,000001760,2022-11-15 11:40:12,2022-11-15 11:40:16,[],,,
1761,1,,1.0000,1,1,2271,2151,4541,4542,,000001761,2022-11-15 11:40:18,2022-11-15 11:40:18,[],,,
1762,1,,1.0000,1,1,2273,2151,4545,4546,,000001762,2022-11-15 11:40:19,2022-11-15 11:40:19,[],,,
1763,1,,1.0000,1,1,2270,2151,4539,4540,,000001763,2022-11-15 11:40:20,2022-11-15 11:40:20,[],,,
1764,1,,1.0000,1,1,2276,2172,4551,4552,,000001764,2022-11-15 13:50:11,2022-11-15 13:50:12,[],,,
1765,1,,2.0000,1,1,2275,2172,4549,4550,,000001765,2022-11-15 13:50:14,2022-11-15 13:50:14,[],,,
1766,1,,1.0000,1,1,2278,2151,4555,4556,,000001766,2022-11-16 11:18:13,2022-11-16 11:18:16,[],,,
1767,1,,1.0000,1,1,2279,2151,4557,4558,,000001767,2022-11-16 11:18:17,2022-11-16 11:18:17,[],,,
1768,1,,1.0000,1,1,2277,2151,4553,4554,,000001768,2022-11-16 11:18:18,2022-11-16 11:18:18,[],,,
1769,1,,1.0000,1,1,2280,2151,4559,4560,,000001769,2022-11-16 12:36:11,2022-11-16 12:36:13,[],,,
1770,1,,2.0000,1,1,2281,2172,4561,4562,,000001770,2022-11-16 14:12:11,2022-11-16 14:12:13,[],,,
1771,1,,1.0000,1,1,2282,2172,4563,4564,,000001771,2022-11-16 14:12:14,2022-11-16 14:12:14,[],,,
1772,1,,1.0000,1,1,2283,2172,4565,4566,,000001772,2022-11-16 15:20:11,2022-11-16 15:20:16,[],,,
1773,1,,1.0000,1,1,2284,2151,4567,4568,,000001773,2022-11-17 12:32:09,2022-11-17 12:32:13,[],,,
1774,1,,1.0000,1,1,2285,2172,4569,4570,,000001774,2022-11-17 15:02:12,2022-11-17 15:02:16,[],,,
1775,1,,1.0000,1,1,2286,2172,4571,4572,,000001775,2022-11-17 15:18:10,2022-11-17 15:18:12,[],,,
1776,1,,1.0000,1,1,2287,2151,4573,4574,,000001776,2022-11-18 11:52:12,2022-11-18 11:52:14,[],,,
1777,1,,1.0000,1,1,2290,2172,4579,4580,,000001777,2022-11-18 13:56:15,2022-11-18 13:56:16,[],,,
1778,1,,1.0000,1,1,2289,2172,4577,4578,,000001778,2022-11-18 13:56:17,2022-11-18 13:56:17,[],,,
1779,1,,1.0000,1,1,2288,2172,4575,4576,,000001779,2022-11-18 13:58:10,2022-11-18 13:58:12,[],,,
1780,1,,1.0000,1,1,2292,2151,4583,4584,,000001780,2022-11-21 12:08:16,2022-11-21 12:08:17,[],,,
1781,1,,1.0000,1,1,2293,2151,4585,4586,,000001781,2022-11-21 12:08:18,2022-11-21 12:08:19,[],,,
1782,1,,1.0000,1,1,2294,2151,4587,4588,,000001782,2022-11-21 12:08:22,2022-11-21 12:08:22,[],,,
1783,1,,4.0000,1,1,2291,2475,4581,4582,,000001783,2022-11-21 12:10:15,2022-11-21 12:10:17,[],,,
1784,1,,2.0000,1,1,2295,1654,4589,4590,,000001784,2022-11-21 12:30:18,2022-11-21 12:30:20,[],,,
1785,1,,2.0000,1,1,2304,2151,4607,4608,,000001785,2022-11-21 13:06:10,2022-11-21 13:06:12,[],,,
1786,1,,1.0000,1,1,2299,2151,4597,4598,,000001786,2022-11-21 13:06:14,2022-11-21 13:06:14,[],,,
1787,1,,1.0000,1,1,2300,2151,4599,4600,,000001787,2022-11-21 13:06:15,2022-11-21 13:06:16,[],,,
1788,1,,1.0000,1,1,2296,2151,4591,4592,,000001788,2022-11-21 13:06:17,2022-11-21 13:06:17,[],,,
1789,1,,1.0000,1,1,2297,2151,4593,4594,,000001789,2022-11-21 13:06:18,2022-11-21 13:06:18,[],,,
1790,1,,2.0000,1,1,2298,2151,4595,4596,,000001790,2022-11-21 13:06:19,2022-11-21 13:06:20,[],,,
1791,1,,1.0000,1,1,2301,2151,4601,4602,,000001791,2022-11-21 13:06:21,2022-11-21 13:06:21,[],,,
1792,1,,1.0000,1,1,2303,2151,4605,4606,,000001792,2022-11-21 13:06:22,2022-11-21 13:06:23,[],,,
1793,1,,1.0000,1,1,2307,2172,4613,4614,,000001793,2022-11-21 14:02:16,2022-11-21 14:02:18,[],,,
1794,1,,1.0000,1,1,2309,2172,4617,4618,,000001794,2022-11-21 14:02:20,2022-11-21 14:02:20,[],,,
1795,1,,1.0000,1,1,2306,2172,4611,4612,,000001795,2022-11-21 14:02:21,2022-11-21 14:02:21,[],,,
1796,1,,1.0000,1,1,2310,2172,4619,4620,,000001796,2022-11-21 14:02:22,2022-11-21 14:02:23,[],,,
1797,1,,1.0000,1,1,2305,2172,4609,4610,,000001797,2022-11-21 14:02:24,2022-11-21 14:02:24,[],,,
1798,1,,1.0000,1,1,2308,2172,4615,4616,,000001798,2022-11-21 14:02:25,2022-11-21 14:02:25,[],,,
1799,1,,1.0000,1,1,2314,2172,4627,4628,,000001799,2022-11-21 14:14:22,2022-11-21 14:14:23,[],,,
1800,1,,1.0000,1,1,2313,2172,4625,4626,,000001800,2022-11-21 14:14:24,2022-11-21 14:14:24,[],,,
1801,1,,1.0000,1,1,2315,2172,4629,4630,,000001801,2022-11-21 14:14:25,2022-11-21 14:14:25,[],,,
1802,1,,1.0000,1,1,2312,2172,4623,4624,,000001802,2022-11-21 14:16:13,2022-11-21 14:16:16,[],,,
1803,1,,1.0000,1,1,2316,2172,4631,4632,,000001803,2022-11-21 14:16:17,2022-11-21 14:16:17,[],,,
1804,1,,1.0000,1,1,2311,2172,4621,4622,,000001804,2022-11-21 14:16:19,2022-11-21 14:16:19,[],,,
1805,1,,1.0000,1,1,2317,2172,4633,4634,,000001805,2022-11-21 14:16:20,2022-11-21 14:16:20,[],,,
1806,1,,1.0000,1,1,2320,2172,4639,4640,,000001806,2022-11-21 15:10:13,2022-11-21 15:10:16,[],,,
1807,1,,1.0000,1,1,2319,2172,4637,4638,,000001807,2022-11-21 15:10:17,2022-11-21 15:10:18,[],,,
1808,1,,1.0000,1,1,2318,2172,4635,4636,,000001808,2022-11-21 15:12:11,2022-11-21 15:12:13,[],,,
1809,1,,1.0000,1,1,2321,2172,4641,4642,,000001809,2022-11-21 15:12:14,2022-11-21 15:12:14,[],,,
1810,1,,2.0000,1,1,2322,2172,4643,4644,,000001810,2022-11-21 15:12:15,2022-11-21 15:12:16,[],,,
1811,1,,1.0000,1,1,2323,2172,4645,4646,,000001811,2022-11-21 15:12:16,2022-11-21 15:12:17,[],,,
1812,1,,4.0000,1,1,2324,2049,4647,4648,,000001812,2022-11-22 10:30:15,2022-11-22 10:30:19,[],,,
1813,1,,1.0000,1,1,2325,2151,4649,4650,,000001813,2022-11-22 10:42:11,2022-11-22 10:42:13,[],,,
1814,1,,2.0000,1,1,2328,2151,4655,4656,,000001814,2022-11-22 12:04:14,2022-11-22 12:04:15,[],,,
1815,1,,1.0000,1,1,2326,2151,4651,4652,,000001815,2022-11-22 12:06:09,2022-11-22 12:06:11,[],,,
1816,1,,1.0000,1,1,2327,2151,4653,4654,,000001816,2022-11-22 12:06:12,2022-11-22 12:06:12,[],,,
1817,1,,1.0000,1,1,2332,2172,4663,4664,,000001817,2022-11-22 14:12:10,2022-11-22 14:12:14,[],,,
1818,1,,1.0000,1,1,2330,2172,4659,4660,,000001818,2022-11-22 14:12:15,2022-11-22 14:12:15,[],,,
1819,1,,2.0000,1,1,2333,2151,4665,4666,,000001819,2022-11-22 14:12:16,2022-11-22 14:12:16,[],,,
1820,1,,1.0000,1,1,2331,2151,4661,4662,,000001820,2022-11-22 14:12:17,2022-11-22 14:12:17,[],,,
1821,1,,1.0000,1,1,2329,2151,4657,4658,,000001821,2022-11-22 16:00:17,2022-11-22 16:00:24,[],,,
1822,1,,1.0000,1,1,2335,2151,4669,4670,,000001822,2022-11-23 12:30:26,2022-11-23 12:30:33,[],,,
1823,1,,1.0000,1,1,2334,2151,4667,4668,,000001823,2022-11-23 12:30:34,2022-11-23 12:30:35,[],,,
1824,1,,1.0000,1,1,2336,2151,4671,4672,,000001824,2022-11-23 12:30:37,2022-11-23 12:30:38,[],,,
1825,1,,1.0000,1,1,2338,2172,4675,4676,,000001825,2022-11-23 13:22:15,2022-11-23 13:22:17,[],,,
1826,1,,1.0000,1,1,2337,2172,4673,4674,,000001826,2022-11-23 13:22:18,2022-11-23 13:22:19,[],,,
1827,1,,1.0000,1,1,2339,2172,4677,4678,,000001827,2022-11-23 13:22:20,2022-11-23 13:22:20,[],,,
1828,1,,2.0000,1,1,2340,2172,4679,4680,,000001828,2022-11-23 13:46:10,2022-11-23 13:46:12,[],,,
1829,1,,1.0000,1,1,2341,2172,4681,4682,,000001829,2022-11-23 16:30:13,2022-11-23 16:30:16,[],,,
1830,1,,3.0000,1,1,2351,2172,4701,4702,,000001830,2022-11-24 15:02:09,2022-11-24 15:02:13,[],,,
1831,1,,1.0000,1,1,2345,2172,4689,4690,,000001831,2022-11-25 09:50:13,2022-11-25 09:50:14,[],,,
1832,1,,1.0000,1,1,2350,2172,4699,4700,,000001832,2022-11-25 09:50:15,2022-11-25 09:50:15,[],,,
1833,1,,1.0000,1,1,2347,2172,4693,4694,,000001833,2022-11-25 09:52:10,2022-11-25 09:52:13,[],,,
1834,1,,1.0000,1,1,2349,2172,4697,4698,,000001834,2022-11-25 09:52:14,2022-11-25 09:52:14,[],,,
1835,1,,1.0000,1,1,2348,2172,4695,4696,,000001835,2022-11-25 09:52:16,2022-11-25 09:52:16,[],,,
1836,1,,1.0000,1,1,2346,2172,4691,4692,,000001836,2022-11-25 09:52:17,2022-11-25 09:52:17,[],,,
1837,1,,1.0000,1,1,2344,2151,4687,4688,,000001837,2022-11-25 09:52:22,2022-11-25 09:52:23,[],,,
1838,1,,1.0000,1,1,2342,2151,4683,4684,,000001838,2022-11-25 09:52:24,2022-11-25 09:52:24,[],,,
1839,1,,1.0000,1,1,2343,2151,4685,4686,,000001839,2022-11-25 09:54:11,2022-11-25 09:54:13,[],,,
1840,1,,1.0000,1,1,2352,2172,4703,4704,,000001840,2022-11-25 10:46:12,2022-11-25 10:46:14,[],,,
1841,1,,1.0000,1,1,2353,2151,4705,4706,,000001841,2022-11-25 11:08:16,2022-11-25 11:08:17,[],,,
1842,1,,1.0000,1,1,2359,2172,4717,4718,,000001842,2022-11-25 14:14:11,2022-11-25 14:14:15,[],,,
1843,1,,2.0000,1,1,2356,2172,4711,4712,,000001843,2022-11-25 14:14:16,2022-11-25 14:14:16,[],,,
1844,1,,1.0000,1,1,2362,2172,4723,4724,,000001844,2022-11-25 14:14:17,2022-11-25 14:14:17,[],,,
1845,1,,1.0000,1,1,2360,2172,4719,4720,,000001845,2022-11-25 14:14:18,2022-11-25 14:14:18,[],,,
1846,1,,1.0000,1,1,2361,2172,4721,4722,,000001846,2022-11-25 14:14:19,2022-11-25 14:14:20,[],,,
1847,1,,1.0000,1,1,2358,2172,4715,4716,,000001847,2022-11-25 14:14:20,2022-11-25 14:14:21,[],,,
1848,1,,1.0000,1,1,2363,2172,4725,4726,,000001848,2022-11-25 14:14:22,2022-11-25 14:14:22,[],,,
1849,1,,1.0000,1,1,2357,2172,4713,4714,,000001849,2022-11-25 14:14:23,2022-11-25 14:14:23,[],,,
1850,1,,1.0000,1,1,2355,2151,4709,4710,,000001850,2022-11-25 14:14:26,2022-11-25 14:14:26,[],,,
1851,1,,1.0000,1,1,2354,2151,4707,4708,,000001851,2022-11-25 14:16:12,2022-11-25 14:16:13,[],,,
1852,1,,1.0000,1,1,2364,2172,4727,4728,,000001852,2022-11-25 15:34:12,2022-11-25 15:34:13,[],,,
1853,1,,1.0000,1,1,2366,2172,4731,4732,,000001853,2022-11-28 12:56:15,2022-11-28 12:56:22,[],,,
1854,1,,1.0000,1,1,2365,2151,4729,4730,,000001854,2022-11-28 12:58:17,2022-11-28 12:58:19,[],,,
1855,1,,1.0000,1,1,2367,2151,4733,4734,,000001855,2022-11-28 13:00:36,2022-11-28 13:00:37,[],,,
1856,1,,1.0000,1,1,2369,2172,4737,4738,,000001856,2022-11-28 14:12:12,2022-11-28 14:12:16,[],,,
1857,1,,1.0000,1,1,2368,2172,4735,4736,,000001857,2022-11-28 14:12:17,2022-11-28 14:12:17,[],,,
1858,1,,2.0000,1,1,2388,2172,4775,4776,,000001858,2022-11-28 14:14:12,2022-11-28 14:14:14,[],,,
1859,1,,1.0000,1,1,2381,2172,4761,4762,,000001859,2022-11-28 14:14:15,2022-11-28 14:14:16,[],,,
1860,1,,1.0000,1,1,2371,2172,4741,4742,,000001860,2022-11-28 14:14:17,2022-11-28 14:14:18,[],,,
1861,1,,1.0000,1,1,2384,2172,4767,4768,,000001861,2022-11-28 14:14:19,2022-11-28 14:14:19,[],,,
1862,1,,1.0000,1,1,2393,2172,4785,4786,,000001862,2022-11-28 14:14:20,2022-11-28 14:14:21,[],,,
1863,1,,1.0000,1,1,2372,2172,4743,4744,,000001863,2022-11-28 14:14:22,2022-11-28 14:14:22,[],,,
1864,1,,1.0000,1,1,2387,2172,4773,4774,,000001864,2022-11-28 14:14:23,2022-11-28 14:14:24,[],,,
1865,1,,1.0000,1,1,2382,2172,4763,4764,,000001865,2022-11-28 14:14:25,2022-11-28 14:14:25,[],,,
1866,1,,1.0000,1,1,2394,2172,4787,4788,,000001866,2022-11-28 14:14:26,2022-11-28 14:14:27,[],,,
1867,1,,1.0000,1,1,2391,2172,4781,4782,,000001867,2022-11-28 14:14:29,2022-11-28 14:14:30,[],,,
1868,1,,1.0000,1,1,2373,2172,4745,4746,,000001868,2022-11-28 14:14:31,2022-11-28 14:14:31,[],,,
1869,1,,1.0000,1,1,2383,2172,4765,4766,,000001869,2022-11-28 14:16:15,2022-11-28 14:16:20,[],,,
1870,1,,2.0000,1,1,2380,2172,4759,4760,,000001870,2022-11-28 14:16:22,2022-11-28 14:16:22,[],,,
1871,1,,1.0000,1,1,2392,2172,4783,4784,,000001871,2022-11-28 14:16:23,2022-11-28 14:16:24,[],,,
1872,1,,2.0000,1,1,2376,2172,4751,4752,,000001872,2022-11-28 14:16:25,2022-11-28 14:16:26,[],,,
1873,1,,1.0000,1,1,2386,2172,4771,4772,,000001873,2022-11-28 14:16:27,2022-11-28 14:16:27,[],,,
1874,1,,1.0000,1,1,2370,2172,4739,4740,,000001874,2022-11-28 14:16:28,2022-11-28 14:16:29,[],,,
1875,1,,1.0000,1,1,2377,2151,4753,4754,,000001875,2022-11-28 14:18:12,2022-11-28 14:18:14,[],,,
1876,1,,1.0000,1,1,2390,2151,4779,4780,,000001876,2022-11-28 14:18:15,2022-11-28 14:18:15,[],,,
1877,1,,1.0000,1,1,2385,2151,4769,4770,,000001877,2022-11-28 14:18:17,2022-11-28 14:18:17,[],,,
1878,1,,1.0000,1,1,2374,2151,4747,4748,,000001878,2022-11-28 14:18:18,2022-11-28 14:18:18,[],,,
1879,1,,1.0000,1,1,2379,2151,4757,4758,,000001879,2022-11-28 14:18:21,2022-11-28 14:18:22,[],,,
1880,1,,1.0000,1,1,2375,2151,4749,4750,,000001880,2022-11-28 14:18:23,2022-11-28 14:18:23,[],,,
1881,1,,1.0000,1,1,2389,2151,4777,4778,,000001881,2022-11-28 14:20:24,2022-11-28 14:20:29,[],,,
1882,1,,1.0000,1,1,2399,2172,4797,4798,,000001882,2022-11-28 15:48:12,2022-11-28 15:48:18,[],,,
1883,1,,2.0000,1,1,2397,2172,4793,4794,,000001883,2022-11-28 15:48:20,2022-11-28 15:48:20,[],,,
1884,1,,1.0000,1,1,2398,2172,4795,4796,,000001884,2022-11-28 15:50:11,2022-11-28 15:50:13,[],,,
1885,1,,1.0000,1,1,2396,2172,4791,4792,,000001885,2022-11-28 15:50:14,2022-11-28 15:50:14,[],,,
1886,1,,1.0000,1,1,2395,2172,4789,4790,,000001886,2022-11-28 15:50:15,2022-11-28 15:50:15,[],,,
1887,1,,1.0000,1,1,2408,2172,4815,4816,,000001887,2022-11-29 13:58:10,2022-11-29 13:58:11,[],,,
1888,1,,2.0000,1,1,2407,2172,4813,4814,,000001888,2022-11-29 13:58:12,2022-11-29 13:58:13,[],,,
1889,1,,1.0000,1,1,2406,2172,4811,4812,,000001889,2022-11-29 14:00:27,2022-11-29 14:00:29,[],,,
1890,1,,1.0000,1,1,2404,2172,4807,4808,,000001890,2022-11-29 14:00:33,2022-11-29 14:00:33,[],,,
1891,1,,1.0000,1,1,2403,2172,4805,4806,,000001891,2022-11-29 14:00:35,2022-11-29 14:00:35,[],,,
1892,1,,1.0000,1,1,2402,2172,4803,4804,,000001892,2022-11-29 14:00:36,2022-11-29 14:00:36,[],,,
1893,1,,2.0000,1,1,2405,2151,4809,4810,,000001893,2022-11-29 14:00:41,2022-11-29 14:00:42,[],,,
1894,1,,3.0000,1,1,2401,2151,4801,4802,,000001894,2022-11-29 14:02:11,2022-11-29 14:02:13,[],,,
1895,1,,2.0000,1,1,2400,2151,4799,4800,,000001895,2022-11-29 14:02:19,2022-11-29 14:02:19,[],,,
1896,1,,1.0000,1,1,2409,2172,4817,4818,,000001896,2022-11-29 15:40:24,2022-11-29 15:40:26,[],,,
1897,1,,1.0000,1,1,2412,2172,4823,4824,,000001897,2022-11-29 15:42:12,2022-11-29 15:42:15,[],,,
1898,1,,1.0000,1,1,2411,2172,4821,4822,,000001898,2022-11-29 15:42:18,2022-11-29 15:42:18,[],,,
1899,1,,2.0000,1,1,2410,2172,4819,4820,,000001899,2022-11-29 15:42:19,2022-11-29 15:42:19,[],,,
1900,1,,1.0000,1,1,2413,2172,4825,4826,,000001900,2022-11-29 15:42:20,2022-11-29 15:42:21,[],,,
1901,1,,1.0000,1,1,2414,2151,4827,4828,,000001901,2022-11-29 16:36:12,2022-11-29 16:36:14,[],,,
1902,1,,4.0000,1,1,2418,1654,4835,4836,,000001902,2022-12-01 12:38:09,2022-12-01 12:38:12,[],,,
1903,1,,1.0000,1,1,2429,2172,4857,4858,,000001903,2022-12-01 12:46:10,2022-12-01 12:46:11,[],,,
1904,1,,1.0000,1,1,2430,2172,4859,4860,,000001904,2022-12-01 12:46:12,2022-12-01 12:46:13,[],,,
1905,1,,1.0000,1,1,2421,2172,4841,4842,,000001905,2022-12-01 12:46:15,2022-12-01 12:46:15,[],,,
1906,1,,1.0000,1,1,2420,2172,4839,4840,,000001906,2022-12-01 12:46:16,2022-12-01 12:46:16,[],,,
1907,1,,1.0000,1,1,2419,2172,4837,4838,,000001907,2022-12-01 12:46:18,2022-12-01 12:46:18,[],,,
1908,1,,2.0000,1,1,2423,2172,4845,4846,,000001908,2022-12-01 12:48:10,2022-12-01 12:48:11,[],,,
1909,1,,1.0000,1,1,2426,2172,4851,4852,,000001909,2022-12-01 12:48:12,2022-12-01 12:48:13,[],,,
1910,1,,2.0000,1,1,2425,2172,4849,4850,,000001910,2022-12-01 12:48:14,2022-12-01 12:48:14,[],,,
1911,1,,1.0000,1,1,2428,2172,4855,4856,,000001911,2022-12-01 12:48:15,2022-12-01 12:48:16,[],,,
1912,1,,1.0000,1,1,2424,2172,4847,4848,,000001912,2022-12-01 12:48:16,2022-12-01 12:48:17,[],,,
1913,1,,1.0000,1,1,2427,2172,4853,4854,,000001913,2022-12-01 12:48:18,2022-12-01 12:48:18,[],,,
1914,1,,1.0000,1,1,2417,2151,4833,4834,,000001914,2022-12-01 12:50:12,2022-12-01 12:50:16,[],,,
1915,1,,2.0000,1,1,2416,2151,4831,4832,,000001915,2022-12-01 12:50:18,2022-12-01 12:50:18,[],,,
1916,1,,1.0000,1,1,2415,2151,4829,4830,,000001916,2022-12-01 12:50:20,2022-12-01 12:50:20,[],,,
1917,1,,1.0000,1,1,2435,2151,4869,4870,,000001917,2022-12-01 14:22:10,2022-12-01 14:22:12,[],,,
1918,1,,1.0000,1,1,2436,2151,4871,4872,,000001918,2022-12-01 14:22:14,2022-12-01 14:22:14,[],,,
1919,1,,1.0000,1,1,2433,2151,4865,4866,,000001919,2022-12-01 14:22:16,2022-12-01 14:22:16,[],,,
1920,1,,1.0000,1,1,2431,2151,4861,4862,,000001920,2022-12-01 14:22:18,2022-12-01 14:22:18,[],,,
1921,1,,1.0000,1,1,2432,2151,4863,4864,,000001921,2022-12-01 14:22:22,2022-12-01 14:22:22,[],,,
1922,1,,1.0000,1,1,2434,2151,4867,4868,,000001922,2022-12-01 14:24:21,2022-12-01 14:24:25,[],,,
1923,1,,1.0000,1,1,2443,2172,4885,4886,,000001923,2022-12-01 16:10:13,2022-12-01 16:10:15,[],,,
1924,1,,2.0000,1,1,2442,2172,4883,4884,,000001924,2022-12-01 16:10:16,2022-12-01 16:10:16,[],,,
1925,1,,1.0000,1,1,2440,2172,4879,4880,,000001925,2022-12-01 16:10:17,2022-12-01 16:10:17,[],,,
1926,1,,1.0000,1,1,2441,2172,4881,4882,,000001926,2022-12-01 16:10:18,2022-12-01 16:10:18,[],,,
1927,1,,1.0000,1,1,2438,2172,4875,4876,,000001927,2022-12-01 16:10:19,2022-12-01 16:10:20,[],,,
1928,1,,1.0000,1,1,2439,2172,4877,4878,,000001928,2022-12-01 16:10:20,2022-12-01 16:10:21,[],,,
1929,1,,1.0000,1,1,2445,2172,4889,4890,,000001929,2022-12-01 16:22:10,2022-12-01 16:22:13,[],,,
1930,1,,1.0000,1,1,2444,2172,4887,4888,,000001930,2022-12-01 16:22:14,2022-12-01 16:22:14,[],,,
1931,1,,1.0000,1,1,2446,2172,4891,4892,,000001931,2022-12-01 16:22:16,2022-12-01 16:22:17,[],,,
1932,1,,1.0000,1,1,2447,2172,4893,4894,,000001932,2022-12-01 16:30:19,2022-12-01 16:30:20,[],,,
1933,1,,1.0000,1,1,2437,2172,4873,4874,,000001933,2022-12-01 17:30:19,2022-12-01 17:30:24,[],,,
1934,1,,1.0000,1,1,2448,2151,4895,4896,,000001934,2022-12-02 12:46:10,2022-12-02 12:46:11,[],,,
1935,1,,1.0000,1,1,2449,2151,4897,4898,,000001935,2022-12-02 12:46:12,2022-12-02 12:46:13,[],,,
1936,1,,1.0000,1,1,2451,2151,4901,4902,,000001936,2022-12-02 13:30:16,2022-12-02 13:30:21,[],,,
1937,1,,1.0000,1,1,2450,2151,4899,4900,,000001937,2022-12-02 13:30:23,2022-12-02 13:30:23,[],,,
1938,1,,1.0000,1,1,2452,2172,4903,4904,,000001938,2022-12-02 13:44:24,2022-12-02 13:44:29,[],,,
1939,1,,1.0000,1,1,2453,2172,4905,4906,,000001939,2022-12-02 13:44:30,2022-12-02 13:44:30,[],,,
1940,1,,1.0000,1,1,2454,2172,4907,4908,,000001940,2022-12-02 14:12:15,2022-12-02 14:12:18,[],,,
1941,1,,1.0000,1,1,2469,2172,4937,4938,,000001941,2022-12-05 14:36:13,2022-12-05 14:36:15,[],,,
1942,1,,1.0000,1,1,2462,2172,4923,4924,,000001942,2022-12-05 14:36:16,2022-12-05 14:36:16,[],,,
1943,1,,1.0000,1,1,2466,2172,4931,4932,,000001943,2022-12-05 14:36:17,2022-12-05 14:36:17,[],,,
1944,1,,1.0000,1,1,2455,2172,4909,4910,,000001944,2022-12-05 14:36:18,2022-12-05 14:36:19,[],,,
1945,1,,2.0000,1,1,2459,2172,4917,4918,,000001945,2022-12-05 14:36:20,2022-12-05 14:36:20,[],,,
1946,1,,1.0000,1,1,2470,2172,4939,4940,,000001946,2022-12-05 14:36:21,2022-12-05 14:36:21,[],,,
1947,1,,1.0000,1,1,2457,2172,4913,4914,,000001947,2022-12-05 14:36:22,2022-12-05 14:36:22,[],,,
1948,1,,1.0000,1,1,2460,2172,4919,4920,,000001948,2022-12-05 14:36:23,2022-12-05 14:36:24,[],,,
1949,1,,1.0000,1,1,2456,2172,4911,4912,,000001949,2022-12-05 14:36:27,2022-12-05 14:36:27,[],,,
1950,1,,1.0000,1,1,2458,2172,4915,4916,,000001950,2022-12-05 14:38:09,2022-12-05 14:38:11,[],,,
1951,1,,1.0000,1,1,2468,2172,4935,4936,,000001951,2022-12-05 14:38:12,2022-12-05 14:38:12,[],,,
1952,1,,1.0000,1,1,2465,2172,4929,4930,,000001952,2022-12-05 14:38:13,2022-12-05 14:38:13,[],,,
1953,1,,3.0000,1,1,2464,2172,4927,4928,,000001953,2022-12-05 14:38:15,2022-12-05 14:38:15,[],,,
1954,1,,1.0000,1,1,2471,2151,4941,4942,,000001954,2022-12-05 14:40:11,2022-12-05 14:40:13,[],,,
1955,1,,1.0000,1,1,2467,2151,4933,4934,,000001955,2022-12-05 14:40:14,2022-12-05 14:40:14,[],,,
1956,1,,1.0000,1,1,2461,2151,4921,4922,,000001956,2022-12-05 14:40:15,2022-12-05 14:40:16,[],,,
1957,1,,1.0000,1,1,2472,2151,4943,4944,,000001957,2022-12-05 14:40:17,2022-12-05 14:40:17,[],,,
1958,1,,1.0000,1,1,2463,2151,4925,4926,,000001958,2022-12-05 14:40:19,2022-12-05 14:40:20,[],,,
1959,1,,1.0000,1,1,2474,2151,4947,4948,,000001959,2022-12-05 15:46:13,2022-12-05 15:46:15,[],,,
1960,1,,1.0000,1,1,2473,2151,4945,4946,,000001960,2022-12-05 15:46:16,2022-12-05 15:46:16,[],,,
1961,1,,1.0000,1,1,2475,2151,4949,4950,,000001961,2022-12-05 16:28:19,2022-12-05 16:28:20,[],,,
1962,1,,1.0000,1,1,2477,2172,4953,4954,,000001962,2022-12-06 11:10:16,2022-12-06 11:10:20,[],,,
1963,1,,1.0000,1,1,2476,2172,4951,4952,,000001963,2022-12-06 11:10:22,2022-12-06 11:10:22,[],,,
1964,1,,1.0000,1,1,2478,2151,4955,4956,,000001964,2022-12-06 11:10:24,2022-12-06 11:10:24,[],,,
1965,1,,1.0000,1,1,2480,2151,4959,4960,,000001965,2022-12-06 13:00:26,2022-12-06 13:00:32,[],,,
1966,1,,1.0000,1,1,2483,2151,4965,4966,,000001966,2022-12-06 13:00:34,2022-12-06 13:00:35,[],,,
1967,1,,1.0000,1,1,2479,2151,4957,4958,,000001967,2022-12-06 13:00:36,2022-12-06 13:00:37,[],,,
1968,1,,1.0000,1,1,2482,2151,4963,4964,,000001968,2022-12-06 13:04:10,2022-12-06 13:04:12,[],,,
1969,1,,1.0000,1,1,2481,2151,4961,4962,,000001969,2022-12-06 13:04:13,2022-12-06 13:04:13,[],,,
1970,1,,1.0000,1,1,2484,2151,4967,4968,,000001970,2022-12-06 16:10:11,2022-12-06 16:10:15,[],,,
1971,1,,1.0000,1,1,2485,2151,4969,4970,,000001971,2022-12-07 12:16:15,2022-12-07 12:16:17,[],,,
1972,1,,1.0000,1,1,2486,2172,4971,4972,,000001972,2022-12-07 12:28:11,2022-12-07 12:28:12,[],,,
1973,1,,1.0000,1,1,2487,2151,4973,4974,,000001973,2022-12-08 12:06:19,2022-12-08 12:06:21,[],,,
1974,1,,1.0000,1,1,2488,2151,4975,4976,,000001974,2022-12-08 12:38:15,2022-12-08 12:38:16,[],,,
1975,1,,1.0000,1,1,2489,2151,4977,4978,,000001975,2022-12-08 13:42:18,2022-12-08 13:42:20,[],,,
1976,1,,1.0000,1,1,2490,2151,4979,4980,,000001976,2022-12-12 09:30:25,2022-12-12 09:30:30,[],,,
1977,1,,1.0000,1,1,2491,2151,4981,4982,,000001977,2022-12-12 09:30:32,2022-12-12 09:30:32,[],,,
1978,1,,5.0000,1,1,2493,1654,4985,4986,,000001978,2022-12-12 12:14:14,2022-12-12 12:14:18,[],,,
1979,1,,1.0000,1,1,2492,2151,4983,4984,,000001979,2022-12-12 12:44:20,2022-12-12 12:44:22,[],,,
1980,1,,2.0000,1,1,2503,2151,5005,5006,,000001980,2022-12-12 13:30:20,2022-12-12 13:30:22,[],,,
1981,1,,1.0000,1,1,2504,2151,5007,5008,,000001981,2022-12-12 13:30:24,2022-12-12 13:30:24,[],,,
1982,1,,1.0000,1,1,2498,2151,4995,4996,,000001982,2022-12-12 13:30:27,2022-12-12 13:30:27,[],,,
1983,1,,1.0000,1,1,2500,2151,4999,5000,,000001983,2022-12-12 13:30:30,2022-12-12 13:30:31,[],,,
1984,1,,1.0000,1,1,2497,2151,4993,4994,,000001984,2022-12-12 13:32:13,2022-12-12 13:32:14,[],,,
1985,1,,1.0000,1,1,2495,2151,4989,4990,,000001985,2022-12-12 13:32:15,2022-12-12 13:32:16,[],,,
1986,1,,1.0000,1,1,2499,2151,4997,4998,,000001986,2022-12-12 13:32:18,2022-12-12 13:32:18,[],,,
1987,1,,1.0000,1,1,2496,2151,4991,4992,,000001987,2022-12-12 13:32:20,2022-12-12 13:32:20,[],,,
1988,1,,1.0000,1,1,2501,2151,5001,5002,,000001988,2022-12-12 13:32:22,2022-12-12 13:32:22,[],,,
1989,1,,1.0000,1,1,2494,2151,4987,4988,,000001989,2022-12-12 13:32:23,2022-12-12 13:32:23,[],,,
1990,1,,2.0000,1,1,2507,2151,5013,5014,,000001990,2022-12-12 14:04:18,2022-12-12 14:04:20,[],,,
1991,1,,1.0000,1,1,2506,2151,5011,5012,,000001991,2022-12-12 14:06:10,2022-12-12 14:06:12,[],,,
1992,1,,1.0000,1,1,2505,2151,5009,5010,,000001992,2022-12-12 14:06:13,2022-12-12 14:06:13,[],,,
1993,1,,1.0000,1,1,2508,1654,5015,5016,,000001993,2022-12-12 14:06:16,2022-12-12 14:06:17,[],,,
1994,1,,1.0000,1,1,2509,2151,5017,5018,,000001994,2022-12-12 15:40:23,2022-12-12 15:40:25,[],,,
1995,1,,1.0000,1,1,2511,2151,5021,5022,,000001995,2022-12-13 12:04:11,2022-12-13 12:04:15,[],,,
1996,1,,1.0000,1,1,2510,2151,5019,5020,,000001996,2022-12-13 12:04:16,2022-12-13 12:04:17,[],,,
1997,1,,1.0000,1,1,2512,2151,5023,5024,,000001997,2022-12-13 12:04:18,2022-12-13 12:04:19,[],,,
1998,1,,1.0000,1,1,2513,2151,5025,5026,,000001998,2022-12-13 12:04:20,2022-12-13 12:04:20,[],,,
1999,1,,1.0000,1,1,2514,2151,5027,5028,,000001999,2022-12-13 16:16:19,2022-12-13 16:16:26,[],,,
2000,1,,6.0000,1,1,2517,2151,5033,5034,,000002000,2022-12-14 11:52:19,2022-12-14 11:52:20,[],,,
2001,1,,1.0000,1,1,2516,2151,5031,5032,,000002001,2022-12-15 09:26:15,2022-12-15 09:26:17,[],,,
2002,1,,4.0000,1,1,2515,1654,5029,5030,,000002002,2022-12-15 09:30:22,2022-12-15 09:30:24,[],,,
2003,1,,2.0000,1,1,2522,2151,5043,5044,,000002003,2022-12-15 12:18:25,2022-12-15 12:18:26,[],,,
2004,1,,1.0000,1,1,2520,2151,5039,5040,,000002004,2022-12-15 12:18:28,2022-12-15 12:18:28,[],,,
2005,1,,1.0000,1,1,2521,2151,5041,5042,,000002005,2022-12-15 12:18:30,2022-12-15 12:18:30,[],,,
2006,1,,1.0000,1,1,2518,2151,5035,5036,,000002006,2022-12-15 12:20:22,2022-12-15 12:20:24,[],,,
2007,1,,1.0000,1,1,2523,2151,5045,5046,,000002007,2022-12-15 13:04:23,2022-12-15 13:04:27,[],,,
2008,1,,1.0000,1,1,2524,2151,5047,5048,,000002008,2022-12-15 17:32:13,2022-12-15 17:32:15,[],,,
2009,1,,1.0000,1,1,2525,2151,5049,5050,,000002009,2022-12-16 12:24:13,2022-12-16 12:24:16,[],,,
2010,1,,1.0000,1,1,2526,2151,5051,5052,,000002010,2022-12-16 13:10:13,2022-12-16 13:10:17,[],,,
2011,1,,1.0000,1,1,2528,2151,5055,5056,,000002011,2022-12-16 14:16:13,2022-12-16 14:16:15,[],,,
2012,1,,1.0000,1,1,2529,1654,5057,5058,,000002012,2022-12-19 11:36:13,2022-12-19 11:36:15,[],,,
2013,1,,1.0000,1,1,2531,2151,5061,5062,,000002013,2022-12-19 13:12:20,2022-12-19 13:12:24,[],,,
2014,1,,1.0000,1,1,2536,2151,5071,5072,,000002014,2022-12-19 13:12:26,2022-12-19 13:12:26,[],,,
2015,1,,1.0000,1,1,2535,2151,5069,5070,,000002015,2022-12-19 13:12:29,2022-12-19 13:12:29,[],,,
2016,1,,1.0000,1,1,2530,2151,5059,5060,,000002016,2022-12-19 13:12:30,2022-12-19 13:12:30,[],,,
2017,1,,1.0000,1,1,2538,2151,5075,5076,,000002017,2022-12-19 13:14:13,2022-12-19 13:14:18,[],,,
2018,1,,1.0000,1,1,2533,2151,5065,5066,,000002018,2022-12-19 13:14:19,2022-12-19 13:14:20,[],,,
2019,1,,1.0000,1,1,2534,2151,5067,5068,,000002019,2022-12-19 13:14:21,2022-12-19 13:14:22,[],,,
2020,1,,1.0000,1,1,2532,2151,5063,5064,,000002020,2022-12-19 13:14:24,2022-12-19 13:14:25,[],,,
2021,1,,2.0000,1,1,2541,2151,5081,5082,,000002021,2022-12-19 14:06:15,2022-12-19 14:06:16,[],,,
2022,1,,1.0000,1,1,2540,2151,5079,5080,,000002022,2022-12-19 14:06:18,2022-12-19 14:06:18,[],,,
2023,1,,1.0000,1,1,2539,2151,5077,5078,,000002023,2022-12-19 14:06:20,2022-12-19 14:06:20,[],,,
2024,1,,1.0000,1,1,2537,2151,5073,5074,,000002024,2022-12-19 14:06:21,2022-12-19 14:06:21,[],,,
2025,1,,1.0000,1,1,2542,2151,5083,5084,,000002025,2022-12-20 11:24:11,2022-12-20 11:24:13,[],,,
2026,1,,1.0000,1,1,2545,2151,5089,5090,,000002026,2022-12-20 11:24:14,2022-12-20 11:24:14,[],,,
2027,1,,1.0000,1,1,2544,2151,5087,5088,,000002027,2022-12-20 11:24:15,2022-12-20 11:24:16,[],,,
2028,1,,1.0000,1,1,2546,2151,5091,5092,,000002028,2022-12-20 11:24:17,2022-12-20 11:24:17,[],,,
2029,1,,1.0000,1,1,2547,1782,5093,5094,,000002029,2022-12-20 15:16:11,2022-12-20 15:16:13,[],,,
2030,1,,1.0000,1,1,2549,2151,5097,5098,,000002030,2022-12-21 11:40:12,2022-12-21 11:40:15,[],,,
2031,1,,1.0000,1,1,2550,2151,5099,5100,,000002031,2022-12-21 11:40:16,2022-12-21 11:40:17,[],,,
2032,1,,1.0000,1,1,2548,2151,5095,5096,,000002032,2022-12-21 11:40:18,2022-12-21 11:40:18,[],,,
2033,1,,1.0000,1,1,2551,2151,5101,5102,,000002033,2022-12-21 13:10:13,2022-12-21 13:10:14,[],,,
2034,1,,1.0000,1,1,2552,2151,5103,5104,,000002034,2022-12-22 12:06:17,2022-12-22 12:06:18,[],,,
2035,1,,1.0000,1,1,2554,2151,5107,5108,,000002035,2023-01-03 12:58:13,2023-01-03 12:58:15,[],,,
2036,1,,1.0000,1,1,2556,2151,5111,5112,,000002036,2023-01-03 13:54:12,2023-01-03 13:54:14,[],,,
2037,1,,1.0000,1,1,2561,2151,5121,5122,,000002037,2023-01-03 13:54:15,2023-01-03 13:54:15,[],,,
2038,1,,1.0000,1,1,2565,2151,5129,5130,,000002038,2023-01-03 13:54:19,2023-01-03 13:54:19,[],,,
2039,1,,2.0000,1,1,2559,2151,5117,5118,,000002039,2023-01-03 13:54:21,2023-01-03 13:54:21,[],,,
2040,1,,1.0000,1,1,2558,2151,5115,5116,,000002040,2023-01-03 13:56:14,2023-01-03 13:56:15,[],,,
2041,1,,1.0000,1,1,2562,2151,5123,5124,,000002041,2023-01-03 13:56:17,2023-01-03 13:56:17,[],,,
2042,1,,1.0000,1,1,2553,2151,5105,5106,,000002042,2023-01-03 13:56:23,2023-01-03 13:56:23,[],,,
2043,1,,1.0000,1,1,2564,2151,5127,5128,,000002043,2023-01-03 13:58:10,2023-01-03 13:58:12,[],,,
2044,1,,1.0000,1,1,2563,2151,5125,5126,,000002044,2023-01-03 13:58:13,2023-01-03 13:58:13,[],,,
2045,1,,1.0000,1,1,2560,1782,5119,5120,,000002045,2023-01-03 16:44:13,2023-01-03 16:44:15,[],,,
2046,1,,4.0000,1,1,2555,1654,5109,5110,,000002046,2023-01-03 16:52:12,2023-01-03 16:52:14,[],,,
2047,1,,7.0000,1,1,2570,2475,5139,5140,,000002047,2023-01-04 15:02:14,2023-01-04 15:02:15,[],,,
2048,1,,1.0000,1,1,2571,2151,5141,5142,,000002048,2023-01-04 15:56:17,2023-01-04 15:56:19,[],,,
2049,1,,1.0000,1,1,2567,2151,5133,5134,,000002049,2023-01-04 15:56:23,2023-01-04 15:56:23,[],,,
2050,1,,1.0000,1,1,2569,2151,5137,5138,,000002050,2023-01-04 15:56:25,2023-01-04 15:56:25,[],,,
2051,1,,1.0000,1,1,2568,2151,5135,5136,,000002051,2023-01-04 15:56:27,2023-01-04 15:56:27,[],,,
2052,1,,13.0000,1,1,2573,2049,5145,5146,,000002052,2023-01-06 14:08:11,2023-01-06 14:08:14,[],,,
2053,1,,1.0000,1,1,2574,2151,5147,5148,,000002053,2023-01-06 14:34:15,2023-01-06 14:34:17,[],,,
2054,1,,1.0000,1,1,2572,2151,5143,5144,,000002054,2023-01-06 14:34:18,2023-01-06 14:34:19,[],,,
2055,1,,2.0000,1,1,2577,2151,5153,5154,,000002055,2023-01-06 14:34:20,2023-01-06 14:34:21,[],,,
2056,1,,1.0000,1,1,2575,2151,5149,5150,,000002056,2023-01-06 14:34:22,2023-01-06 14:34:23,[],,,
2057,1,,1.0000,1,1,2578,2151,5155,5156,,000002057,2023-01-06 14:34:24,2023-01-06 14:34:25,[],,,
2058,1,,2.0000,1,1,2582,2151,5163,5164,,000002058,2023-01-10 11:54:14,2023-01-10 11:54:18,[],,,
2059,1,,1.0000,1,1,2581,2151,5161,5162,,000002059,2023-01-10 11:54:19,2023-01-10 11:54:20,[],,,
2060,1,,1.0000,1,1,2580,2151,5159,5160,,000002060,2023-01-10 11:54:21,2023-01-10 11:54:21,[],,,
2061,1,,1.0000,1,1,2583,2151,5165,5166,,000002061,2023-01-10 15:04:14,2023-01-10 15:04:16,[],,,
2062,1,,1.0000,1,1,2584,2151,5167,5168,,000002062,2023-01-10 15:28:14,2023-01-10 15:28:15,[],,,
2063,1,,5.0000,1,1,2585,1654,5169,5170,,000002063,2023-01-10 15:52:16,2023-01-10 15:52:18,[],,,
2064,1,,1.0000,1,1,2586,2151,5171,5172,,000002064,2023-01-11 12:16:15,2023-01-11 12:16:17,[],,,
2065,1,,1.0000,1,1,2587,2151,5173,5174,,000002065,2023-01-12 12:04:12,2023-01-12 12:04:14,[],,,
2066,1,,1.0000,1,1,2588,2151,5175,5176,,000002066,2023-01-12 12:04:15,2023-01-12 12:04:15,[],,,
2067,1,,1.0000,1,1,2589,2151,5177,5178,,000002067,2023-01-12 13:28:15,2023-01-12 13:28:17,[],,,
2068,1,,1.0000,1,1,2590,2151,5179,5180,,000002068,2023-01-13 12:44:15,2023-01-13 12:44:17,[],,,
2069,1,,1.0000,1,1,2591,2151,5181,5182,,000002069,2023-01-13 15:24:12,2023-01-13 15:24:15,[],,,
2070,1,,11.0000,1,1,2592,1654,5183,5184,,000002070,2023-01-16 09:20:17,2023-01-16 09:20:20,[],,,
2071,1,,1.0000,1,1,2593,2151,5185,5186,,000002071,2023-01-16 13:14:17,2023-01-16 13:14:18,[],,,
2072,1,,1.0000,1,1,2594,2151,5187,5188,,000002072,2023-01-16 13:14:20,2023-01-16 13:14:20,[],,,
2073,1,,1.0000,1,1,2598,2151,5195,5196,,000002073,2023-01-16 13:14:22,2023-01-16 13:14:22,[],,,
2074,1,,1.0000,1,1,2597,2151,5193,5194,,000002074,2023-01-16 13:14:23,2023-01-16 13:14:24,[],,,
2075,1,,1.0000,1,1,2596,2151,5191,5192,,000002075,2023-01-16 13:14:25,2023-01-16 13:14:25,[],,,
2076,1,,1.0000,1,1,2595,2151,5189,5190,,000002076,2023-01-16 13:14:27,2023-01-16 13:14:27,[],,,
2077,1,,1.0000,1,1,2599,2151,5197,5198,,000002077,2023-01-16 14:10:14,2023-01-16 14:10:15,[],,,
2078,1,,1.0000,1,1,2600,2151,5199,5200,,000002078,2023-01-16 14:10:17,2023-01-16 14:10:17,[],,,
2079,1,,1.0000,1,1,2602,2151,5203,5204,,000002079,2023-01-17 13:26:16,2023-01-17 13:26:18,[],,,
2080,1,,1.0000,1,1,2603,2151,5205,5206,,000002080,2023-01-17 13:28:13,2023-01-17 13:28:14,[],,,
2081,1,,1.0000,1,1,2604,2151,5207,5208,,000002081,2023-01-17 13:28:16,2023-01-17 13:28:16,[],,,
2082,1,,1.0000,1,1,2601,2151,5201,5202,,000002082,2023-01-17 13:28:18,2023-01-17 13:28:18,[],,,
2083,1,,2.0000,1,1,2605,1654,5209,5210,,000002083,2023-01-17 13:28:21,2023-01-17 13:28:21,[],,,
2084,1,,1.0000,1,1,2606,2151,5211,5212,,000002084,2023-01-18 12:32:18,2023-01-18 12:32:19,[],,,
2085,1,,1.0000,1,1,2608,2151,5215,5216,,000002085,2023-01-18 12:34:12,2023-01-18 12:34:20,[],,,
2086,1,,1.0000,1,1,2607,2151,5213,5214,,000002086,2023-01-18 12:34:22,2023-01-18 12:34:22,[],,,
2087,1,,1.0000,1,1,2609,1654,5217,5218,,000002087,2023-01-18 13:38:12,2023-01-18 13:38:14,[],,,
2088,1,,1.0000,1,1,2610,2151,5219,5220,,000002088,2023-01-19 10:50:12,2023-01-19 10:50:17,[],,,
2089,1,,1.0000,1,1,2612,2151,5223,5224,,000002089,2023-01-19 12:08:19,2023-01-19 12:08:21,[],,,
2090,1,,1.0000,1,1,2611,2151,5221,5222,,000002090,2023-01-19 12:08:22,2023-01-19 12:08:22,[],,,
2091,1,,1.0000,1,1,2613,2151,5225,5226,,000002091,2023-01-20 12:56:17,2023-01-20 12:56:19,[],,,
2092,1,,1.0000,1,1,2615,2151,5229,5230,,000002092,2023-01-20 12:56:22,2023-01-20 12:56:22,[],,,
2093,1,,1.0000,1,1,2614,2151,5227,5228,,000002093,2023-01-20 12:58:12,2023-01-20 12:58:14,[],,,
2094,1,,1.0000,1,1,2616,2151,5231,5232,,000002094,2023-01-20 13:28:21,2023-01-20 13:28:23,[],,,
2095,1,,4.0000,1,1,2618,1654,5235,5236,,000002095,2023-01-23 11:14:11,2023-01-23 11:14:13,[],,,
2096,1,,4.0000,1,1,2621,1654,5241,5242,,000002096,2023-01-23 11:14:15,2023-01-23 11:14:15,[],,,
2097,1,,1.0000,1,1,2619,2151,5237,5238,,000002097,2023-01-23 11:32:17,2023-01-23 11:32:18,[],,,
2098,1,,1.0000,1,1,2622,1654,5243,5244,,000002098,2023-01-23 12:16:19,2023-01-23 12:16:20,[],,,
2099,1,,4.0000,1,1,2623,2151,5245,5246,,000002099,2023-01-23 12:46:12,2023-01-23 12:46:16,[],,,
2100,1,,1.0000,1,1,2624,2151,5247,5248,,000002100,2023-01-23 12:52:15,2023-01-23 12:52:16,[],,,
2101,1,,1.0000,1,1,2626,2151,5251,5252,,000002101,2023-01-23 13:12:18,2023-01-23 13:12:22,[],,,
2102,1,,1.0000,1,1,2627,2151,5253,5254,,000002102,2023-01-23 13:12:24,2023-01-23 13:12:25,[],,,
2103,1,,1.0000,1,1,2625,2151,5249,5250,,000002103,2023-01-23 13:12:26,2023-01-23 13:12:26,[],,,
2104,1,,1.0000,1,1,2629,2151,5257,5258,,000002104,2023-01-24 12:04:13,2023-01-24 12:04:15,[],,,
2105,1,,1.0000,1,1,2628,2151,5255,5256,,000002105,2023-01-24 12:04:17,2023-01-24 12:04:18,[],,,
2106,1,,4.0000,1,1,2630,1654,5259,5260,,000002106,2023-01-24 12:56:18,2023-01-24 12:56:20,[],,,
2107,1,,1.0000,1,1,2632,2151,5263,5264,,000002107,2023-01-25 13:30:12,2023-01-25 13:30:14,[],,,
2108,1,,1.0000,1,1,2635,2151,5269,5270,,000002108,2023-01-25 13:30:15,2023-01-25 13:30:16,[],,,
2109,1,,1.0000,1,1,2633,2151,5265,5266,,000002109,2023-01-25 13:30:17,2023-01-25 13:30:17,[],,,
2110,1,,1.0000,1,1,2634,2151,5267,5268,,000002110,2023-01-25 13:30:19,2023-01-25 13:30:19,[],,,
2111,1,,2.0000,1,1,2631,2151,5261,5262,,000002111,2023-01-25 13:30:20,2023-01-25 13:30:21,[],,,
2112,1,,1.0000,1,1,2636,2151,5271,5272,,000002112,2023-01-26 10:40:18,2023-01-26 10:40:20,[],,,
2113,1,,1.0000,1,1,2637,2151,5273,5274,,000002113,2023-01-26 12:22:19,2023-01-26 12:22:20,[],,,
2114,1,,1.0000,1,1,2639,2151,5277,5278,,000002114,2023-01-26 12:38:12,2023-01-26 12:38:13,[],,,
2115,1,,1.0000,1,1,2638,2151,5275,5276,,000002115,2023-01-26 12:38:14,2023-01-26 12:38:15,[],,,
2116,1,,10.0000,1,1,2640,1654,5279,5280,,000002116,2023-01-27 10:00:24,2023-01-27 10:00:26,[],,,
2117,1,,1.0000,1,1,2643,2151,5285,5286,,000002117,2023-01-27 13:04:16,2023-01-27 13:04:20,[],,,
2118,1,,1.0000,1,1,2642,2151,5283,5284,,000002118,2023-01-27 13:06:12,2023-01-27 13:06:15,[],,,
2119,1,,1.0000,1,1,2644,2151,5287,5288,,000002119,2023-01-30 14:58:18,2023-01-30 14:58:20,[],,,
2120,1,,1.0000,1,1,2645,2151,5289,5290,,000002120,2023-01-30 15:08:18,2023-01-30 15:08:19,[],,,
2121,1,,1.0000,1,1,2647,2151,5293,5294,,000002121,2023-01-30 15:22:22,2023-01-30 15:22:24,[],,,
2122,1,,1.0000,1,1,2646,2151,5291,5292,,000002122,2023-01-30 15:22:25,2023-01-30 15:22:25,[],,,
2123,1,,1.0000,1,1,2649,2151,5297,5298,,000002123,2023-01-30 15:32:15,2023-01-30 15:32:16,[],,,
2124,1,,1.0000,1,1,2648,2151,5295,5296,,000002124,2023-01-30 15:32:18,2023-01-30 15:32:18,[],,,
2125,1,,2.0000,1,1,2620,2151,5239,5240,,000002125,2023-01-31 11:10:14,2023-01-31 11:10:16,[],,,
2126,1,,1.0000,1,1,2617,2151,5233,5234,,000002126,2023-01-31 11:10:17,2023-01-31 11:10:18,[],,,
2127,1,,1.0000,1,1,2557,2151,5113,5114,,000002127,2023-01-31 11:10:19,2023-01-31 11:10:19,[],,,
2128,1,,1.0000,1,1,2543,2151,5085,5086,,000002128,2023-01-31 11:12:17,2023-01-31 11:12:19,[],,,
2129,1,,4.0000,1,1,2566,2151,5131,5132,,000002129,2023-01-31 11:12:20,2023-01-31 11:12:21,[],,,
2130,1,,1.0000,1,1,2641,2151,5281,5282,,000002130,2023-01-31 11:12:22,2023-01-31 11:12:22,[],,,
2131,1,,2.0000,1,1,2576,2151,5151,5152,,000002131,2023-01-31 11:12:24,2023-01-31 11:12:24,[],,,
2132,1,,1.0000,1,1,2650,2151,5299,5300,,000002132,2023-01-31 12:22:16,2023-01-31 12:22:18,[],,,
2133,1,,1.0000,1,1,2652,2151,5303,5304,,000002133,2023-01-31 12:22:19,2023-01-31 12:22:20,[],,,
2134,1,,1.0000,1,1,2651,2151,5301,5302,,000002134,2023-01-31 12:22:21,2023-01-31 12:22:22,[],,,
2135,1,,1.0000,1,1,2656,2151,5311,5312,,000002135,2023-02-01 12:26:16,2023-02-01 12:26:18,[],,,
2136,1,,1.0000,1,1,2653,2151,5305,5306,,000002136,2023-02-01 12:26:19,2023-02-01 12:26:20,[],,,
2137,1,,1.0000,1,1,2654,2151,5307,5308,,000002137,2023-02-01 12:26:21,2023-02-01 12:26:21,[],,,
2138,1,,1.0000,1,1,2657,2151,5313,5314,,000002138,2023-02-01 12:26:23,2023-02-01 12:26:23,[],,,
2139,1,,1.0000,1,1,2658,2151,5315,5316,,000002139,2023-02-01 12:28:12,2023-02-01 12:28:15,[],,,
2140,1,,1.0000,1,1,2655,2151,5309,5310,,000002140,2023-02-01 12:28:17,2023-02-01 12:28:18,[],,,
2141,1,,1.0000,1,1,2659,2151,5317,5318,,000002141,2023-02-02 12:08:19,2023-02-02 12:08:23,[],,,
2142,1,,1.0000,1,1,2660,2151,5319,5320,,000002142,2023-02-02 12:08:24,2023-02-02 12:08:25,[],,,
2143,1,,1.0000,1,1,2661,2151,5321,5322,,000002143,2023-02-03 12:32:13,2023-02-03 12:32:15,[],,,
2144,1,,19.0000,1,1,2662,1654,5323,5324,,000002144,2023-02-06 09:52:12,2023-02-06 09:52:14,[],,,
2145,1,,2.0000,1,1,2663,2151,5325,5326,,000002145,2023-02-06 13:36:22,2023-02-06 13:36:24,[],,,
2146,1,,1.0000,1,1,2664,2151,5327,5328,,000002146,2023-02-06 13:42:16,2023-02-06 13:42:20,[],,,
2147,1,,1.0000,1,1,2665,2151,5329,5330,,000002147,2023-02-06 13:42:22,2023-02-06 13:42:22,[],,,
2148,1,,1.0000,1,1,2666,2151,5331,5332,,000002148,2023-02-06 14:04:13,2023-02-06 14:04:24,[],,,
2149,1,,2.0000,1,1,2668,2151,5335,5336,,000002149,2023-02-07 13:00:22,2023-02-07 13:00:24,[],,,
2150,1,,1.0000,1,1,2670,2151,5339,5340,,000002150,2023-02-08 12:04:14,2023-02-08 12:04:16,[],,,
2151,1,,1.0000,1,1,2669,2151,5337,5338,,000002151,2023-02-08 12:04:17,2023-02-08 12:04:18,[],,,
2152,1,,5.0000,1,1,2671,2151,5341,5342,,000002152,2023-02-08 12:36:12,2023-02-08 12:36:14,[],,,
2153,1,,1.0000,1,1,2673,2151,5345,5346,,000002153,2023-02-09 11:52:13,2023-02-09 11:52:17,[],,,
2154,1,,1.0000,1,1,2672,2151,5343,5344,,000002154,2023-02-09 11:52:19,2023-02-09 11:52:19,[],,,
2155,1,,1.0000,1,1,2674,2151,5347,5348,,000002155,2023-02-09 12:02:10,2023-02-09 12:02:12,[],,,
2156,1,,1.0000,1,1,2675,2151,5349,5350,,000002156,2023-02-09 12:48:18,2023-02-09 12:48:24,[],,,
2157,1,,1.0000,1,1,2677,2151,5353,5354,,000002157,2023-02-09 12:48:25,2023-02-09 12:48:25,[],,,
2158,1,,1.0000,1,1,2676,2151,5351,5352,,000002158,2023-02-09 12:48:26,2023-02-09 12:48:27,[],,,
2159,1,,1.0000,1,1,2678,2151,5355,5356,,000002159,2023-02-10 12:38:12,2023-02-10 12:38:13,[],,,
2160,1,,1.0000,1,1,2680,2151,5359,5360,,000002160,2023-02-14 13:12:20,2023-02-14 13:12:23,[],,,
2161,1,,1.0000,1,1,2681,2151,5361,5362,,000002161,2023-02-15 12:18:13,2023-02-15 12:18:15,[],,,
2162,1,,1.0000,1,1,2682,1654,5363,5364,,000002162,2023-02-15 14:06:11,2023-02-15 14:06:13,[],,,
2163,1,,2.0000,1,1,2683,2151,5365,5366,,000002163,2023-02-16 13:00:18,2023-02-16 13:00:20,[],,,
2164,1,,1.0000,1,1,2684,2151,5367,5368,,000002164,2023-02-16 13:46:17,2023-02-16 13:46:18,[],,,
2165,1,,2.0000,1,1,2686,2151,5371,5372,,000002165,2023-02-17 14:08:14,2023-02-17 14:08:16,[],,,
2166,1,,11.0000,1,1,2688,1654,5375,5376,,000002166,2023-02-20 09:28:11,2023-02-20 09:28:13,[],,,
2167,1,,10.0000,1,1,2687,2475,5373,5374,,000002167,2023-02-20 09:28:15,2023-02-20 09:28:15,[],,,
2168,1,,1.0000,1,1,2689,2151,5377,5378,,000002168,2023-02-20 15:02:15,2023-02-20 15:02:16,[],,,
2169,1,,1.0000,1,1,2690,2151,5379,5380,,000002169,2023-02-20 15:02:19,2023-02-20 15:02:19,[],,,
2170,1,,1.0000,1,1,2691,2151,5381,5382,,000002170,2023-02-20 15:04:12,2023-02-20 15:04:14,[],,,
2171,1,,1.0000,1,1,2693,2151,5385,5386,,000002171,2023-02-20 15:44:11,2023-02-20 15:44:13,[],,,
2172,1,,1.0000,1,1,2695,2151,5389,5390,,000002172,2023-02-20 15:44:14,2023-02-20 15:44:14,[],,,
2173,1,,1.0000,1,1,2692,2151,5383,5384,,000002173,2023-02-20 15:46:10,2023-02-20 15:46:12,[],,,
2174,1,,1.0000,1,1,2696,2151,5391,5392,,000002174,2023-02-20 15:46:13,2023-02-20 15:46:13,[],,,
2175,1,,1.0000,1,1,2697,2151,5393,5394,,000002175,2023-02-20 16:14:12,2023-02-20 16:14:14,[],,,
2176,1,,1.0000,1,1,2699,2151,5397,5398,,000002176,2023-02-20 16:14:15,2023-02-20 16:14:15,[],,,
2177,1,,1.0000,1,1,2698,2151,5395,5396,,000002177,2023-02-20 16:14:17,2023-02-20 16:14:18,[],,,
2178,1,,1.0000,1,1,2700,2151,5399,5400,,000002178,2023-02-21 12:16:15,2023-02-21 12:16:17,[],,,
2179,1,,1.0000,1,1,2701,2151,5401,5402,,000002179,2023-02-21 12:16:18,2023-02-21 12:16:18,[],,,
2180,1,,2.0000,1,1,2702,2151,5403,5404,,000002180,2023-02-21 15:12:16,2023-02-21 15:12:17,[],,,
2181,1,,1.0000,1,1,2703,1782,5405,5406,,000002181,2023-02-22 10:00:14,2023-02-22 10:00:17,[],,,
2182,1,,4.0000,1,1,2704,2151,5407,5408,,000002182,2023-02-22 11:32:12,2023-02-22 11:32:14,[],,,
2183,1,,1.0000,1,1,2705,2151,5409,5410,,000002183,2023-02-22 16:10:11,2023-02-22 16:10:13,[],,,
2184,1,,1.0000,1,1,2706,2151,5411,5412,,000002184,2023-02-23 13:58:19,2023-02-23 13:58:20,[],,,
2185,1,,2.0000,1,1,2707,2151,5413,5414,,000002185,2023-02-23 14:56:17,2023-02-23 14:56:19,[],,,
2186,1,,1.0000,1,1,2708,2151,5415,5416,,000002186,2023-02-23 14:58:10,2023-02-23 14:58:11,[],,,
2187,1,,1.0000,1,1,2709,2502,5417,5418,,000002187,2023-02-23 16:00:17,2023-02-23 16:00:18,[],,,
2188,1,,1.0000,1,1,2711,2151,5421,5422,,000002188,2023-02-24 11:52:16,2023-02-24 11:52:18,[],,,
2189,1,,1.0000,1,1,2712,2151,5423,5424,,000002189,2023-02-24 11:52:19,2023-02-24 11:52:20,[],,,
2190,1,,2.0000,1,1,2713,1782,5425,5426,,000002190,2023-02-24 13:28:12,2023-02-24 13:28:13,[],,,
2191,1,,1.0000,1,1,2717,2151,5433,5434,,000002191,2023-02-27 12:26:10,2023-02-27 12:26:12,[],,,
2192,1,,1.0000,1,1,2715,2151,5429,5430,,000002192,2023-02-27 12:26:13,2023-02-27 12:26:13,[],,,
2193,1,,1.0000,1,1,2716,2151,5431,5432,,000002193,2023-02-27 12:26:14,2023-02-27 12:26:14,[],,,
2194,1,,8.0000,1,1,2714,2502,5427,5428,,000002194,2023-02-27 13:18:09,2023-02-27 13:18:11,[],,,
2195,1,,1.0000,1,1,2719,2151,5437,5438,,000002195,2023-02-27 13:22:10,2023-02-27 13:22:12,[],,,
2196,1,,1.0000,1,1,2718,2151,5435,5436,,000002196,2023-02-27 13:22:13,2023-02-27 13:22:14,[],,,
2197,1,,1.0000,1,1,2720,2151,5439,5440,,000002197,2023-02-27 13:22:15,2023-02-27 13:22:15,[],,,
2198,1,,3.0000,1,1,2723,2151,5445,5446,,000002198,2023-02-27 13:54:12,2023-02-27 13:54:13,[],,,
2199,1,,1.0000,1,1,2724,2151,5447,5448,,000002199,2023-02-27 13:54:14,2023-02-27 13:54:14,[],,,
2200,1,,2.0000,1,1,2722,2151,5443,5444,,000002200,2023-02-27 13:54:15,2023-02-27 13:54:16,[],,,
2201,1,,1.0000,1,1,2721,2151,5441,5442,,000002201,2023-02-27 13:54:17,2023-02-27 13:54:17,[],,,
2202,1,,1.0000,1,1,2725,2151,5449,5450,,000002202,2023-03-01 10:24:20,2023-03-01 10:24:22,[],,,
2203,1,,1.0000,1,1,2726,2151,5451,5452,,000002203,2023-03-01 10:24:23,2023-03-01 10:24:23,[],,,
2204,1,,2.0000,1,1,2667,2151,5333,5334,,000002204,2023-03-02 11:54:18,2023-03-02 11:54:19,[],,,
2205,1,,1.0000,1,1,2728,2151,5455,5456,,000002205,2023-03-02 12:40:15,2023-03-02 12:40:19,[],,,
2206,1,,1.0000,1,1,2729,2151,5457,5458,,000002206,2023-03-02 13:10:14,2023-03-02 13:10:16,[],,,
2207,1,,1.0000,1,1,2730,2151,5459,5460,,000002207,2023-03-02 13:44:14,2023-03-02 13:44:15,[],,,
2208,1,,1.0000,1,1,2731,2151,5461,5462,,000002208,2023-03-03 13:42:14,2023-03-03 13:42:16,[],,,
2209,1,,2.0000,1,1,2732,2151,5463,5464,,000002209,2023-03-03 13:42:17,2023-03-03 13:42:17,[],,,
2210,1,,1.0000,1,1,2733,1782,5465,5466,,000002210,2023-03-03 14:50:13,2023-03-03 14:50:14,[],,,
2211,1,,1.0000,1,1,2735,2151,5469,5470,,000002211,2023-03-06 13:34:11,2023-03-06 13:34:13,[],,,
2212,1,,1.0000,1,1,2734,2151,5467,5468,,000002212,2023-03-06 13:34:14,2023-03-06 13:34:14,[],,,
2213,1,,1.0000,1,1,2737,2151,5473,5474,,000002213,2023-03-06 13:44:14,2023-03-06 13:44:15,[],,,
2214,1,,1.0000,1,1,2736,2151,5471,5472,,000002214,2023-03-06 13:46:10,2023-03-06 13:46:13,[],,,
2215,1,,1.0000,1,1,2739,2151,5477,5478,,000002215,2023-03-06 14:10:14,2023-03-06 14:10:16,[],,,
2216,1,,1.0000,1,1,2738,2151,5475,5476,,000002216,2023-03-06 16:02:10,2023-03-06 16:02:12,[],,,
2217,1,,1.0000,1,1,2740,2151,5479,5480,,000002217,2023-03-07 12:46:13,2023-03-07 12:46:15,[],,,
2218,1,,1.0000,1,1,2741,2151,5481,5482,,000002218,2023-03-07 13:18:18,2023-03-07 13:18:19,[],,,
2219,1,,3.0000,1,1,2742,2151,5483,5484,,000002219,2023-03-09 13:04:12,2023-03-09 13:04:14,[],,,
2220,1,,1.0000,1,1,2743,2151,5485,5486,,000002220,2023-03-09 15:16:11,2023-03-09 15:16:13,[],,,
2221,1,,2.0000,1,1,2744,2151,5487,5488,,000002221,2023-03-13 13:10:12,2023-03-13 13:10:13,[],,,
2222,1,,1.0000,1,1,2747,2151,5493,5494,,000002222,2023-03-13 14:52:13,2023-03-13 14:52:14,[],,,
2223,1,,1.0000,1,1,2749,2151,5497,5498,,000002223,2023-03-13 14:52:15,2023-03-13 14:52:16,[],,,
2224,1,,1.0000,1,1,2748,2151,5495,5496,,000002224,2023-03-13 14:54:09,2023-03-13 14:54:11,[],,,
2225,1,,1.0000,1,1,2746,2151,5491,5492,,000002225,2023-03-13 14:54:12,2023-03-13 14:54:12,[],,,
2226,1,,1.0000,1,1,2750,2151,5499,5500,,000002226,2023-03-13 15:16:11,2023-03-13 15:16:12,[],,,
2227,1,,1.0000,1,1,2751,2151,5501,5502,,000002227,2023-03-13 15:16:14,2023-03-13 15:16:14,[],,,
2228,1,,1.0000,1,1,2752,1654,5503,5504,,000002228,2023-03-14 10:20:22,2023-03-14 10:20:24,[],,,
2229,1,,1.0000,1,1,2755,2151,5509,5510,,000002229,2023-03-14 12:56:12,2023-03-14 12:56:13,[],,,
2230,1,,1.0000,1,1,2754,2151,5507,5508,,000002230,2023-03-14 12:56:15,2023-03-14 12:56:15,[],,,
2231,1,,1.0000,1,1,2756,1654,5511,5512,,000002231,2023-03-14 12:56:16,2023-03-14 12:56:16,[],,,
2232,1,,1.0000,1,1,2757,2151,5513,5514,,000002232,2023-03-14 14:58:16,2023-03-14 14:58:19,[],,,
2233,1,,1.0000,1,1,2762,2151,5523,5524,,000002233,2023-03-15 12:40:15,2023-03-15 12:40:16,[],,,
2234,1,,1.0000,1,1,2763,2151,5525,5526,,000002234,2023-03-15 12:40:17,2023-03-15 12:40:18,[],,,
2235,1,,1.0000,1,1,2761,2151,5521,5522,,000002235,2023-03-15 12:40:19,2023-03-15 12:40:19,[],,,
2236,1,,1.0000,1,1,2759,2151,5517,5518,,000002236,2023-03-15 12:40:20,2023-03-15 12:40:20,[],,,
2237,1,,1.0000,1,1,2758,2151,5515,5516,,000002237,2023-03-15 12:40:21,2023-03-15 12:40:22,[],,,
2238,1,,1.0000,1,1,2760,2151,5519,5520,,000002238,2023-03-15 12:40:25,2023-03-15 12:40:25,[],,,
2239,1,,1.0000,1,1,2764,2151,5527,5528,,000002239,2023-03-16 11:40:18,2023-03-16 11:40:20,[],,,
2240,1,,1.0000,1,1,2765,2151,5529,5530,,000002240,2023-03-16 11:58:09,2023-03-16 11:58:11,[],,,
2241,1,,1.0000,1,1,2769,2151,5537,5538,,000002241,2023-03-20 13:56:22,2023-03-20 13:56:22,[],,,
2242,1,,1.0000,1,1,2771,2151,5541,5542,,000002242,2023-03-20 13:56:23,2023-03-20 13:56:23,[],,,
2243,1,,1.0000,1,1,2768,2151,5535,5536,,000002243,2023-03-20 13:58:09,2023-03-20 13:58:11,[],,,
2244,1,,1.0000,1,1,2767,2151,5533,5534,,000002244,2023-03-20 13:58:14,2023-03-20 13:58:14,[],,,
2245,1,,1.0000,1,1,2772,2151,5543,5544,,000002245,2023-03-20 13:58:15,2023-03-20 13:58:16,[],,,
2246,1,,2.0000,1,1,2766,1654,5531,5532,,000002246,2023-03-20 14:00:21,2023-03-20 14:00:23,[],,,
2247,1,,1.0000,1,1,2774,2151,5547,5548,,000002247,2023-03-20 15:12:14,2023-03-20 15:12:15,[],,,
2248,1,,1.0000,1,1,2773,2151,5545,5546,,000002248,2023-03-20 15:12:16,2023-03-20 15:12:16,[],,,
2249,1,,3.0000,1,1,2770,2502,5539,5540,,000002249,2023-03-20 15:14:12,2023-03-20 15:14:13,[],,,
2250,1,,2.0000,1,1,2775,2151,5549,5550,,000002250,2023-03-20 16:06:10,2023-03-20 16:06:11,[],,,
2251,1,,2.0000,1,1,2776,1654,5551,5552,,000002251,2023-03-21 13:40:17,2023-03-21 13:40:20,[],,,
2252,1,,8.0000,1,1,2777,2049,5553,5554,,000002252,2023-03-21 13:58:09,2023-03-21 13:58:11,[],,,
2253,1,,1.0000,1,1,2778,2151,5555,5556,,000002253,2023-03-22 12:04:27,2023-03-22 12:04:29,[],,,
2254,1,,1.0000,1,1,2781,2151,5561,5562,,000002254,2023-03-22 12:04:30,2023-03-22 12:04:31,[],,,
2255,1,,1.0000,1,1,2779,2151,5557,5558,,000002255,2023-03-22 12:04:32,2023-03-22 12:04:32,[],,,
2256,1,,1.0000,1,1,2780,2151,5559,5560,,000002256,2023-03-22 12:04:33,2023-03-22 12:04:33,[],,,
2257,1,,1.0000,1,1,2782,1654,5563,5564,,000002257,2023-03-22 13:34:11,2023-03-22 13:34:12,[],,,
2258,1,,2.0000,1,1,2783,2151,5565,5566,,000002258,2023-03-23 12:48:13,2023-03-23 12:48:15,[],,,
2259,1,,1.0000,1,1,2784,2151,5567,5568,,000002259,2023-03-23 15:28:14,2023-03-23 15:28:15,[],,,
2260,1,,2.0000,1,1,2785,2151,5569,5570,,000002260,2023-03-24 10:28:20,2023-03-24 10:28:22,[],,,
2261,1,,1.0000,1,1,2786,2151,5571,5572,,000002261,2023-03-24 10:28:23,2023-03-24 10:28:23,[],,,
2262,1,,1.0000,1,1,2788,2151,5575,5576,,000002262,2023-03-24 12:38:21,2023-03-24 12:38:23,[],,,
2263,1,,1.0000,1,1,2789,2151,5577,5578,,000002263,2023-03-24 12:38:24,2023-03-24 12:38:24,[],,,
2264,1,,1.0000,1,1,2787,2151,5573,5574,,000002264,2023-03-24 12:38:25,2023-03-24 12:38:26,[],,,
2265,1,,1.0000,1,1,2790,2151,5579,5580,,000002265,2023-03-24 12:38:27,2023-03-24 12:38:27,[],,,
2266,1,,1.0000,1,1,2792,2151,5583,5584,,000002266,2023-03-27 13:12:50,2023-03-27 13:12:52,[],,,
2267,1,,1.0000,1,1,2793,2151,5585,5586,,000002267,2023-03-27 13:12:54,2023-03-27 13:12:54,[],,,
2268,1,,1.0000,1,1,2794,2151,5587,5588,,000002268,2023-03-27 13:12:55,2023-03-27 13:12:55,[],,,
2269,1,,1.0000,1,1,2795,2151,5589,5590,,000002269,2023-03-27 13:12:56,2023-03-27 13:12:57,[],,,
2270,1,,1.0000,1,1,2796,2151,5591,5592,,000002270,2023-03-27 13:12:59,2023-03-27 13:12:59,[],,,
2271,1,,1.0000,1,1,2801,2151,5601,5602,,000002271,2023-03-28 13:32:09,2023-03-28 13:32:11,[],,,
2272,1,,1.0000,1,1,2797,2151,5593,5594,,000002272,2023-03-28 13:32:17,2023-03-28 13:32:18,[],,,
2273,1,,1.0000,1,1,2798,2151,5595,5596,,000002273,2023-03-28 13:32:19,2023-03-28 13:32:19,[],,,
2274,1,,1.0000,1,1,2799,2151,5597,5598,,000002274,2023-03-28 13:32:23,2023-03-28 13:32:23,[],,,
2275,1,,7.0000,1,1,2800,2475,5599,5600,,000002275,2023-03-28 13:32:25,2023-03-28 13:32:25,[],,,
2276,1,,2.0000,1,1,2802,2151,5603,5604,,000002276,2023-03-29 12:44:22,2023-03-29 12:44:24,[],,,
2277,1,,1.0000,1,1,2803,2151,5605,5606,,000002277,2023-03-30 09:52:15,2023-03-30 09:52:16,[],,,
2278,1,,7.0000,1,1,2805,1654,5609,5610,,000002278,2023-03-30 13:48:12,2023-03-30 13:48:14,[],,,
2279,1,,2.0000,1,1,2804,2151,5607,5608,,000002279,2023-03-30 13:48:16,2023-03-30 13:48:16,[],,,
2280,1,,27.0000,1,1,2806,2475,5611,5612,,000002280,2023-03-30 15:40:10,2023-03-30 15:40:12,[],,,
2281,1,,1.0000,1,1,2808,2151,5615,5616,,000002281,2023-03-31 13:34:22,2023-03-31 13:34:24,[],,,
2282,1,,1.0000,1,1,2809,2151,5617,5618,,000002282,2023-04-03 10:26:33,2023-04-03 10:26:35,[],,,
2283,1,,3.0000,1,1,2810,1654,5619,5620,,000002283,2023-04-03 10:26:37,2023-04-03 10:26:37,[],,,
2284,1,,1.0000,1,1,2813,2151,5625,5626,,000002284,2023-04-03 13:28:11,2023-04-03 13:28:12,[],,,
2285,1,,1.0000,1,1,2814,2151,5627,5628,,000002285,2023-04-03 13:28:14,2023-04-03 13:28:14,[],,,
2286,1,,1.0000,1,1,2815,2151,5629,5630,,000002286,2023-04-03 13:28:15,2023-04-03 13:28:15,[],,,
2287,1,,1.0000,1,1,2816,2151,5631,5632,,000002287,2023-04-03 13:28:18,2023-04-03 13:28:18,[],,,
2288,1,,2.0000,1,1,2817,2151,5633,5634,,000002288,2023-04-03 13:28:19,2023-04-03 13:28:19,[],,,
2289,1,,1.0000,1,1,2812,2151,5623,5624,,000002289,2023-04-03 13:28:27,2023-04-03 13:28:27,[],,,
2290,1,,1.0000,1,1,2818,2151,5635,5636,,000002290,2023-04-03 14:30:10,2023-04-03 14:30:12,[],,,
2291,1,,1.0000,1,1,2819,2151,5637,5638,,000002291,2023-04-03 15:16:13,2023-04-03 15:16:15,[],,,
2292,1,,1.0000,1,1,2820,2151,5639,5640,,000002292,2023-04-03 16:18:09,2023-04-03 16:18:11,[],,,
2293,1,,3.0000,1,1,2821,2151,5641,5642,,000002293,2023-04-04 15:40:12,2023-04-04 15:40:15,[],,,
2294,1,,2.0000,1,1,2826,1654,5651,5652,,000002294,2023-04-05 15:46:11,2023-04-05 15:46:13,[],,,
2295,1,,1.0000,1,1,2831,2151,5661,5662,,000002295,2023-04-11 14:54:22,2023-04-11 14:54:23,[],,,
2296,1,,1.0000,1,1,2834,2151,5667,5668,,000002296,2023-04-11 14:54:25,2023-04-11 14:54:25,[],,,
2297,1,,1.0000,1,1,2835,2151,5669,5670,,000002297,2023-04-11 14:54:26,2023-04-11 14:54:26,[],,,
2298,1,,1.0000,1,1,2832,2151,5663,5664,,000002298,2023-04-11 14:54:29,2023-04-11 14:54:29,[],,,
2299,1,,1.0000,1,1,2833,2151,5665,5666,,000002299,2023-04-11 14:54:30,2023-04-11 14:54:31,[],,,
2300,1,,2.0000,1,1,2827,2151,5653,5654,,000002300,2023-04-11 14:54:32,2023-04-11 14:54:32,[],,,
2301,1,,2.0000,1,1,2836,2151,5671,5672,,000002301,2023-04-11 14:54:33,2023-04-11 14:54:33,[],,,
2302,1,,1.0000,1,1,2830,2151,5659,5660,,000002302,2023-04-11 14:54:35,2023-04-11 14:54:35,[],,,
2303,1,,1.0000,1,1,2829,2151,5657,5658,,000002303,2023-04-11 14:54:36,2023-04-11 14:54:36,[],,,
2304,1,,1.0000,1,1,2838,2151,5675,5676,,000002304,2023-04-11 14:54:37,2023-04-11 14:54:38,[],,,
2305,1,,1.0000,1,1,2839,1654,5677,5678,,000002305,2023-04-11 15:56:16,2023-04-11 15:56:18,[],,,
2306,1,,2.0000,1,1,2840,2151,5679,5680,,000002306,2023-04-14 11:20:19,2023-04-14 11:20:23,[],,,
2307,1,,1.0000,1,1,2841,2151,5681,5682,,000002307,2023-04-14 11:20:24,2023-04-14 11:20:25,[],,,
2308,1,,1.0000,1,1,2842,2151,5683,5684,,000002308,2023-04-14 16:54:22,2023-04-14 16:54:23,[],,,
2309,1,,2.0000,1,1,2843,2502,5685,5686,,000002309,2023-04-17 14:37:39,2023-04-17 14:37:39,[],,,
2310,1,,1.0000,1,1,2844,2151,5687,5688,,000002310,2023-04-17 16:42:12,2023-04-17 16:42:13,[],,,
2311,1,,5.0000,1,1,2846,2151,5691,5692,,000002311,2023-04-18 11:56:22,2023-04-18 11:56:24,[],,,
2312,1,,8.0000,1,1,2847,1654,5693,5694,,000002312,2023-04-18 15:42:12,2023-04-18 15:42:13,[],,,
2313,1,,10.0000,1,1,2848,2475,5695,5696,,000002313,2023-04-18 16:36:11,2023-04-18 16:36:13,[],,,
2314,1,,1.0000,1,1,2837,2151,5673,5674,,000002314,2023-04-19 11:56:19,2023-04-19 11:56:21,[],,,
2315,1,,1.0000,1,1,2849,2151,5697,5698,,000002315,2023-04-20 12:54:16,2023-04-20 12:54:18,[],,,
2316,1,,1.0000,1,1,2851,2151,5701,5702,,000002316,2023-04-20 12:54:19,2023-04-20 12:54:19,[],,,
2317,1,,1.0000,1,1,2850,2151,5699,5700,,000002317,2023-04-20 12:54:20,2023-04-20 12:54:21,[],,,
2318,1,,1.0000,1,1,2852,2151,5703,5704,,000002318,2023-04-20 13:52:16,2023-04-20 13:52:17,[],,,
2319,1,,1.0000,1,1,2854,2151,5707,5708,,000002319,2023-04-21 11:34:50,2023-04-21 11:34:53,[],,,
2320,1,,1.0000,1,1,2855,2151,5709,5710,,000002320,2023-04-21 11:34:54,2023-04-21 11:34:54,[],,,
2321,1,,1.0000,1,1,2856,2151,5711,5712,,000002321,2023-04-21 11:34:56,2023-04-21 11:34:56,[],,,
2322,1,,1.0000,1,1,2828,2151,5655,5656,,000002322,2023-04-21 15:56:11,2023-04-21 15:56:13,[],,,
2323,1,,1.0000,1,1,2857,2151,5713,5714,,000002323,2023-04-24 13:36:15,2023-04-24 13:36:17,[],,,
2324,1,,1.0000,1,1,2859,2151,5717,5718,,000002324,2023-04-24 13:36:18,2023-04-24 13:36:18,[],,,
2325,1,,1.0000,1,1,2858,2151,5715,5716,,000002325,2023-04-24 13:36:20,2023-04-24 13:36:20,[],,,
2326,1,,6.0000,1,1,2860,2475,5719,5720,,000002326,2023-04-24 15:16:26,2023-04-24 15:16:29,[],,,
2327,1,,1.0000,1,1,2861,2151,5721,5722,,000002327,2023-04-24 15:16:31,2023-04-24 15:16:32,[],,,
2328,1,,1.0000,1,1,2862,2151,5723,5724,,000002328,2023-04-24 15:16:33,2023-04-24 15:16:33,[],,,
2329,1,,1.0000,1,1,2863,2151,5725,5726,,000002329,2023-04-24 16:18:09,2023-04-24 16:18:11,[],,,
2330,1,,1.0000,1,1,2864,2151,5727,5728,,000002330,2023-04-25 12:30:26,2023-04-25 12:30:28,[],,,
2331,1,,1.0000,1,1,2865,2151,5729,5730,,000002331,2023-04-25 12:30:29,2023-04-25 12:30:29,[],,,
2332,1,,1.0000,1,1,2866,2151,5731,5732,,000002332,2023-04-25 12:30:30,2023-04-25 12:30:31,[],,,
2333,1,,1.0000,1,1,2867,2151,5733,5734,,000002333,2023-04-26 12:50:14,2023-04-26 12:50:16,[],,,
2334,1,,1.0000,1,1,2868,2151,5735,5736,,000002334,2023-04-26 15:30:23,2023-04-26 15:30:25,[],,,
2335,1,,1.0000,1,1,2869,2151,5737,5738,,000002335,2023-04-26 17:12:57,2023-04-26 17:13:01,[],,,
2336,1,,14.0000,1,1,2870,1654,5739,5740,,000002336,2023-05-02 10:52:16,2023-05-02 10:52:18,[],,,
2337,1,,1.0000,1,1,2871,2151,5741,5742,,000002337,2023-05-02 10:52:42,2023-05-02 10:52:43,[],,,
2338,1,,1.0000,1,1,2877,2151,5753,5754,,000002338,2023-05-02 11:54:16,2023-05-02 11:54:17,[],,,
2339,1,,1.0000,1,1,2872,2151,5743,5744,,000002339,2023-05-02 11:54:23,2023-05-02 11:54:23,[],,,
2340,1,,2.0000,1,1,2873,2151,5745,5746,,000002340,2023-05-02 11:54:25,2023-05-02 11:54:25,[],,,
2341,1,,1.0000,1,1,2874,2151,5747,5748,,000002341,2023-05-02 11:54:26,2023-05-02 11:54:27,[],,,
2342,1,,1.0000,1,1,2878,2151,5755,5756,,000002342,2023-05-02 12:56:18,2023-05-02 12:56:20,[],,,
2343,1,,2.0000,1,1,2875,2151,5749,5750,,000002343,2023-05-02 12:56:26,2023-05-02 12:56:27,[],,,
2344,1,,2.0000,1,1,2882,2151,5763,5764,,000002344,2023-05-03 11:32:37,2023-05-03 11:32:38,[],,,
2345,1,,1.0000,1,1,2883,2151,5765,5766,,000002345,2023-05-03 11:32:39,2023-05-03 11:32:40,[],,,
2346,1,,1.0000,1,1,2884,2151,5767,5768,,000002346,2023-05-03 11:32:41,2023-05-03 11:32:41,[],,,
2347,1,,1.0000,1,1,2885,2151,5769,5770,,000002347,2023-05-03 11:32:43,2023-05-03 11:32:43,[],,,
2348,1,,1.0000,1,1,2881,2151,5761,5762,,000002348,2023-05-03 11:32:47,2023-05-03 11:32:48,[],,,
2349,1,,1.0000,1,1,2886,1654,5771,5772,,000002349,2023-05-03 14:00:16,2023-05-03 14:00:17,[],,,
2350,1,,1.0000,1,1,2887,2151,5773,5774,,000002350,2023-05-04 11:26:11,2023-05-04 11:26:12,[],,,
2351,1,,1.0000,1,1,2888,2151,5775,5776,,000002351,2023-05-04 12:16:24,2023-05-04 12:16:30,[],,,
2352,1,,1.0000,1,1,2889,2151,5777,5778,,000002352,2023-05-05 12:34:18,2023-05-05 12:34:20,[],,,
2353,1,,2.0000,1,1,2890,2151,5779,5780,,000002353,2023-05-05 12:34:21,2023-05-05 12:34:21,[],,,
2354,1,,1.0000,1,1,2891,1654,5781,5782,,000002354,2023-05-05 16:22:10,2023-05-05 16:22:12,[],,,
2355,1,,1.0000,1,1,2879,2151,5757,5758,,000002355,2023-05-09 12:54:45,2023-05-09 12:54:46,[],,,
2356,1,,1.0000,1,1,2880,2151,5759,5760,,000002356,2023-05-09 12:54:48,2023-05-09 12:54:48,[],,,
2357,1,,3.0000,1,1,2901,2151,5801,5802,,000002357,2023-05-09 16:10:30,2023-05-09 16:10:31,[],,,
2358,1,,1.0000,1,1,2893,2151,5785,5786,,000002358,2023-05-09 16:10:33,2023-05-09 16:10:33,[],,,
2359,1,,1.0000,1,1,2903,2151,5805,5806,,000002359,2023-05-09 16:10:34,2023-05-09 16:10:34,[],,,
2360,1,,1.0000,1,1,2906,2151,5811,5812,,000002360,2023-05-09 16:10:36,2023-05-09 16:10:36,[],,,
2361,1,,1.0000,1,1,2895,2151,5789,5790,,000002361,2023-05-09 16:10:37,2023-05-09 16:10:37,[],,,
2362,1,,1.0000,1,1,2907,2151,5813,5814,,000002362,2023-05-09 16:10:39,2023-05-09 16:10:39,[],,,
2363,1,,1.0000,1,1,2892,2151,5783,5784,,000002363,2023-05-09 16:10:40,2023-05-09 16:10:40,[],,,
2364,1,,1.0000,1,1,2902,2151,5803,5804,,000002364,2023-05-09 16:10:42,2023-05-09 16:10:42,[],,,
2365,1,,1.0000,1,1,2900,2151,5799,5800,,000002365,2023-05-09 16:10:43,2023-05-09 16:10:43,[],,,
2366,1,,1.0000,1,1,2904,2151,5807,5808,,000002366,2023-05-09 16:10:44,2023-05-09 16:10:45,[],,,
2367,1,,1.0000,1,1,2899,2151,5797,5798,,000002367,2023-05-09 16:10:46,2023-05-09 16:10:46,[],,,
2368,1,,1.0000,1,1,2897,2151,5793,5794,,000002368,2023-05-09 16:10:48,2023-05-09 16:10:48,[],,,
2369,1,,1.0000,1,1,2894,2151,5787,5788,,000002369,2023-05-09 16:10:50,2023-05-09 16:10:50,[],,,
2370,1,,1.0000,1,1,2898,2151,5795,5796,,000002370,2023-05-09 16:10:52,2023-05-09 16:10:52,[],,,
2371,1,,1.0000,1,1,2905,2151,5809,5810,,000002371,2023-05-09 16:10:53,2023-05-09 16:10:54,[],,,
2372,1,,1.0000,1,1,2896,2151,5791,5792,,000002372,2023-05-09 16:10:55,2023-05-09 16:10:55,[],,,
2373,1,,1.0000,1,1,2908,2151,5815,5816,,000002373,2023-05-10 11:50:22,2023-05-10 11:50:24,[],,,
2374,1,,1.0000,1,1,2910,2151,5819,5820,,000002374,2023-05-10 12:48:16,2023-05-10 12:48:17,[],,,
2375,1,,1.0000,1,1,2909,2151,5817,5818,,000002375,2023-05-10 12:48:19,2023-05-10 12:48:19,[],,,
2376,1,,1.0000,1,1,2912,2151,5823,5824,,000002376,2023-05-11 13:24:28,2023-05-11 13:24:30,[],,,
2377,1,,3.0000,1,1,2913,2475,5825,5826,,000002377,2023-05-11 14:16:19,2023-05-11 14:16:21,[],,,
2378,1,,8.0000,1,1,2911,1654,5821,5822,,000002378,2023-05-11 15:42:20,2023-05-11 15:42:22,[],,,
2379,1,,1.0000,1,1,2914,2151,5827,5828,,000002379,2023-05-11 16:40:15,2023-05-11 16:40:17,[],,,
2380,1,,1.0000,1,1,2915,2151,5829,5830,,000002380,2023-05-12 11:58:13,2023-05-12 11:58:15,[],,,
2381,1,,1.0000,1,1,2916,2151,5831,5832,,000002381,2023-05-12 12:46:18,2023-05-12 12:46:20,[],,,
2382,1,,7.0000,1,1,2917,1654,5833,5834,,000002382,2023-05-12 16:02:09,2023-05-12 16:02:12,[],,,
2383,1,,5.0000,1,1,2918,1654,5835,5836,,000002383,2023-05-15 10:20:38,2023-05-15 10:20:39,[],,,
2384,1,,2.0000,1,1,2919,2151,5837,5838,,000002384,2023-05-15 14:00:17,2023-05-15 14:00:19,[],,,
2385,1,,1.0000,1,1,2920,2151,5839,5840,,000002385,2023-05-15 14:00:20,2023-05-15 14:00:21,[],,,
2386,1,,1.0000,1,1,2921,2151,5841,5842,,000002386,2023-05-15 14:00:22,2023-05-15 14:00:22,[],,,
2387,1,,1.0000,1,1,2922,2151,5843,5844,,000002387,2023-05-15 14:00:24,2023-05-15 14:00:24,[],,,
2388,1,,1.0000,1,1,2924,2151,5847,5848,,000002388,2023-05-15 14:00:29,2023-05-15 14:00:29,[],,,
2389,1,,1.0000,1,1,2926,2151,5851,5852,,000002389,2023-05-15 14:58:16,2023-05-15 14:58:18,[],,,
2390,1,,1.0000,1,1,2927,2151,5853,5854,,000002390,2023-05-15 14:58:19,2023-05-15 14:58:19,[],,,
2391,1,,1.0000,1,1,2925,2151,5849,5850,,000002391,2023-05-15 15:50:19,2023-05-15 15:50:22,[],,,
2392,1,,1.0000,1,1,2923,2151,5845,5846,,000002392,2023-05-15 15:50:23,2023-05-15 15:50:24,[],,,
2393,1,,2.0000,1,1,2928,2151,5855,5856,,000002393,2023-05-16 14:06:12,2023-05-16 14:06:13,[],,,
2394,1,,1.0000,1,1,2929,2151,5857,5858,,000002394,2023-05-16 14:06:15,2023-05-16 14:06:15,[],,,
2395,1,,3.0000,1,1,2930,2475,5859,5860,,000002395,2023-05-16 14:06:17,2023-05-16 14:06:17,[],,,
2396,1,,1.0000,1,1,2931,2151,5861,5862,,000002396,2023-05-16 15:00:21,2023-05-16 15:00:23,[],,,
2397,1,,1.0000,1,1,2934,2151,5867,5868,,000002397,2023-05-17 13:24:14,2023-05-17 13:24:16,[],,,
2398,1,,1.0000,1,1,2932,2151,5863,5864,,000002398,2023-05-17 13:24:17,2023-05-17 13:24:18,[],,,
2399,1,,2.0000,1,1,2933,2151,5865,5866,,000002399,2023-05-17 13:24:20,2023-05-17 13:24:20,[],,,
2400,1,,2.0000,1,1,2935,2151,5869,5870,,000002400,2023-05-17 13:24:21,2023-05-17 13:24:22,[],,,
2401,1,,1.0000,1,1,2936,2151,5871,5872,,000002401,2023-05-18 12:34:22,2023-05-18 12:34:23,[],,,
2402,1,,1.0000,1,1,2937,2151,5873,5874,,000002402,2023-05-18 13:28:09,2023-05-18 13:28:11,[],,,
2403,1,,1.0000,1,1,2938,2151,5875,5876,,000002403,2023-05-18 13:28:12,2023-05-18 13:28:13,[],,,
2404,1,,1.0000,1,1,2939,2151,5877,5878,,000002404,2023-05-18 13:28:14,2023-05-18 13:28:14,[],,,
2405,1,,1.0000,1,1,2940,2151,5879,5880,,000002405,2023-05-18 13:28:16,2023-05-18 13:28:16,[],,,
2406,1,,1.0000,1,1,2941,2151,5881,5882,,000002406,2023-05-18 13:28:18,2023-05-18 13:28:18,[],,,
2407,1,,1.0000,1,1,2942,2151,5883,5884,,000002407,2023-05-18 15:24:16,2023-05-18 15:24:17,[],,,
2408,1,,1.0000,1,1,2943,2151,5885,5886,,000002408,2023-05-19 12:16:26,2023-05-19 12:16:28,[],,,
2409,1,,1.0000,1,1,2944,2151,5887,5888,,000002409,2023-05-19 12:16:30,2023-05-19 12:16:30,[],,,
2410,1,,1.0000,1,1,2945,2151,5889,5890,,000002410,2023-05-19 14:00:16,2023-05-19 14:00:18,[],,,
2411,1,,4.0000,1,1,2946,2151,5891,5892,,000002411,2023-05-22 14:20:32,2023-05-22 14:20:33,[],,,
2412,1,,1.0000,1,1,2947,2151,5893,5894,,000002412,2023-05-22 14:20:35,2023-05-22 14:20:35,[],,,
2413,1,,1.0000,1,1,2948,2151,5895,5896,,000002413,2023-05-22 14:20:36,2023-05-22 14:20:36,[],,,
2414,1,,1.0000,1,1,2949,2151,5897,5898,,000002414,2023-05-22 14:20:38,2023-05-22 14:20:38,[],,,
2415,1,,1.0000,1,1,2950,2151,5899,5900,,000002415,2023-05-22 14:20:39,2023-05-22 14:20:39,[],,,
2416,1,,1.0000,1,1,2953,2151,5905,5906,,000002416,2023-05-22 15:22:09,2023-05-22 15:22:10,[],,,
2417,1,,1.0000,1,1,2954,2151,5907,5908,,000002417,2023-05-22 15:22:12,2023-05-22 15:22:12,[],,,
2418,1,,1.0000,1,1,2955,2151,5909,5910,,000002418,2023-05-22 15:22:14,2023-05-22 15:22:14,[],,,
2419,1,,1.0000,1,1,2951,2151,5901,5902,,000002419,2023-05-22 15:22:18,2023-05-22 15:22:18,[],,,
2420,1,,1.0000,1,1,2952,2151,5903,5904,,000002420,2023-05-22 15:22:21,2023-05-22 15:22:21,[],,,
2421,1,,2.0000,1,1,2956,2151,5911,5912,,000002421,2023-05-22 16:10:21,2023-05-22 16:10:22,[],,,
2422,1,,1.0000,1,1,2958,2151,5915,5916,,000002422,2023-05-23 13:24:10,2023-05-23 13:24:12,[],,,
2423,1,,2.0000,1,1,2957,1654,5913,5914,,000002423,2023-05-23 13:24:31,2023-05-23 13:24:31,[],,,
2424,1,,1.0000,1,1,2959,2151,5917,5918,,000002424,2023-05-24 13:08:30,2023-05-24 13:08:31,[],,,
2425,1,,1.0000,1,1,2960,2151,5919,5920,,000002425,2023-05-25 10:20:34,2023-05-25 10:20:36,[],,,
2426,1,,1.0000,1,1,2962,2151,5923,5924,,000002426,2023-05-25 14:14:18,2023-05-25 14:14:20,[],,,
2427,1,,1.0000,1,1,2961,2151,5921,5922,,000002427,2023-05-25 14:14:21,2023-05-25 14:14:22,[],,,
2428,1,,1.0000,1,1,2963,2151,5925,5926,,000002428,2023-05-25 14:14:23,2023-05-25 14:14:23,[],,,
2429,1,,1.0000,1,1,2964,1654,5927,5928,,000002429,2023-05-25 15:40:36,2023-05-25 15:40:38,[],,,
2430,1,,6.0000,1,1,2966,1654,5931,5932,,000002430,2023-05-26 13:44:15,2023-05-26 13:44:15,[],,,
2431,1,,2.0000,1,1,2965,2151,5929,5930,,000002431,2023-05-26 15:18:17,2023-05-26 15:18:19,[],,,
2432,1,,1.0000,1,1,2968,2151,5935,5936,,000002432,2023-05-30 14:48:12,2023-05-30 14:48:13,[],,,
2433,1,,1.0000,1,1,2967,1654,5933,5934,,000002433,2023-05-30 14:48:19,2023-05-30 14:48:20,[],,,
2434,1,,1.0000,1,1,2973,2151,5945,5946,,000002434,2023-05-30 15:50:32,2023-05-30 15:50:33,[],,,
2435,1,,1.0000,1,1,2969,2151,5937,5938,,000002435,2023-05-30 15:50:37,2023-05-30 15:50:37,[],,,
2436,1,,1.0000,1,1,2972,2151,5943,5944,,000002436,2023-05-30 15:50:39,2023-05-30 15:50:39,[],,,
2437,1,,1.0000,1,1,2970,2151,5939,5940,,000002437,2023-05-30 15:50:40,2023-05-30 15:50:40,[],,,
2438,1,,1.0000,1,1,2971,2151,5941,5942,,000002438,2023-05-30 15:50:43,2023-05-30 15:50:43,[],,,
2439,1,,1.0000,1,1,2974,1654,5947,5948,,000002439,2023-05-30 15:50:51,2023-05-30 15:50:51,[],,,
2440,1,,1.0000,1,1,2975,1654,5949,5950,,000002440,2023-05-31 11:04:11,2023-05-31 11:04:13,[],,,
2441,1,,1.0000,1,1,2976,2151,5951,5952,,000002441,2023-05-31 13:48:13,2023-05-31 13:48:15,[],,,
2442,1,,1.0000,1,1,2977,2151,5953,5954,,000002442,2023-05-31 14:36:10,2023-05-31 14:36:12,[],,,
2443,1,,1.0000,1,1,2978,2502,5955,5956,,000002443,2023-05-31 15:34:15,2023-05-31 15:34:16,[],,,
2444,1,,1.0000,1,1,2979,2151,5957,5958,,000002444,2023-05-31 16:28:17,2023-05-31 16:28:18,[],,,
2445,1,,4.0000,1,1,2980,2151,5959,5960,,000002445,2023-06-01 12:26:19,2023-06-01 12:26:21,[],,,
2446,1,,1.0000,1,1,2981,2151,5961,5962,,000002446,2023-06-01 12:26:23,2023-06-01 12:26:24,[],,,
2447,1,,1.0000,1,1,2982,2151,5963,5964,,000002447,2023-06-02 13:00:21,2023-06-02 13:00:23,[],,,
2448,1,,1.0000,1,1,2983,2151,5965,5966,,000002448,2023-06-02 13:00:24,2023-06-02 13:00:24,[],,,
2449,1,,1.0000,1,1,2984,2151,5967,5968,,000002449,2023-06-02 13:00:26,2023-06-02 13:00:26,[],,,
2450,1,,2.0000,1,1,2985,2151,5969,5970,,000002450,2023-06-02 14:00:19,2023-06-02 14:00:20,[],,,
2451,1,,1.0000,1,1,2989,2151,5977,5978,,000002451,2023-06-05 14:38:18,2023-06-05 14:38:20,[],,,
2452,1,,1.0000,1,1,2988,2151,5975,5976,,000002452,2023-06-05 14:38:23,2023-06-05 14:38:24,[],,,
2453,1,,2.0000,1,1,2990,2151,5979,5980,,000002453,2023-06-06 09:32:45,2023-06-06 09:32:46,[],,,
2454,1,,2.0000,1,1,2991,2151,5981,5982,,000002454,2023-06-06 13:04:18,2023-06-06 13:04:20,[],,,
2455,1,,1.0000,1,1,2992,2151,5983,5984,,000002455,2023-06-06 13:04:21,2023-06-06 13:04:21,[],,,
2456,1,,1.0000,1,1,2993,1654,5985,5986,,000002456,2023-06-06 14:06:20,2023-06-06 14:06:21,[],,,
2457,1,,1.0000,1,1,2994,2151,5987,5988,,000002457,2023-06-07 12:00:11,2023-06-07 12:00:18,[],,,
2458,1,,1.0000,1,1,2995,2151,5989,5990,,000002458,2023-06-07 14:36:19,2023-06-07 14:36:21,[],,,
2459,1,,2.0000,1,1,2996,1654,5991,5992,,000002459,2023-06-08 09:39:12,2023-06-08 09:39:12,[],,,
2460,1,,1.0000,1,1,2997,2151,5993,5994,,000002460,2023-06-08 12:32:18,2023-06-08 12:32:19,[],,,
2461,1,,5.0000,1,1,2998,1654,5995,5996,,000002461,2023-06-08 15:30:15,2023-06-08 15:30:17,[],,,
2462,1,,1.0000,1,1,2999,1654,5997,5998,,000002462,2023-06-12 11:52:35,2023-06-12 11:52:37,[],,,
2463,1,,1.0000,1,1,3000,1654,5999,6000,,000002463,2023-06-12 11:52:38,2023-06-12 11:52:39,[],,,
2464,1,,1.0000,1,1,3003,2151,6005,6006,,000002464,2023-06-12 13:42:10,2023-06-12 13:42:12,[],,,
2465,1,,1.0000,1,1,3004,2151,6007,6008,,000002465,2023-06-12 14:44:24,2023-06-12 14:44:26,[],,,
2466,1,,1.0000,1,1,3005,2151,6009,6010,,000002466,2023-06-12 14:44:27,2023-06-12 14:44:28,[],,,
2467,1,,1.0000,1,1,3006,2151,6011,6012,,000002467,2023-06-12 14:44:29,2023-06-12 14:44:29,[],,,
2468,1,,1.0000,1,1,3007,2151,6013,6014,,000002468,2023-06-13 12:10:53,2023-06-13 12:10:55,[],,,
2469,1,,1.0000,1,1,3008,2151,6015,6016,,000002469,2023-06-13 12:10:56,2023-06-13 12:10:57,[],,,
2470,1,,1.0000,1,1,3009,2151,6017,6018,,000002470,2023-06-13 12:10:58,2023-06-13 12:10:58,[],,,
2471,1,,1.0000,1,1,3010,2151,6019,6020,,000002471,2023-06-13 13:12:14,2023-06-13 13:12:17,[],,,
2472,1,,6.0000,1,1,3011,2475,6021,6022,,000002472,2023-06-13 13:12:22,2023-06-13 13:12:22,[],,,
2473,1,,1.0000,1,1,3012,1654,6023,6024,,000002473,2023-06-13 16:12:42,2023-06-13 16:12:44,[],,,
2474,1,,1.0000,1,1,3013,1654,6025,6026,,000002474,2023-06-13 16:12:51,2023-06-13 16:12:52,[],,,
2475,1,,1.0000,1,1,3014,2151,6027,6028,,000002475,2023-06-14 13:16:14,2023-06-14 13:16:16,[],,,
2476,1,,1.0000,1,1,3015,1654,6029,6030,,000002476,2023-06-14 14:12:19,2023-06-14 14:12:21,[],,,
2477,1,,2.0000,1,1,3016,2151,6031,6032,,000002477,2023-06-15 16:06:14,2023-06-15 16:06:16,[],,,
2478,1,,1.0000,1,1,3017,2151,6033,6034,,000002478,2023-06-15 16:06:18,2023-06-15 16:06:18,[],,,
2479,1,,1.0000,1,1,3020,2151,6039,6040,,000002479,2023-06-16 13:26:12,2023-06-16 13:26:14,[],,,
2480,1,,1.0000,1,1,3019,2151,6037,6038,,000002480,2023-06-16 13:26:16,2023-06-16 13:26:16,[],,,
2481,1,,1.0000,1,1,3018,2151,6035,6036,,000002481,2023-06-16 13:26:17,2023-06-16 13:26:17,[],,,
2482,1,,2.0000,1,1,3022,2151,6043,6044,,000002482,2023-06-19 15:03:14,2023-06-19 15:03:16,[],,,
2483,1,,1.0000,1,1,3024,2151,6047,6048,,000002483,2023-06-19 15:03:17,2023-06-19 15:03:18,[],,,
2484,1,,1.0000,1,1,3026,2151,6051,6052,,000002484,2023-06-19 15:03:19,2023-06-19 15:03:19,[],,,
2485,1,,1.0000,1,1,3023,2151,6045,6046,,000002485,2023-06-19 15:03:21,2023-06-19 15:03:21,[],,,
2486,1,,1.0000,1,1,3027,2151,6053,6054,,000002486,2023-06-19 15:03:22,2023-06-19 15:03:23,[],,,
2487,1,,1.0000,1,1,3025,2151,6049,6050,,000002487,2023-06-19 15:03:25,2023-06-19 15:03:26,[],,,
2488,1,,1.0000,1,1,3029,2151,6057,6058,,000002488,2023-06-19 15:03:27,2023-06-19 15:03:27,[],,,
2489,1,,1.0000,1,1,3028,2151,6055,6056,,000002489,2023-06-19 15:03:29,2023-06-19 15:03:29,[],,,
2490,1,,2.0000,1,1,3021,2151,6041,6042,,000002490,2023-06-19 16:00:28,2023-06-19 16:00:29,[],,,
2491,1,,5.0000,1,1,3030,2049,6059,6060,,000002491,2023-06-20 16:40:12,2023-06-20 16:40:15,[],,,
2492,1,,1.0000,1,1,3033,2151,6065,6066,,000002492,2023-06-21 13:24:16,2023-06-21 13:24:17,[],,,
2493,1,,1.0000,1,1,3032,2151,6063,6064,,000002493,2023-06-21 13:24:19,2023-06-21 13:24:19,[],,,
2494,1,,2.0000,1,1,3031,2151,6061,6062,,000002494,2023-06-21 13:24:22,2023-06-21 13:24:23,[],,,
2495,1,,1.0000,1,1,3034,2151,6067,6068,,000002495,2023-06-22 12:08:16,2023-06-22 12:08:18,[],,,
2496,1,,1.0000,1,1,3038,2151,6075,6076,,000002496,2023-06-23 12:00:19,2023-06-23 12:00:21,[],,,
2497,1,,2.0000,1,1,3039,2151,6077,6078,,000002497,2023-06-23 12:00:22,2023-06-23 12:00:23,[],,,
2498,1,,1.0000,1,1,3035,2151,6069,6070,,000002498,2023-06-23 12:00:24,2023-06-23 12:00:25,[],,,
2499,1,,2.0000,1,1,3036,2151,6071,6072,,000002499,2023-06-23 12:00:26,2023-06-23 12:00:26,[],,,
2500,1,,1.0000,1,1,3037,2151,6073,6074,,000002500,2023-06-23 12:00:28,2023-06-23 12:00:28,[],,,
2501,1,,1.0000,1,1,3040,2151,6079,6080,,000002501,2023-06-23 13:56:18,2023-06-23 13:56:20,[],,,
2502,1,,1.0000,1,1,3041,2151,6081,6082,,000002502,2023-06-23 15:52:16,2023-06-23 15:52:17,[],,,
2503,1,,1.0000,1,1,3042,2151,6083,6084,,000002503,2023-06-26 13:55:10,2023-06-26 13:55:12,[],,,
2504,1,,2.0000,1,1,3043,2151,6085,6086,,000002504,2023-06-26 13:55:14,2023-06-26 13:55:14,[],,,
2505,1,,2.0000,1,1,3044,2151,6087,6088,,000002505,2023-06-26 13:55:15,2023-06-26 13:55:16,[],,,
2506,1,,1.0000,1,1,3045,2151,6089,6090,,000002506,2023-06-26 13:55:17,2023-06-26 13:55:17,[],,,
2507,1,,1.0000,1,1,3046,1654,6091,6092,,000002507,2023-06-26 16:52:11,2023-06-26 16:52:13,[],,,
2508,1,,1.0000,1,1,3047,2151,6093,6094,,000002508,2023-06-27 10:10:18,2023-06-27 10:10:19,[],,,
2509,1,,1.0000,1,1,3048,2151,6095,6096,,000002509,2023-06-27 13:02:43,2023-06-27 13:02:44,[],,,
2510,1,,1.0000,1,1,3049,2151,6097,6098,,000002510,2023-06-27 13:02:46,2023-06-27 13:02:46,[],,,
2511,1,,1.0000,1,1,3050,2151,6099,6100,,000002511,2023-06-27 13:02:48,2023-06-27 13:02:48,[],,,
2512,1,,7.0000,1,1,3051,1654,6101,6102,,000002512,2023-06-27 18:00:14,2023-06-27 18:00:16,[],,,
2513,1,,1.0000,1,1,3053,2151,6105,6106,,000002513,2023-06-29 10:42:21,2023-06-29 10:42:23,[],,,
2514,1,,1.0000,1,1,3052,1654,6103,6104,,000002514,2023-06-29 10:42:25,2023-06-29 10:42:25,[],,,
2515,1,,1.0000,1,1,3055,2151,6109,6110,,000002515,2023-06-29 13:36:35,2023-06-29 13:36:36,[],,,
2516,1,,1.0000,1,1,3054,2151,6107,6108,,000002516,2023-06-29 13:36:38,2023-06-29 13:36:38,[],,,
2517,1,,1.0000,1,1,3056,2151,6111,6112,,000002517,2023-06-29 15:25:15,2023-06-29 15:25:17,[],,,
2518,1,,11.0000,1,1,3057,1654,6113,6114,,000002518,2023-06-29 18:18:23,2023-06-29 18:18:24,[],,,
2519,1,,1.0000,1,1,3060,2151,6119,6120,,000002519,2023-06-30 11:46:10,2023-06-30 11:46:12,[],,,
2520,1,,1.0000,1,1,3059,2151,6117,6118,,000002520,2023-06-30 11:46:13,2023-06-30 11:46:13,[],,,
2521,1,,1.0000,1,1,3058,2151,6115,6116,,000002521,2023-06-30 11:46:15,2023-06-30 11:46:15,[],,,
2522,1,,1.0000,1,1,3063,1654,6125,6126,,000002522,2023-07-03 10:33:15,2023-07-03 10:33:17,[],,,
2523,1,,2.0000,1,1,3067,2151,6133,6134,,000002523,2023-07-03 16:08:20,2023-07-03 16:08:22,[],,,
2524,1,,1.0000,1,1,3065,2151,6129,6130,,000002524,2023-07-03 16:08:24,2023-07-03 16:08:24,[],,,
2525,1,,1.0000,1,1,3066,2151,6131,6132,,000002525,2023-07-03 16:08:25,2023-07-03 16:08:26,[],,,
2526,1,,1.0000,1,1,3069,2151,6137,6138,,000002526,2023-07-03 16:08:27,2023-07-03 16:08:27,[],,,
2527,1,,1.0000,1,1,3070,2151,6139,6140,,000002527,2023-07-03 16:08:29,2023-07-03 16:08:29,[],,,
2528,1,,1.0000,1,1,3068,2151,6135,6136,,000002528,2023-07-03 16:08:31,2023-07-03 16:08:31,[],,,
2529,1,,1.0000,1,1,3071,1654,6141,6142,,000002529,2023-07-03 16:08:32,2023-07-03 16:08:33,[],,,
2530,1,,1.0000,1,1,3072,1654,6143,6144,,000002530,2023-07-03 17:08:16,2023-07-03 17:08:17,[],,,
2531,1,,1.0000,1,1,3073,2151,6145,6146,,000002531,2023-07-04 11:58:24,2023-07-04 11:58:26,[],,,
2532,1,,1.0000,1,1,3074,2151,6147,6148,,000002532,2023-07-04 13:00:17,2023-07-04 13:00:20,[],,,
2533,1,,6.0000,1,1,3075,2049,6149,6150,,000002533,2023-07-04 14:34:15,2023-07-04 14:34:17,[],,,
2534,1,,1.0000,1,1,3076,2151,6151,6152,,000002534,2023-07-05 14:12:16,2023-07-05 14:12:18,[],,,
2535,1,,1.0000,1,1,3077,2151,6153,6154,,000002535,2023-07-06 13:36:26,2023-07-06 13:36:29,[],,,
2536,1,,1.0000,1,1,3078,2151,6155,6156,,000002536,2023-07-07 13:26:21,2023-07-07 13:26:23,[],,,
2537,1,,1.0000,1,1,3079,2502,6157,6158,,000002537,2023-07-10 08:46:12,2023-07-10 08:46:14,[],,,
2538,1,,2.0000,1,1,3080,2151,6159,6160,,000002538,2023-07-10 12:58:20,2023-07-10 12:58:21,[],,,
2539,1,,1.0000,1,1,3081,2151,6161,6162,,000002539,2023-07-11 14:12:19,2023-07-11 14:12:21,[],,,
2540,1,,1.0000,1,1,3082,2151,6163,6164,,000002540,2023-07-11 14:12:22,2023-07-11 14:12:23,[],,,
2541,1,,1.0000,1,1,3083,2151,6165,6166,,000002541,2023-07-11 14:12:25,2023-07-11 14:12:25,[],,,
2542,1,,4.0000,1,1,3085,1654,6169,6170,,000002542,2023-07-11 16:50:49,2023-07-11 16:50:51,[],,,
2543,1,,1.0000,1,1,3086,1654,6171,6172,,000002543,2023-07-12 11:02:18,2023-07-12 11:02:19,[],,,
2544,1,,2.0000,1,1,3087,2151,6173,6174,,000002544,2023-07-12 13:52:16,2023-07-12 13:52:18,[],,,
2545,1,,1.0000,1,1,3088,2151,6175,6176,,000002545,2023-07-12 13:52:19,2023-07-12 13:52:20,[],,,
2546,1,,5.0000,1,1,3089,2475,6177,6178,,000002546,2023-07-12 13:52:21,2023-07-12 13:52:22,[],,,
2547,1,,1.0000,1,1,3091,2151,6181,6182,,000002547,2023-07-13 12:28:38,2023-07-13 12:28:40,[],,,
2548,1,,1.0000,1,1,3090,2151,6179,6180,,000002548,2023-07-13 12:28:42,2023-07-13 12:28:42,[],,,
2549,1,,1.0000,1,1,3092,2151,6183,6184,,000002549,2023-07-13 12:28:43,2023-07-13 12:28:43,[],,,
2550,1,,1.0000,1,1,3084,2151,6167,6168,,000002550,2023-07-14 10:10:20,2023-07-14 10:10:21,[],,,
2551,1,,1.0000,1,1,2811,2151,5621,5622,,000002551,2023-07-14 10:10:24,2023-07-14 10:10:24,[],,,
2552,1,,1.0000,1,1,3093,2151,6185,6186,,000002552,2023-07-14 12:46:16,2023-07-14 12:46:17,[],,,
2553,1,,1.0000,1,1,3094,2151,6187,6188,,000002553,2023-07-14 12:46:19,2023-07-14 12:46:19,[],,,
2554,1,,1.0000,1,1,3095,2151,6189,6190,,000002554,2023-07-14 12:46:20,2023-07-14 12:46:21,[],,,
2555,1,,4.0000,1,1,3096,1654,6191,6192,,000002555,2023-07-17 11:54:22,2023-07-17 11:54:24,[],,,
2556,1,,1.0000,1,1,3100,2151,6199,6200,,000002556,2023-07-17 14:36:53,2023-07-17 14:36:54,[],,,
2557,1,,2.0000,1,1,3101,2151,6201,6202,,000002557,2023-07-17 14:36:56,2023-07-17 14:36:56,[],,,
2558,1,,1.0000,1,1,3098,2151,6195,6196,,000002558,2023-07-17 14:36:57,2023-07-17 14:36:58,[],,,
2559,1,,1.0000,1,1,3099,2151,6197,6198,,000002559,2023-07-17 14:36:59,2023-07-17 14:36:59,[],,,
2560,1,,2.0000,1,1,3097,2151,6193,6194,,000002560,2023-07-17 14:37:01,2023-07-17 14:37:01,[],,,
2561,1,,1.0000,1,1,3105,2151,6209,6210,,000002561,2023-07-18 12:44:57,2023-07-18 12:44:59,[],,,
2562,1,,1.0000,1,1,3102,2151,6203,6204,,000002562,2023-07-18 12:45:00,2023-07-18 12:45:01,[],,,
2563,1,,1.0000,1,1,3104,2151,6207,6208,,000002563,2023-07-18 12:45:02,2023-07-18 12:45:03,[],,,
2564,1,,1.0000,1,1,3103,2151,6205,6206,,000002564,2023-07-18 12:45:06,2023-07-18 12:45:06,[],,,
2565,1,,4.0000,1,1,3106,1654,6211,6212,,000002565,2023-07-19 12:03:51,2023-07-19 12:03:53,[],,,
2566,1,,1.0000,1,1,3107,2151,6213,6214,,000002566,2023-07-19 12:03:57,2023-07-19 12:03:57,[],,,
2567,1,,8.0000,1,1,3110,2502,6219,6220,,000002567,2023-07-19 13:20:14,2023-07-19 13:20:15,[],,,
2568,1,,3.0000,1,1,3108,2502,6215,6216,,000002568,2023-07-19 13:20:18,2023-07-19 13:20:19,[],,,
2569,1,,1.0000,1,1,3111,2151,6221,6222,,000002569,2023-07-19 13:20:20,2023-07-19 13:20:20,[],,,
2570,1,,1.0000,1,1,3112,2151,6223,6224,,000002570,2023-07-19 15:58:16,2023-07-19 15:58:17,[],,,
2571,1,,1.0000,1,1,3113,2151,6225,6226,,000002571,2023-07-20 11:52:18,2023-07-20 11:52:20,[],,,
2572,1,,1.0000,1,1,3114,2151,6227,6228,,000002572,2023-07-20 11:52:21,2023-07-20 11:52:22,[],,,
2573,1,,2.0000,1,1,3115,2151,6229,6230,,000002573,2023-07-21 11:36:22,2023-07-21 11:36:24,[],,,
2574,1,,1.0000,1,1,3116,2151,6231,6232,,000002574,2023-07-21 11:36:29,2023-07-21 11:36:29,[],,,
2575,1,,1.0000,1,1,3117,2151,6233,6234,,000002575,2023-07-21 11:36:31,2023-07-21 11:36:31,[],,,
2576,1,,1.0000,1,1,3118,2151,6235,6236,,000002576,2023-07-21 11:36:32,2023-07-21 11:36:32,[],,,
2577,1,,1.0000,1,1,3119,2151,6237,6238,,000002577,2023-07-21 11:36:34,2023-07-21 11:36:34,[],,,
2578,1,,1.0000,1,1,3120,2151,6239,6240,,000002578,2023-07-21 16:12:31,2023-07-21 16:12:32,[],,,
2579,1,,7.0000,1,1,3121,2475,6241,6242,,000002579,2023-07-24 10:50:12,2023-07-24 10:50:14,[],,,
2580,1,,1.0000,1,1,3123,2151,6245,6246,,000002580,2023-07-24 14:36:14,2023-07-24 14:36:42,[],,,
2581,1,,2.0000,1,1,3122,2151,6243,6244,,000002581,2023-07-24 14:36:44,2023-07-24 14:36:44,[],,,
2582,1,,1.0000,1,1,3128,2151,6255,6256,,000002582,2023-07-24 14:36:46,2023-07-24 14:36:46,[],,,
2583,1,,1.0000,1,1,3127,2151,6253,6254,,000002583,2023-07-24 14:36:48,2023-07-24 14:36:48,[],,,
2584,1,,2.0000,1,1,3126,2151,6251,6252,,000002584,2023-07-24 14:36:49,2023-07-24 14:36:50,[],,,
2585,1,,1.0000,1,1,3125,2151,6249,6250,,000002585,2023-07-24 14:36:52,2023-07-24 14:36:53,[],,,
2586,1,,1.0000,1,1,3124,2151,6247,6248,,000002586,2023-07-24 14:36:59,2023-07-24 14:37:59,[],,,
2587,1,,2.0000,1,1,3133,2151,6265,6266,,000002587,2023-07-24 15:36:16,2023-07-24 15:36:17,[],,,
2588,1,,1.0000,1,1,3132,2151,6263,6264,,000002588,2023-07-24 15:36:19,2023-07-24 15:36:19,[],,,
2589,1,,1.0000,1,1,3135,2151,6269,6270,,000002589,2023-07-24 15:36:21,2023-07-24 15:36:22,[],,,
2590,1,,1.0000,1,1,3134,2151,6267,6268,,000002590,2023-07-24 15:36:23,2023-07-24 15:36:24,[],,,
2591,1,,1.0000,1,1,3131,2151,6261,6262,,000002591,2023-07-24 15:36:26,2023-07-24 15:36:26,[],,,
2592,1,,1.0000,1,1,3130,2151,6259,6260,,000002592,2023-07-24 15:36:28,2023-07-24 15:36:28,[],,,
2593,1,,1.0000,1,1,3129,2151,6257,6258,,000002593,2023-07-24 15:36:29,2023-07-24 15:36:30,[],,,
2594,1,,1.0000,1,1,3136,2151,6271,6272,,000002594,2023-07-25 11:09:14,2023-07-25 11:09:16,[],,,
2595,1,,1.0000,1,1,3140,2151,6279,6280,,000002595,2023-07-25 12:10:22,2023-07-25 12:10:23,[],,,
2596,1,,1.0000,1,1,3141,2151,6281,6282,,000002596,2023-07-25 12:10:25,2023-07-25 12:10:25,[],,,
2597,1,,1.0000,1,1,3142,2151,6283,6284,,000002597,2023-07-25 12:10:26,2023-07-25 12:10:27,[],,,
2598,1,,1.0000,1,1,3138,2151,6275,6276,,000002598,2023-07-25 12:10:28,2023-07-25 12:10:28,[],,,
2599,1,,1.0000,1,1,3137,2151,6273,6274,,000002599,2023-07-25 12:10:30,2023-07-25 12:10:30,[],,,
2600,1,,1.0000,1,1,3139,2151,6277,6278,,000002600,2023-07-25 12:10:32,2023-07-25 12:10:32,[],,,
2601,1,,1.0000,1,1,3143,1654,6285,6286,,000002601,2023-07-25 17:06:29,2023-07-25 17:06:33,[],,,
2602,1,,1.0000,1,1,3144,2151,6287,6288,,000002602,2023-07-26 12:00:41,2023-07-26 12:00:42,[],,,
2603,1,,1.0000,1,1,3145,2151,6289,6290,,000002603,2023-07-26 12:00:44,2023-07-26 12:00:44,[],,,
2604,1,,1.0000,1,1,3146,2151,6291,6292,,000002604,2023-07-26 13:56:16,2023-07-26 13:56:17,[],,,
2605,1,,1.0000,1,1,3147,2151,6293,6294,,000002605,2023-07-27 11:54:19,2023-07-27 11:54:21,[],,,
2606,1,,1.0000,1,1,3148,2151,6295,6296,,000002606,2023-07-27 11:54:22,2023-07-27 11:54:23,[],,,
2607,1,,1.0000,1,1,3151,2151,6301,6302,,000002607,2023-07-28 14:46:14,2023-07-28 14:46:15,[],,,
2608,1,,1.0000,1,1,3152,2151,6303,6304,,000002608,2023-07-28 14:46:20,2023-07-28 14:46:20,[],,,
2609,1,,1.0000,1,1,3150,2151,6299,6300,,000002609,2023-07-28 14:46:21,2023-07-28 14:46:21,[],,,
2610,1,,1.0000,1,1,3149,2151,6297,6298,,000002610,2023-07-28 14:46:23,2023-07-28 14:46:23,[],,,
2611,1,,4.0000,1,1,3153,1654,6305,6306,,000002611,2023-07-31 10:18:46,2023-07-31 10:18:48,[],,,
2612,1,,2.0000,1,1,3165,1654,6329,6330,,000002612,2023-07-31 15:48:11,2023-07-31 15:48:13,[],,,
2613,1,,1.0000,1,1,3156,2151,6311,6312,,000002613,2023-07-31 15:48:16,2023-07-31 15:48:16,[],,,
2614,1,,1.0000,1,1,3160,2151,6319,6320,,000002614,2023-07-31 15:48:18,2023-07-31 15:48:19,[],,,
2615,1,,1.0000,1,1,3161,2151,6321,6322,,000002615,2023-07-31 15:48:22,2023-07-31 15:48:22,[],,,
2616,1,,1.0000,1,1,3162,2151,6323,6324,,000002616,2023-07-31 15:48:24,2023-07-31 15:48:24,[],,,
2617,1,,1.0000,1,1,3163,2151,6325,6326,,000002617,2023-07-31 15:48:25,2023-07-31 15:48:26,[],,,
2618,1,,1.0000,1,1,3158,2151,6315,6316,,000002618,2023-07-31 15:48:27,2023-07-31 15:48:27,[],,,
2619,1,,1.0000,1,1,3164,2151,6327,6328,,000002619,2023-07-31 15:48:32,2023-07-31 15:48:32,[],,,
2620,1,,1.0000,1,1,3157,2151,6313,6314,,000002620,2023-07-31 15:48:35,2023-07-31 15:48:35,[],,,
2621,1,,1.0000,1,1,3159,2151,6317,6318,,000002621,2023-07-31 15:48:38,2023-07-31 15:48:38,[],,,
2622,1,,1.0000,1,1,3155,2151,6309,6310,,000002622,2023-07-31 15:48:39,2023-07-31 15:48:39,[],,,
2623,1,,1.0000,1,1,3154,2151,6307,6308,,000002623,2023-07-31 15:48:41,2023-07-31 15:48:41,[],,,
2624,1,,2.0000,1,1,3166,2151,6331,6332,,000002624,2023-08-01 13:46:12,2023-08-01 13:46:13,[],,,
2625,1,,1.0000,1,1,3167,2151,6333,6334,,000002625,2023-08-01 13:46:15,2023-08-01 13:46:15,[],,,
2626,1,,1.0000,1,1,3168,2151,6335,6336,,000002626,2023-08-01 16:32:14,2023-08-01 16:32:15,[],,,
2627,1,,1.0000,1,1,3169,2151,6337,6338,,000002627,2023-08-02 14:36:12,2023-08-02 14:36:14,[],,,
2628,1,,1.0000,1,1,3170,2151,6339,6340,,000002628,2023-08-02 14:36:15,2023-08-02 14:36:15,[],,,
2629,1,,1.0000,1,1,3172,2151,6343,6344,,000002629,2023-08-03 17:26:14,2023-08-03 17:26:15,[],,,
2630,1,,1.0000,1,1,3171,2151,6341,6342,,000002630,2023-08-03 17:26:16,2023-08-03 17:26:17,[],,,
2631,1,,1.0000,1,1,3176,2151,6351,6352,,000002631,2023-08-03 17:26:18,2023-08-03 17:26:18,[],,,
2632,1,,1.0000,1,1,3174,2151,6347,6348,,000002632,2023-08-03 17:26:19,2023-08-03 17:26:20,[],,,
2633,1,,1.0000,1,1,3173,2151,6345,6346,,000002633,2023-08-03 17:26:21,2023-08-03 17:26:21,[],,,
2634,1,,1.0000,1,1,3175,2151,6349,6350,,000002634,2023-08-03 17:26:22,2023-08-03 17:26:23,[],,,
2635,1,,7.0000,1,1,3177,1654,6353,6354,,000002635,2023-08-04 14:38:58,2023-08-04 14:39:00,[],,,
2636,1,,2.0000,1,1,3178,2151,6355,6356,,000002636,2023-08-04 14:39:01,2023-08-04 14:39:01,[],,,
2637,1,,1.0000,1,1,3179,2151,6357,6358,,000002637,2023-08-04 14:39:04,2023-08-04 14:39:04,[],,,
2638,1,,5.0000,1,1,3180,2502,6359,6360,,000002638,2023-08-06 17:28:54,2023-08-06 17:28:55,[],,,
2639,1,,4.0000,1,1,3186,2151,6371,6372,,000002639,2023-08-07 13:40:13,2023-08-07 13:40:14,[],,,
2640,1,,2.0000,1,1,3190,2151,6379,6380,,000002640,2023-08-08 08:46:17,2023-08-08 08:46:19,[],,,
2641,1,,4.0000,1,1,3189,2151,6377,6378,,000002641,2023-08-08 08:46:21,2023-08-08 08:46:21,[],,,
2642,1,,1.0000,1,1,3185,2151,6369,6370,,000002642,2023-08-08 08:46:24,2023-08-08 08:46:24,[],,,
2643,1,,1.0000,1,1,3187,2151,6373,6374,,000002643,2023-08-08 08:46:26,2023-08-08 08:46:26,[],,,
2644,1,,1.0000,1,1,3188,2151,6375,6376,,000002644,2023-08-08 08:46:27,2023-08-08 08:46:27,[],,,
2645,1,,1.0000,1,1,3184,2151,6367,6368,,000002645,2023-08-08 08:46:29,2023-08-08 08:46:29,[],,,
2646,1,,1.0000,1,1,3183,2151,6365,6366,,000002646,2023-08-08 08:46:31,2023-08-08 08:46:31,[],,,
2647,1,,1.0000,1,1,3182,2151,6363,6364,,000002647,2023-08-08 08:46:32,2023-08-08 08:46:33,[],,,
2648,1,,1.0000,1,1,3181,2151,6361,6362,,000002648,2023-08-08 08:46:34,2023-08-08 08:46:35,[],,,
2649,1,,1.0000,1,1,3191,2151,6381,6382,,000002649,2023-08-08 08:46:42,2023-08-08 08:46:43,[],,,
2650,1,,2.0000,1,1,3193,1654,6385,6386,,000002650,2023-08-09 12:10:13,2023-08-09 12:10:14,[],,,
2651,1,,1.0000,1,1,3194,1654,6387,6388,,000002651,2023-08-09 13:30:14,2023-08-09 13:30:15,[],,,
2652,1,,1.0000,1,1,3198,2151,6395,6396,,000002652,2023-08-10 13:06:15,2023-08-10 13:06:16,[],,,
2653,1,,1.0000,1,1,3195,2151,6389,6390,,000002653,2023-08-10 13:06:18,2023-08-10 13:06:18,[],,,
2654,1,,1.0000,1,1,3196,2151,6391,6392,,000002654,2023-08-10 13:06:19,2023-08-10 13:06:20,[],,,
2655,1,,1.0000,1,1,3197,2151,6393,6394,,000002655,2023-08-10 13:06:21,2023-08-10 13:06:21,[],,,
2656,1,,1.0000,1,1,3202,2151,6403,6404,,000002656,2023-08-11 14:18:15,2023-08-11 14:18:16,[],,,
2657,1,,1.0000,1,1,3200,2151,6399,6400,,000002657,2023-08-11 14:18:18,2023-08-11 14:18:18,[],,,
2658,1,,1.0000,1,1,3203,2151,6405,6406,,000002658,2023-08-11 14:18:19,2023-08-11 14:18:19,[],,,
2659,1,,1.0000,1,1,3199,2151,6397,6398,,000002659,2023-08-11 14:18:21,2023-08-11 14:18:21,[],,,
2660,1,,1.0000,1,1,3201,2151,6401,6402,,000002660,2023-08-11 14:18:22,2023-08-11 14:18:22,[],,,
2661,1,,1.0000,1,1,3204,2151,6407,6408,,000002661,2023-08-11 14:18:24,2023-08-11 14:18:24,[],,,
2662,1,,1.0000,1,1,3205,2151,6409,6410,,000002662,2023-08-14 13:04:22,2023-08-14 13:04:24,[],,,
2663,1,,1.0000,1,1,3208,2151,6415,6416,,000002663,2023-08-14 13:50:47,2023-08-14 13:50:49,[],,,
2664,1,,2.0000,1,1,3209,2151,6417,6418,,000002664,2023-08-14 13:50:50,2023-08-14 13:50:51,[],,,
2665,1,,1.0000,1,1,3206,2151,6411,6412,,000002665,2023-08-14 13:51:00,2023-08-14 13:51:00,[],,,
2666,1,,1.0000,1,1,3207,2151,6413,6414,,000002666,2023-08-14 13:51:01,2023-08-14 13:51:02,[],,,
2667,1,,1.0000,1,1,3211,2151,6421,6422,,000002667,2023-08-15 13:36:45,2023-08-15 13:36:47,[],,,
2668,1,,1.0000,1,1,3212,2151,6423,6424,,000002668,2023-08-15 13:36:48,2023-08-15 13:36:48,[],,,
2669,1,,1.0000,1,1,3210,2151,6419,6420,,000002669,2023-08-15 13:36:50,2023-08-15 13:36:51,[],,,
2670,1,,1.0000,1,1,3213,2151,6425,6426,,000002670,2023-08-15 14:34:15,2023-08-15 14:34:16,[],,,
2671,1,,1.0000,1,1,3215,2151,6429,6430,,000002671,2023-08-16 11:12:18,2023-08-16 11:12:19,[],,,
2672,1,,1.0000,1,1,3216,2151,6431,6432,,000002672,2023-08-16 12:52:12,2023-08-16 12:52:13,[],,,
2673,1,,1.0000,1,1,3217,2151,6433,6434,,000002673,2023-08-16 15:00:28,2023-08-16 15:00:30,[],,,
2674,1,,1.0000,1,1,3218,2151,6435,6436,,000002674,2023-08-16 15:00:32,2023-08-16 15:00:32,[],,,
2675,1,,1.0000,1,1,3219,2475,6437,6438,,000002675,2023-08-17 13:04:14,2023-08-17 13:04:15,[],,,
2676,1,,4.0000,1,1,3220,1654,6439,6440,,000002676,2023-08-17 14:02:16,2023-08-17 14:02:18,[],,,
2677,1,,1.0000,1,1,3221,1654,6441,6442,,000002677,2023-08-17 15:38:20,2023-08-17 15:38:21,[],,,
2678,1,,2.0000,1,1,3223,2151,6445,6446,,000002678,2023-08-18 14:00:13,2023-08-18 14:00:14,[],,,
2679,1,,2.0000,1,1,3222,2151,6443,6444,,000002679,2023-08-18 14:00:17,2023-08-18 14:00:17,[],,,
2680,1,,1.0000,1,1,3224,2151,6447,6448,,000002680,2023-08-21 14:10:14,2023-08-21 14:10:16,[],,,
2681,1,,1.0000,1,1,3225,2151,6449,6450,,000002681,2023-08-21 14:10:18,2023-08-21 14:10:18,[],,,
2682,1,,1.0000,1,1,3228,2151,6455,6456,,000002682,2023-08-22 12:26:26,2023-08-22 12:26:28,[],,,
2683,1,,1.0000,1,1,3229,2151,6457,6458,,000002683,2023-08-22 12:26:29,2023-08-22 12:26:29,[],,,
2684,1,,1.0000,1,1,3234,2151,6467,6468,,000002684,2023-08-23 13:22:11,2023-08-23 13:22:12,[],,,
2685,1,,1.0000,1,1,3233,2151,6465,6466,,000002685,2023-08-23 13:22:14,2023-08-23 13:22:15,[],,,
2686,1,,1.0000,1,1,3232,2151,6463,6464,,000002686,2023-08-23 13:22:16,2023-08-23 13:22:16,[],,,
2687,1,,1.0000,1,1,3231,2151,6461,6462,,000002687,2023-08-23 13:22:18,2023-08-23 13:22:18,[],,,
2688,1,,1.0000,1,1,3236,2151,6471,6472,,000002688,2023-08-24 13:40:14,2023-08-24 13:40:16,[],,,
2689,1,,2.0000,1,1,3235,2151,6469,6470,,000002689,2023-08-24 13:40:17,2023-08-24 13:40:17,[],,,
2690,1,,1.0000,1,1,3237,1654,6473,6474,,000002690,2023-08-24 15:08:12,2023-08-24 15:08:14,[],,,
2691,1,,1.0000,1,1,3238,1654,6475,6476,,000002691,2023-08-25 15:38:15,2023-08-25 15:38:17,[],,,
2692,1,,1.0000,,1,3240,2151,6479,6480,,000002692,2023-08-29 13:46:34,2023-08-29 13:46:43,[],,,
2693,1,,1.0000,,1,3239,1782,6477,6478,,000002693,2023-08-29 13:46:50,2023-08-29 13:47:00,[],,,
2694,1,,1.0000,,1,3245,2151,6489,6490,,000002694,2023-08-29 14:44:37,2023-08-29 14:44:46,[],,,
2695,1,,1.0000,,1,3243,2151,6485,6486,,000002695,2023-08-29 14:44:47,2023-08-29 14:44:57,[],,,
2696,1,,1.0000,,1,3241,2151,6481,6482,,000002696,2023-08-29 14:44:59,2023-08-29 14:44:59,[],,,
2697,1,,1.0000,,1,3242,2151,6483,6484,,000002697,2023-08-29 14:45:00,2023-08-29 14:45:00,[],,,
2698,1,,1.0000,,1,3244,2151,6487,6488,,000002698,2023-08-29 14:45:03,2023-08-29 14:45:03,[],,,
2699,1,,1.0000,,1,3247,2151,6493,6494,,000002699,2023-08-29 15:40:31,2023-08-29 15:40:42,[],,,
2700,1,,1.0000,,1,3246,2151,6491,6492,,000002700,2023-08-29 15:40:43,2023-08-29 15:40:53,[],,,
2701,1,,1.0000,,1,3248,2151,6495,6496,,000002701,2023-08-29 15:40:55,2023-08-29 15:40:55,[],,,
2702,1,,1.0000,1,1,3249,2151,6497,6498,,000002702,2023-08-30 11:32:20,2023-08-30 11:32:22,[],,,
2703,1,,1.0000,1,1,3250,2151,6499,6500,,000002703,2023-08-30 11:32:23,2023-08-30 11:32:23,[],,,
2704,1,,1.0000,1,1,3251,1654,6501,6502,,000002704,2023-08-30 14:50:11,2023-08-30 14:50:12,[],,,
2705,1,,1.0000,1,1,3256,2151,6511,6512,,000002705,2023-08-31 13:00:14,2023-08-31 13:00:15,[],,,
2706,1,,1.0000,1,1,3254,2151,6507,6508,,000002706,2023-08-31 13:00:16,2023-08-31 13:00:17,[],,,
2707,1,,1.0000,1,1,3252,2151,6503,6504,,000002707,2023-08-31 13:00:18,2023-08-31 13:00:18,[],,,
2708,1,,1.0000,1,1,3255,2151,6509,6510,,000002708,2023-08-31 13:00:20,2023-08-31 13:00:20,[],,,
2709,1,,1.0000,1,1,3253,2151,6505,6506,,000002709,2023-08-31 13:00:21,2023-08-31 13:00:21,[],,,
2710,1,,1.0000,1,1,3258,2151,6515,6516,,000002710,2023-09-01 13:32:12,2023-09-01 13:32:14,[],,,
2711,1,,1.0000,1,1,3259,2151,6517,6518,,000002711,2023-09-01 13:32:16,2023-09-01 13:32:17,[],,,
2712,1,,1.0000,1,1,3257,2151,6513,6514,,000002712,2023-09-01 13:32:18,2023-09-01 13:32:18,[],,,
2713,1,,1.0000,1,1,3260,1782,6519,6520,,000002713,2023-09-04 14:42:18,2023-09-04 14:42:19,[],,,
2714,1,,1.0000,1,1,3272,2151,6543,6544,,000002714,2023-09-04 15:38:15,2023-09-04 15:38:17,[],,,
2715,1,,1.0000,1,1,3267,2151,6533,6534,,000002715,2023-09-04 15:38:18,2023-09-04 15:38:19,[],,,
2716,1,,1.0000,1,1,3262,2151,6523,6524,,000002716,2023-09-04 15:38:20,2023-09-04 15:38:20,[],,,
2717,1,,1.0000,1,1,3261,2151,6521,6522,,000002717,2023-09-04 15:38:22,2023-09-04 15:38:22,[],,,
2718,1,,1.0000,1,1,3263,2151,6525,6526,,000002718,2023-09-04 15:38:24,2023-09-04 15:38:24,[],,,
2719,1,,3.0000,1,1,3268,2151,6535,6536,,000002719,2023-09-04 15:38:25,2023-09-04 15:38:26,[],,,
2720,1,,1.0000,1,1,3271,2151,6541,6542,,000002720,2023-09-04 15:38:27,2023-09-04 15:38:28,[],,,
2721,1,,1.0000,1,1,3264,2151,6527,6528,,000002721,2023-09-04 15:38:29,2023-09-04 15:38:29,[],,,
2722,1,,1.0000,1,1,3265,2151,6529,6530,,000002722,2023-09-04 15:38:31,2023-09-04 15:38:31,[],,,
2723,1,,1.0000,1,1,3270,2151,6539,6540,,000002723,2023-09-04 15:38:32,2023-09-04 15:38:33,[],,,
2724,1,,2.0000,1,1,3269,2151,6537,6538,,000002724,2023-09-04 15:38:34,2023-09-04 15:38:34,[],,,
2725,1,,1.0000,1,1,3266,2151,6531,6532,,000002725,2023-09-04 15:38:37,2023-09-04 15:38:37,[],,,
2726,1,,8.0000,1,1,3273,2475,6545,6546,,000002726,2023-09-04 16:28:13,2023-09-04 16:28:15,[],,,
2727,1,,1.0000,1,1,3276,2151,6551,6552,,000002727,2023-09-05 13:50:33,2023-09-05 13:50:35,[],,,
2728,1,,1.0000,1,1,3274,2151,6547,6548,,000002728,2023-09-05 13:50:36,2023-09-05 13:50:36,[],,,
2729,1,,1.0000,1,1,3278,2151,6555,6556,,000002729,2023-09-05 13:50:38,2023-09-05 13:50:38,[],,,
2730,1,,1.0000,1,1,3277,2151,6553,6554,,000002730,2023-09-05 13:50:39,2023-09-05 13:50:39,[],,,
2731,1,,1.0000,1,1,3279,2151,6557,6558,,000002731,2023-09-06 12:28:18,2023-09-06 12:28:19,[],,,
2732,1,,1.0000,1,1,3280,2151,6559,6560,,000002732,2023-09-06 12:28:22,2023-09-06 12:28:22,[],,,
2733,1,,1.0000,1,1,3281,2151,6561,6562,,000002733,2023-09-06 14:00:11,2023-09-06 14:00:12,[],,,
2734,1,,1.0000,1,1,3283,2151,6565,6566,,000002734,2023-09-07 13:42:13,2023-09-07 13:42:15,[],,,
2735,1,,1.0000,1,1,3282,2151,6563,6564,,000002735,2023-09-07 13:42:16,2023-09-07 13:42:16,[],,,
2736,1,,1.0000,1,1,3286,2151,6571,6572,,000002736,2023-09-08 13:54:42,2023-09-08 13:54:43,[],,,
2737,1,,1.0000,1,1,3284,2151,6567,6568,,000002737,2023-09-08 13:54:45,2023-09-08 13:54:46,[],,,
2738,1,,1.0000,1,1,3285,2151,6569,6570,,000002738,2023-09-08 13:54:47,2023-09-08 13:54:47,[],,,
2739,1,,1.0000,1,1,3287,2151,6573,6574,,000002739,2023-09-08 13:54:48,2023-09-08 13:54:49,[],,,
2740,1,,1.0000,1,1,3288,2151,6575,6576,,000002740,2023-09-08 13:54:50,2023-09-08 13:54:50,[],,,
2741,1,,3.0000,1,1,3289,2151,6577,6578,,000002741,2023-09-08 17:10:15,2023-09-08 17:10:16,[],,,
2742,1,,1.0000,1,1,3290,1782,6579,6580,,000002742,2023-09-11 10:08:22,2023-09-11 10:08:24,[],,,
2743,1,,1.0000,1,1,3291,2151,6581,6582,,000002743,2023-09-11 14:26:19,2023-09-11 14:26:20,[],,,
2744,1,,1.0000,1,1,3292,2151,6583,6584,,000002744,2023-09-11 14:26:22,2023-09-11 14:26:22,[],,,
2745,1,,1.0000,1,1,3293,2151,6585,6586,,000002745,2023-09-11 14:26:23,2023-09-11 14:26:23,[],,,
2746,1,,1.0000,1,1,3294,2151,6587,6588,,000002746,2023-09-11 14:26:25,2023-09-11 14:26:25,[],,,
2747,1,,1.0000,1,1,3295,2151,6589,6590,,000002747,2023-09-11 14:26:26,2023-09-11 14:26:27,[],,,
2748,1,,1.0000,1,1,3296,2151,6591,6592,,000002748,2023-09-11 14:26:28,2023-09-11 14:26:28,[],,,
2749,1,,1.0000,1,1,3297,2151,6593,6594,,000002749,2023-09-11 14:26:29,2023-09-11 14:26:30,[],,,
2750,1,,1.0000,1,1,3298,2151,6595,6596,,000002750,2023-09-11 14:26:31,2023-09-11 14:26:31,[],,,
2751,1,,1.0000,1,1,3303,2151,6605,6606,,000002751,2023-09-11 14:26:32,2023-09-11 14:26:33,[],,,
2752,1,,1.0000,1,1,3304,2151,6607,6608,,000002752,2023-09-11 14:26:34,2023-09-11 14:26:34,[],,,
2753,1,,1.0000,1,1,3305,2151,6609,6610,,000002753,2023-09-11 14:26:35,2023-09-11 14:26:36,[],,,
2754,1,,1.0000,1,1,3306,2151,6611,6612,,000002754,2023-09-11 14:26:37,2023-09-11 14:26:37,[],,,
2755,1,,1.0000,1,1,3302,2151,6603,6604,,000002755,2023-09-11 14:26:38,2023-09-11 14:26:39,[],,,
2756,1,,1.0000,1,1,3299,2151,6597,6598,,000002756,2023-09-11 14:26:40,2023-09-11 14:26:40,[],,,
2757,1,,1.0000,1,1,3300,2151,6599,6600,,000002757,2023-09-11 14:26:42,2023-09-11 14:26:42,[],,,
2758,1,,1.0000,1,1,3301,2151,6601,6602,,000002758,2023-09-11 14:26:43,2023-09-11 14:26:43,[],,,
2759,1,,1.0000,1,1,3308,2151,6615,6616,,000002759,2023-09-12 13:52:16,2023-09-12 13:52:17,[],,,
2760,1,,1.0000,1,1,3309,2151,6617,6618,,000002760,2023-09-12 13:52:19,2023-09-12 13:52:19,[],,,
2761,1,,1.0000,1,1,3227,2151,6453,6454,,000002761,2023-09-12 13:52:25,2023-09-12 13:52:25,[],,,
2762,1,,2.0000,1,1,3307,1654,6613,6614,,000002762,2023-09-12 17:38:11,2023-09-12 17:38:12,[],,,
2763,1,,4.0000,1,1,3310,1654,6619,6620,,000002763,2023-09-12 17:38:14,2023-09-12 17:38:14,[],,,
2764,1,,1.0000,1,1,3312,2151,6623,6624,,000002764,2023-09-13 13:18:10,2023-09-13 13:18:12,[],,,
2765,1,,1.0000,1,1,3311,2151,6621,6622,,000002765,2023-09-13 13:18:13,2023-09-13 13:18:14,[],,,
2766,1,,1.0000,1,1,3314,2151,6627,6628,,000002766,2023-09-13 13:18:15,2023-09-13 13:18:16,[],,,
2767,1,,1.0000,1,1,3313,2151,6625,6626,,000002767,2023-09-13 13:18:17,2023-09-13 13:18:17,[],,,
2768,1,,1.0000,1,1,3315,1654,6629,6630,,000002768,2023-09-13 13:18:20,2023-09-13 13:18:20,[],,,
2769,1,,1.0000,1,1,3316,2151,6631,6632,,000002769,2023-09-14 10:14:13,2023-09-14 10:14:14,[],,,
2770,1,,1.0000,1,1,3317,2151,6633,6634,,000002770,2023-09-14 13:42:16,2023-09-14 13:42:18,[],,,
2771,1,,1.0000,1,1,3275,2151,6549,6550,,000002771,2023-09-14 16:46:23,2023-09-14 16:46:24,[],,,
2772,1,,1.0000,1,1,3318,2151,6635,6636,,000002772,2023-09-15 12:08:20,2023-09-15 12:08:22,[],,,
2773,1,,2.0000,1,1,3319,2151,6637,6638,,000002773,2023-09-15 12:08:25,2023-09-15 12:08:25,[],,,
2774,1,,1.0000,1,1,3320,2151,6639,6640,,000002774,2023-09-15 12:08:26,2023-09-15 12:08:26,[],,,
2775,1,,1.0000,1,1,3322,2151,6643,6644,,000002775,2023-09-15 13:06:12,2023-09-15 13:06:13,[],,,
2776,1,,1.0000,1,1,3321,2151,6641,6642,,000002776,2023-09-15 13:06:15,2023-09-15 13:06:15,[],,,
2777,1,,1.0000,1,1,3323,1654,6645,6646,,000002777,2023-09-15 15:02:13,2023-09-15 15:02:14,[],,,
2778,1,,1.0000,1,1,3324,2151,6647,6648,,000002778,2023-09-15 17:27:17,2023-09-15 17:27:18,[],,,
2779,1,,1.0000,1,1,3325,2151,6649,6650,,000002779,2023-09-15 17:27:19,2023-09-15 17:27:19,[],,,
2780,1,,1.0000,1,1,3326,1654,6651,6652,,000002780,2023-09-18 13:25:48,2023-09-18 13:25:49,[],,,
2781,1,,1.0000,1,1,3333,2151,6665,6666,,000002781,2023-09-18 14:16:16,2023-09-18 14:16:17,[],,,
2782,1,,1.0000,1,1,3335,2151,6669,6670,,000002782,2023-09-18 14:16:19,2023-09-18 14:16:19,[],,,
2783,1,,1.0000,1,1,3334,2151,6667,6668,,000002783,2023-09-18 14:16:20,2023-09-18 14:16:20,[],,,
2784,1,,1.0000,1,1,3331,2151,6661,6662,,000002784,2023-09-18 14:16:22,2023-09-18 14:16:22,[],,,
2785,1,,2.0000,1,1,3337,2151,6673,6674,,000002785,2023-09-18 14:16:23,2023-09-18 14:16:24,[],,,
2786,1,,1.0000,1,1,3338,2151,6675,6676,,000002786,2023-09-18 14:16:25,2023-09-18 14:16:25,[],,,
2787,1,,1.0000,1,1,3340,2151,6679,6680,,000002787,2023-09-18 14:16:27,2023-09-18 14:16:27,[],,,
2788,1,,1.0000,1,1,3330,2151,6659,6660,,000002788,2023-09-18 14:16:28,2023-09-18 14:16:28,[],,,
2789,1,,1.0000,1,1,3336,2151,6671,6672,,000002789,2023-09-18 14:16:30,2023-09-18 14:16:30,[],,,
2790,1,,1.0000,1,1,3332,2151,6663,6664,,000002790,2023-09-18 14:16:31,2023-09-18 14:16:31,[],,,
2791,1,,1.0000,1,1,3329,2151,6657,6658,,000002791,2023-09-18 14:16:33,2023-09-18 14:16:33,[],,,
2792,1,,1.0000,1,1,3327,2151,6653,6654,,000002792,2023-09-18 14:16:36,2023-09-18 14:16:36,[],,,
2793,1,,1.0000,1,1,3339,2151,6677,6678,,000002793,2023-09-18 14:16:37,2023-09-18 14:16:37,[],,,
2794,1,,1.0000,1,1,3328,2151,6655,6656,,000002794,2023-09-18 14:16:39,2023-09-18 14:16:39,[],,,
2795,1,,1.0000,1,1,3346,2151,6691,6692,,000002795,2023-09-18 14:16:42,2023-09-18 14:16:42,[],,,
2796,1,,1.0000,1,1,3347,2151,6693,6694,,000002796,2023-09-18 14:16:43,2023-09-18 14:16:43,[],,,
2797,1,,1.0000,1,1,3341,2151,6681,6682,,000002797,2023-09-18 14:16:48,2023-09-18 14:16:48,[],,,
2798,1,,1.0000,1,1,3342,2151,6683,6684,,000002798,2023-09-18 14:16:51,2023-09-18 14:16:51,[],,,
2799,1,,1.0000,1,1,3343,2151,6685,6686,,000002799,2023-09-18 14:16:52,2023-09-18 14:16:53,[],,,
2800,1,,1.0000,1,1,3344,2151,6687,6688,,000002800,2023-09-18 14:16:54,2023-09-18 14:16:54,[],,,
2801,1,,1.0000,1,1,3348,2151,6695,6696,,000002801,2023-09-19 12:52:34,2023-09-19 12:52:35,[],,,
2802,1,,1.0000,1,1,3349,2151,6697,6698,,000002802,2023-09-19 12:52:37,2023-09-19 12:52:37,[],,,
2803,1,,1.0000,1,1,3350,2151,6699,6700,,000002803,2023-09-19 12:52:38,2023-09-19 12:52:38,[],,,
2804,1,,1.0000,1,1,3351,2151,6701,6702,,000002804,2023-09-19 12:52:41,2023-09-19 12:52:41,[],,,
2805,1,,1.0000,1,1,3352,2151,6703,6704,,000002805,2023-09-19 12:52:43,2023-09-19 12:52:43,[],,,
2806,1,,1.0000,1,1,3359,2151,6717,6718,,000002806,2023-09-20 12:52:13,2023-09-20 12:52:14,[],,,
2807,1,,1.0000,1,1,3360,2151,6719,6720,,000002807,2023-09-20 12:52:15,2023-09-20 12:52:16,[],,,
2808,1,,1.0000,1,1,3357,2151,6713,6714,,000002808,2023-09-20 12:52:22,2023-09-20 12:52:22,[],,,
2809,1,,1.0000,1,1,3356,2151,6711,6712,,000002809,2023-09-20 12:52:24,2023-09-20 12:52:24,[],,,
2810,1,,1.0000,1,1,3358,2151,6715,6716,,000002810,2023-09-20 12:52:26,2023-09-20 12:52:27,[],,,
2811,1,,1.0000,1,1,3361,2151,6721,6722,,000002811,2023-09-20 12:52:31,2023-09-20 12:52:31,[],,,
2812,1,,1.0000,1,1,3362,2151,6723,6724,,000002812,2023-09-20 12:52:32,2023-09-20 12:52:33,[],,,
2813,1,,1.0000,1,1,3363,2151,6725,6726,,000002813,2023-09-20 13:34:23,2023-09-20 13:34:24,[],,,
2814,1,,2.0000,1,1,3364,2151,6727,6728,,000002814,2023-09-20 13:34:25,2023-09-20 13:34:26,[],,,
2815,1,,1.0000,1,1,3365,2151,6729,6730,,000002815,2023-09-21 12:51:03,2023-09-21 12:51:06,[],,,
2816,1,,1.0000,1,1,3366,2151,6731,6732,,000002816,2023-09-21 12:51:08,2023-09-21 12:51:09,[],,,
2817,1,,1.0000,1,1,3367,2151,6733,6734,,000002817,2023-09-21 12:51:10,2023-09-21 12:51:11,[],,,
2818,1,,1.0000,1,1,3369,2151,6737,6738,,000002818,2023-09-22 13:20:21,2023-09-22 13:20:23,[],,,
2819,1,,2.0000,1,1,3368,2151,6735,6736,,000002819,2023-09-22 13:20:24,2023-09-22 13:20:25,[],,,
2820,1,,1.0000,1,1,3370,2151,6739,6740,,000002820,2023-09-22 13:20:26,2023-09-22 13:20:26,[],,,
2821,1,,3.0000,1,1,3373,1654,6745,6746,,000002821,2023-09-25 11:12:19,2023-09-25 11:12:21,[],,,
2822,1,,3.0000,1,1,3372,1654,6743,6744,,000002822,2023-09-25 11:12:23,2023-09-25 11:12:23,[],,,
2823,1,,1.0000,1,1,3371,2151,6741,6742,,000002823,2023-09-25 12:13:18,2023-09-25 12:13:19,[],,,
2824,1,,1.0000,1,1,3379,2151,6757,6758,,000002824,2023-09-25 13:58:50,2023-09-25 13:58:53,[],,,
2825,1,,1.0000,1,1,3380,2151,6759,6760,,000002825,2023-09-25 13:58:54,2023-09-25 13:58:54,[],,,
2826,1,,1.0000,1,1,3374,2151,6747,6748,,000002826,2023-09-25 13:59:07,2023-09-25 13:59:08,[],,,
2827,1,,1.0000,1,1,3375,2151,6749,6750,,000002827,2023-09-25 13:59:09,2023-09-25 13:59:10,[],,,
2828,1,,1.0000,1,1,3376,2151,6751,6752,,000002828,2023-09-25 13:59:13,2023-09-25 13:59:13,[],,,
2829,1,,1.0000,1,1,3377,2151,6753,6754,,000002829,2023-09-25 13:59:14,2023-09-25 13:59:15,[],,,
2830,1,,1.0000,1,1,3378,2151,6755,6756,,000002830,2023-09-25 13:59:16,2023-09-25 13:59:17,[],,,
2831,1,,1.0000,1,1,3381,1654,6761,6762,,000002831,2023-09-26 11:44:33,2023-09-26 11:44:33,[],,,
2832,1,,2.0000,1,1,3382,2151,6763,6764,,000002832,2023-09-26 12:42:16,2023-09-26 12:42:18,[],,,
2833,1,,1.0000,1,1,3383,2151,6765,6766,,000002833,2023-09-26 12:42:20,2023-09-26 12:42:20,[],,,
2834,1,,1.0000,1,1,3384,2151,6767,6768,,000002834,2023-09-26 12:42:21,2023-09-26 12:42:22,[],,,
2835,1,,1.0000,1,1,3385,2151,6769,6770,,000002835,2023-09-27 11:40:19,2023-09-27 11:40:23,[],,,
2836,1,,1.0000,1,1,3386,2151,6771,6772,,000002836,2023-09-27 11:40:30,2023-09-27 11:40:30,[],,,
2837,1,,3.0000,1,1,3226,2151,6451,6452,,000002837,2023-09-28 14:14:21,2023-09-28 14:14:24,[],,,
2838,1,,1.0000,1,1,3388,2151,6775,6776,,000002838,2023-09-29 12:38:17,2023-09-29 12:38:19,[],,,
2839,1,,1.0000,1,1,3387,2151,6773,6774,,000002839,2023-09-29 12:38:21,2023-09-29 12:38:21,[],,,
2840,1,,1.0000,1,1,3389,1654,6777,6778,,000002840,2023-10-02 11:41:09,2023-10-02 11:41:11,[],,,
2841,1,,1.0000,1,1,3390,2151,6779,6780,,000002841,2023-10-02 13:40:23,2023-10-02 13:40:25,[],,,
2842,1,,1.0000,1,1,3391,2151,6781,6782,,000002842,2023-10-02 13:40:26,2023-10-02 13:40:27,[],,,
2843,1,,1.0000,1,1,3392,2151,6783,6784,,000002843,2023-10-02 13:40:28,2023-10-02 13:40:29,[],,,
2844,1,,1.0000,1,1,3396,2151,6791,6792,,000002844,2023-10-03 13:26:19,2023-10-03 13:26:21,[],,,
2845,1,,2.0000,1,1,3394,2151,6787,6788,,000002845,2023-10-03 13:26:22,2023-10-03 13:26:23,[],,,
2846,1,,1.0000,1,1,3393,2151,6785,6786,,000002846,2023-10-03 13:26:26,2023-10-03 13:26:26,[],,,
2847,1,,1.0000,1,1,3395,2151,6789,6790,,000002847,2023-10-03 13:26:28,2023-10-03 13:26:28,[],,,
2848,1,,12.0000,1,1,3397,1654,6793,6794,,000002848,2023-10-03 16:50:14,2023-10-03 16:50:16,[],,,
2849,1,,1.0000,1,1,3398,2151,6795,6796,,000002849,2023-10-03 17:48:57,2023-10-03 17:48:59,[],,,
2850,1,,1.0000,1,1,3399,2151,6797,6798,,000002850,2023-10-04 12:30:19,2023-10-04 12:30:21,[],,,
2851,1,,1.0000,1,1,3400,2151,6799,6800,,000002851,2023-10-04 12:30:22,2023-10-04 12:30:23,[],,,
2852,1,,1.0000,1,1,3401,2151,6801,6802,,000002852,2023-10-04 12:30:25,2023-10-04 12:30:25,[],,,
2853,1,,1.0000,1,1,3403,2151,6805,6806,,000002853,2023-10-04 16:56:55,2023-10-04 16:56:56,[],,,
2854,1,,1.0000,1,1,3402,1654,6803,6804,,000002854,2023-10-04 16:56:59,2023-10-04 16:57:00,[],,,
2855,1,,1.0000,1,1,3406,2151,6811,6812,,000002855,2023-10-05 12:36:44,2023-10-05 12:36:46,[],,,
2856,1,,1.0000,1,1,3407,2151,6813,6814,,000002856,2023-10-05 12:36:48,2023-10-05 12:36:48,[],,,
2857,1,,1.0000,1,1,3408,2151,6815,6816,,000002857,2023-10-05 12:36:50,2023-10-05 12:36:50,[],,,
2858,1,,1.0000,1,1,3409,2151,6817,6818,,000002858,2023-10-05 12:36:52,2023-10-05 12:36:52,[],,,
2859,1,,1.0000,1,1,3404,2151,6807,6808,,000002859,2023-10-05 12:36:55,2023-10-05 12:36:56,[],,,
2860,1,,1.0000,1,1,3405,2151,6809,6810,,000002860,2023-10-05 12:36:57,2023-10-05 12:36:58,[],,,
2861,1,,3.0000,1,1,3410,1654,6819,6820,,000002861,2023-10-05 16:18:16,2023-10-05 16:18:18,[],,,
2862,1,,2.0000,1,1,3411,2151,6821,6822,,000002862,2023-10-06 15:43:12,2023-10-06 15:43:15,[],,,
2863,1,,1.0000,1,1,3412,2151,6823,6824,,000002863,2023-10-06 15:43:20,2023-10-06 15:43:20,[],,,
2864,1,,1.0000,1,1,3414,2151,6827,6828,,000002864,2023-10-06 15:43:22,2023-10-06 15:43:22,[],,,
2865,1,,1.0000,1,1,3413,2151,6825,6826,,000002865,2023-10-06 15:43:24,2023-10-06 15:43:24,[],,,
2866,1,,1.0000,1,1,3415,2151,6829,6830,,000002866,2023-10-06 15:43:26,2023-10-06 15:43:26,[],,,
2867,1,,1.0000,1,1,3416,2151,6831,6832,,000002867,2023-10-06 15:43:28,2023-10-06 15:43:28,[],,,
2868,1,,2.0000,1,1,3417,2151,6833,6834,,000002868,2023-10-09 10:04:41,2023-10-09 10:04:43,[],,,
2869,1,,2.0000,1,1,3422,2151,6843,6844,,000002869,2023-10-09 13:58:32,2023-10-09 13:58:33,[],,,
2870,1,,1.0000,1,1,3418,2151,6835,6836,,000002870,2023-10-09 13:58:35,2023-10-09 13:58:35,[],,,
2871,1,,1.0000,1,1,3421,2151,6841,6842,,000002871,2023-10-09 13:58:37,2023-10-09 13:58:38,[],,,
2872,1,,1.0000,1,1,3420,2151,6839,6840,,000002872,2023-10-09 13:58:41,2023-10-09 13:58:42,[],,,
2873,1,,1.0000,1,1,3419,2151,6837,6838,,000002873,2023-10-09 13:58:43,2023-10-09 13:58:44,[],,,
2874,1,,2.0000,1,1,3423,1654,6845,6846,,000002874,2023-10-09 14:44:26,2023-10-09 14:44:28,[],,,
2875,1,,1.0000,1,1,3424,2151,6847,6848,,000002875,2023-10-10 11:00:25,2023-10-10 11:00:26,[],,,
2876,1,,1.0000,1,1,3425,2151,6849,6850,,000002876,2023-10-10 11:55:05,2023-10-10 11:55:07,[],,,
2877,1,,1.0000,1,1,3426,2151,6851,6852,,000002877,2023-10-10 11:55:09,2023-10-10 11:55:09,[],,,
2878,1,,1.0000,1,1,3427,2151,6853,6854,,000002878,2023-10-10 13:27:07,2023-10-10 13:27:08,[],,,
2879,1,,1.0000,1,1,3428,2151,6855,6856,,000002879,2023-10-10 13:27:10,2023-10-10 13:27:10,[],,,
2880,1,,1.0000,1,1,3429,2151,6857,6858,,000002880,2023-10-11 10:02:24,2023-10-11 10:02:25,[],,,
2881,1,,2.0000,1,1,3430,2151,6859,6860,,000002881,2023-10-11 12:16:14,2023-10-11 12:16:16,[],,,
2882,1,,1.0000,1,1,3431,1654,6861,6862,,000002882,2023-10-12 14:16:19,2023-10-12 14:16:21,[],,,
2883,1,,1.0000,1,1,3432,2151,6863,6864,,000002883,2023-10-13 11:52:37,2023-10-13 11:52:39,[],,,
2884,1,,1.0000,1,1,3433,1654,6865,6866,,000002884,2023-10-16 10:12:40,2023-10-16 10:12:41,[],,,
2885,1,,3.0000,1,1,3434,1654,6867,6868,,000002885,2023-10-16 11:14:20,2023-10-16 11:14:21,[],,,
2886,1,,1.0000,1,1,3435,2151,6869,6870,,000002886,2023-10-16 11:54:22,2023-10-16 11:54:23,[],,,
2887,1,,2.0000,1,1,3436,2151,6871,6872,,000002887,2023-10-16 11:54:25,2023-10-16 11:54:26,[],,,
2888,1,,1.0000,1,1,3437,2151,6873,6874,,000002888,2023-10-16 11:54:27,2023-10-16 11:54:28,[],,,
2889,1,,1.0000,1,1,3438,2151,6875,6876,,000002889,2023-10-16 11:54:30,2023-10-16 11:54:30,[],,,
2890,1,,1.0000,1,1,3439,1654,6877,6878,,000002890,2023-10-16 14:24:27,2023-10-16 14:24:29,[],,,
2891,1,,2.0000,1,1,3440,2151,6879,6880,,000002891,2023-10-17 13:30:14,2023-10-17 13:30:16,[],,,
2892,1,,5.0000,1,1,3441,1654,6881,6882,,000002892,2023-10-18 12:48:13,2023-10-18 12:48:15,[],,,
2893,1,,1.0000,1,1,3442,2151,6883,6884,,000002893,2023-10-18 12:48:20,2023-10-18 12:48:20,[],,,
2894,1,,5.0000,1,1,3443,2475,6885,6886,,000002894,2023-10-19 14:08:23,2023-10-19 14:08:25,[],,,
2895,1,,1.0000,1,1,3444,2151,6887,6888,,000002895,2023-10-20 13:18:16,2023-10-20 13:18:18,[],,,
2896,1,,1.0000,1,1,3445,1654,6889,6890,,000002896,2023-10-23 10:12:36,2023-10-23 10:12:38,[],,,
2897,1,,1.0000,1,1,3447,2151,6893,6894,,000002897,2023-10-23 12:46:38,2023-10-23 12:46:40,[],,,
2898,1,,1.0000,1,1,3446,2151,6891,6892,,000002898,2023-10-23 12:46:47,2023-10-23 12:46:47,[],,,
2899,1,,1.0000,1,1,3448,2151,6895,6896,,000002899,2023-10-24 13:50:53,2023-10-24 13:50:55,[],,,
2900,1,,1.0000,1,1,3449,2151,6897,6898,,000002900,2023-10-24 13:50:57,2023-10-24 13:50:57,[],,,
2901,1,,1.0000,1,1,3450,2151,6899,6900,,000002901,2023-10-24 13:50:59,2023-10-24 13:50:59,[],,,
2902,1,,1.0000,1,1,3451,2151,6901,6902,,000002902,2023-10-25 11:44:21,2023-10-25 11:44:22,[],,,
2903,1,,2.0000,1,1,3452,2151,6903,6904,,000002903,2023-10-25 11:44:24,2023-10-25 11:44:24,[],,,
2904,1,,1.0000,1,1,3453,2151,6905,6906,,000002904,2023-10-25 11:44:26,2023-10-25 11:44:26,[],,,
2905,1,,2.0000,1,1,3460,2151,6919,6920,,000002905,2023-10-30 12:28:22,2023-10-30 12:28:24,[],,,
2906,1,,1.0000,1,1,3455,2151,6909,6910,,000002906,2023-10-30 12:28:26,2023-10-30 12:28:27,[],,,
2907,1,,1.0000,1,1,3458,2151,6915,6916,,000002907,2023-10-30 12:28:29,2023-10-30 12:28:29,[],,,
2908,1,,1.0000,1,1,3459,2151,6917,6918,,000002908,2023-10-30 12:28:31,2023-10-30 12:28:31,[],,,
2909,1,,1.0000,1,1,3457,2151,6913,6914,,000002909,2023-10-30 12:28:33,2023-10-30 12:28:33,[],,,
2910,1,,1.0000,1,1,3456,2151,6911,6912,,000002910,2023-10-30 12:28:35,2023-10-30 12:28:35,[],,,
2911,1,,1.0000,1,1,3454,1654,6907,6908,,000002911,2023-10-30 12:30:23,2023-10-30 12:30:24,[],,,
2912,1,,6.0000,1,1,3462,1654,6923,6924,,000002912,2023-11-01 09:28:19,2023-11-01 09:28:21,[],,,
2913,1,,1.0000,1,1,3463,2151,6925,6926,,000002913,2023-11-01 11:38:15,2023-11-01 11:38:17,[],,,
2914,1,,1.0000,1,1,3464,2151,6927,6928,,000002914,2023-11-01 11:38:19,2023-11-01 11:38:20,[],,,
2915,1,,2.0000,1,1,3465,2151,6929,6930,,000002915,2023-11-01 11:38:22,2023-11-01 11:38:22,[],,,
2916,1,,1.0000,1,1,3466,2151,6931,6932,,000002916,2023-11-02 13:22:21,2023-11-02 13:22:23,[],,,
2917,1,,8.0000,1,1,3467,2049,6933,6934,,000002917,2023-11-03 12:58:18,2023-11-03 12:58:20,[],,,
2918,1,,1.0000,1,1,3469,2151,6937,6938,,000002918,2023-11-03 13:00:20,2023-11-03 13:00:22,[],,,
2919,1,,1.0000,1,1,3468,2151,6935,6936,,000002919,2023-11-03 13:00:26,2023-11-03 13:00:26,[],,,
2920,1,,1.0000,1,1,3470,1654,6939,6940,,000002920,2023-11-03 13:36:23,2023-11-03 13:36:24,[],,,
2921,1,,1.0000,1,1,3474,2151,6947,6948,,000002921,2023-11-06 16:22:18,2023-11-06 16:22:20,[],,,
2922,1,,1.0000,1,1,3473,2151,6945,6946,,000002922,2023-11-06 16:22:22,2023-11-06 16:22:22,[],,,
2923,1,,2.0000,1,1,3472,2151,6943,6944,,000002923,2023-11-06 16:22:24,2023-11-06 16:22:25,[],,,
2924,1,,1.0000,1,1,3471,2151,6941,6942,,000002924,2023-11-06 16:22:27,2023-11-06 16:22:27,[],,,
2925,1,,1.0000,1,1,3475,2151,6949,6950,,000002925,2023-11-07 11:28:19,2023-11-07 11:28:21,[],,,
2926,1,,6.0000,1,1,3476,2475,6951,6952,,000002926,2023-11-07 16:16:28,2023-11-07 16:16:30,[],,,
2927,1,,1.0000,1,1,3477,1654,6953,6954,,000002927,2023-11-08 11:45:02,2023-11-08 11:45:03,[],,,
2928,1,,1.0000,1,1,3478,2151,6955,6956,,000002928,2023-11-09 12:46:05,2023-11-09 12:46:06,[],,,
2929,1,,2.0000,1,1,3230,1654,6459,6460,,000002929,2023-11-10 12:10:05,2023-11-10 12:10:07,[],,,
2930,1,,1.0000,1,1,3479,2151,6957,6958,,000002930,2023-11-10 13:16:07,2023-11-10 13:16:09,[],,,
2931,1,,7.0000,1,1,3480,1654,6959,6960,,000002931,2023-11-13 10:10:06,2023-11-13 10:10:07,[],,,
2932,1,,1.0000,1,1,3484,2151,6967,6968,,000002932,2023-11-13 15:06:07,2023-11-13 15:06:10,[],,,
2933,1,,1.0000,1,1,3483,2151,6965,6966,,000002933,2023-11-13 15:06:10,2023-11-13 15:06:11,[],,,
2934,1,,1.0000,1,1,3481,2151,6961,6962,,000002934,2023-11-13 15:06:11,2023-11-13 15:06:12,[],,,
2935,1,,2.0000,1,1,3482,2151,6963,6964,,000002935,2023-11-13 15:06:12,2023-11-13 15:06:12,[],,,
2936,1,,1.0000,1,1,3485,2151,6969,6970,,000002936,2023-11-13 15:08:08,2023-11-13 15:08:12,[],,,
2937,1,,5.0000,1,1,3486,1654,6971,6972,,000002937,2023-11-14 12:18:09,2023-11-14 12:18:11,[],,,
2938,1,,2.0000,1,1,3487,2151,6973,6974,,000002938,2023-11-14 16:06:11,2023-11-14 16:06:12,[],,,
2939,1,,1.0000,1,1,3488,2151,6975,6976,,000002939,2023-11-14 16:06:12,2023-11-14 16:06:13,[],,,
2940,1,,1.0000,1,1,3489,1654,6977,6978,,000002940,2023-11-14 16:22:08,2023-11-14 16:22:09,[],,,
2941,1,,1.0000,1,1,3490,2151,6979,6980,,000002941,2023-11-15 12:56:07,2023-11-15 12:56:08,[],,,
2942,1,,1.0000,1,1,3491,2151,6981,6982,,000002942,2023-11-16 13:14:05,2023-11-16 13:14:07,[],,,
2943,1,,1.0000,1,1,3492,2151,6983,6984,,000002943,2023-11-16 13:14:07,2023-11-16 13:14:08,[],,,
2944,1,,1.0000,1,1,3493,111,6985,6986,,000002944,2023-11-16 13:44:05,2023-11-16 13:44:08,[],,,
2945,1,,6.0000,1,1,3494,1654,6987,6988,,000002945,2023-11-16 15:48:04,2023-11-16 15:48:06,[],,,
2946,1,,1.0000,1,1,3496,2151,6991,6992,,000002946,2023-11-17 12:10:06,2023-11-17 12:10:07,[],,,
2947,1,,1.0000,1,1,3495,2151,6989,6990,,000002947,2023-11-17 12:12:05,2023-11-17 12:12:07,[],,,
2948,1,,2.0000,1,1,3497,1654,6993,6994,,000002948,2023-11-17 13:30:05,2023-11-17 13:30:06,[],,,
2949,1,,1.0000,1,1,3461,2151,6921,6922,,000002949,2023-11-17 16:10:06,2023-11-17 16:10:07,[],,,
2950,1,,1.0000,1,1,3498,2151,6995,6996,,000002950,2023-11-20 13:18:07,2023-11-20 13:18:10,[],,,
2951,1,,1.0000,1,1,3499,2151,6997,6998,,000002951,2023-11-20 13:18:10,2023-11-20 13:18:10,[],,,
2952,1,,1.0000,1,1,3500,2151,6999,7000,,000002952,2023-11-20 13:18:11,2023-11-20 13:18:11,[],,,
2953,1,,1.0000,1,1,3501,2151,7001,7002,,000002953,2023-11-20 13:18:11,2023-11-20 13:18:12,[],,,
2954,1,,2.0000,1,1,3504,2151,7007,7008,,000002954,2023-11-20 13:18:12,2023-11-20 13:18:12,[],,,
2955,1,,1.0000,1,1,3503,2151,7005,7006,,000002955,2023-11-20 13:18:13,2023-11-20 13:18:13,[],,,
2956,1,,1.0000,1,1,3505,2151,7009,7010,,000002956,2023-11-20 13:18:14,2023-11-20 13:18:14,[],,,
2957,1,,1.0000,1,1,3506,2151,7011,7012,,000002957,2023-11-20 13:18:14,2023-11-20 13:18:15,[],,,
2958,1,,1.0000,1,1,3502,2151,7003,7004,,000002958,2023-11-20 13:18:16,2023-11-20 13:18:17,[],,,
2959,1,,1.0000,1,1,3507,2151,7013,7014,,000002959,2023-11-20 15:12:10,2023-11-20 15:12:11,[],,,
2960,1,,1.0000,1,1,3508,2151,7015,7016,,000002960,2023-11-20 16:12:08,2023-11-20 16:12:09,[],,,
2961,1,,1.0000,1,1,3509,1654,7017,7018,,000002961,2023-11-21 12:30:08,2023-11-21 12:30:11,[],,,
2962,1,,1.0000,1,1,3513,2151,7025,7026,,000002962,2023-11-22 12:18:06,2023-11-22 12:18:08,[],,,
2963,1,,1.0000,1,1,3512,2151,7023,7024,,000002963,2023-11-22 12:18:08,2023-11-22 12:18:09,[],,,
2964,1,,1.0000,1,1,3517,2151,7033,7034,,000002964,2023-11-22 12:20:06,2023-11-22 12:20:10,[],,,
2965,1,,1.0000,1,1,3514,2151,7027,7028,,000002965,2023-11-22 12:20:10,2023-11-22 12:20:10,[],,,
2966,1,,1.0000,1,1,3511,2151,7021,7022,,000002966,2023-11-22 12:20:11,2023-11-22 12:20:11,[],,,
2967,1,,1.0000,1,1,3510,2151,7019,7020,,000002967,2023-11-22 12:20:12,2023-11-22 12:20:12,[],,,
2968,1,,1.0000,1,1,3516,2151,7031,7032,,000002968,2023-11-22 12:22:07,2023-11-22 12:22:08,[],,,
2969,1,,1.0000,1,1,3515,2151,7029,7030,,000002969,2023-11-22 12:22:09,2023-11-22 12:22:09,[],,,
2970,1,,2.0000,1,1,3518,2151,7035,7036,,000002970,2023-11-22 13:02:05,2023-11-22 13:02:06,[],,,
2971,1,,3.0000,1,1,3519,2151,7037,7038,,000002971,2023-11-24 11:06:07,2023-11-24 11:06:09,[],,,
2972,1,,1.0000,1,1,3521,2151,7041,7042,,000002972,2023-11-24 11:06:09,2023-11-24 11:06:10,[],,,
2973,1,,1.0000,1,1,3520,2151,7039,7040,,000002973,2023-11-24 11:06:10,2023-11-24 11:06:10,[],,,
2974,1,,1.0000,1,1,3523,2151,7045,7046,,000002974,2023-11-24 12:36:10,2023-11-24 12:36:12,[],,,
2975,1,,1.0000,1,1,3522,2151,7043,7044,,000002975,2023-11-24 12:36:12,2023-11-24 12:36:12,[],,,
2976,1,,1.0000,1,1,3528,2151,7055,7056,,000002976,2023-11-27 12:00:13,2023-11-27 12:00:16,[],,,
2977,1,,1.0000,1,1,3525,2151,7049,7050,,000002977,2023-11-27 12:00:16,2023-11-27 12:00:17,[],,,
2978,1,,1.0000,1,1,3527,2151,7053,7054,,000002978,2023-11-27 12:00:17,2023-11-27 12:00:17,[],,,
2979,1,,1.0000,1,1,3526,2151,7051,7052,,000002979,2023-11-27 12:00:18,2023-11-27 12:00:18,[],,,
2980,1,,1.0000,1,1,3524,2151,7047,7048,,000002980,2023-11-27 12:00:19,2023-11-27 12:00:19,[],,,
2981,1,,1.0000,1,1,3529,2151,7057,7058,,000002981,2023-11-27 12:56:11,2023-11-27 12:56:13,[],,,
2982,1,,1.0000,1,1,3530,2151,7059,7060,,000002982,2023-11-27 12:56:13,2023-11-27 12:56:13,[],,,
2983,1,,1.0000,1,1,3531,2151,7061,7062,,000002983,2023-11-27 12:56:14,2023-11-27 12:56:15,[],,,
2984,1,,2.0000,1,1,3532,2151,7063,7064,,000002984,2023-11-27 13:34:06,2023-11-27 13:34:09,[],,,
2985,1,,1.0000,1,1,3534,2151,7067,7068,,000002985,2023-11-29 12:32:10,2023-11-29 12:32:11,[],,,
2986,1,,1.0000,1,1,3536,2151,7071,7072,,000002986,2023-11-29 12:32:12,2023-11-29 12:32:12,[],,,
2987,1,,1.0000,1,1,3537,2151,7073,7074,,000002987,2023-11-29 12:32:12,2023-11-29 12:32:13,[],,,
2988,1,,1.0000,1,1,3535,2151,7069,7070,,000002988,2023-11-29 12:32:13,2023-11-29 12:32:13,[],,,
2989,1,,1.0000,1,1,3541,2151,7081,7082,,000002989,2023-11-30 13:06:05,2023-11-30 13:06:07,[],,,
2990,1,,1.0000,1,1,3538,2151,7075,7076,,000002990,2023-11-30 13:06:07,2023-11-30 13:06:07,[],,,
2991,1,,1.0000,1,1,3539,2151,7077,7078,,000002991,2023-11-30 13:06:08,2023-11-30 13:06:09,[],,,
2992,1,,1.0000,1,1,3540,2151,7079,7080,,000002992,2023-11-30 13:08:07,2023-11-30 13:08:09,[],,,
2993,1,,1.0000,1,1,3542,2151,7083,7084,,000002993,2023-11-30 13:08:09,2023-11-30 13:08:09,[],,,
2994,1,,1.0000,1,1,3552,2151,7103,7104,,000002994,2023-12-01 14:48:06,2023-12-01 14:48:08,[],,,
2995,1,,1.0000,1,1,3551,2151,7101,7102,,000002995,2023-12-01 14:48:09,2023-12-01 14:48:09,[],,,
2996,1,,1.0000,1,1,3550,2151,7099,7100,,000002996,2023-12-01 14:48:10,2023-12-01 14:48:10,[],,,
2997,1,,1.0000,1,1,3549,2151,7097,7098,,000002997,2023-12-01 14:48:10,2023-12-01 14:48:11,[],,,
2998,1,,1.0000,1,1,3544,2151,7087,7088,,000002998,2023-12-01 14:48:11,2023-12-01 14:48:12,[],,,
2999,1,,1.0000,1,1,3543,2151,7085,7086,,000002999,2023-12-01 14:48:12,2023-12-01 14:48:12,[],,,
3000,1,,1.0000,1,1,3547,2151,7093,7094,,000003000,2023-12-01 14:48:14,2023-12-01 14:48:14,[],,,
3001,1,,1.0000,1,1,3546,2151,7091,7092,,000003001,2023-12-01 14:48:14,2023-12-01 14:48:15,[],,,
3002,1,,1.0000,1,1,3545,2151,7089,7090,,000003002,2023-12-01 14:48:15,2023-12-01 14:48:15,[],,,
3003,1,,1.0000,1,1,3548,2151,7095,7096,,000003003,2023-12-01 14:48:16,2023-12-01 14:48:16,[],,,
3004,1,,1.0000,1,1,3553,2151,7105,7106,,000003004,2023-12-04 10:34:04,2023-12-04 10:34:07,[],,,
3005,1,,1.0000,1,1,3555,2151,7109,7110,,000003005,2023-12-04 11:12:08,2023-12-04 11:12:12,[],,,
3006,1,,2.0000,1,1,3554,2151,7107,7108,,000003006,2023-12-04 11:12:12,2023-12-04 11:12:13,[],,,
3007,1,,1.0000,1,1,3556,2151,7111,7112,,000003007,2023-12-04 11:12:13,2023-12-04 11:12:13,[],,,
3008,1,,1.0000,1,1,3558,2151,7115,7116,,000003008,2023-12-04 11:14:08,2023-12-04 11:14:10,[],,,
3009,1,,1.0000,1,1,3557,2151,7113,7114,,000003009,2023-12-04 11:14:11,2023-12-04 11:14:11,[],,,
3010,1,,1.0000,1,1,3561,2151,7121,7122,,000003010,2023-12-04 11:36:07,2023-12-04 11:36:09,[],,,
3011,1,,1.0000,1,1,3562,2151,7123,7124,,000003011,2023-12-04 11:36:10,2023-12-04 11:36:10,[],,,
3012,1,,1.0000,1,1,3560,2151,7119,7120,,000003012,2023-12-04 11:36:11,2023-12-04 11:36:11,[],,,
3013,1,,1.0000,1,1,3559,2151,7117,7118,,000003013,2023-12-04 11:36:11,2023-12-04 11:36:12,[],,,
3014,1,,1.0000,1,1,3563,2151,7125,7126,,000003014,2023-12-04 11:36:12,2023-12-04 11:36:13,[],,,
3015,1,,1.0000,1,1,3565,2151,7129,7130,,000003015,2023-12-04 11:36:13,2023-12-04 11:36:13,[],,,
3016,1,,1.0000,1,1,3564,2151,7127,7128,,000003016,2023-12-04 11:36:14,2023-12-04 11:36:14,[],,,
3017,1,,1.0000,1,1,3567,2151,7133,7134,,000003017,2023-12-05 12:48:09,2023-12-05 12:48:10,[],,,
3018,1,,2.0000,1,1,3566,2151,7131,7132,,000003018,2023-12-05 12:48:11,2023-12-05 12:48:11,[],,,
3019,1,,1.0000,1,1,3568,2151,7135,7136,,000003019,2023-12-05 13:00:09,2023-12-05 13:00:11,[],,,
3020,1,,1.0000,1,1,3570,2151,7139,7140,,000003020,2023-12-05 13:00:12,2023-12-05 13:00:12,[],,,
3021,1,,1.0000,1,1,3569,2151,7137,7138,,000003021,2023-12-05 13:00:13,2023-12-05 13:00:13,[],,,
3022,1,,1.0000,1,1,3571,2151,7141,7142,,000003022,2023-12-06 12:24:05,2023-12-06 12:24:07,[],,,
3023,1,,1.0000,1,1,3573,2151,7145,7146,,000003023,2023-12-07 09:16:06,2023-12-07 09:16:10,[],,,
3024,1,,3.0000,1,1,3572,1654,7143,7144,,000003024,2023-12-07 09:16:11,2023-12-07 09:16:11,[],,,
3025,1,,1.0000,1,1,3574,2151,7147,7148,,000003025,2023-12-07 11:14:04,2023-12-07 11:14:06,[],,,
3026,1,,1.0000,1,1,3575,2151,7149,7150,,000003026,2023-12-07 11:14:07,2023-12-07 11:14:07,[],,,
3027,1,,7.0000,1,1,3576,1654,7151,7152,,000003027,2023-12-11 09:30:06,2023-12-11 09:30:07,[],,,
3028,1,,1.0000,1,1,3586,2151,7171,7172,,000003028,2023-12-11 13:52:10,2023-12-11 13:52:12,[],,,
3029,1,,2.0000,1,1,3581,2151,7161,7162,,000003029,2023-12-11 13:52:13,2023-12-11 13:52:13,[],,,
3030,1,,1.0000,1,1,3582,2151,7163,7164,,000003030,2023-12-11 13:52:14,2023-12-11 13:52:14,[],,,
3031,1,,1.0000,1,1,3583,2151,7165,7166,,000003031,2023-12-11 13:52:16,2023-12-11 13:52:16,[],,,
3032,1,,1.0000,1,1,3585,2151,7169,7170,,000003032,2023-12-11 13:52:17,2023-12-11 13:52:18,[],,,
3033,1,,1.0000,1,1,3579,2151,7157,7158,,000003033,2023-12-11 13:52:18,2023-12-11 13:52:19,[],,,
3034,1,,1.0000,1,1,3584,2151,7167,7168,,000003034,2023-12-11 13:54:07,2023-12-11 13:54:08,[],,,
3035,1,,1.0000,1,1,3578,2151,7155,7156,,000003035,2023-12-11 13:54:09,2023-12-11 13:54:09,[],,,
3036,1,,1.0000,1,1,3580,2151,7159,7160,,000003036,2023-12-11 13:54:10,2023-12-11 13:54:10,[],,,
3037,1,,1.0000,1,1,3577,2151,7153,7154,,000003037,2023-12-11 13:54:10,2023-12-11 13:54:11,[],,,
3038,1,,2.0000,1,1,3592,2151,7183,7184,,000003038,2023-12-11 15:16:09,2023-12-11 15:16:11,[],,,
3039,1,,1.0000,1,1,3591,2151,7181,7182,,000003039,2023-12-11 15:16:11,2023-12-11 15:16:12,[],,,
3040,1,,1.0000,1,1,3587,2151,7173,7174,,000003040,2023-12-11 15:16:13,2023-12-11 15:16:13,[],,,
3041,1,,1.0000,1,1,3590,2151,7179,7180,,000003041,2023-12-11 15:18:08,2023-12-11 15:18:10,[],,,
3042,1,,1.0000,1,1,3588,2151,7175,7176,,000003042,2023-12-11 15:18:10,2023-12-11 15:18:11,[],,,
3043,1,,1.0000,1,1,3589,2151,7177,7178,,000003043,2023-12-11 15:18:11,2023-12-11 15:18:11,[],,,
3044,1,,1.0000,1,1,3597,2151,7193,7194,,000003044,2023-12-12 11:06:10,2023-12-12 11:06:11,[],,,
3045,1,,1.0000,1,1,3596,2151,7191,7192,,000003045,2023-12-12 11:08:11,2023-12-12 11:08:13,[],,,
3046,1,,1.0000,1,1,3598,2151,7195,7196,,000003046,2023-12-12 11:34:07,2023-12-12 11:34:10,[],,,
3047,1,,2.0000,1,1,3599,2151,7197,7198,,000003047,2023-12-12 11:34:11,2023-12-12 11:34:11,[],,,
3048,1,,2.0000,1,1,3602,2151,7203,7204,,000003048,2023-12-13 14:02:05,2023-12-13 14:02:07,[],,,
3049,1,,1.0000,1,1,3600,2151,7199,7200,,000003049,2023-12-13 14:02:07,2023-12-13 14:02:08,[],,,
3050,1,,1.0000,1,1,3604,2151,7207,7208,,000003050,2023-12-13 14:02:08,2023-12-13 14:02:08,[],,,
3051,1,,1.0000,1,1,3601,2151,7201,7202,,000003051,2023-12-13 14:02:09,2023-12-13 14:02:09,[],,,
3052,1,,1.0000,1,1,3603,2151,7205,7206,,000003052,2023-12-13 14:02:10,2023-12-13 14:02:10,[],,,
3053,1,,1.0000,1,1,3605,2151,7209,7210,,000003053,2023-12-13 14:02:11,2023-12-13 14:02:11,[],,,
3054,1,,1.0000,1,1,3606,2151,7211,7212,,000003054,2023-12-14 09:12:09,2023-12-14 09:12:11,[],,,
3055,1,,5.0000,1,1,3607,1654,7213,7214,,000003055,2023-12-14 09:16:12,2023-12-14 09:16:16,[],,,
3056,1,,1.0000,1,1,3609,2151,7217,7218,,000003056,2023-12-14 11:18:07,2023-12-14 11:18:09,[],,,
3057,1,,1.0000,1,1,3608,2151,7215,7216,,000003057,2023-12-14 11:18:09,2023-12-14 11:18:09,[],,,
3058,1,,1.0000,1,1,3611,2151,7221,7222,,000003058,2023-12-14 12:12:06,2023-12-14 12:12:10,[],,,
3059,1,,1.0000,1,1,3610,2151,7219,7220,,000003059,2023-12-14 12:12:11,2023-12-14 12:12:11,[],,,
3060,1,,1.0000,1,1,3612,2151,7223,7224,,000003060,2023-12-15 11:58:06,2023-12-15 11:58:07,[],,,
3061,1,,1.0000,1,1,3615,2151,7229,7230,,000003061,2023-12-15 11:58:08,2023-12-15 11:58:08,[],,,
3062,1,,2.0000,1,1,3614,2151,7227,7228,,000003062,2023-12-15 11:58:10,2023-12-15 11:58:10,[],,,
3063,1,,1.0000,1,1,3616,2151,7231,7232,,000003063,2023-12-15 11:58:11,2023-12-15 11:58:11,[],,,
3064,1,,1.0000,1,1,3613,2151,7225,7226,,000003064,2023-12-15 11:58:12,2023-12-15 11:58:12,[],,,
3065,1,,3.0000,1,1,3617,1654,7233,7234,,000003065,2023-12-18 09:56:11,2023-12-18 09:56:13,[],,,
3066,1,,1.0000,1,1,3618,1782,7235,7236,,000003066,2023-12-18 12:20:11,2023-12-18 12:20:13,[],,,
3067,1,,1.0000,1,1,3623,2151,7245,7246,,000003067,2023-12-18 12:20:13,2023-12-18 12:20:14,[],,,
3068,1,,1.0000,1,1,3619,2151,7237,7238,,000003068,2023-12-18 12:20:14,2023-12-18 12:20:15,[],,,
3069,1,,1.0000,1,1,3620,2151,7239,7240,,000003069,2023-12-18 12:20:16,2023-12-18 12:20:16,[],,,
3070,1,,1.0000,1,1,3622,2151,7243,7244,,000003070,2023-12-18 12:20:17,2023-12-18 12:20:18,[],,,
3071,1,,1.0000,1,1,3621,2151,7241,7242,,000003071,2023-12-18 12:20:19,2023-12-18 12:20:19,[],,,
3072,1,,2.0000,1,1,3624,2151,7247,7248,,000003072,2023-12-19 15:24:09,2023-12-19 15:24:10,[],,,
3073,1,,3.0000,1,1,3625,2151,7249,7250,,000003073,2023-12-19 15:24:11,2023-12-19 15:24:12,[],,,
3074,1,,1.0000,1,1,3626,2151,7251,7252,,000003074,2023-12-20 13:42:09,2023-12-20 13:42:11,[],,,
3075,1,,1.0000,1,1,3627,2151,7253,7254,,000003075,2023-12-21 10:02:09,2023-12-21 10:02:11,[],,,
3076,1,,1.0000,1,1,3628,2151,7255,7256,,000003076,2023-12-21 10:32:09,2023-12-21 10:32:11,[],,,
3077,1,,1.0000,1,1,3636,2151,7271,7272,,000003077,2024-01-02 10:12:11,2024-01-02 10:12:14,[],,,
3078,1,,1.0000,1,1,3631,2151,7261,7262,,000003078,2024-01-02 10:22:06,2024-01-02 10:22:09,[],,,
3079,1,,1.0000,1,1,3630,2151,7259,7260,,000003079,2024-01-02 10:22:09,2024-01-02 10:22:10,[],,,
3080,1,,1.0000,1,1,3635,2151,7269,7270,,000003080,2024-01-02 10:22:11,2024-01-02 10:22:12,[],,,
3081,1,,1.0000,1,1,3629,2151,7257,7258,,000003081,2024-01-02 10:22:12,2024-01-02 10:22:13,[],,,
3082,1,,1.0000,1,1,3637,2151,7273,7274,,000003082,2024-01-02 10:22:14,2024-01-02 10:22:15,[],,,
3083,1,,1.0000,1,1,3634,2151,7267,7268,,000003083,2024-01-02 10:22:15,2024-01-02 10:22:16,[],,,
3084,1,,1.0000,1,1,3632,2151,7263,7264,,000003084,2024-01-02 10:22:17,2024-01-02 10:22:18,[],,,
3085,1,,1.0000,1,1,3633,2151,7265,7266,,000003085,2024-01-02 10:22:18,2024-01-02 10:22:19,[],,,
3086,1,,2.0000,1,1,3638,2151,7275,7276,,000003086,2024-01-02 12:26:12,2024-01-02 12:26:18,[],,,
3087,1,,1.0000,1,1,3644,2151,7287,7288,,000003087,2024-01-02 12:26:19,2024-01-02 12:26:20,[],,,
3088,1,,1.0000,1,1,3640,2151,7279,7280,,000003088,2024-01-02 12:26:20,2024-01-02 12:26:22,[],,,
3089,1,,1.0000,1,1,3643,2151,7285,7286,,000003089,2024-01-02 12:26:22,2024-01-02 12:26:23,[],,,
3090,1,,2.0000,1,1,3641,2151,7281,7282,,000003090,2024-01-02 12:26:24,2024-01-02 12:26:25,[],,,
3091,1,,1.0000,1,1,3639,2151,7277,7278,,000003091,2024-01-02 12:26:26,2024-01-02 12:26:27,[],,,
3092,1,,1.0000,1,1,3642,2151,7283,7284,,000003092,2024-01-02 12:26:27,2024-01-02 12:26:28,[],,,
3093,1,,1.0000,1,1,3645,2151,7289,7290,,000003093,2024-01-03 11:08:10,2024-01-03 11:08:12,[],,,
3094,1,,5.0000,1,1,3646,2475,7291,7292,,000003094,2024-01-04 10:30:09,2024-01-04 10:30:12,[],,,
3095,1,,2.0000,1,1,3647,1654,7293,7294,,000003095,2024-01-04 10:34:07,2024-01-04 10:34:09,[],,,
3096,1,,3.0000,1,1,3648,1654,7295,7296,,000003096,2024-01-04 13:14:07,2024-01-04 13:14:09,[],,,
3097,1,,1.0000,1,1,3649,2151,7297,7298,,000003097,2024-01-04 13:16:11,2024-01-04 13:16:13,[],,,
3098,1,,1.0000,1,1,3650,2151,7299,7300,,000003098,2024-01-05 10:50:10,2024-01-05 10:50:13,[],,,
3099,1,,1.0000,1,1,3651,2151,7301,7302,,000003099,2024-01-05 11:14:09,2024-01-05 11:14:12,[],,,
3100,1,,4.0000,1,1,3652,1654,7303,7304,,000003100,2024-01-08 10:18:09,2024-01-08 10:18:11,[],,,
3101,1,,1.0000,1,1,3656,2151,7311,7312,,000003101,2024-01-08 12:36:10,2024-01-08 12:36:13,[],,,
3102,1,,1.0000,1,1,3658,2151,7315,7316,,000003102,2024-01-08 12:36:13,2024-01-08 12:36:14,[],,,
3103,1,,1.0000,1,1,3659,2151,7317,7318,,000003103,2024-01-08 12:36:15,2024-01-08 12:36:16,[],,,
3104,1,,1.0000,1,1,3660,2151,7319,7320,,000003104,2024-01-08 12:36:16,2024-01-08 12:36:17,[],,,
3105,1,,2.0000,1,1,3657,2151,7313,7314,,000003105,2024-01-08 12:36:18,2024-01-08 12:36:19,[],,,
3106,1,,1.0000,1,1,3661,2151,7321,7322,,000003106,2024-01-08 12:36:19,2024-01-08 12:36:20,[],,,
3107,1,,1.0000,1,1,3653,2151,7305,7306,,000003107,2024-01-08 12:36:22,2024-01-08 12:36:23,[],,,
3108,1,,1.0000,1,1,3654,2151,7307,7308,,000003108,2024-01-08 12:36:23,2024-01-08 12:36:24,[],,,
3109,1,,1.0000,1,1,3655,2151,7309,7310,,000003109,2024-01-08 12:40:09,2024-01-08 12:40:12,[],,,
3110,1,,1.0000,1,1,3662,2151,7323,7324,,000003110,2024-01-09 11:24:10,2024-01-09 11:24:12,[],,,
3111,1,,1.0000,1,1,3663,2151,7325,7326,,000003111,2024-01-09 11:24:12,2024-01-09 11:24:13,[],,,
3112,1,,1.0000,1,1,3664,2151,7327,7328,,000003112,2024-01-09 13:52:09,2024-01-09 13:52:13,[],,,
3113,1,,1.0000,1,1,3665,2151,7329,7330,,000003113,2024-01-10 11:24:10,2024-01-10 11:24:13,[],,,
3114,1,,1.0000,1,1,3666,2151,7331,7332,,000003114,2024-01-10 11:24:13,2024-01-10 11:24:15,[],,,
3115,1,,3.0000,1,1,3667,2475,7333,7334,,000003115,2024-01-11 09:32:09,2024-01-11 09:32:11,[],,,
3116,1,,1.0000,1,1,3669,2151,7337,7338,,000003116,2024-01-11 11:54:12,2024-01-11 11:54:19,[],,,
3117,1,,1.0000,1,1,3668,2151,7335,7336,,000003117,2024-01-11 11:54:20,2024-01-11 11:54:22,[],,,
3118,1,,4.0000,1,1,3671,2151,7341,7342,,000003118,2024-01-12 13:48:09,2024-01-12 13:48:11,[],,,
3119,1,,1.0000,1,1,3673,2151,7345,7346,,000003119,2024-01-12 13:48:12,2024-01-12 13:48:13,[],,,
3120,1,,1.0000,1,1,3672,2151,7343,7344,,000003120,2024-01-12 13:48:13,2024-01-12 13:48:14,[],,,
3121,1,,1.0000,1,1,3674,1782,7347,7348,,000003121,2024-01-15 09:42:08,2024-01-15 09:42:11,[],,,
3122,1,,1.0000,1,1,3675,2151,7349,7350,,000003122,2024-01-15 12:56:18,2024-01-15 12:56:24,[],,,
3123,1,,1.0000,1,1,3676,2151,7351,7352,,000003123,2024-01-15 16:40:11,2024-01-15 16:40:14,[],,,
3124,1,,1.0000,1,1,3678,2151,7355,7356,,000003124,2024-01-16 13:30:10,2024-01-16 13:30:12,[],,,
3125,1,,1.0000,1,1,3677,2151,7353,7354,,000003125,2024-01-16 13:30:14,2024-01-16 13:30:16,[],,,
3126,1,,1.0000,1,1,3679,2151,7357,7358,,000003126,2024-01-17 12:24:11,2024-01-17 12:24:13,[],,,
3127,1,,3.0000,1,1,3680,1654,7359,7360,,000003127,2024-01-17 15:20:17,2024-01-17 15:20:18,[],,,
3128,1,,1.0000,1,1,3681,2151,7361,7362,,000003128,2024-01-18 12:12:08,2024-01-18 12:12:09,[],,,
3129,1,,1.0000,1,1,3682,2151,7363,7364,,000003129,2024-01-18 12:12:10,2024-01-18 12:12:11,[],,,
3130,1,,1.0000,1,1,3683,2151,7365,7366,,000003130,2024-01-18 12:12:11,2024-01-18 12:12:12,[],,,
3131,1,,1.0000,1,1,3684,2151,7367,7368,,000003131,2024-01-19 11:40:11,2024-01-19 11:40:12,[],,,
3132,1,,1.0000,1,1,3685,2151,7369,7370,,000003132,2024-01-19 15:00:10,2024-01-19 15:00:12,[],,,
3133,1,,1.0000,1,1,3686,1654,7371,7372,,000003133,2024-01-19 16:32:15,2024-01-19 16:32:17,[],,,
3134,1,,1.0000,1,1,3690,2151,7379,7380,,000003134,2024-01-22 13:56:10,2024-01-22 13:56:12,[],,,
3135,1,,1.0000,1,1,3692,2151,7383,7384,,000003135,2024-01-22 13:56:12,2024-01-22 13:56:13,[],,,
3136,1,,1.0000,1,1,3687,2151,7373,7374,,000003136,2024-01-22 13:56:14,2024-01-22 13:56:14,[],,,
3137,1,,2.0000,1,1,3688,2151,7375,7376,,000003137,2024-01-22 13:56:16,2024-01-22 13:56:16,[],,,
3138,1,,1.0000,1,1,3691,2151,7381,7382,,000003138,2024-01-22 13:56:17,2024-01-22 13:56:17,[],,,
3139,1,,1.0000,1,1,3689,2151,7377,7378,,000003139,2024-01-22 13:56:18,2024-01-22 13:56:19,[],,,
3140,1,,3.0000,1,1,3694,2151,7387,7388,,000003140,2024-01-23 12:20:10,2024-01-23 12:20:13,[],,,
3141,1,,1.0000,1,1,3693,2151,7385,7386,,000003141,2024-01-23 12:20:14,2024-01-23 12:20:15,[],,,
3142,1,,5.0000,1,1,3695,1654,7389,7390,,000003142,2024-01-24 09:44:11,2024-01-24 09:44:14,[],,,
3143,1,,1.0000,1,1,3696,2151,7391,7392,,000003143,2024-01-24 13:58:09,2024-01-24 13:58:12,[],,,
3144,1,,1.0000,1,1,3697,2151,7393,7394,,000003144,2024-01-24 13:58:13,2024-01-24 13:58:14,[],,,
3145,1,,1.0000,1,1,3698,2151,7395,7396,,000003145,2024-01-25 11:20:14,2024-01-25 11:20:16,[],,,
3146,1,,8.0000,1,1,3699,1654,7397,7398,,000003146,2024-01-25 11:24:09,2024-01-25 11:24:11,[],,,
3147,1,,1.0000,1,1,3700,2151,7399,7400,,000003147,2024-01-25 13:44:14,2024-01-25 13:44:16,[],,,
3148,1,,1.0000,1,1,3701,2151,7401,7402,,000003148,2024-01-26 11:54:11,2024-01-26 11:54:13,[],,,
3149,1,,1.0000,1,1,3705,2151,7409,7410,,000003149,2024-01-29 12:26:12,2024-01-29 12:26:14,[],,,
3150,1,,1.0000,1,1,3706,2151,7411,7412,,000003150,2024-01-29 12:26:15,2024-01-29 12:26:16,[],,,
3151,1,,1.0000,1,1,3707,2151,7413,7414,,000003151,2024-01-29 12:26:17,2024-01-29 12:26:18,[],,,
3152,1,,1.0000,1,1,3708,2151,7415,7416,,000003152,2024-01-29 12:26:18,2024-01-29 12:26:19,[],,,
3153,1,,1.0000,1,1,3702,2151,7403,7404,,000003153,2024-01-29 12:28:10,2024-01-29 12:28:12,[],,,
3154,1,,2.0000,1,1,3704,2151,7407,7408,,000003154,2024-01-29 12:28:13,2024-01-29 12:28:14,[],,,
3155,1,,1.0000,1,1,3709,1654,7417,7418,,000003155,2024-01-29 12:56:11,2024-01-29 12:56:13,[],,,
3156,1,,5.0000,1,1,3710,2049,7419,7420,,000003156,2024-01-29 15:00:11,2024-01-29 15:00:12,[],,,
3157,1,,1.0000,1,1,3713,2502,7425,7426,,000003157,2024-01-30 09:28:13,2024-01-30 09:28:14,[],,,
3158,1,,1.0000,1,1,3711,2151,7421,7422,,000003158,2024-01-30 09:28:15,2024-01-30 09:28:16,[],,,
3159,1,,1.0000,1,1,3712,1654,7423,7424,,000003159,2024-01-30 09:32:11,2024-01-30 09:32:17,[],,,
3160,1,,1.0000,1,1,3714,1654,7427,7428,,000003160,2024-01-31 09:30:11,2024-01-31 09:30:13,[],,,
3161,1,,1.0000,1,1,3715,2151,7429,7430,,000003161,2024-01-31 10:34:09,2024-01-31 10:34:11,[],,,
3162,1,,1.0000,1,1,3716,2151,7431,7432,,000003162,2024-02-01 14:34:08,2024-02-01 14:34:10,[],,,
3163,1,,1.0000,1,1,3717,2151,7433,7434,,000003163,2024-02-02 11:08:11,2024-02-02 11:08:12,[],,,
3164,1,,1.0000,1,1,3718,1782,7435,7436,,000003164,2024-02-02 15:06:08,2024-02-02 15:06:11,[],,,
3165,1,,4.0000,1,1,3720,1654,7439,7440,,000003165,2024-02-05 10:00:10,2024-02-05 10:00:12,[],,,
3166,1,,4.0000,1,1,3719,2475,7437,7438,,000003166,2024-02-05 10:00:12,2024-02-05 10:00:13,[],,,
3167,1,,1.0000,1,1,3721,2151,7441,7442,,000003167,2024-02-05 13:30:13,2024-02-05 13:30:15,[],,,
3168,1,,1.0000,1,1,3722,2151,7443,7444,,000003168,2024-02-05 13:30:16,2024-02-05 13:30:17,[],,,
3169,1,,1.0000,1,1,3723,2151,7445,7446,,000003169,2024-02-05 14:06:08,2024-02-05 14:06:10,[],,,
3170,1,,1.0000,1,1,3724,2151,7447,7448,,000003170,2024-02-05 14:54:07,2024-02-05 14:54:09,[],,,
3171,1,,1.0000,1,1,3725,2151,7449,7450,,000003171,2024-02-07 12:26:09,2024-02-07 12:26:11,[],,,
3172,1,,1.0000,1,1,3726,2151,7451,7452,,000003172,2024-02-07 17:14:13,2024-02-07 17:14:15,[],,,
3173,1,,1.0000,1,1,3727,2151,7453,7454,,000003173,2024-02-09 12:30:11,2024-02-09 12:30:14,[],,,
3174,1,,3.0000,1,1,3670,2151,7339,7340,,000003174,2024-02-09 17:00:12,2024-02-09 17:00:14,[],,,
3175,1,,2.0000,1,1,3728,1654,7455,7456,,000003175,2024-02-12 10:24:14,2024-02-12 10:24:16,[],,,
3176,1,,1.0000,1,1,3732,2151,7463,7464,,000003176,2024-02-12 10:44:11,2024-02-12 10:44:13,[],,,
3177,1,,1.0000,1,1,3729,2151,7457,7458,,000003177,2024-02-12 10:44:14,2024-02-12 10:44:15,[],,,
3178,1,,1.0000,1,1,3731,2151,7461,7462,,000003178,2024-02-12 10:48:11,2024-02-12 10:48:13,[],,,
3179,1,,1.0000,1,1,3730,2151,7459,7460,,000003179,2024-02-12 10:48:14,2024-02-12 10:48:14,[],,,
3180,1,,4.0000,1,1,3733,1654,7465,7466,,000003180,2024-02-13 09:28:11,2024-02-13 09:28:14,[],,,
3181,1,,2.0000,1,1,3734,2151,7467,7468,,000003181,2024-02-13 11:14:09,2024-02-13 11:14:11,[],,,
3182,1,,4.0000,1,1,3735,1654,7469,7470,,000003182,2024-02-13 16:30:10,2024-02-13 16:30:12,[],,,
3183,1,,1.0000,1,1,3736,2151,7471,7472,,000003183,2024-02-14 11:50:13,2024-02-14 11:50:15,[],,,
3184,1,,3.0000,1,1,3737,2151,7473,7474,,000003184,2024-02-15 13:28:09,2024-02-15 13:28:10,[],,,
3185,1,,6.0000,1,1,3738,2502,7475,7476,,000003185,2024-02-15 14:28:09,2024-02-15 14:28:11,[],,,
3186,1,,1.0000,1,1,3739,2151,7477,7478,,000003186,2024-02-15 16:28:10,2024-02-15 16:28:12,[],,,
3187,1,,2.0000,1,1,3741,2151,7481,7482,,000003187,2024-02-19 10:46:13,2024-02-19 10:46:16,[],,,
3188,1,,1.0000,1,1,3740,2151,7479,7480,,000003188,2024-02-19 10:46:16,2024-02-19 10:46:17,[],,,
3189,1,,2.0000,1,1,3742,2151,7483,7484,,000003189,2024-02-19 10:46:18,2024-02-19 10:46:19,[],,,
3190,1,,1.0000,1,1,3743,2151,7485,7486,,000003190,2024-02-19 11:16:13,2024-02-19 11:16:15,[],,,
3191,1,,2.0000,1,1,3744,2151,7487,7488,,000003191,2024-02-19 11:44:10,2024-02-19 11:44:11,[],,,
3192,1,,4.0000,1,1,3745,1654,7489,7490,,000003192,2024-02-20 09:10:15,2024-02-20 09:10:17,[],,,
3193,1,,3.0000,1,1,3747,2151,7493,7494,,000003193,2024-02-20 11:52:11,2024-02-20 11:52:13,[],,,
3194,1,,1.0000,1,1,3746,2151,7491,7492,,000003194,2024-02-20 11:52:14,2024-02-20 11:52:15,[],,,
3195,1,,2.0000,1,1,3748,1654,7495,7496,,000003195,2024-02-20 16:36:11,2024-02-20 16:36:14,[],,,
3196,1,,3.0000,1,1,3749,2502,7497,7498,,000003196,2024-02-21 12:56:11,2024-02-21 12:56:13,[],,,
3197,1,,1.0000,1,1,3750,2151,7499,7500,,000003197,2024-02-22 10:22:12,2024-02-22 10:22:15,[],,,
3198,1,,1.0000,1,1,3753,2151,7505,7506,,000003198,2024-02-23 12:18:11,2024-02-23 12:18:13,[],,,
3199,1,,6.0000,1,1,3752,2475,7503,7504,,000003199,2024-02-23 13:10:09,2024-02-23 13:10:12,[],,,
3200,1,,1.0000,1,1,3754,1654,7507,7508,,000003200,2024-02-23 16:44:12,2024-02-23 16:44:15,[],,,
3201,1,,2.0000,1,1,3755,2151,7509,7510,,000003201,2024-02-26 10:36:10,2024-02-26 10:36:13,[],,,
3202,1,,1.0000,1,1,3756,2151,7511,7512,,000003202,2024-02-26 11:08:12,2024-02-26 11:08:14,[],,,
3203,1,,3.0000,1,1,3757,2049,7513,7514,,000003203,2024-02-26 14:54:11,2024-02-26 14:54:14,[],,,
3204,1,,1.0000,1,1,3758,2151,7515,7516,,000003204,2024-02-27 12:08:10,2024-02-27 12:08:12,[],,,
3205,1,,1.0000,1,1,3759,2151,7517,7518,,000003205,2024-02-27 12:08:13,2024-02-27 12:08:14,[],,,
3206,1,,1.0000,1,1,3760,1654,7519,7520,,000003206,2024-02-28 09:08:14,2024-02-28 09:08:16,[],,,
3207,1,,1.0000,1,1,3761,2151,7521,7522,,000003207,2024-02-28 11:10:10,2024-02-28 11:10:12,[],,,
3208,1,,2.0000,1,1,3762,2151,7523,7524,,000003208,2024-02-28 14:52:14,2024-02-28 14:52:16,[],,,
3209,1,,2.0000,1,1,3763,1654,7525,7526,,000003209,2024-03-05 15:36:50,2024-03-05 15:36:52,[],,,
3210,1,,2.0000,1,1,3763,1654,7525,7526,,000003210,2024-03-05 15:36:50,2024-03-05 15:36:53,[],,,
3211,1,,2.0000,1,1,3765,2151,7529,7530,,000003211,2024-03-07 11:44:13,2024-03-07 11:44:16,[],,,
3212,1,,1.0000,1,1,3764,2151,7527,7528,,000003212,2024-03-07 11:44:18,2024-03-07 11:44:19,[],,,
3213,1,,1.0000,1,1,3766,2151,7531,7532,,000003213,2024-03-08 10:30:20,2024-03-08 10:30:24,[],,,
3214,1,,1.0000,1,1,3768,2151,7535,7536,,000003214,2024-03-11 13:42:12,2024-03-11 13:42:16,[],,,
3215,1,,1.0000,1,1,3769,1654,7537,7538,,000003215,2024-03-11 15:48:11,2024-03-11 15:48:14,[],,,
3216,1,,4.0000,1,1,3770,2151,7539,7540,,000003216,2024-03-11 16:12:16,2024-03-11 16:12:18,[],,,
3217,1,,1.0000,1,1,3771,2151,7541,7542,,000003217,2024-03-11 16:26:11,2024-03-11 16:26:14,[],,,
3218,1,,1.0000,1,1,3772,2151,7543,7544,,000003218,2024-03-11 16:26:16,2024-03-11 16:26:17,[],,,
3219,1,,1.0000,1,1,3773,2151,7545,7546,,000003219,2024-03-12 12:36:10,2024-03-12 12:36:13,[],,,
3220,1,,2.0000,1,1,3775,1782,7549,7550,,000003220,2024-03-13 13:37:15,2024-03-13 13:37:16,[],,,
3221,1,,4.0000,1,1,3774,1654,7547,7548,,000003221,2024-03-13 13:37:18,2024-03-13 13:37:19,[],,,
3222,1,,1.0000,1,1,3776,2151,7551,7552,,000003222,2024-03-13 13:55:14,2024-03-13 13:55:18,[],,,
3223,1,,1.0000,1,1,3777,2151,7553,7554,,000003223,2024-03-14 12:00:27,2024-03-14 12:00:30,[],,,
3224,1,,1.0000,1,1,3778,2151,7555,7556,,000003224,2024-03-15 13:20:18,2024-03-15 13:20:21,[],,,
3225,1,,1.0000,1,1,3779,2151,7557,7558,,000003225,2024-03-18 12:05:25,2024-03-18 12:05:26,[],,,
3226,1,,6.0000,1,1,3780,1654,7559,7560,,000003226,2024-03-19 09:40:18,2024-03-19 09:40:21,[],,,
3227,1,,2.0000,1,1,3782,2151,7563,7564,,000003227,2024-03-19 11:50:21,2024-03-19 11:50:24,[],,,
3228,1,,1.0000,1,1,3783,2151,7565,7566,,000003228,2024-03-19 15:10:31,2024-03-19 15:10:34,[],,,
3229,1,,1.0000,1,1,3784,1654,7567,7568,,000003229,2024-03-19 16:55:16,2024-03-19 16:55:19,[],,,
3230,1,,1.0000,1,1,3785,2151,7569,7570,,000003230,2024-03-20 13:05:33,2024-03-20 13:05:37,[],,,
3231,1,,1.0000,1,1,3786,2151,7571,7572,,000003231,2024-03-20 13:15:16,2024-03-20 13:15:19,[],,,
3232,1,,2.0000,1,1,3787,2151,7573,7574,,000003232,2024-03-20 13:45:16,2024-03-20 13:45:20,[],,,
3233,1,,1.0000,1,1,3788,2151,7575,7576,,000003233,2024-03-20 14:45:25,2024-03-20 14:45:28,[],,,
3234,1,,1.0000,1,1,3789,2151,7577,7578,,000003234,2024-03-21 11:45:42,2024-03-21 11:45:46,[],,,
3235,1,,10.0000,1,1,3790,2475,7579,7580,,000003235,2024-03-21 13:20:11,2024-03-21 13:20:15,[],,,
3236,1,,2.0000,1,1,3791,1654,7581,7582,,000003236,2024-03-21 13:20:17,2024-03-21 13:20:18,[],,,
3237,1,,1.0000,1,1,3795,2151,7589,7590,,000003237,2024-03-22 13:20:28,2024-03-22 13:20:32,[],,,
3238,1,,1.0000,1,1,3792,2151,7583,7584,,000003238,2024-03-22 13:20:34,2024-03-22 13:20:35,[],,,
3239,1,,1.0000,1,1,3793,2151,7585,7586,,000003239,2024-03-22 13:20:37,2024-03-22 13:20:38,[],,,
3240,1,,1.0000,1,1,3794,2151,7587,7588,,000003240,2024-03-22 13:20:40,2024-03-22 13:20:42,[],,,
3241,1,,1.0000,1,1,3796,2151,7591,7592,,000003241,2024-03-22 13:20:44,2024-03-22 13:20:45,[],,,
3242,1,,1.0000,1,1,3797,2151,7593,7594,,000003242,2024-03-22 14:10:14,2024-03-22 14:10:17,[],,,
3243,1,,2.0000,1,1,3804,2151,7607,7608,,000003243,2024-03-25 14:30:17,2024-03-25 14:30:20,[],,,
3244,1,,1.0000,1,1,3801,2151,7601,7602,,000003244,2024-03-25 14:30:22,2024-03-25 14:30:23,[],,,
3245,1,,1.0000,1,1,3802,2151,7603,7604,,000003245,2024-03-25 14:30:25,2024-03-25 14:30:27,[],,,
3246,1,,1.0000,1,1,3803,2151,7605,7606,,000003246,2024-03-25 14:30:28,2024-03-25 14:30:30,[],,,
3247,1,,1.0000,1,1,3798,2151,7595,7596,,000003247,2024-03-25 14:35:19,2024-03-25 14:35:22,[],,,
3248,1,,1.0000,1,1,3799,2151,7597,7598,,000003248,2024-03-25 14:35:24,2024-03-25 14:35:26,[],,,
3249,1,,1.0000,1,1,3805,2151,7609,7610,,000003249,2024-03-25 15:35:20,2024-03-25 15:35:23,[],,,
3250,1,,1.0000,1,1,3807,2151,7613,7614,,000003250,2024-03-26 11:55:15,2024-03-26 11:55:18,[],,,
3251,1,,1.0000,1,1,3808,2151,7615,7616,,000003251,2024-03-27 13:00:27,2024-03-27 13:00:36,[],,,
3252,1,,1.0000,1,1,3809,2151,7617,7618,,000003252,2024-03-27 13:55:11,2024-03-27 13:55:15,[],,,
3253,1,,4.0000,1,1,3810,2151,7619,7620,,000003253,2024-03-28 10:35:31,2024-03-28 10:35:34,[],,,
3254,1,,1.0000,1,1,3811,2151,7621,7622,,000003254,2024-03-28 12:20:15,2024-03-28 12:20:19,[],,,
3255,1,,2.0000,1,1,3812,2151,7623,7624,,000003255,2024-03-28 12:20:22,2024-03-28 12:20:24,[],,,
3256,1,,1.0000,1,1,3813,2151,7625,7626,,000003256,2024-03-28 16:00:21,2024-03-28 16:00:26,[],,,
3257,1,,1.0000,1,1,3814,1654,7627,7628,,000003257,2024-03-28 17:15:11,2024-03-28 17:15:15,[],,,
3258,1,,2.0000,1,1,3815,2475,7629,7630,,000003258,2024-03-28 17:30:16,2024-03-28 17:30:20,[],,,
3259,1,,1.0000,1,1,3821,2151,7641,7642,,000003259,2024-04-02 14:00:44,2024-04-02 14:00:48,[],,,
3260,1,,1.0000,1,1,3819,2151,7637,7638,,000003260,2024-04-02 14:00:51,2024-04-02 14:00:52,[],,,
3261,1,,1.0000,1,1,3816,2151,7631,7632,,000003261,2024-04-02 14:00:55,2024-04-02 14:00:57,[],,,
3262,1,,1.0000,1,1,3820,2151,7639,7640,,000003262,2024-04-02 14:01:00,2024-04-02 14:01:01,[],,,
3263,1,,1.0000,1,1,3817,2151,7633,7634,,000003263,2024-04-02 14:01:04,2024-04-02 14:01:06,[],,,
3264,1,,1.0000,1,1,3818,2151,7635,7636,,000003264,2024-04-02 14:01:09,2024-04-02 14:01:10,[],,,
3265,1,,4.0000,1,1,3823,1654,7645,7646,,000003265,2024-04-04 10:20:18,2024-04-04 10:20:21,[],,,
3266,1,,7.0000,1,1,3822,2502,7643,7644,,000003266,2024-04-04 10:20:24,2024-04-04 10:20:25,[],,,
3267,1,,1.0000,1,1,3824,2151,7647,7648,,000003267,2024-04-04 12:30:14,2024-04-04 12:30:18,[],,,
3268,1,,1.0000,1,1,3825,2151,7649,7650,,000003268,2024-04-04 12:30:20,2024-04-04 12:30:21,[],,,
3269,1,,2.0000,1,1,3826,2049,7651,7652,,000003269,2024-04-05 11:15:13,2024-04-05 11:15:17,[],,,
3270,1,,1.0000,1,1,3827,2151,7653,7654,,000003270,2024-04-05 13:00:59,2024-04-05 13:01:02,[],,,
3271,1,,1.0000,1,1,3828,2151,7655,7656,,000003271,2024-04-05 13:01:14,2024-04-05 13:01:15,[],,,
3272,1,,1.0000,1,1,3829,2151,7657,7658,,000003272,2024-04-05 13:01:18,2024-04-05 13:01:19,[],,,
3273,1,,1.0000,1,1,3832,2151,7663,7664,,000003273,2024-04-08 13:45:15,2024-04-08 13:45:19,[],,,
3274,1,,1.0000,1,1,3833,2151,7665,7666,,000003274,2024-04-09 11:35:11,2024-04-09 11:35:15,[],,,
3275,1,,1.0000,1,1,3834,2151,7667,7668,,000003275,2024-04-09 12:35:52,2024-04-09 12:35:55,[],,,
3276,1,,6.0000,1,1,3836,2475,7671,7672,,000003276,2024-04-09 12:36:05,2024-04-09 12:36:06,[],,,
3277,1,,1.0000,1,1,3837,2151,7673,7674,,000003277,2024-04-11 13:55:50,2024-04-11 13:55:54,[],,,
3278,1,,1.0000,1,1,3838,2151,7675,7676,,000003278,2024-04-11 13:55:57,2024-04-11 13:55:58,[],,,
3279,1,,1.0000,1,1,3839,2151,7677,7678,,000003279,2024-04-11 15:35:14,2024-04-11 15:35:17,[],,,
3280,1,,1.0000,1,1,3840,2151,7679,7680,,000003280,2024-04-12 15:25:26,2024-04-12 15:25:30,[],,,
3281,1,,2.0000,1,1,3842,2151,7683,7684,,000003281,2024-04-12 15:25:32,2024-04-12 15:25:34,[],,,
3282,1,,5.0000,1,1,3841,1654,7681,7682,,000003282,2024-04-12 15:25:36,2024-04-12 15:25:38,[],,,
3283,1,,8.0000,1,1,3843,1654,7685,7686,,000003283,2024-04-12 16:15:11,2024-04-12 16:15:14,[],,,
3284,1,,1.0000,1,1,3844,2151,7687,7688,,000003284,2024-04-15 11:20:17,2024-04-15 11:20:21,[],,,
3285,1,,1.0000,1,1,3845,2151,7689,7690,,000003285,2024-04-15 14:05:17,2024-04-15 14:05:21,[],,,
3286,1,,1.0000,1,1,3846,2151,7691,7692,,000003286,2024-04-16 14:05:24,2024-04-16 14:05:28,[],,,
3287,1,,1.0000,1,1,3847,2151,7693,7694,,000003287,2024-04-17 10:00:19,2024-04-17 10:00:22,[],,,
3288,1,,1.0000,1,1,3848,2151,7695,7696,,000003288,2024-04-17 13:01:51,2024-04-17 13:01:55,[],,,
3289,1,,2.0000,1,1,3854,1654,7707,7708,,000003289,2024-04-22 14:30:28,2024-04-22 14:30:31,[],,,
3290,1,,1.0000,1,1,3853,2151,7705,7706,,000003290,2024-04-22 14:30:36,2024-04-22 14:30:37,[],,,
3291,1,,1.0000,1,1,3852,2151,7703,7704,,000003291,2024-04-22 14:30:40,2024-04-22 14:30:41,[],,,
3292,1,,3.0000,1,1,3855,1654,7709,7710,,000003292,2024-04-22 17:25:18,2024-04-22 17:25:20,[],,,
3293,1,,3.0000,1,1,3856,2475,7711,7712,,000003293,2024-04-23 16:00:13,2024-04-23 16:00:18,[],,,
3294,1,,6.0000,1,1,3857,1654,7713,7714,,000003294,2024-04-24 10:10:19,2024-04-24 10:10:23,[],,,
3295,1,,2.0000,1,1,3859,2502,7717,7718,,000003295,2024-04-24 14:21:02,2024-04-24 14:21:05,[],,,
3296,1,,1.0000,1,1,3858,2151,7715,7716,,000003296,2024-04-24 14:21:15,2024-04-24 14:21:17,[],,,
3297,1,,1.0000,1,1,3860,1654,7719,7720,,000003297,2024-04-25 10:05:25,2024-04-25 10:05:29,[],,,
3298,1,,1.0000,1,1,3861,2151,7721,7722,,000003298,2024-04-25 14:20:22,2024-04-25 14:20:25,[],,,
3299,1,,2.0000,1,1,3862,2151,7723,7724,,000003299,2024-04-26 13:30:10,2024-04-26 13:30:13,[],,,
3300,1,,1.0000,1,1,3863,2151,7725,7726,,000003300,2024-04-26 15:20:39,2024-04-26 15:20:42,[],,,
3301,1,,1.0000,1,1,3835,2151,7669,7670,,000003301,2024-04-26 15:21:14,2024-04-26 15:21:15,[],,,
3302,1,,1.0000,1,1,3850,2151,7699,7700,,000003302,2024-04-26 15:21:21,2024-04-26 15:21:22,[],,,
3303,1,,1.0000,1,1,3851,2151,7701,7702,,000003303,2024-04-26 16:35:13,2024-04-26 16:35:17,[],,,
3304,1,,1.0000,1,1,3864,2151,7727,7728,,000003304,2024-04-29 11:50:35,2024-04-29 11:50:39,[],,,
3305,1,,1.0000,1,1,3865,2151,7729,7730,,000003305,2024-04-29 12:50:36,2024-04-29 12:50:39,[],,,
3306,1,,1.0000,1,1,3866,2151,7731,7732,,000003306,2024-04-29 13:50:31,2024-04-29 13:50:35,[],,,
3307,1,,1.0000,1,1,3868,2151,7735,7736,,000003307,2024-04-30 14:15:25,2024-04-30 14:15:29,[],,,
3308,1,,8.0000,1,1,3869,1654,7737,7738,,000003308,2024-05-01 10:05:28,2024-05-01 10:05:32,[],,,
3309,1,,1.0000,1,1,3870,2151,7739,7740,,000003309,2024-05-03 09:10:27,2024-05-03 09:10:31,[],,,
3310,1,,3.0000,1,1,3871,2475,7741,7742,,000003310,2024-05-03 13:15:25,2024-05-03 13:15:29,[],,,
3311,1,,1.0000,1,1,3872,2151,7743,7744,,000003311,2024-05-07 13:06:14,2024-05-07 13:06:18,[],,,
3312,1,,1.0000,1,1,3873,2151,7745,7746,,000003312,2024-05-07 13:06:21,2024-05-07 13:06:22,[],,,
3313,1,,2.0000,1,1,3874,1654,7747,7748,,000003313,2024-05-07 17:50:13,2024-05-07 17:50:17,[],,,
3314,1,,2.0000,1,1,3867,2151,7733,7734,,000003314,2024-05-08 16:20:16,2024-05-08 16:20:21,[],,,
3315,1,,1.0000,1,1,3875,2151,7749,7750,,000003315,2024-05-09 14:20:30,2024-05-09 14:20:34,[],,,
3316,1,,2.0000,1,1,3876,2151,7751,7752,,000003316,2024-05-09 14:20:37,2024-05-09 14:20:38,[],,,
3317,1,,1.0000,1,1,3877,2151,7753,7754,,000003317,2024-05-09 14:20:42,2024-05-09 14:20:43,[],,,
3318,1,,1.0000,1,1,3879,2151,7757,7758,,000003318,2024-05-13 12:16:16,2024-05-13 12:16:20,[],,,
3319,1,,1.0000,1,1,3880,2151,7759,7760,,000003319,2024-05-13 12:16:23,2024-05-13 12:16:25,[],,,
3320,1,,1.0000,1,1,3882,2151,7763,7764,,000003320,2024-05-14 12:40:51,2024-05-14 12:40:55,[],,,
3321,1,,1.0000,1,1,3883,2151,7765,7766,,000003321,2024-05-14 12:40:58,2024-05-14 12:40:59,[],,,
3322,1,,1.0000,1,1,3884,2151,7767,7768,,000003322,2024-05-14 13:25:29,2024-05-14 13:25:33,[],,,
3323,1,,1.0000,1,1,3885,2151,7769,7770,,000003323,2024-05-15 10:05:29,2024-05-15 10:05:33,[],,,
3324,1,,3.0000,1,1,3888,2151,7775,7776,,000003324,2024-05-15 13:00:30,2024-05-15 13:00:35,[],,,
3325,1,,1.0000,1,1,3889,2151,7777,7778,,000003325,2024-05-15 15:10:18,2024-05-15 15:10:22,[],,,
3326,1,,2.0000,1,1,3890,1654,7779,7780,,000003326,2024-05-15 16:35:35,2024-05-15 16:35:39,[],,,
3327,1,,1.0000,1,1,3891,2151,7781,7782,,000003327,2024-05-16 13:30:23,2024-05-16 13:30:39,[],,,
3328,1,,1.0000,1,1,3892,2151,7783,7784,,000003328,2024-05-16 14:55:54,2024-05-16 14:55:58,[],,,
3329,1,,2.0000,1,1,3893,2151,7785,7786,,000003329,2024-05-16 17:16:53,2024-05-16 17:17:07,[],,,
3330,1,,1.0000,1,1,3894,2151,7787,7788,,000003330,2024-05-20 10:55:58,2024-05-20 10:56:13,[],,,
3331,1,,1.0000,1,1,3898,2151,7795,7796,,000003331,2024-05-20 12:45:26,2024-05-20 12:45:30,[],,,
3332,1,,1.0000,1,1,3895,2151,7789,7790,,000003332,2024-05-20 12:45:39,2024-05-20 12:45:40,[],,,
3333,1,,1.0000,1,1,3896,2151,7791,7792,,000003333,2024-05-20 12:45:43,2024-05-20 12:45:45,[],,,
3334,1,,1.0000,1,1,3897,2151,7793,7794,,000003334,2024-05-20 12:45:47,2024-05-20 12:45:49,[],,,
3335,1,,1.0000,1,1,3849,2151,7697,7698,,000003335,2024-05-20 14:45:31,2024-05-20 14:45:36,[],,,
3336,1,,3.0000,1,1,3899,1654,7797,7798,,000003336,2024-05-20 17:21:17,2024-05-20 17:21:21,[],,,
3337,1,,1.0000,1,1,3781,2151,7561,7562,,000003337,2024-05-20 17:23:37,2024-05-20 17:23:38,[],,,
3338,1,,1.0000,1,1,3900,2151,7799,7800,,000003338,2024-05-21 11:25:27,2024-05-21 11:25:32,[],,,
3339,1,,2.0000,1,1,3901,1654,7801,7802,,000003339,2024-05-22 09:45:37,2024-05-22 09:45:42,[],,,
3340,1,,1.0000,1,1,3902,2151,7803,7804,,000003340,2024-05-22 12:35:22,2024-05-22 12:35:26,[],,,
3341,1,,1.0000,1,1,3903,2151,7805,7806,,000003341,2024-05-22 12:35:30,2024-05-22 12:35:31,[],,,
3342,1,,4.0000,1,1,3904,1654,7807,7808,,000003342,2024-05-22 17:45:37,2024-05-22 17:45:41,[],,,
3343,1,,1.0000,1,1,3905,2151,7809,7810,,000003343,2024-05-23 14:05:29,2024-05-23 14:05:33,[],,,
3344,1,,4.0000,1,1,3906,1654,7811,7812,,000003344,2024-05-23 17:31:01,2024-05-23 17:31:05,[],,,
3345,1,,1.0000,1,1,3907,2151,7813,7814,,000003345,2024-05-24 12:05:41,2024-05-24 12:05:45,[],,,
3346,1,,1.0000,1,1,3908,2151,7815,7816,,000003346,2024-05-24 12:05:49,2024-05-24 12:05:50,[],,,
3347,1,,4.0000,1,1,3909,1654,7817,7818,,000003347,2024-05-28 10:06:11,2024-05-28 10:06:16,[],,,
3348,1,,1.0000,1,1,3910,2151,7819,7820,,000003348,2024-05-28 11:50:24,2024-05-28 11:50:28,[],,,
3349,1,,1.0000,1,1,3911,2151,7821,7822,,000003349,2024-05-28 11:50:31,2024-05-28 11:50:33,[],,,
3350,1,,1.0000,1,1,3912,2151,7823,7824,,000003350,2024-05-28 11:50:38,2024-05-28 11:50:40,[],,,
3351,1,,2.0000,1,1,3913,1654,7825,7826,,000003351,2024-05-29 17:06:39,2024-05-29 17:06:43,[],,,
3352,1,,1.0000,1,1,3914,2151,7827,7828,,000003352,2024-05-30 12:45:15,2024-05-30 12:45:18,[],,,
3353,1,,1.0000,1,1,3915,1654,7829,7830,,000003353,2024-05-30 17:16:14,2024-05-30 17:16:18,[],,,
3354,1,,1.0000,1,1,3916,1782,7831,7832,,000003354,2024-06-03 10:05:44,2024-06-03 10:05:49,[],,,
3355,1,,1.0000,1,1,3917,2151,7833,7834,,000003355,2024-06-03 14:32:14,2024-06-03 14:32:18,[],,,
3356,1,,1.0000,1,1,3800,2151,7599,7600,,000003356,2024-06-04 10:10:47,2024-06-04 10:10:54,[],,,
3357,1,,1.0000,1,1,3881,2151,7761,7762,,000003357,2024-06-04 10:10:57,2024-06-04 10:10:59,[],,,
3358,1,,1.0000,1,1,3918,1654,7835,7836,,000003358,2024-06-05 10:15:38,2024-06-05 10:15:45,[],,,
3359,1,,1.0000,1,1,3919,2151,7837,7838,,000003359,2024-06-05 10:25:30,2024-06-05 10:25:34,[],,,
3360,1,,1.0000,1,1,3920,2151,7839,7840,,000003360,2024-06-05 16:02:31,2024-06-05 16:02:35,[],,,
3361,1,,1.0000,1,1,3921,1782,7841,7842,,000003361,2024-06-07 17:17:08,2024-06-07 17:17:12,[],,,
3362,1,,1.0000,1,1,3922,1654,7843,7844,,000003362,2024-06-07 17:17:16,2024-06-07 17:17:18,[],,,
3363,1,,1.0000,1,1,3923,2151,7845,7846,,000003363,2024-06-10 12:30:17,2024-06-10 12:30:24,[],,,
3364,1,,1.0000,1,1,3924,2151,7847,7848,,000003364,2024-06-10 12:30:42,2024-06-10 12:30:45,[],,,
3365,1,,1.0000,1,1,3925,2151,7849,7850,,000003365,2024-06-10 12:30:48,2024-06-10 12:30:50,[],,,
3366,1,,1.0000,1,1,3926,2151,7851,7852,,000003366,2024-06-11 12:15:36,2024-06-11 12:15:48,[],,,
3367,1,,1.0000,1,1,3927,2151,7853,7854,,000003367,2024-06-11 12:15:52,2024-06-11 12:15:55,[],,,
3368,1,,1.0000,1,1,3928,2151,7855,7856,,000003368,2024-06-14 13:20:23,2024-06-14 13:20:30,[],,,
3369,1,,3.0000,1,1,3929,1654,7857,7858,,000003369,2024-06-17 10:10:17,2024-06-17 10:10:21,[],,,
3370,1,,1.0000,1,1,3930,1654,7859,7860,,000003370,2024-06-17 17:40:14,2024-06-17 17:40:19,[],,,
3371,1,,1.0000,1,1,3932,2151,7863,7864,,000003371,2024-06-18 12:41:07,2024-06-18 12:41:11,[],,,
3372,1,,1.0000,1,1,3931,2151,7861,7862,,000003372,2024-06-18 12:41:27,2024-06-18 12:41:28,[],,,
3373,1,,1.0000,1,1,3933,2151,7865,7866,,000003373,2024-06-18 13:30:38,2024-06-18 13:30:43,[],,,
3374,1,,1.0000,1,1,3934,2151,7867,7868,,000003374,2024-06-20 13:50:16,2024-06-20 13:50:20,[],,,
3375,1,,1.0000,1,1,3936,1654,7871,7872,,000003375,2024-06-20 17:00:19,2024-06-20 17:00:26,[],,,
3376,1,,1.0000,1,1,3937,2151,7873,7874,,000003376,2024-06-21 10:15:26,2024-06-21 10:15:32,[],,,
3377,1,,1.0000,1,1,3938,2151,7875,7876,,000003377,2024-06-21 12:35:19,2024-06-21 12:35:23,[],,,
3378,1,,2.0000,1,1,3939,2151,7877,7878,,000003378,2024-06-21 13:35:17,2024-06-21 13:35:20,[],,,
3379,1,,1.0000,1,1,3940,2151,7879,7880,,000003379,2024-06-24 11:16:10,2024-06-24 11:16:14,[],,,
3380,1,,1.0000,1,1,3943,2151,7885,7886,,000003380,2024-06-24 14:15:44,2024-06-24 14:15:49,[],,,
3381,1,,1.0000,1,1,3941,2151,7881,7882,,000003381,2024-06-24 14:15:53,2024-06-24 14:15:55,[],,,
3382,1,,1.0000,1,1,3944,2151,7887,7888,,000003382,2024-06-24 14:15:59,2024-06-24 14:16:01,[],,,
3383,1,,1.0000,1,1,3945,2151,7889,7890,,000003383,2024-06-25 12:25:49,2024-06-25 12:25:53,[],,,
3384,1,,1.0000,1,1,3946,2151,7891,7892,,000003384,2024-06-25 12:25:57,2024-06-25 12:25:59,[],,,
3385,1,,1.0000,1,1,3947,2151,7893,7894,,000003385,2024-06-25 12:26:03,2024-06-25 12:26:04,[],,,
3386,1,,1.0000,1,1,3948,2151,7895,7896,,000003386,2024-06-25 17:27:13,2024-06-25 17:27:17,[],,,
3387,1,,1.0000,1,1,3949,1782,7897,7898,,000003387,2024-06-25 17:27:23,2024-06-25 17:27:24,[],,,
3388,1,,4.0000,1,1,3950,1654,7899,7900,,000003388,2024-06-27 10:10:39,2024-06-27 10:10:44,[],,,
3389,1,,1.0000,1,1,3951,2151,7901,7902,,000003389,2024-06-27 13:01:34,2024-06-27 13:01:39,[],,,
3390,1,,1.0000,1,1,3952,2151,7903,7904,,000003390,2024-06-27 13:01:42,2024-06-27 13:01:43,[],,,
3391,1,,1.0000,1,1,3953,2151,7905,7906,,000003391,2024-07-01 12:00:25,2024-07-01 12:00:29,[],,,
3392,1,,1.0000,1,1,3955,2151,7909,7910,,000003392,2024-07-01 13:31:43,2024-07-01 13:31:47,[],,,
3393,1,,1.0000,1,1,3954,2151,7907,7908,,000003393,2024-07-01 13:31:55,2024-07-01 13:31:57,[],,,
3394,1,,1.0000,1,1,3956,2151,7911,7912,,000003394,2024-07-02 11:35:53,2024-07-02 11:35:57,[],,,
3395,1,,1.0000,1,1,3957,2151,7913,7914,,000003395,2024-07-04 14:30:18,2024-07-04 14:30:23,[],,,
3396,1,,1.0000,1,1,3958,1782,7915,7916,,000003396,2024-07-05 10:20:29,2024-07-05 10:20:33,[],,,
3397,1,,2.0000,1,1,3959,2151,7917,7918,,000003397,2024-07-05 13:25:41,2024-07-05 13:25:45,[],,,
3398,1,,1.0000,1,1,3960,2151,7919,7920,,000003398,2024-07-08 14:20:45,2024-07-08 14:20:49,[],,,
3399,1,,1.0000,1,1,3962,2151,7923,7924,,000003399,2024-07-08 14:20:52,2024-07-08 14:20:54,[],,,
3400,1,,1.0000,1,1,3961,2151,7921,7922,,000003400,2024-07-08 14:20:59,2024-07-08 14:21:01,[],,,
3401,1,,1.0000,1,1,3963,2151,7925,7926,,000003401,2024-07-08 14:21:04,2024-07-08 14:21:06,[],,,
3402,1,,1.0000,1,1,3878,2151,7755,7756,,000003402,2024-07-08 14:21:17,2024-07-08 14:21:19,[],,,
3403,1,,1.0000,1,1,3964,2502,7927,7928,,000003403,2024-07-08 15:15:42,2024-07-08 15:15:48,[],,,
3404,1,,1.0000,1,1,3966,2151,7931,7932,,000003404,2024-07-10 12:10:38,2024-07-10 12:10:42,[],,,
3405,1,,1.0000,1,1,3967,2151,7933,7934,,000003405,2024-07-10 12:10:45,2024-07-10 12:10:47,[],,,
3406,1,,5.0000,1,1,3969,1654,7937,7938,,000003406,2024-07-11 09:40:39,2024-07-11 09:40:43,[],,,
3407,1,,3.0000,1,1,3968,1945,7935,7936,,000003407,2024-07-11 09:40:47,2024-07-11 09:40:48,[],,,
3408,1,,1.0000,1,1,3970,2151,7939,7940,,000003408,2024-07-11 12:46:07,2024-07-11 12:46:11,[],,,
3409,1,,1.0000,1,1,3971,2151,7941,7942,,000003409,2024-07-12 15:01:22,2024-07-12 15:01:27,[],,,
3410,1,,1.0000,1,1,3972,2151,7943,7944,,000003410,2024-07-15 12:35:15,2024-07-15 12:35:19,[],,,
3411,1,,2.0000,1,1,3973,1654,7945,7946,,000003411,2024-07-15 15:00:28,2024-07-15 15:00:33,[],,,
3412,1,,1.0000,1,1,3974,2151,7947,7948,,000003412,2024-07-16 12:06:43,2024-07-16 12:06:47,[],,,
3413,1,,1.0000,1,1,3975,2151,7949,7950,,000003413,2024-07-16 12:06:51,2024-07-16 12:06:53,[],,,
3414,1,,1.0000,1,1,3976,2151,7951,7952,,000003414,2024-07-16 12:06:56,2024-07-16 12:06:58,[],,,
3415,1,,1.0000,1,1,3977,2151,7953,7954,,000003415,2024-07-16 12:07:01,2024-07-16 12:07:03,[],,,
3416,1,,1.0000,1,1,3978,2151,7955,7956,,000003416,2024-07-16 12:07:12,2024-07-16 12:07:14,[],,,
3417,1,,7.0000,1,1,3979,2049,7957,7958,,000003417,2024-07-16 16:15:31,2024-07-16 16:15:36,[],,,
3418,1,,1.0000,1,1,3981,2151,7961,7962,,000003418,2024-07-17 15:10:25,2024-07-17 15:10:29,[],,,
3419,1,,2.0000,1,1,3980,2151,7959,7960,,000003419,2024-07-17 15:10:33,2024-07-17 15:10:35,[],,,
3420,1,,6.0000,1,1,3984,2145,7967,7968,,000003420,2024-07-18 12:50:21,2024-07-18 12:50:26,[],,,
3421,1,,1.0000,1,1,3982,2151,7963,7964,,000003421,2024-07-18 12:50:45,2024-07-18 12:50:46,[],,,
3422,1,,1.0000,1,1,3983,2151,7965,7966,,000003422,2024-07-18 12:50:49,2024-07-18 12:50:51,[],,,
3423,1,,1.0000,1,1,3985,2151,7969,7970,,000003423,2024-07-19 14:46:08,2024-07-19 14:46:12,[],,,
3424,1,,1.0000,1,1,3989,2151,7977,7978,,000003424,2024-07-22 13:07:39,2024-07-22 13:07:43,[],,,
3425,1,,1.0000,1,1,3988,2151,7975,7976,,000003425,2024-07-22 13:07:57,2024-07-22 13:07:59,[],,,
3426,1,,1.0000,1,1,3987,2151,7973,7974,,000003426,2024-07-22 13:08:02,2024-07-22 13:08:04,[],,,
3427,1,,1.0000,1,1,3986,2151,7971,7972,,000003427,2024-07-22 13:08:08,2024-07-22 13:08:10,[],,,
3428,1,,3.0000,1,1,3991,2151,7981,7982,,000003428,2024-07-23 12:30:42,2024-07-23 12:30:47,[],,,
3429,1,,1.0000,1,1,3990,2151,7979,7980,,000003429,2024-07-23 12:30:53,2024-07-23 12:30:54,[],,,
3430,1,,4.0000,1,1,3992,1654,7983,7984,,000003430,2024-07-24 11:35:41,2024-07-24 11:35:45,[],,,
3431,1,,1.0000,1,1,3993,2151,7985,7986,,000003431,2024-07-24 12:35:19,2024-07-24 12:35:23,[],,,
3432,1,,1.0000,1,1,3995,2151,7989,7990,,000003432,2024-07-25 13:15:45,2024-07-25 13:15:50,[],,,
3433,1,,2.0000,1,1,3994,2151,7987,7988,,000003433,2024-07-25 13:15:55,2024-07-25 13:15:57,[],,,
3434,1,,1.0000,1,1,3996,2151,7991,7992,,000003434,2024-07-26 12:16:11,2024-07-26 12:16:16,[],,,
3435,1,,1.0000,1,1,3997,2151,7993,7994,,000003435,2024-07-26 16:05:43,2024-07-26 16:05:48,[],,,
3436,1,,1.0000,1,1,3998,2151,7995,7996,,000003436,2024-07-29 11:10:17,2024-07-29 11:10:22,[],,,
3437,1,,1.0000,1,1,3999,2151,7997,7998,,000003437,2024-07-29 11:10:26,2024-07-29 11:10:28,[],,,
3438,1,,1.0000,1,1,4000,2151,7999,8000,,000003438,2024-07-30 12:10:18,2024-07-30 12:10:23,[],,,
3439,1,,1.0000,1,1,4002,2151,8003,8004,,000003439,2024-07-31 13:20:20,2024-07-31 13:20:24,[],,,
3440,1,,1.0000,1,1,4004,2151,8007,8008,,000003440,2024-07-31 13:20:29,2024-07-31 13:20:31,[],,,
3441,1,,1.0000,1,1,4005,2151,8009,8010,,000003441,2024-08-01 13:25:33,2024-08-01 13:25:37,[],,,
3442,1,,1.0000,1,1,4006,2151,8011,8012,,000003442,2024-08-01 13:25:41,2024-08-01 13:25:42,[],,,
3443,1,,1.0000,1,1,4007,1782,8013,8014,,000003443,2024-08-01 15:16:03,2024-08-01 15:16:08,[],,,
3444,1,,1.0000,1,1,4008,1782,8015,8016,,000003444,2024-08-02 11:10:41,2024-08-02 11:10:45,[],,,
3445,1,,11.0000,1,1,4009,1654,8017,8018,,000003445,2024-08-02 12:55:14,2024-08-02 12:55:18,[],,,
3446,1,,1.0000,1,1,4010,1654,8019,8020,,000003446,2024-08-05 10:20:31,2024-08-05 10:20:35,[],,,
3447,1,,1.0000,1,1,4011,2151,8021,8022,,000003447,2024-08-05 14:20:46,2024-08-05 14:20:50,[],,,
3448,1,,1.0000,1,1,4012,2151,8023,8024,,000003448,2024-08-05 14:20:53,2024-08-05 14:20:55,[],,,
3449,1,,1.0000,1,1,4013,2151,8025,8026,,000003449,2024-08-06 10:00:50,2024-08-06 10:00:55,[],,,
3450,1,,1.0000,1,1,4014,2151,8027,8028,,000003450,2024-08-06 12:16:03,2024-08-06 12:16:07,[],,,
3451,1,,1.0000,1,1,4015,2151,8029,8030,,000003451,2024-08-07 15:40:46,2024-08-07 15:40:51,[],,,
3452,1,,2.0000,1,1,4016,2151,8031,8032,,000003452,2024-08-08 13:20:16,2024-08-08 13:20:20,[],,,
3453,1,,1.0000,1,1,4017,2151,8033,8034,,000003453,2024-08-09 11:30:44,2024-08-09 11:30:48,[],,,
3454,1,,1.0000,1,1,4018,1945,8035,8036,,000003454,2024-08-09 14:05:31,2024-08-09 14:05:36,[],,,
3455,1,,1.0000,1,1,4020,2151,8039,8040,,000003455,2024-08-12 13:55:41,2024-08-12 13:55:45,[],,,
3456,1,,1.0000,1,1,4019,2151,8037,8038,,000003456,2024-08-12 13:55:50,2024-08-12 13:55:52,[],,,
3457,1,,3.0000,1,1,4021,2502,8041,8042,,000003457,2024-08-12 14:45:55,2024-08-12 14:46:00,[],,,
3458,1,,1.0000,1,1,4022,2151,8043,8044,,000003458,2024-08-13 13:00:40,2024-08-13 13:00:44,[],,,
3459,1,,1.0000,1,1,4023,2151,8045,8046,,000003459,2024-08-14 10:50:23,2024-08-14 10:50:27,[],,,
3460,1,,1.0000,1,1,4024,2151,8047,8048,,000003460,2024-08-14 11:50:31,2024-08-14 11:50:36,[],,,
3461,1,,4.0000,1,1,4025,2502,8049,8050,,000003461,2024-08-15 10:20:26,2024-08-15 10:20:30,[],,,
3462,1,,2.0000,1,1,4027,2151,8053,8054,,000003462,2024-08-15 11:30:36,2024-08-15 11:30:39,[],,,
3463,1,,1.0000,1,1,4026,2151,8051,8052,,000003463,2024-08-15 11:30:47,2024-08-15 11:30:49,[],,,
3464,1,,1.0000,1,1,4028,2151,8055,8056,,000003464,2024-08-16 12:35:43,2024-08-16 12:35:47,[],,,
3465,1,,1.0000,1,1,4029,2151,8057,8058,,000003465,2024-08-16 12:35:51,2024-08-16 12:35:53,[],,,
3466,1,,36.0000,1,1,4030,1654,8059,8060,,000003466,2024-08-19 10:45:33,2024-08-19 10:45:38,[],,,
3467,1,,1.0000,1,1,4035,2151,8069,8070,,000003467,2024-08-19 12:40:21,2024-08-19 12:40:25,[],,,
3468,1,,1.0000,1,1,4031,2151,8061,8062,,000003468,2024-08-19 12:40:33,2024-08-19 12:40:35,[],,,
3469,1,,1.0000,1,1,4032,2151,8063,8064,,000003469,2024-08-19 12:40:41,2024-08-19 12:40:43,[],,,
3470,1,,1.0000,1,1,4033,2151,8065,8066,,000003470,2024-08-19 12:40:47,2024-08-19 12:40:48,[],,,
3471,1,,1.0000,1,1,4034,2151,8067,8068,,000003471,2024-08-19 12:40:55,2024-08-19 12:40:57,[],,,
3472,1,,5.0000,1,1,4037,1654,8073,8074,,000003472,2024-08-20 17:44:09,2024-08-20 17:44:13,[],,,
3473,1,,2.0000,1,1,4036,2502,8071,8072,,000003473,2024-08-20 17:44:26,2024-08-20 17:44:28,[],,,
3474,1,,3.0000,1,1,4038,1654,8075,8076,,000003474,2024-08-23 09:35:27,2024-08-23 09:35:31,[],,,
3475,1,,1.0000,1,1,4041,2151,8081,8082,,000003475,2024-08-23 15:40:39,2024-08-23 15:40:44,[],,,
3476,1,,1.0000,1,1,4039,2151,8077,8078,,000003476,2024-08-23 15:40:53,2024-08-23 15:40:55,[],,,
3477,1,,1.0000,1,1,4040,2151,8079,8080,,000003477,2024-08-23 15:40:59,2024-08-23 15:41:01,[],,,
3478,1,,1.0000,1,1,4046,2151,8091,8092,,000003478,2024-08-27 15:15:50,2024-08-27 15:15:55,[],,,
3479,1,,1.0000,1,1,4047,2151,8093,8094,,000003479,2024-08-27 15:16:03,2024-08-27 15:16:05,[],,,
3480,1,,1.0000,1,1,4044,2151,8087,8088,,000003480,2024-08-27 15:16:18,2024-08-27 15:16:20,[],,,
3481,1,,1.0000,1,1,4043,2151,8085,8086,,000003481,2024-08-27 15:16:23,2024-08-27 15:16:25,[],,,
3482,1,,1.0000,1,1,4042,2151,8083,8084,,000003482,2024-08-27 15:16:28,2024-08-27 15:16:30,[],,,
3483,1,,1.0000,1,1,4049,2502,8097,8098,,000003483,2024-08-27 17:35:24,2024-08-27 17:35:29,[],,,
3484,1,,3.0000,,1,4045,2151,8089,8090,,000003484,2024-08-31 11:27:29,2024-08-31 11:28:00,[],,,
3485,1,,1.0000,1,1,4051,2151,8101,8102,,000003485,2024-09-02 12:27:27,2024-09-02 12:27:29,[],,,
3486,1,,1.0000,1,1,4050,2151,8099,8100,,000003486,2024-09-02 12:27:37,2024-09-02 12:27:38,[],,,
3487,1,,1.0000,1,1,4052,2151,8103,8104,,000003487,2024-09-02 12:27:53,2024-09-02 12:27:54,[],,,
3488,1,,1.0000,1,1,4056,2151,8111,8112,,000003488,2024-09-02 13:25:37,2024-09-02 13:25:40,[],,,
3489,1,,1.0000,1,1,4055,2151,8109,8110,,000003489,2024-09-02 13:25:48,2024-09-02 13:25:49,[],,,
3490,1,,1.0000,1,1,4053,2151,8105,8106,,000003490,2024-09-02 13:25:57,2024-09-02 13:25:58,[],,,
3491,1,,1.0000,1,1,4054,2151,8107,8108,,000003491,2024-09-02 13:26:08,2024-09-02 13:26:10,[],,,
3492,1,,1.0000,1,1,4057,2502,8113,8114,,000003492,2024-09-02 16:26:08,2024-09-02 16:26:10,[],,,
3493,1,,2.0000,1,1,4058,2502,8115,8116,,000003493,2024-09-02 16:26:18,2024-09-02 16:26:20,[],,,
3494,1,,1.0000,1,1,4059,2151,8117,8118,,000003494,2024-09-03 14:11:46,2024-09-03 14:11:47,[],,,
3495,1,,1.0000,1,1,4059,2151,8117,8118,,000003495,2024-09-03 14:11:46,2024-09-03 14:11:47,[],,,
3496,1,,1.0000,1,1,4060,2151,8119,8120,,000003496,2024-09-03 14:11:55,2024-09-03 14:11:56,[],,,
3497,1,,1.0000,1,1,4060,2151,8119,8120,,000003497,2024-09-03 14:11:55,2024-09-03 14:11:56,[],,,
3498,1,,1.0000,1,1,4061,2151,8121,8122,,000003498,2024-09-04 13:40:54,2024-09-04 13:40:56,[],,,
3499,1,,8.0000,1,1,4062,1654,8123,8124,,000003499,2024-09-06 15:30:51,2024-09-06 15:30:52,[],,,
3500,1,,5.0000,1,1,4063,1654,8125,8126,,000003500,2024-09-09 10:16:58,2024-09-09 10:17:01,[],,,
3501,1,,1.0000,1,1,4064,2502,8127,8128,,000003501,2024-09-09 15:45:51,2024-09-09 15:45:53,[],,,
3502,1,,1.0000,1,1,4065,1654,8129,8130,,000003502,2024-09-10 10:10:54,2024-09-10 10:10:57,[],,,
3503,1,,1.0000,1,1,4066,2151,8131,8132,,000003503,2024-09-10 12:42:39,2024-09-10 12:42:41,[],,,
3504,1,,1.0000,1,1,4067,1654,8133,8134,,000003504,2024-09-11 10:00:44,2024-09-11 10:00:46,[],,,
3505,1,,1.0000,1,1,4068,2151,8135,8136,,000003505,2024-09-11 11:35:31,2024-09-11 11:35:33,[],,,
3506,1,,1.0000,1,1,4069,1654,8137,8138,,000003506,2024-09-11 15:40:31,2024-09-11 15:40:33,[],,,
3507,1,,1.0000,1,1,4070,2151,8139,8140,,000003507,2024-09-13 13:35:29,2024-09-13 13:35:32,[],,,
3508,1,,5.0000,1,1,4072,2151,8143,8144,,000003508,2024-09-16 16:26:07,2024-09-16 16:26:09,[],,,
3509,1,,1.0000,1,1,4071,2151,8141,8142,,000003509,2024-09-16 16:26:17,2024-09-16 16:26:18,[],,,
3510,1,,1.0000,1,1,4073,2151,8145,8146,,000003510,2024-09-19 10:11:02,2024-09-19 10:11:04,[],,,
3511,1,,1.0000,1,1,4074,2151,8147,8148,,000003511,2024-09-19 12:06:12,2024-09-19 12:06:14,[],,,
3512,1,,1.0000,1,1,4076,2151,8151,8152,,000003512,2024-09-19 17:22:54,2024-09-19 17:22:56,[],,,
3513,1,,21.0000,1,1,4075,1654,8149,8150,,000003513,2024-09-19 17:25:16,2024-09-19 17:25:17,[],,,
3514,1,,1.0000,1,1,4077,2151,8153,8154,,000003514,2024-09-20 10:10:28,2024-09-20 10:10:31,[],,,
3515,1,,4.0000,1,1,4048,2151,8095,8096,,000003515,2024-09-23 16:13:48,2024-09-23 16:13:51,[],,,
3516,1,,2.0000,1,1,4078,2502,8155,8156,,000003516,2024-09-23 16:14:00,2024-09-23 16:14:01,[],,,
3517,1,,6.0000,1,1,4079,2049,8157,8158,,000003517,2024-09-23 18:21:19,2024-09-23 18:21:22,[],,,
3518,1,,1.0000,1,1,4080,1782,8159,8160,,000003518,2024-09-24 10:16:02,2024-09-24 10:16:05,[],,,
3519,1,,2.0000,1,1,4081,1654,8161,8162,,000003519,2024-09-24 15:01:18,2024-09-24 15:01:20,[],,,
3520,1,,3.0000,1,1,4083,1654,8165,8166,,000003520,2024-09-30 11:05:48,2024-09-30 11:05:51,[],,,
3521,1,,1.0000,1,1,4082,1654,8163,8164,,000003521,2024-09-30 11:05:53,2024-09-30 11:05:54,[],,,
3522,1,,1.0000,1,1,4084,2502,8167,8168,,000003522,2024-10-01 12:40:15,2024-10-01 12:40:18,[],,,
3523,1,,2.0000,1,1,4086,1654,8171,8172,,000003523,2024-10-01 17:21:30,2024-10-01 17:21:32,[],,,
3524,1,,1.0000,1,1,4085,2151,8169,8170,,000003524,2024-10-01 17:21:40,2024-10-01 17:21:41,[],,,
3525,1,,1.0000,1,1,4087,1782,8173,8174,,000003525,2024-10-02 10:35:22,2024-10-02 10:35:24,[],,,
3526,1,,11.0000,1,1,4088,2145,8175,8176,,000003526,2024-10-02 17:53:47,2024-10-02 17:53:49,[],,,
3527,1,,1.0000,1,1,4089,2151,8177,8178,,000003527,2024-10-03 15:55:21,2024-10-03 15:55:23,[],,,
3528,1,,1.0000,1,1,4090,2502,8179,8180,,000003528,2024-10-03 16:55:35,2024-10-03 16:55:37,[],,,
3529,1,,1.0000,1,1,4091,1654,8181,8182,,000003529,2024-10-07 10:10:16,2024-10-07 10:10:19,[],,,
3530,1,,2.0000,1,1,4093,2151,8185,8186,,000003530,2024-10-07 17:41:37,2024-10-07 17:41:39,[],,,
3531,1,,1.0000,1,1,4092,2151,8183,8184,,000003531,2024-10-07 17:41:42,2024-10-07 17:41:43,[],,,
3532,1,,4.0000,1,1,4094,1654,8187,8188,,000003532,2024-10-07 17:41:55,2024-10-07 17:41:56,[],,,
3533,1,,1.0000,1,1,4095,2502,8189,8190,,000003533,2024-10-08 10:05:22,2024-10-08 10:05:25,[],,,
3534,1,,1.0000,1,1,4096,2151,8191,8192,,000003534,2024-10-08 13:50:24,2024-10-08 13:50:26,[],,,
3535,1,,1.0000,1,1,4097,2151,8193,8194,,000003535,2024-10-09 14:05:11,2024-10-09 14:05:13,[],,,
3536,1,,3.0000,1,1,4098,1654,8195,8196,,000003536,2024-10-09 17:37:18,2024-10-09 17:37:20,[],,,
3537,1,,1.0000,1,1,4101,2151,8201,8202,,000003537,2024-10-10 15:11:25,2024-10-10 15:11:27,[],,,
3538,1,,1.0000,1,1,4099,1782,8197,8198,,000003538,2024-10-10 15:11:34,2024-10-10 15:11:35,[],,,
3539,1,,2.0000,1,1,4100,2502,8199,8200,,000003539,2024-10-10 15:11:40,2024-10-10 15:11:41,[],,,
3540,1,,1.0000,1,1,4102,1782,8203,8204,,000003540,2024-10-10 16:45:39,2024-10-10 16:45:41,[],,,
3541,1,,1.0000,1,1,4103,2151,8205,8206,,000003541,2024-10-10 17:21:05,2024-10-10 17:21:07,[],,,
3542,1,,2.0000,1,1,4104,1654,8207,8208,,000003542,2024-10-11 16:35:37,2024-10-11 16:35:39,[],,,
3543,1,,1.0000,1,1,4105,1654,8209,8210,,000003543,2024-10-11 17:30:16,2024-10-11 17:30:18,[],,,
3544,1,,4.0000,1,1,4106,1654,8211,8212,,000003544,2024-10-14 10:25:38,2024-10-14 10:25:40,[],,,
3545,1,,1.0000,1,1,4107,2151,8213,8214,,000003545,2024-10-14 14:50:27,2024-10-14 14:50:29,[],,,
3546,1,,8.0000,1,1,4108,1654,8215,8216,,000003546,2024-10-14 16:30:30,2024-10-14 16:30:33,[],,,
3547,1,,4.0000,1,1,4109,1654,8217,8218,,000003547,2024-10-15 17:10:24,2024-10-15 17:10:26,[],,,
3548,1,,1.0000,1,1,4110,1782,8219,8220,,000003548,2024-10-16 16:17:49,2024-10-16 16:17:51,[],,,
3549,1,,1.0000,1,1,4111,2151,8221,8222,,000003549,2024-10-17 13:30:25,2024-10-17 13:30:28,[],,,
3550,1,,1.0000,1,1,4112,2151,8223,8224,,000003550,2024-10-18 17:15:11,2024-10-18 17:15:14,[],,,
3551,1,,1.0000,1,1,4113,2151,8225,8226,,000003551,2024-10-18 17:15:16,2024-10-18 17:15:17,[],,,
3552,1,,1.0000,1,1,4115,2502,8229,8230,,000003552,2024-10-21 10:10:39,2024-10-21 10:10:42,[],,,
3553,1,,8.0000,1,1,4114,1654,8227,8228,,000003553,2024-10-21 10:10:44,2024-10-21 10:10:45,[],,,
3554,1,,3.0000,1,1,4116,1945,8231,8232,,000003554,2024-10-21 17:10:21,2024-10-21 17:10:24,[],,,
3555,1,,1.0000,1,1,4117,1654,8233,8234,,000003555,2024-10-22 10:10:25,2024-10-22 10:10:27,[],,,
3556,1,,5.0000,1,1,4118,1654,8235,8236,,000003556,2024-10-22 17:45:18,2024-10-22 17:45:20,[],,,
3557,1,,1.0000,1,1,4119,1782,8237,8238,,000003557,2024-10-24 13:45:12,2024-10-24 13:45:14,[],,,
3558,1,,1.0000,1,1,4120,1654,8239,8240,,000003558,2024-10-24 17:15:27,2024-10-24 17:15:29,[],,,
3559,1,,2.0000,1,1,4121,2502,8241,8242,,000003559,2024-10-25 10:05:12,2024-10-25 10:05:15,[],,,
3560,1,,2.0000,1,1,4122,2522,8243,8244,,000003560,2024-10-25 15:20:37,2024-10-25 15:20:39,[],,,
3561,1,,1.0000,1,1,4123,2151,8245,8246,,000003561,2024-10-25 17:45:12,2024-10-25 17:45:14,[],,,
3562,1,,1.0000,1,1,4124,2151,8247,8248,,000003562,2024-10-28 15:35:27,2024-10-28 15:35:29,[],,,
3563,1,,1.0000,1,1,4125,2151,8249,8250,,000003563,2024-10-28 16:55:11,2024-10-28 16:55:13,[],,,
3564,1,,4.0000,1,1,4126,1654,8251,8252,,000003564,2024-10-28 16:55:15,2024-10-28 16:55:16,[],,,
3565,1,,1.0000,1,1,4128,2151,8255,8256,,000003565,2024-10-29 14:55:12,2024-10-29 14:55:15,[],,,
3566,1,,1.0000,1,1,4127,2151,8253,8254,,000003566,2024-10-29 14:55:17,2024-10-29 14:55:19,[],,,
3567,1,,1.0000,1,1,4129,2151,8257,8258,,000003567,2024-10-30 14:05:10,2024-10-30 14:05:12,[],,,
3568,1,,1.0000,1,1,4130,2151,8259,8260,,000003568,2024-10-30 15:10:15,2024-10-30 15:10:17,[],,,
3569,1,,1.0000,1,1,4132,1654,8263,8264,,000003569,2024-11-04 13:30:31,2024-11-04 13:30:34,[],,,
3570,1,,3.0000,1,1,4133,2151,8265,8266,,000003570,2024-11-05 13:25:10,2024-11-05 13:25:13,[],,,
3571,1,,5.0000,1,1,4134,2049,8267,8268,,000003571,2024-11-06 17:10:29,2024-11-06 17:10:31,[],,,
3572,1,,7.0000,1,1,4135,1654,8269,8270,,000003572,2024-11-07 17:08:24,2024-11-07 17:08:26,[],,,
3573,1,,11.0000,1,1,4136,1654,8271,8272,,000003573,2024-11-08 13:40:10,2024-11-08 13:40:13,[],,,
3574,1,,1.0000,1,1,4137,2151,8273,8274,,000003574,2024-11-11 13:20:22,2024-11-11 13:20:24,[],,,
3575,1,,1.0000,1,1,4138,2151,8275,8276,,000003575,2024-11-12 09:30:18,2024-11-12 09:30:20,[],,,
3576,1,,1.0000,1,1,4139,2151,8277,8278,,000003576,2024-11-13 11:30:14,2024-11-13 11:30:16,[],,,
3577,1,,4.0000,1,1,4140,1654,8279,8280,,000003577,2024-11-13 13:20:30,2024-11-13 13:20:33,[],,,
3578,1,,5.0000,1,1,4141,1654,8281,8282,,000003578,2024-11-14 17:00:24,2024-11-14 17:00:26,[],,,
3579,1,,1.0000,1,1,4142,2151,8283,8284,,000003579,2024-11-15 15:35:33,2024-11-15 15:35:36,[],,,
3580,1,,4.0000,1,1,4143,1654,8285,8286,,000003580,2024-11-18 09:40:40,2024-11-18 09:40:42,[],,,
3581,1,,1.0000,1,1,4144,2151,8287,8288,,000003581,2024-11-18 16:55:18,2024-11-18 16:55:20,[],,,
3582,1,,2.0000,1,1,4145,1654,8289,8290,,000003582,2024-11-20 09:10:33,2024-11-20 09:10:35,[],,,
3583,1,,1.0000,1,1,4146,2151,8291,8292,,000003583,2024-11-20 12:55:11,2024-11-20 12:55:13,[],,,
3584,1,,2.0000,1,1,4147,2145,8293,8294,,000003584,2024-11-22 11:30:21,2024-11-22 11:30:22,[],,,
3585,1,,1.0000,1,1,4149,2151,8297,8298,,000003585,2024-11-26 14:10:30,2024-11-26 14:10:32,[],,,
3586,1,,1.0000,1,1,4150,2151,8299,8300,,000003586,2024-11-26 14:10:35,2024-11-26 14:10:35,[],,,
3587,1,,2.0000,1,1,4148,2151,8295,8296,,000003587,2024-11-26 14:10:38,2024-11-26 14:10:39,[],,,
3588,1,,1.0000,1,1,4152,2151,8303,8304,,000003588,2024-11-27 12:20:18,2024-11-27 12:20:21,[],,,
3589,1,,1.0000,1,1,4151,2151,8301,8302,,000003589,2024-11-27 12:20:23,2024-11-27 12:20:25,[],,,
3590,1,,3.0000,1,1,4153,2502,8305,8306,,000003590,2024-11-27 15:10:19,2024-11-27 15:10:21,[],,,
3591,1,,1.0000,1,1,4154,2145,8307,8308,,000003591,2024-11-27 16:35:21,2024-11-27 16:35:23,[],,,
3592,1,,1.0000,1,1,4155,2151,8309,8310,,000003592,2024-11-28 12:40:16,2024-11-28 12:40:18,[],,,
3593,1,,1.0000,1,1,4156,2151,8311,8312,,000003593,2024-11-28 13:15:19,2024-11-28 13:15:21,[],,,
3594,1,,5.0000,1,1,4157,1654,8313,8314,,000003594,2024-11-29 08:40:23,2024-11-29 08:40:25,[],,,
3595,1,,1.0000,1,1,4158,2151,8315,8316,,000003595,2024-11-29 11:05:13,2024-11-29 11:05:16,[],,,
3596,1,,2.0000,1,1,4159,1654,8317,8318,,000003596,2024-12-02 10:00:17,2024-12-02 10:00:19,[],,,
3597,1,,1.0000,1,1,4161,2151,8321,8322,,000003597,2024-12-02 13:35:25,2024-12-02 13:35:28,[],,,
3598,1,,1.0000,1,1,4160,2151,8319,8320,,000003598,2024-12-02 13:35:30,2024-12-02 13:35:31,[],,,
3599,1,,6.0000,1,1,4162,1654,8323,8324,,000003599,2024-12-02 14:20:26,2024-12-02 14:20:28,[],,,
3600,1,,1.0000,1,1,4163,1654,8325,8326,,000003600,2024-12-02 14:45:11,2024-12-02 14:45:13,[],,,
3601,1,,1.0000,1,1,4164,2151,8327,8328,,000003601,2024-12-03 15:15:17,2024-12-03 15:15:20,[],,,
3602,1,,3.0000,1,1,4165,2502,8329,8330,,000003602,2024-12-03 16:35:13,2024-12-03 16:35:15,[],,,
3603,1,,4.0000,1,1,4166,1654,8331,8332,,000003603,2024-12-03 16:40:11,2024-12-03 16:40:13,[],,,
3604,1,,1.0000,1,1,4168,2151,8335,8336,,000003604,2024-12-04 16:50:38,2024-12-04 16:50:40,[],,,
3605,1,,1.0000,1,1,4167,2151,8333,8334,,000003605,2024-12-04 16:50:45,2024-12-04 16:50:46,[],,,
3606,1,,1.0000,1,1,4169,1654,8337,8338,,000003606,2024-12-05 09:35:24,2024-12-05 09:35:27,[],,,
3607,1,,1.0000,1,1,4170,2151,8339,8340,,000003607,2024-12-05 14:00:13,2024-12-05 14:00:15,[],,,
3608,1,,1.0000,1,1,4171,2151,8341,8342,,000003608,2024-12-05 14:00:18,2024-12-05 14:00:19,[],,,
3609,1,,2.0000,1,1,4172,2151,8343,8344,,000003609,2024-12-06 10:25:17,2024-12-06 10:25:19,[],,,
3610,1,,1.0000,1,1,4173,2151,8345,8346,,000003610,2024-12-06 10:45:20,2024-12-06 10:45:22,[],,,
3611,1,,11.0000,1,1,4174,2125,8347,8348,,000003611,2024-12-06 13:35:22,2024-12-06 13:35:25,[],,,
3612,1,,1.0000,1,1,4179,2151,8357,8358,,000003612,2024-12-09 13:30:21,2024-12-09 13:30:23,[],,,
3613,1,,1.0000,1,1,4180,2151,8359,8360,,000003613,2024-12-09 13:30:28,2024-12-09 13:30:29,[],,,
3614,1,,1.0000,1,1,4176,2151,8351,8352,,000003614,2024-12-09 13:35:25,2024-12-09 13:35:27,[],,,
3615,1,,1.0000,1,1,4177,2151,8353,8354,,000003615,2024-12-09 13:35:30,2024-12-09 13:35:31,[],,,
3616,1,,1.0000,1,1,4175,2151,8349,8350,,000003616,2024-12-09 13:35:39,2024-12-09 13:35:40,[],,,
3617,1,,1.0000,1,1,4178,2151,8355,8356,,000003617,2024-12-09 13:35:43,2024-12-09 13:35:44,[],,,
3618,1,,1.0000,1,1,4181,2151,8361,8362,,000003618,2024-12-10 13:30:23,2024-12-10 13:30:25,[],,,
3619,1,,7.0000,1,1,4182,1654,8363,8364,,000003619,2024-12-10 16:50:11,2024-12-10 16:50:14,[],,,
3620,1,,1.0000,1,1,4183,2151,8365,8366,,000003620,2024-12-12 12:55:20,2024-12-12 12:55:22,[],,,
3621,1,,1.0000,1,1,4185,2151,8369,8370,,000003621,2024-12-12 12:55:25,2024-12-12 12:55:26,[],,,
3622,1,,1.0000,1,1,4184,2151,8367,8368,,000003622,2024-12-12 13:00:12,2024-12-12 13:00:14,[],,,
3623,1,,2.0000,1,1,4187,1654,8373,8374,,000003623,2024-12-13 12:40:15,2024-12-13 12:40:17,[],,,
3624,1,,3.0000,1,1,4186,2502,8371,8372,,000003624,2024-12-13 12:40:28,2024-12-13 12:40:29,[],,,
3625,1,,1.0000,1,1,4188,2151,8375,8376,,000003625,2024-12-13 13:50:32,2024-12-13 13:50:34,[],,,
3626,1,,4.0000,1,1,4189,1654,8377,8378,,000003626,2024-12-13 15:25:12,2024-12-13 15:25:14,[],,,
3627,1,,1.0000,1,1,4190,2502,8379,8380,,000003627,2024-12-16 10:05:12,2024-12-16 10:05:14,[],,,
3628,1,,1.0000,1,1,4192,2151,8383,8384,,000003628,2024-12-16 16:25:22,2024-12-16 16:25:25,[],,,
3629,1,,1.0000,1,1,4193,2151,8385,8386,,000003629,2024-12-16 16:25:27,2024-12-16 16:25:28,[],,,
3630,1,,1.0000,1,1,4194,2151,8387,8388,,000003630,2024-12-16 16:25:31,2024-12-16 16:25:32,[],,,
3631,1,,2.0000,1,1,4191,2151,8381,8382,,000003631,2024-12-16 16:30:15,2024-12-16 16:30:17,[],,,
3632,1,,1.0000,1,1,4196,2151,8391,8392,,000003632,2024-12-16 16:30:20,2024-12-16 16:30:21,[],,,
3633,1,,1.0000,1,1,4195,2151,8389,8390,,000003633,2024-12-16 16:30:24,2024-12-16 16:30:25,[],,,
3634,1,,4.0000,1,1,4197,1654,8393,8394,,000003634,2024-12-16 17:06:31,2024-12-16 17:06:33,[],,,
3635,1,,1.0000,,1,4198,2151,8395,8396,,000003635,2024-12-17 12:30:40,2024-12-17 12:31:11,[],,,
3636,1,,8.0000,,1,4199,1654,8397,8398,,000003636,2024-12-18 09:25:17,2024-12-18 09:25:48,[],,,
3637,1,,1.0000,1,1,4200,2151,8399,8400,,000003637,2024-12-18 12:15:36,2024-12-18 12:15:44,[],,,
3638,1,,1.0000,1,1,4201,2151,8401,8402,,000003638,2024-12-18 12:55:21,2024-12-18 12:55:24,[],,,
3639,1,,1.0000,1,1,4202,2151,8403,8404,,000003639,2024-12-19 13:25:14,2024-12-19 13:25:16,[],,,
3640,1,,1.0000,1,1,4203,1654,8405,8406,,000003640,2024-12-19 16:50:19,2024-12-19 16:50:22,[],,,
3641,1,,1.0000,1,1,4204,2151,8407,8408,,000003641,2024-12-20 11:05:14,2024-12-20 11:05:16,[],,,
3642,1,,2.0000,1,1,4205,2151,8409,8410,,000003642,2025-01-02 10:20:12,2025-01-02 10:20:14,[],,,
3643,1,,1.0000,1,1,4208,2151,8415,8416,,000003643,2025-01-02 10:20:19,2025-01-02 10:20:20,[],,,
3644,1,,1.0000,1,1,4207,2151,8413,8414,,000003644,2025-01-02 10:20:23,2025-01-02 10:20:24,[],,,
3645,1,,11.0000,1,1,4206,1654,8411,8412,,000003645,2025-01-02 10:20:35,2025-01-02 10:20:36,[],,,
3646,1,,1.0000,1,1,4209,2151,8417,8418,,000003646,2025-01-02 16:35:26,2025-01-02 16:35:28,[],,,
3647,1,,2.0000,1,1,4210,1654,8419,8420,,000003647,2025-01-02 16:55:21,2025-01-02 16:55:23,[],,,
3648,1,,3.0000,1,1,4211,2502,8421,8422,,000003648,2025-01-06 10:35:19,2025-01-06 10:35:22,[],,,
3649,1,,1.0000,1,1,4212,2151,8423,8424,,000003649,2025-01-06 12:40:18,2025-01-06 12:40:21,[],,,
3650,1,,3.0000,1,1,4213,2502,8425,8426,,000003650,2025-01-07 13:15:29,2025-01-07 13:15:31,[],,,
3651,1,,1.0000,1,1,4215,2502,8429,8430,,000003651,2025-01-08 09:25:20,2025-01-08 09:25:23,[],,,
3652,1,,3.0000,1,1,4214,2502,8427,8428,,000003652,2025-01-08 09:25:26,2025-01-08 09:25:27,[],,,
3653,1,,1.0000,1,1,4217,1654,8433,8434,,000003653,2025-01-09 09:15:07,2025-01-09 09:15:09,[],,,
3654,1,,19.0000,1,1,4218,1654,8435,8436,,000003654,2025-01-09 16:15:04,2025-01-09 16:15:07,[],,,
3655,1,,1.0000,1,1,4219,1654,8437,8438,,000003655,2025-01-10 15:00:05,2025-01-10 15:00:07,[],,,
3656,1,,1.0000,1,1,4220,2502,8439,8440,,000003656,2025-01-10 15:50:06,2025-01-10 15:50:08,[],,,
3657,1,,3.0000,1,1,4221,1945,8441,8442,,000003657,2025-01-13 16:00:06,2025-01-13 16:00:08,[],,,
3658,1,,1.0000,1,1,4222,1654,8443,8444,,000003658,2025-01-14 09:05:08,2025-01-14 09:05:10,[],,,
3659,1,,2.0000,1,1,4225,2151,8449,8450,,000003659,2025-01-14 12:35:04,2025-01-14 12:35:06,[],,,
3660,1,,2.0000,1,1,4223,2151,8445,8446,,000003660,2025-01-14 12:35:07,2025-01-14 12:35:08,[],,,
3661,1,,1.0000,1,1,4224,2151,8447,8448,,000003661,2025-01-14 12:35:09,2025-01-14 12:35:10,[],,,
3662,1,,10.0000,1,1,4226,2049,8451,8452,,000003662,2025-01-14 17:25:04,2025-01-14 17:25:07,[],,,
3663,1,,1.0000,1,1,4227,1654,8453,8454,,000003663,2025-01-16 09:25:05,2025-01-16 09:25:08,[],,,
3664,1,,2.0000,1,1,4228,2151,8455,8456,,000003664,2025-01-16 12:35:12,2025-01-16 12:35:14,[],,,
3665,1,,1.0000,1,1,4229,2502,8457,8458,,000003665,2025-01-16 16:55:06,2025-01-16 16:55:08,[],,,
3666,1,,2.0000,1,1,4231,2151,8461,8462,,000003666,2025-01-17 15:20:05,2025-01-17 15:20:08,[],,,
3667,1,,1.0000,1,1,4230,2151,8459,8460,,000003667,2025-01-17 15:20:08,2025-01-17 15:20:09,[],,,
3668,1,,1.0000,1,1,4232,1782,8463,8464,,000003668,2025-01-17 15:25:04,2025-01-17 15:25:06,[],,,
3669,1,,1.0000,1,1,4233,2151,8465,8466,,000003669,2025-01-21 12:15:04,2025-01-21 12:15:07,[],,,
3670,1,,4.0000,1,1,4234,1654,8467,8468,,000003670,2025-01-22 16:50:08,2025-01-22 16:50:11,[],,,
3671,1,,1.0000,1,1,4235,1654,8469,8470,,000003671,2025-01-23 17:05:16,2025-01-23 17:05:19,[],,,
3672,1,,1.0000,1,1,4236,2151,8471,8472,,000003672,2025-01-27 14:35:06,2025-01-27 14:35:09,[],,,
3673,1,,1.0000,1,1,4237,2151,8473,8474,,000003673,2025-01-30 11:05:05,2025-01-30 11:05:07,[],,,
3674,1,,1.0000,1,1,4238,2145,8475,8476,,000003674,2025-01-30 15:20:05,2025-01-30 15:20:08,[],,,
3675,1,,1.0000,1,1,4239,1782,8477,8478,,000003675,2025-02-03 09:10:07,2025-02-03 09:10:09,[],,,
3676,1,,1.0000,1,1,4240,2151,8479,8480,,000003676,2025-02-03 11:55:07,2025-02-03 11:55:09,[],,,
3677,1,,1.0000,1,1,4241,2151,8481,8482,,000003677,2025-02-04 12:50:05,2025-02-04 12:50:07,[],,,
3678,1,,3.0000,1,1,4242,1654,8483,8484,,000003678,2025-02-04 16:35:05,2025-02-04 16:35:07,[],,,
3679,1,,1.0000,1,1,4243,2151,8485,8486,,000003679,2025-02-06 13:35:07,2025-02-06 13:35:09,[],,,
3680,1,,1.0000,1,1,4244,2151,8487,8488,,000003680,2025-02-06 13:35:11,2025-02-06 13:35:11,[],,,
3681,1,,4.0000,1,1,4245,1654,8489,8490,,000003681,2025-02-06 17:05:06,2025-02-06 17:05:08,[],,,
3682,1,,1.0000,1,1,4246,2151,8491,8492,,000003682,2025-02-07 15:00:06,2025-02-07 15:00:08,[],,,
3683,1,,1.0000,1,1,4247,1782,8493,8494,,000003683,2025-02-10 09:50:05,2025-02-10 09:50:07,[],,,
3684,1,,6.0000,1,1,4248,1654,8495,8496,,000003684,2025-02-10 09:50:08,2025-02-10 09:50:09,[],,,
3685,1,,2.0000,1,1,4249,2151,8497,8498,,000003685,2025-02-10 13:25:06,2025-02-10 13:25:08,[],,,
3686,1,,1.0000,1,1,4250,2151,8499,8500,,000003686,2025-02-10 13:25:08,2025-02-10 13:25:09,[],,,
3687,1,,1.0000,1,1,4251,1654,8501,8502,,000003687,2025-02-13 16:40:07,2025-02-13 16:40:09,[],,,
3688,1,,1.0000,1,1,4252,1654,8503,8504,,000003688,2025-02-17 09:10:06,2025-02-17 09:10:09,[],,,
3689,1,,5.0000,1,1,4253,2049,8505,8506,,000003689,2025-02-19 09:50:05,2025-02-19 09:50:08,[],,,
3690,1,,1.0000,1,1,4254,2151,8507,8508,,000003690,2025-02-20 13:35:05,2025-02-20 13:35:08,[],,,
3691,1,,2.0000,1,1,4255,1654,8509,8510,,000003691,2025-02-21 09:15:06,2025-02-21 09:15:08,[],,,
3692,1,,1.0000,1,1,4257,2151,8513,8514,,000003692,2025-02-21 12:40:09,2025-02-21 12:40:11,[],,,
3693,1,,1.0000,1,1,4256,2151,8511,8512,,000003693,2025-02-21 12:40:11,2025-02-21 12:40:12,[],,,
3694,1,,1.0000,1,1,4258,2151,8515,8516,,000003694,2025-02-24 14:50:06,2025-02-24 14:50:08,[],,,
3695,1,,1.0000,1,1,4259,1782,8517,8518,,000003695,2025-02-25 10:40:06,2025-02-25 10:40:08,[],,,
3696,1,,5.0000,1,1,4260,1654,8519,8520,,000003696,2025-02-27 11:55:04,2025-02-27 11:55:07,[],,,
3697,1,,1.0000,1,1,4261,2522,8521,8522,,000003697,2025-02-27 16:05:06,2025-02-27 16:05:08,[],,,
3698,1,,1.0000,1,1,4262,2151,8523,8524,,000003698,2025-03-03 12:45:10,2025-03-03 12:45:12,[],,,
3699,1,,2.0000,1,1,4263,1654,8525,8526,,000003699,2025-03-04 09:10:07,2025-03-04 09:10:10,[],,,
3700,1,,2.0000,1,1,4264,1654,8527,8528,,000003700,2025-03-05 10:00:08,2025-03-05 10:00:12,[],,,
3701,1,,1.0000,1,1,4265,2151,8529,8530,,000003701,2025-03-05 13:55:07,2025-03-05 13:55:10,[],,,
3702,1,,1.0000,1,1,4266,2151,8531,8532,,000003702,2025-03-10 16:50:11,2025-03-10 16:50:13,[],,,
3703,1,,5.0000,1,1,4267,1654,8533,8534,,000003703,2025-03-10 17:05:08,2025-03-10 17:05:10,[],,,
3704,1,,1.0000,1,1,4268,2151,8535,8536,,000003704,2025-03-11 15:40:06,2025-03-11 15:40:08,[],,,
3705,1,,4.0000,1,1,4269,1654,8537,8538,,000003705,2025-03-12 13:45:04,2025-03-12 13:45:06,[],,,
3706,1,,1.0000,1,1,4270,2151,8539,8540,,000003706,2025-03-13 13:00:06,2025-03-13 13:00:08,[],,,
3707,1,,1.0000,1,1,4271,2151,8541,8542,,000003707,2025-03-14 12:55:05,2025-03-14 12:55:07,[],,,
3708,1,,3.0000,1,1,4273,1654,8545,8546,,000003708,2025-03-17 09:25:17,2025-03-17 09:25:20,[],,,
3709,1,,20.0000,1,1,4272,2125,8543,8544,,000003709,2025-03-17 10:55:04,2025-03-17 10:55:06,[],,,
3710,1,,1.0000,1,1,4274,2151,8547,8548,,000003710,2025-03-17 13:10:06,2025-03-17 13:10:14,[],,,
