entity_id,parent_id,base_shipping_captured,shipping_captured,amount_refunded,base_amount_paid,amount_canceled,base_amount_authorized,base_amount_paid_online,base_amount_refunded_online,base_shipping_amount,shipping_amount,amount_paid,amount_authorized,base_amount_ordered,base_shipping_refunded,shipping_refunded,base_amount_refunded,amount_ordered,base_amount_canceled,quote_payment_id,additional_data,cc_exp_month,cc_ss_start_year,echeck_bank_name,method,cc_debug_request_body,cc_secure_verify,protection_eligibility,cc_approval,cc_last_4,cc_status_description,echeck_type,cc_debug_response_serialized,cc_ss_start_month,echeck_account_type,last_trans_id,cc_cid_status,cc_owner,cc_type,po_number,cc_exp_year,cc_status,echeck_routing_number,account_status,anet_trans_method,cc_debug_response_body,cc_ss_issue,echeck_account_name,cc_avs_status,cc_number_enc,cc_trans_id,address_status,additional_information
8,8,,,,,,73.2900,,,5.0000,5.0000,,73.2900,73.2900,,,,73.2900,,,,12,,,braintree,,,,,0061,,,,,,9trrcqk5,,,VI,,2022,,,,,,,,,,9trrcqk5,,"{""method_title"":""Credit Card (Braintree)"",""avsPostalCodeResponseCode"":""M"",""avsStreetAddressResponseCode"":""M"",""cvvResponseCode"":""M"",""processorAuthorizationCode"":""1PDHMW"",""processorResponseCode"":""1000"",""processorResponseText"":""Approved"",""cc_number"":""xxxx-0061"",""cc_type"":""Visa""}"
756,756,,,,,,,,,4.5000,4.5000,,,26.4600,,,,26.4600,,,,,,,purchaseorder,,,,,,,,,,,,,,,MC/DOWSON/YO7,,,,,,,,,,,,,"{""method_title"":""Purchase Order""}"
757,757,,,,,,,,,4.5000,4.5000,,,26.4600,,,,26.4600,,,,,,,purchaseorder,,,,,,,,,,,,,,,MC/Michael/NP4,,,,,,,,,,,,,"{""method_title"":""Purchase Order""}"
758,758,,,,,,,,,4.5000,4.5000,,,26.4600,,,,26.4600,,,,,,,purchaseorder,,,,,,,,,,,,,,,MC/Martin/NR13,,,,,,,,,,,,,"{""method_title"":""Purchase Order""}"
759,759,,,,,,,,,4.5000,4.5000,,,28.1800,,,,28.1800,,,,,,,purchaseorder,,,,,,,,,,,,,,,MC/Spetch/LS25,,,,,,,,,,,,,"{""method_title"":""Purchase Order""}"
760,760,,,,,,,,,4.5000,4.5000,,,20.2000,,,,20.2000,,,,,,,purchaseorder,,,,,,,,,,,,,,,MC/Andrews/CV35,,,,,,,,,,,,,"{""method_title"":""Purchase Order""}"
761,761,,,,,,,,,4.5000,4.5000,,,28.1800,,,,28.1800,,,,,,,purchaseorder,,,,,,,,,,,,,,,MC/Jones/SA20,,,,,,,,,,,,,"{""method_title"":""Purchase Order""}"
762,762,,,,,,,,,4.5000,4.5000,,,162.0700,,,,162.0700,,,,,,,purchaseorder,,,,,,,,,,,,,,,mc/Jackson/WA1,,,,,,,,,,,,,"{""method_title"":""Purchase Order""}"
763,763,,,,,,,,,4.5000,4.5000,,,28.1800,,,,28.1800,,,,,,,purchaseorder,,,,,,,,,,,,,,,MC/Fuller/RG4,,,,,,,,,,,,,"{""method_title"":""Purchase Order""}"
764,764,,,,,,,,,4.5000,4.5000,,,107.9500,,,,107.9500,,,,,,,purchaseorder,,,,,,,,,,,,,,,MC/Hughes/CV10,,,,,,,,,,,,,"{""method_title"":""Purchase Order""}"
765,765,,,,,,,,,4.5000,4.5000,,,28.1800,,,,28.1800,,,,,,,purchaseorder,,,,,,,,,,,,,,,MC/Webber/CH49,,,,,,,,,,,,,"{""method_title"":""Purchase Order""}"
766,766,,,,,,,,,4.5000,4.5000,,,28.1800,,,,28.1800,,,,,,,purchaseorder,,,,,,,,,,,,,,,MC/Kerr/G46,,,,,,,,,,,,,"{""method_title"":""Purchase Order""}"
767,767,,,,,,,,,0.0000,0.0000,,,116.9300,,,,116.9300,,,,,,,purchaseorder,,,,,,,,,,,,,,,td21/02,,,,,,,,,,,,,"{""method_title"":""Purchase Order""}"
768,768,,,,,,,,,4.5000,4.5000,,,33.3000,,,,33.3000,,,,,,,purchaseorder,,,,,,,,,,,,,,,MC/Reinis/S80,,,,,,,,,,,,,"{""method_title"":""Purchase Order""}"
769,769,,,,,,,,,4.5000,4.5000,,,51.5200,,,,51.5200,,,,,,,purchaseorder,,,,,,,,,,,,,,,MC/Hunt/ML3,,,,,,,,,,,,,"{""method_title"":""Purchase Order""}"
770,770,,,,,,,,,4.5000,4.5000,,,47.5200,,,,47.5200,,,,,,,purchaseorder,,,,,,,,,,,,,,,MC/Lopez/BL6,,,,,,,,,,,,,"{""method_title"":""Purchase Order""}"
771,771,,,,,,,,,4.5000,4.5000,,,36.7200,,,,36.7200,,,,,,,purchaseorder,,,,,,,,,,,,,,,MC/Jeffs/WD5,,,,,,,,,,,,,"{""method_title"":""Purchase Order""}"
772,772,,,,,,,,,0.0000,0.0000,,,39.7000,,,,39.7000,,,,,,,purchaseorder,,,,,,,,,,,,,,,td22/22,,,,,,,,,,,,,"{""method_title"":""Purchase Order""}"
773,773,,,,,,,,,4.5000,4.5000,,,28.1800,,,,28.1800,,,,,,,purchaseorder,,,,,,,,,,,,,,,MC/Cocking/HD5,,,,,,,,,,,,,"{""method_title"":""Purchase Order""}"
774,774,,,,,,,,,4.5000,4.5000,,,23.0400,,,,23.0400,,,,,,,purchaseorder,,,,,,,,,,,,,,,MC/Waterman/BA11,,,,,,,,,,,,,"{""method_title"":""Purchase Order""}"
775,775,,,,,,,,,4.5000,4.5000,,,28.1800,,,,28.1800,,,,,,,purchaseorder,,,,,,,,,,,,,,,MC/Johnson/S41,,,,,,,,,,,,,"{""method_title"":""Purchase Order""}"
776,776,,,,,,,,,4.5000,4.5000,,,36.7200,,,,36.7200,,,,,,,purchaseorder,,,,,,,,,,,,,,,MC/Hogan/OL1,,,,,,,,,,,,,"{""method_title"":""Purchase Order""}"
777,777,,,,,,,,,4.5000,4.5000,,,33.3000,,,,33.3000,,,,,,,purchaseorder,,,,,,,,,,,,,,,MC/Crombie/SS0,,,,,,,,,,,,,"{""method_title"":""Purchase Order""}"
778,778,,,,,,,,,4.5000,4.5000,,,28.1800,,,,28.1800,,,,,,,purchaseorder,,,,,,,,,,,,,,,MC/Kerr/G46 6AA,,,,,,,,,,,,,"{""method_title"":""Purchase Order""}"
779,779,,,,,,,,,4.5000,4.5000,,,26.4600,,,,26.4600,,,,,,,purchaseorder,,,,,,,,,,,,,,,MC/Harvey/ME18,,,,,,,,,,,,,"{""method_title"":""Purchase Order""}"
780,780,,,,,,,,,4.5000,4.5000,,,28.1800,,,,28.1800,,,,,,,purchaseorder,,,,,,,,,,,,,,,MC/Butfield/HA5,,,,,,,,,,,,,"{""method_title"":""Purchase Order""}"
781,781,,,,,,,,,4.5000,4.5000,,,28.1800,,,,28.1800,,,,,,,purchaseorder,,,,,,,,,,,,,,,MC/Jenkinson/TN19,,,,,,,,,,,,,"{""method_title"":""Purchase Order""}"
782,782,,,,,,,,,4.5000,4.5000,,,28.1800,,,,28.1800,,,,,,,purchaseorder,,,,,,,,,,,,,,,MC/Simpson/Sk23,,,,,,,,,,,,,"{""method_title"":""Purchase Order""}"
783,783,,,,,,,,,4.5000,4.5000,,,53.8200,,,,53.8200,,,,,,,purchaseorder,,,,,,,,,,,,,,,MC/Tobias/W5,,,,,,,,,,,,,"{""method_title"":""Purchase Order""}"
784,784,,,,,,,,,4.5000,4.5000,,,28.1800,,,,28.1800,,,,,,,purchaseorder,,,,,,,,,,,,,,,MC/Williams/CH63,,,,,,,,,,,,,"{""method_title"":""Purchase Order""}"
785,785,,,,,,,,,4.5000,4.5000,,,26.4600,,,,26.4600,,,,,,,purchaseorder,,,,,,,,,,,,,,,MC/Martin-Loat/NR13,,,,,,,,,,,,,"{""method_title"":""Purchase Order""}"
786,786,,,,,,,,,4.5000,4.5000,,,53.8200,,,,53.8200,,,,,,,purchaseorder,,,,,,,,,,,,,,,MC/Morris/SW20 ,,,,,,,,,,,,,"{""method_title"":""Purchase Order""}"
787,787,,,,,,,,,4.5000,4.5000,,,28.1800,,,,28.1800,,,,,,,purchaseorder,,,,,,,,,,,,,,,MC/Holton/Me12,,,,,,,,,,,,,"{""method_title"":""Purchase Order""}"
788,788,,,,,,,,,4.5000,4.5000,,,116.4700,,,,116.4700,,,,,,,purchaseorder,,,,,,,,,,,,,,,MC/Akaegbu/5JU,,,,,,,,,,,,,"{""method_title"":""Purchase Order""}"
789,789,,,,,,,,,4.5000,4.5000,,,30.3500,,,,30.3500,,,,,,,purchaseorder,,,,,,,,,,,,,,,MC/bolton/TR11,,,,,,,,,,,,,"{""method_title"":""Purchase Order""}"
790,790,,,,,,,,,4.5000,4.5000,,,28.1800,,,,28.1800,,,,,,,purchaseorder,,,,,,,,,,,,,,,MC/Waddell/G69,,,,,,,,,,,,,"{""method_title"":""Purchase Order""}"
791,791,,,,,,,,,4.5000,4.5000,,,28.1800,,,,28.1800,,,,,,,purchaseorder,,,,,,,,,,,,,,,Mc/Patterson/NR28,,,,,,,,,,,,,"{""method_title"":""Purchase Order""}"
792,792,,,,,,,,,4.5000,4.5000,,,28.1800,,,,28.1800,,,,,,,purchaseorder,,,,,,,,,,,,,,,MC/Rigg/LS7,,,,,,,,,,,,,"{""method_title"":""Purchase Order""}"
793,793,,,,,,,,,4.5000,4.5000,,,28.1800,,,,28.1800,,,,,,,purchaseorder,,,,,,,,,,,,,,,MC/Hicken/GL10,,,,,,,,,,,,,"{""method_title"":""Purchase Order""}"
794,794,,,,,,,,,4.5000,4.5000,,,28.1800,,,,28.1800,,,,,,,purchaseorder,,,,,,,,,,,,,,,MC/Brown/NE15,,,,,,,,,,,,,"{""method_title"":""Purchase Order""}"
795,795,,,,,,,,,4.5000,4.5000,,,73.7300,,,,73.7300,,,,,,,purchaseorder,,,,,,,,,,,,,,,MC/Jarvis/DN4,,,,,,,,,,,,,"{""method_title"":""Purchase Order""}"
796,796,,,,,,,,,4.5000,4.5000,,,49.2400,,,,49.2400,,,,,,,purchaseorder,,,,,,,,,,,,,,,MC/Petersen/NN8,,,,,,,,,,,,,"{""method_title"":""Purchase Order""}"
797,797,,,,,,,,,4.5000,4.5000,,,28.1800,,,,28.1800,,,,,,,purchaseorder,,,,,,,,,,,,,,,MC/Hinsley/WR11,,,,,,,,,,,,,"{""method_title"":""Purchase Order""}"
798,798,,,,,,,,,4.5000,4.5000,,,29.8800,,,,29.8800,,,,,,,purchaseorder,,,,,,,,,,,,,,,MC/Littleford/Pr25,,,,,,,,,,,,,"{""method_title"":""Purchase Order""}"
799,799,,,,,,,,,4.5000,4.5000,,,26.4600,,,,26.4600,,,,,,,purchaseorder,,,,,,,,,,,,,,,MC/Bachmayer/WA13,,,,,,,,,,,,,"{""method_title"":""Purchase Order""}"
800,800,,,,,,,,,4.5000,4.5000,,,107.9500,,,,107.9500,,,,,,,purchaseorder,,,,,,,,,,,,,,,MC/Badgery/LE13,,,,,,,,,,,,,"{""method_title"":""Purchase Order""}"
801,801,,,,,,,,,4.5000,4.5000,,,28.1800,,,,28.1800,,,,,,,purchaseorder,,,,,,,,,,,,,,,MC/Tyson/RG23,,,,,,,,,,,,,"{""method_title"":""Purchase Order""}"
802,802,,,,,,,,,4.5000,4.5000,,,28.1800,,,,28.1800,,,,,,,purchaseorder,,,,,,,,,,,,,,,MC/Diss/IG6,,,,,,,,,,,,,"{""method_title"":""Purchase Order""}"
803,803,,,,,,,,,4.5000,4.5000,,,51.4100,,,,51.4100,,,,,,,purchaseorder,,,,,,,,,,,,,,,MC/Judith/BL6,,,,,,,,,,,,,"{""method_title"":""Purchase Order""}"
804,804,,,,,,,,,4.5000,4.5000,,,42.3500,,,,42.3500,,,,,,,purchaseorder,,,,,,,,,,,,,,,MC/Richmond/PA23,,,,,,,,,,,,,"{""method_title"":""Purchase Order""}"
805,805,,,,,,,,,4.5000,4.5000,,,36.7200,,,,36.7200,,,,,,,purchaseorder,,,,,,,,,,,,,,,MC/Murray/CM2,,,,,,,,,,,,,"{""method_title"":""Purchase Order""}"
806,806,,,,,,,,,4.5000,4.5000,,,28.1800,,,,28.1800,,,,,,,purchaseorder,,,,,,,,,,,,,,,MC/Common/B31,,,,,,,,,,,,,"{""method_title"":""Purchase Order""}"
807,807,,,,,,,,,4.5000,4.5000,,,28.1800,,,,28.1800,,,,,,,purchaseorder,,,,,,,,,,,,,,,MC/McGuinness/SE4,,,,,,,,,,,,,"{""method_title"":""Purchase Order""}"
808,808,,,,,,,,,4.5000,4.5000,,,28.1800,,,,28.1800,,,,,,,purchaseorder,,,,,,,,,,,,,,,MC/Davey/EX5,,,,,,,,,,,,,"{""method_title"":""Purchase Order""}"
809,809,,,,,,,,,4.5000,4.5000,,,28.1800,,,,28.1800,,,,,,,purchaseorder,,,,,,,,,,,,,,,MC/Hart/GL6,,,,,,,,,,,,,"{""method_title"":""Purchase Order""}"
810,810,,,,,,,,,4.5000,4.5000,,,26.4600,,,,26.4600,,,,,,,purchaseorder,,,,,,,,,,,,,,,MC/Griffes/GU22,,,,,,,,,,,,,"{""method_title"":""Purchase Order""}"
811,811,,,,,,,,,4.5000,4.5000,,,28.1800,,,,28.1800,,,,,,,purchaseorder,,,,,,,,,,,,,,,MC/Dilks/SY14,,,,,,,,,,,,,"{""method_title"":""Purchase Order""}"
812,812,,,,,,,,,4.5000,4.5000,,,28.1800,,,,28.1800,,,,,,,purchaseorder,,,,,,,,,,,,,,,MC/Jensen/NP10,,,,,,,,,,,,,"{""method_title"":""Purchase Order""}"
813,813,,,,,,,,,4.5000,4.5000,,,28.1800,,,,28.1800,,,,,,,purchaseorder,,,,,,,,,,,,,,,MC/Fowler/EH33,,,,,,,,,,,,,"{""method_title"":""Purchase Order""}"
814,814,,,,,,,,,4.5000,4.5000,,,28.1800,,,,28.1800,,,,,,,purchaseorder,,,,,,,,,,,,,,,MC/Pendergast/SE9,,,,,,,,,,,,,"{""method_title"":""Purchase Order""}"
815,815,,,,,,,,,4.5000,4.5000,,,28.1800,,,,28.1800,,,,,,,purchaseorder,,,,,,,,,,,,,,,MC/Mather/AL7,,,,,,,,,,,,,"{""method_title"":""Purchase Order""}"
816,816,,,,,,,,,4.5000,4.5000,,,28.1800,,,,28.1800,,,,,,,purchaseorder,,,,,,,,,,,,,,,mc/beff/ST13,,,,,,,,,,,,,"{""method_title"":""Purchase Order""}"
817,817,,,,,,,,,4.5000,4.5000,,,26.4600,,,,26.4600,,,,,,,purchaseorder,,,,,,,,,,,,,,,MC/Chambers/TN6,,,,,,,,,,,,,"{""method_title"":""Purchase Order""}"
818,818,,,,,,,,,4.5000,4.5000,,,36.3500,,,,36.3500,,,,,,,purchaseorder,,,,,,,,,,,,,,,MC/Hopkins/ST7,,,,,,,,,,,,,"{""method_title"":""Purchase Order""}"
819,819,,,,,,,,,4.5000,4.5000,,,28.1800,,,,28.1800,,,,,,,purchaseorder,,,,,,,,,,,,,,,MC/Roberts/m43,,,,,,,,,,,,,"{""method_title"":""Purchase Order""}"
820,820,,,,,,,,,4.5000,4.5000,,,36.7200,,,,36.7200,,,,,,,purchaseorder,,,,,,,,,,,,,,,MC/Picken/PO8,,,,,,,,,,,,,"{""method_title"":""Purchase Order""}"
821,821,,,,,,,,,4.5000,4.5000,,,28.1800,,,,28.1800,,,,,,,purchaseorder,,,,,,,,,,,,,,,MC/Newman/WD3,,,,,,,,,,,,,"{""method_title"":""Purchase Order""}"
822,822,,,,,,,,,4.5000,4.5000,,,36.7200,,,,36.7200,,,,,,,purchaseorder,,,,,,,,,,,,,,,MC/Bunting/RH19,,,,,,,,,,,,,"{""method_title"":""Purchase Order""}"
823,823,,,,,,,,,4.5000,4.5000,,,28.1800,,,,28.1800,,,,,,,purchaseorder,,,,,,,,,,,,,,,MC/Lawrence/SG6,,,,,,,,,,,,,"{""method_title"":""Purchase Order""}"
824,824,,,,,,,,,4.5000,4.5000,,,28.1800,,,,28.1800,,,,,,,purchaseorder,,,,,,,,,,,,,,,MC/Wilson/HP1,,,,,,,,,,,,,"{""method_title"":""Purchase Order""}"
825,825,,,,,,,,,4.5000,4.5000,,,26.4600,,,,26.4600,,,,,,,purchaseorder,,,,,,,,,,,,,,,MC/Bruton/B77,,,,,,,,,,,,,"{""method_title"":""Purchase Order""}"
826,826,,,,,,,,,4.5000,4.5000,,,28.1800,,,,28.1800,,,,,,,purchaseorder,,,,,,,,,,,,,,,MC/Brown/PH1,,,,,,,,,,,,,"{""method_title"":""Purchase Order""}"
827,827,,,,,,,,,4.5000,4.5000,,,62.3800,,,,62.3800,,,,,,,purchaseorder,,,,,,,,,,,,,,,MC/Hodgson/NN14,,,,,,,,,,,,,"{""method_title"":""Purchase Order""}"
828,828,,,,,,,,,4.5000,4.5000,,,36.7200,,,,36.7200,,,,,,,purchaseorder,,,,,,,,,,,,,,,MC/Foot/PL6,,,,,,,,,,,,,"{""method_title"":""Purchase Order""}"
829,829,,,,,,,,,0.0000,0.0000,,,171.8800,,,,171.8800,,,,,,,purchaseorder,,,,,,,,,,,,,,,Tan11322,,,,,,,,,,,,,"{""method_title"":""Purchase Order""}"
830,830,,,,,,,,,0.0000,0.0000,,,377.4200,,,,377.4200,,,,,,,purchaseorder,,,,,,,,,,,,,,,kay14032022,,,,,,,,,,,,,"{""method_title"":""Purchase Order""}"
831,831,,,,,,,,,4.5000,4.5000,,,26.4600,,,,26.4600,,,,,,,purchaseorder,,,,,,,,,,,,,,,MC/Hill/B42,,,,,,,,,,,,,"{""method_title"":""Purchase Order""}"
832,832,,,,,,,,,4.5000,4.5000,,,28.1800,,,,28.1800,,,,,,,purchaseorder,,,,,,,,,,,,,,,MC/McMaster/NR33,,,,,,,,,,,,,"{""method_title"":""Purchase Order""}"
833,833,,,,,,,,,4.5000,4.5000,,,53.8200,,,,53.8200,,,,,,,purchaseorder,,,,,,,,,,,,,,,MC/Langford/SO52,,,,,,,,,,,,,"{""method_title"":""Purchase Order""}"
834,834,,,,,,,,,4.5000,4.5000,,,107.9500,,,,107.9500,,,,,,,purchaseorder,,,,,,,,,,,,,,,MC/Sykes/SK7,,,,,,,,,,,,,"{""method_title"":""Purchase Order""}"
835,835,,,,,,,,,4.5000,4.5000,,,28.1800,,,,28.1800,,,,,,,purchaseorder,,,,,,,,,,,,,,,MC/Willis/NN4,,,,,,,,,,,,,"{""method_title"":""Purchase Order""}"
836,836,,,,,,,,,4.5000,4.5000,,,28.1800,,,,28.1800,,,,,,,purchaseorder,,,,,,,,,,,,,,,MC/Short/EH5,,,,,,,,,,,,,"{""method_title"":""Purchase Order""}"
837,837,,,,,,,,,4.5000,4.5000,,,28.1800,,,,28.1800,,,,,,,purchaseorder,,,,,,,,,,,,,,,MC/Foden/OL2,,,,,,,,,,,,,"{""method_title"":""Purchase Order""}"
838,838,,,,,,,,,4.5000,4.5000,,,56.6800,,,,56.6800,,,,,,,purchaseorder,,,,,,,,,,,,,,,MC/Balcombe/RH6,,,,,,,,,,,,,"{""method_title"":""Purchase Order""}"
839,839,,,,,,,,,4.5000,4.5000,,,26.4600,,,,26.4600,,,,,,,purchaseorder,,,,,,,,,,,,,,,MC/Shepherd/ME3,,,,,,,,,,,,,"{""method_title"":""Purchase Order""}"
840,840,,,,,,,,,4.5000,4.5000,,,28.1800,,,,28.1800,,,,,,,purchaseorder,,,,,,,,,,,,,,,MC/Moore/S43,,,,,,,,,,,,,"{""method_title"":""Purchase Order""}"
841,841,,,,,,,,,4.5000,4.5000,,,28.1800,,,,28.1800,,,,,,,purchaseorder,,,,,,,,,,,,,,,MC/Jones/DY11,,,,,,,,,,,,,"{""method_title"":""Purchase Order""}"
842,842,,,,,,,,,4.5000,4.5000,,,144.3700,,,,144.3700,,,,,,,purchaseorder,,,,,,,,,,,,,,,MC/Filtman/IG7,,,,,,,,,,,,,"{""method_title"":""Purchase Order""}"
843,843,,,,,,,,,4.5000,4.5000,,,29.8800,,,,29.8800,,,,,,,purchaseorder,,,,,,,,,,,,,,,MC/Peet/WN8,,,,,,,,,,,,,"{""method_title"":""Purchase Order""}"
844,844,,,,,,,,,4.5000,4.5000,,,28.1800,,,,28.1800,,,,,,,purchaseorder,,,,,,,,,,,,,,,MC/Cudbill/SS16,,,,,,,,,,,,,"{""method_title"":""Purchase Order""}"
845,845,,,,,,,,,4.5000,4.5000,,,28.1800,,,,28.1800,,,,,,,purchaseorder,,,,,,,,,,,,,,,MC/Lancashire/DE13,,,,,,,,,,,,,"{""method_title"":""Purchase Order""}"
846,846,,,,,,,,,4.5000,4.5000,,,28.1800,,,,28.1800,,,,,,,purchaseorder,,,,,,,,,,,,,,,MC/Britton/BS9,,,,,,,,,,,,,"{""method_title"":""Purchase Order""}"
847,847,,,,,,,,,4.5000,4.5000,,,33.3000,,,,33.3000,,,,,,,purchaseorder,,,,,,,,,,,,,,,MC/Humphreys/DY11,,,,,,,,,,,,,"{""method_title"":""Purchase Order""}"
848,848,,,,,,,,,4.5000,4.5000,,,36.7200,,,,36.7200,,,,,,,purchaseorder,,,,,,,,,,,,,,,MC/Eskar/KY7,,,,,,,,,,,,,"{""method_title"":""Purchase Order""}"
849,849,,,,,,,,,4.5000,4.5000,,,52.1200,,,,52.1200,,,,,,,purchaseorder,,,,,,,,,,,,,,,MC/Langford/SO52 9FX,,,,,,,,,,,,,"{""method_title"":""Purchase Order""}"
850,850,,,,,,,,,4.5000,4.5000,,,28.1800,,,,28.1800,,,,,,,purchaseorder,,,,,,,,,,,,,,,MC/Harrison/HG4,,,,,,,,,,,,,"{""method_title"":""Purchase Order""}"
851,851,,,,,,,,,0.0000,0.0000,,,31.8100,,,,31.8100,,,,,,,purchaseorder,,,,,,,,,,,,,,,Frankie17032022,,,,,,,,,,,,,"{""method_title"":""Purchase Order""}"
852,852,,,,,,,,,4.5000,4.5000,,,28.1800,,,,28.1800,,,,,,,purchaseorder,,,,,,,,,,,,,,,MC/Dobing/UB5,,,,,,,,,,,,,"{""method_title"":""Purchase Order""}"
853,853,,,,,,,,,4.5000,4.5000,,,103.3200,,,,103.3200,,,,,,,purchaseorder,,,,,,,,,,,,,,,MC/Poole/NE26,,,,,,,,,,,,,"{""method_title"":""Purchase Order""}"
854,854,,,,,,,,,4.5000,4.5000,,,28.1800,,,,28.1800,,,,,,,purchaseorder,,,,,,,,,,,,,,,MC/McRoberts/KA7,,,,,,,,,,,,,"{""method_title"":""Purchase Order""}"
855,855,,,,,,,,,4.5000,4.5000,,,28.1800,,,,28.1800,,,,,,,purchaseorder,,,,,,,,,,,,,,,MC/Davies/SN9,,,,,,,,,,,,,"{""method_title"":""Purchase Order""}"
856,856,,,,,,,,,4.5000,4.5000,,,76.6000,,,,76.6000,,,,,,,purchaseorder,,,,,,,,,,,,,,,MC/Inns/SW16,,,,,,,,,,,,,"{""method_title"":""Purchase Order""}"
857,857,,,,,,,,,4.5000,4.5000,,,28.1800,,,,28.1800,,,,,,,purchaseorder,,,,,,,,,,,,,,,MC/Moran/MC2N,,,,,,,,,,,,,"{""method_title"":""Purchase Order""}"
858,858,,,,,,,,,4.5000,4.5000,,,28.1800,,,,28.1800,,,,,,,purchaseorder,,,,,,,,,,,,,,,MC/Evans/SA11,,,,,,,,,,,,,"{""method_title"":""Purchase Order""}"
859,859,,,,,,,,,4.5000,4.5000,,,28.1800,,,,28.1800,,,,,,,purchaseorder,,,,,,,,,,,,,,,Mc/Jarman/Cf44,,,,,,,,,,,,,"{""method_title"":""Purchase Order""}"
860,860,,,,,,,,,4.5000,4.5000,,,26.4600,,,,26.4600,,,,,,,purchaseorder,,,,,,,,,,,,,,,MC/Peel/SR7,,,,,,,,,,,,,"{""method_title"":""Purchase Order""}"
861,861,,,,,,,,,4.5000,4.5000,,,28.1800,,,,28.1800,,,,,,,purchaseorder,,,,,,,,,,,,,,,MC/Davies/DN6,,,,,,,,,,,,,"{""method_title"":""Purchase Order""}"
862,862,,,,,,,,,4.5000,4.5000,,,26.4600,,,,26.4600,,,,,,,purchaseorder,,,,,,,,,,,,,,,MC/Gaffin/NW7,,,,,,,,,,,,,"{""method_title"":""Purchase Order""}"
863,863,,,,,,,,,4.5000,4.5000,,,26.4600,,,,26.4600,,,,,,,purchaseorder,,,,,,,,,,,,,,,MC/Smith/TS3,,,,,,,,,,,,,"{""method_title"":""Purchase Order""}"
864,864,,,,,,,,,4.5000,4.5000,,,28.1800,,,,28.1800,,,,,,,purchaseorder,,,,,,,,,,,,,,,MC/Farrell/PO16,,,,,,,,,,,,,"{""method_title"":""Purchase Order""}"
865,865,,,,,,,,,4.5000,4.5000,,,28.1800,,,,28.1800,,,,,,,purchaseorder,,,,,,,,,,,,,,,MC/Barron/WS14,,,,,,,,,,,,,"{""method_title"":""Purchase Order""}"
866,866,,,,,,,,,4.5000,4.5000,,,53.8200,,,,53.8200,,,,,,,purchaseorder,,,,,,,,,,,,,,,MC/Mulhall/WA2,,,,,,,,,,,,,"{""method_title"":""Purchase Order""}"
867,867,,,,,,,,,4.5000,4.5000,,,26.4600,,,,26.4600,,,,,,,purchaseorder,,,,,,,,,,,,,,,MC/Power/La6,,,,,,,,,,,,,"{""method_title"":""Purchase Order""}"
868,868,,,,,,,,,4.5000,4.5000,,,28.1800,,,,28.1800,,,,,,,purchaseorder,,,,,,,,,,,,,,,MC/Short/EH5 3HG,,,,,,,,,,,,,"{""method_title"":""Purchase Order""}"
869,869,,,,,,,,,4.5000,4.5000,,,56.6800,,,,56.6800,,,,,,,purchaseorder,,,,,,,,,,,,,,,MC/Balcombe/RH6 9AY,,,,,,,,,,,,,"{""method_title"":""Purchase Order""}"
870,870,,,,,,,,,0.0000,0.0000,,,58.4600,,,,58.4600,,,,,,,purchaseorder,,,,,,,,,,,,,,,td22/03,,,,,,,,,,,,,"{""method_title"":""Purchase Order""}"
871,871,,,,,,,,,4.5000,4.5000,,,33.3000,,,,33.3000,,,,,,,purchaseorder,,,,,,,,,,,,,,,MC/Riaz/SL6,,,,,,,,,,,,,"{""method_title"":""Purchase Order""}"
872,872,,,,,,,,,4.5000,4.5000,,,26.4600,,,,26.4600,,,,,,,purchaseorder,,,,,,,,,,,,,,,MC/Owen/CH2,,,,,,,,,,,,,"{""method_title"":""Purchase Order""}"
873,873,,,,,,,,,4.5000,4.5000,,,28.1800,,,,28.1800,,,,,,,purchaseorder,,,,,,,,,,,,,,,MC/Jones/DY10,,,,,,,,,,,,,"{""method_title"":""Purchase Order""}"
874,874,,,,,,,,,4.5000,4.5000,,,70.2600,,,,70.2600,,,,,,,purchaseorder,,,,,,,,,,,,,,,MC/Tabois/PR5,,,,,,,,,,,,,"{""method_title"":""Purchase Order""}"
875,875,,,,,,,,,4.5000,4.5000,,,26.4600,,,,26.4600,,,,,,,purchaseorder,,,,,,,,,,,,,,,MC/Ohara/IP11,,,,,,,,,,,,,"{""method_title"":""Purchase Order""}"
876,876,,,,,,,,,4.5000,4.5000,,,36.7200,,,,36.7200,,,,,,,purchaseorder,,,,,,,,,,,,,,,mC/Spittles/SS6,,,,,,,,,,,,,"{""method_title"":""Purchase Order""}"
877,877,,,,,,,,,4.5000,4.5000,,,28.1800,,,,28.1800,,,,,,,purchaseorder,,,,,,,,,,,,,,,MC/Franks/LA4,,,,,,,,,,,,,"{""method_title"":""Purchase Order""}"
878,878,,,,,,,,,4.5000,4.5000,,,28.1800,,,,28.1800,,,,,,,purchaseorder,,,,,,,,,,,,,,,MC/Mcloughlin/CH41,,,,,,,,,,,,,"{""method_title"":""Purchase Order""}"
879,879,,,,,,,,,4.5000,4.5000,,,33.3000,,,,33.3000,,,,,,,purchaseorder,,,,,,,,,,,,,,,MC/Hirst/KY15,,,,,,,,,,,,,"{""method_title"":""Purchase Order""}"
880,880,,,,,,,,,4.5000,4.5000,,,28.1800,,,,28.1800,,,,,,,purchaseorder,,,,,,,,,,,,,,,MC/Van Zyl/ME9,,,,,,,,,,,,,"{""method_title"":""Purchase Order""}"
881,881,,,,,,,,,4.5000,4.5000,,,36.7200,,,,36.7200,,,,,,,purchaseorder,,,,,,,,,,,,,,,MC/Stanton/Me8,,,,,,,,,,,,,"{""method_title"":""Purchase Order""}"
882,882,,,,,,,,,4.5000,4.5000,,,28.1800,,,,28.1800,,,,,,,purchaseorder,,,,,,,,,,,,,,,MC/Dixon/M30,,,,,,,,,,,,,"{""method_title"":""Purchase Order""}"
883,883,,,,,,,,,4.5000,4.5000,,,42.3500,,,,42.3500,,,,,,,purchaseorder,,,,,,,,,,,,,,,Mc/Hughes/DA6,,,,,,,,,,,,,"{""method_title"":""Purchase Order""}"
884,884,,,,,,,,,4.5000,4.5000,,,28.1800,,,,28.1800,,,,,,,purchaseorder,,,,,,,,,,,,,,,MC/Milsom/TA6,,,,,,,,,,,,,"{""method_title"":""Purchase Order""}"
885,885,,,,,,,,,4.5000,4.5000,,,52.1200,,,,52.1200,,,,,,,purchaseorder,,,,,,,,,,,,,,,MC/Clark/WA13,,,,,,,,,,,,,"{""method_title"":""Purchase Order""}"
886,886,,,,,,,,,4.5000,4.5000,,,36.7200,,,,36.7200,,,,,,,purchaseorder,,,,,,,,,,,,,,,MC/Bell/HU8,,,,,,,,,,,,,"{""method_title"":""Purchase Order""}"
887,887,,,,,,,,,4.5000,4.5000,,,36.7200,,,,36.7200,,,,,,,purchaseorder,,,,,,,,,,,,,,,MC/Chislett/CF32,,,,,,,,,,,,,"{""method_title"":""Purchase Order""}"
888,888,,,,,,,,,4.5000,4.5000,,,28.1800,,,,28.1800,,,,,,,purchaseorder,,,,,,,,,,,,,,,MC/Swainston/NE24,,,,,,,,,,,,,"{""method_title"":""Purchase Order""}"
889,889,,,,,,,,,4.5000,4.5000,,,36.7200,,,,36.7200,,,,,,,purchaseorder,,,,,,,,,,,,,,,MC/Chamberlain/Bs5,,,,,,,,,,,,,"{""method_title"":""Purchase Order""}"
890,890,,,,,,,,,4.5000,4.5000,,,50.9500,,,,50.9500,,,,,,,purchaseorder,,,,,,,,,,,,,,,MC/Byrne/TN4,,,,,,,,,,,,,"{""method_title"":""Purchase Order""}"
891,891,,,,,,,,,4.5000,4.5000,,,28.1800,,,,28.1800,,,,,,,purchaseorder,,,,,,,,,,,,,,,MC/Simpson/MK8,,,,,,,,,,,,,"{""method_title"":""Purchase Order""}"
892,892,,,,,,,,,4.5000,4.5000,,,28.1800,,,,28.1800,,,,,,,purchaseorder,,,,,,,,,,,,,,,MC/Williams/CH63 5QF,,,,,,,,,,,,,"{""method_title"":""Purchase Order""}"
893,893,,,,,,,,,4.5000,4.5000,,,26.4600,,,,26.4600,,,,,,,purchaseorder,,,,,,,,,,,,,,,MC/Astill/LN5,,,,,,,,,,,,,"{""method_title"":""Purchase Order""}"
894,894,,,,,,,,,4.5000,4.5000,,,28.1800,,,,28.1800,,,,,,,purchaseorder,,,,,,,,,,,,,,,MC/Kither/DA7,,,,,,,,,,,,,"{""method_title"":""Purchase Order""}"
895,895,,,,,,,,,4.5000,4.5000,,,50.9500,,,,50.9500,,,,,,,purchaseorder,,,,,,,,,,,,,,,MC/Headley/SK10,,,,,,,,,,,,,"{""method_title"":""Purchase Order""}"
896,896,,,,,,,,,4.5000,4.5000,,,33.3000,,,,33.3000,,,,,,,purchaseorder,,,,,,,,,,,,,,,MC/Robinson/RH8,,,,,,,,,,,,,"{""method_title"":""Purchase Order""}"
897,897,,,,,,,,,4.5000,4.5000,,,85.1500,,,,85.1500,,,,,,,purchaseorder,,,,,,,,,,,,,,,MC/Saunders/BL1,,,,,,,,,,,,,"{""method_title"":""Purchase Order""}"
898,898,,,,,,,,,4.5000,4.5000,,,68.0400,,,,68.0400,,,,,,,purchaseorder,,,,,,,,,,,,,,,MC/Poole/NE26,,,,,,,,,,,,,"{""method_title"":""Purchase Order""}"
899,899,,,,,,,,,4.5000,4.5000,,,28.1800,,,,28.1800,,,,,,,purchaseorder,,,,,,,,,,,,,,,Mc/Rosling/NR6,,,,,,,,,,,,,"{""method_title"":""Purchase Order""}"
900,900,,,,,,,,,0.0000,0.0000,,,55.2100,,,,55.2100,,,,,,,purchaseorder,,,,,,,,,,,,,,,FRANKIE310322,,,,,,,,,,,,,"{""method_title"":""Purchase Order""}"
901,901,,,,,,,,,4.5000,4.5000,,,28.1800,,,,28.1800,,,,,,,purchaseorder,,,,,,,,,,,,,,,MC/Gould/BB9,,,,,,,,,,,,,"{""method_title"":""Purchase Order""}"
902,902,,,,,,,,,4.5000,4.5000,,,26.4600,,,,26.4600,,,,,,,purchaseorder,,,,,,,,,,,,,,,MC/jarski/B24,,,,,,,,,,,,,"{""method_title"":""Purchase Order""}"
903,903,,,,,,,,,4.5000,4.5000,,,26.4600,,,,26.4600,,,,,,,purchaseorder,,,,,,,,,,,,,,,MC/Moody/ME9,,,,,,,,,,,,,"{""method_title"":""Purchase Order""}"
904,904,,,,,,,,,4.5000,4.5000,,,53.8200,,,,53.8200,,,,,,,purchaseorder,,,,,,,,,,,,,,,Mc/Fahey/CR0,,,,,,,,,,,,,"{""method_title"":""Purchase Order""}"
905,905,,,,,,,,,4.5000,4.5000,,,52.1200,,,,52.1200,,,,,,,purchaseorder,,,,,,,,,,,,,,,MC/Ratcliff/CH43,,,,,,,,,,,,,"{""method_title"":""Purchase Order""}"
906,906,,,,,,,,,4.5000,4.5000,,,28.1800,,,,28.1800,,,,,,,purchaseorder,,,,,,,,,,,,,,,MC/Alvey/NG15,,,,,,,,,,,,,"{""method_title"":""Purchase Order""}"
907,907,,,,,,,,,4.5000,4.5000,,,28.1800,,,,28.1800,,,,,,,purchaseorder,,,,,,,,,,,,,,,MC/Worsdale/SG3,,,,,,,,,,,,,"{""method_title"":""Purchase Order""}"
908,908,,,,,,,,,4.5000,4.5000,,,28.1800,,,,28.1800,,,,,,,purchaseorder,,,,,,,,,,,,,,,Mc/Mann/EG18,,,,,,,,,,,,,"{""method_title"":""Purchase Order""}"
909,909,,,,,,,,,4.5000,4.5000,,,26.4600,,,,26.4600,,,,,,,purchaseorder,,,,,,,,,,,,,,,MC/Houghton/SK8,,,,,,,,,,,,,"{""method_title"":""Purchase Order""}"
910,910,,,,,,,,,4.5000,4.5000,,,28.1800,,,,28.1800,,,,,,,purchaseorder,,,,,,,,,,,,,,,Mc/Payne/BN27 ,,,,,,,,,,,,,"{""method_title"":""Purchase Order""}"
911,911,,,,,,,,,4.5000,4.5000,,,28.1800,,,,28.1800,,,,,,,purchaseorder,,,,,,,,,,,,,,,MC/Broadhead/HD3,,,,,,,,,,,,,"{""method_title"":""Purchase Order""}"
912,912,,,,,,,,,4.5000,4.5000,,,36.7200,,,,36.7200,,,,,,,purchaseorder,,,,,,,,,,,,,,,MC/Critchley/WA7,,,,,,,,,,,,,"{""method_title"":""Purchase Order""}"
913,913,,,,,,,,,4.5000,4.5000,,,28.1800,,,,28.1800,,,,,,,purchaseorder,,,,,,,,,,,,,,,MC/Sutton/BL3,,,,,,,,,,,,,"{""method_title"":""Purchase Order""}"
914,914,,,,,,,,,4.5000,4.5000,,,28.1800,,,,28.1800,,,,,,,purchaseorder,,,,,,,,,,,,,,,MC/Elliot/SO15,,,,,,,,,,,,,"{""method_title"":""Purchase Order""}"
915,915,,,,,,,,,4.5000,4.5000,,,28.1800,,,,28.1800,,,,,,,purchaseorder,,,,,,,,,,,,,,,MC/Barber/NR31,,,,,,,,,,,,,"{""method_title"":""Purchase Order""}"
916,916,,,,,,,,,4.5000,4.5000,,,28.1800,,,,28.1800,,,,,,,purchaseorder,,,,,,,,,,,,,,,MC/Gardiner/LE65,,,,,,,,,,,,,"{""method_title"":""Purchase Order""}"
917,917,,,,,,,,,4.5000,4.5000,,,52.1200,,,,52.1200,,,,,,,purchaseorder,,,,,,,,,,,,,,,MC/Strachan/KA21,,,,,,,,,,,,,"{""method_title"":""Purchase Order""}"
918,918,,,,,,,,,4.5000,4.5000,,,33.3000,,,,33.3000,,,,,,,purchaseorder,,,,,,,,,,,,,,,MC/Kras/BS16,,,,,,,,,,,,,"{""method_title"":""Purchase Order""}"
919,919,,,,,,,,,4.5000,4.5000,,,28.1800,,,,28.1800,,,,,,,purchaseorder,,,,,,,,,,,,,,,MC/Mason/HG4,,,,,,,,,,,,,"{""method_title"":""Purchase Order""}"
920,920,,,,,,,,,4.5000,4.5000,,,36.7200,,,,36.7200,,,,,,,purchaseorder,,,,,,,,,,,,,,,MC/Kent/NR13,,,,,,,,,,,,,"{""method_title"":""Purchase Order""}"
921,921,,,,,,,,,4.5000,4.5000,,,28.1800,,,,28.1800,,,,,,,purchaseorder,,,,,,,,,,,,,,,MC/Evans/N14,,,,,,,,,,,,,"{""method_title"":""Purchase Order""}"
922,922,,,,,,,,,4.5000,4.5000,,,26.4600,,,,26.4600,,,,,,,purchaseorder,,,,,,,,,,,,,,,Mc/Pocock/TA7,,,,,,,,,,,,,"{""method_title"":""Purchase Order""}"
923,923,,,,,,,,,4.5000,4.5000,,,26.4600,,,,26.4600,,,,,,,purchaseorder,,,,,,,,,,,,,,,MC/Johnson/BB4,,,,,,,,,,,,,"{""method_title"":""Purchase Order""}"
924,924,,,,,,,,,4.5000,4.5000,,,107.9500,,,,107.9500,,,,,,,purchaseorder,,,,,,,,,,,,,,,MC/Whyteside/G71,,,,,,,,,,,,,"{""method_title"":""Purchase Order""}"
925,925,,,,,,,,,0.0000,0.0000,,,129.9400,,,,129.9400,,,,,,,purchaseorder,,,,,,,,,,,,,,,td5/4/22,,,,,,,,,,,,,"{""method_title"":""Purchase Order""}"
926,926,,,,,,,,,0.0000,0.0000,,,11.6400,,,,11.6400,,,,,,,purchaseorder,,,,,,,,,,,,,,,td6/5/22,,,,,,,,,,,,,"{""method_title"":""Purchase Order""}"
927,927,,,,,,,,,4.5000,4.5000,,,28.1800,,,,28.1800,,,,,,,purchaseorder,,,,,,,,,,,,,,,Mc/Fletcher/GL51,,,,,,,,,,,,,"{""method_title"":""Purchase Order""}"
928,928,,,,,,,,,4.5000,4.5000,,,28.1800,,,,28.1800,,,,,0,,purchaseorder,,,,,,,,,0,,,,,,MC/Middleton/NG9,0,,,,,,,,,,,,"{""method_title"":""Purchase Order""}"
929,929,,,,,,,,,4.5000,4.5000,,,28.1800,,,,28.1800,,,,,0,,purchaseorder,,,,,,,,,0,,,,,,MC/Chapman/OL2,0,,,,,,,,,,,,"{""method_title"":""Purchase Order""}"
930,930,,,,,,,,,4.5000,4.5000,,,28.1800,,,,28.1800,,,,,0,,purchaseorder,,,,,,,,,0,,,,,,MC/Mainwaring/WA4,0,,,,,,,,,,,,"{""method_title"":""Purchase Order""}"
931,931,,,,,,,,,4.5000,4.5000,,,28.1800,,,,28.1800,,,,,0,,purchaseorder,,,,,,,,,0,,,,,,MC/Mitchell/WR11,0,,,,,,,,,,,,"{""method_title"":""Purchase Order""}"
932,932,,,,,,,,,4.5000,4.5000,,,50.9500,,,,50.9500,,,,,0,,purchaseorder,,,,,,,,,0,,,,,,MC/Alani/W14,0,,,,,,,,,,,,"{""method_title"":""Purchase Order""}"
933,933,,,,,,,,,4.5000,4.5000,,,26.4600,,,,26.4600,,,,,0,,purchaseorder,,,,,,,,,0,,,,,,MC/Lynn/Ka21,0,,,,,,,,,,,,"{""method_title"":""Purchase Order""}"
934,934,,,,,,,,,4.5000,4.5000,,,26.4600,,,,26.4600,,,,,0,,purchaseorder,,,,,,,,,0,,,,,,MC/Mottram/CT6,0,,,,,,,,,,,,"{""method_title"":""Purchase Order""}"
935,935,,,,,,,,,4.5000,4.5000,,,28.1800,,,,28.1800,,,,,0,,purchaseorder,,,,,,,,,0,,,,,,Mc/hopkins/ST7,0,,,,,,,,,,,,"{""method_title"":""Purchase Order""}"
936,936,,,,,,,,,4.5000,4.5000,,,28.1800,,,,28.1800,,,,,0,,purchaseorder,,,,,,,,,0,,,,,,MC/Hall/LL61,0,,,,,,,,,,,,"{""method_title"":""Purchase Order""}"
937,937,,,,,,,,,4.5000,4.5000,,,28.1800,,,,28.1800,,,,,0,,purchaseorder,,,,,,,,,0,,,,,,MC/Embleton/SR4,0,,,,,,,,,,,,"{""method_title"":""Purchase Order""}"
938,938,,,,,,,,,4.5000,4.5000,,,56.6800,,,,56.6800,,,,,0,,purchaseorder,,,,,,,,,0,,,,,,MC/Salmon/S73,0,,,,,,,,,,,,"{""method_title"":""Purchase Order""}"
939,939,,,,,,,,,4.5000,4.5000,,,26.4600,,,,26.4600,,,,,0,,purchaseorder,,,,,,,,,0,,,,,,MC/thorpe/SK5,0,,,,,,,,,,,,"{""method_title"":""Purchase Order""}"
940,940,,,,,,,,,4.5000,4.5000,,,84.5800,,,,84.5800,,,,,,,purchaseorder,,,,,,,,,,,,,,,Mc/Phillips/WN1,,,,,,,,,,,,,"{""method_title"":""Purchase Order""}"
941,941,,,,,,,,,4.5000,4.5000,,,26.4600,,,,26.4600,,,,,,,purchaseorder,,,,,,,,,,,,,,,MC/Broadbridge/E13,,,,,,,,,,,,,"{""method_title"":""Purchase Order""}"
942,942,,,,,,,,,4.5000,4.5000,,,36.7200,,,,36.7200,,,,,0,,purchaseorder,,,,,,,,,0,,,,,,mc/Carroll/TS5,0,,,,,,,,,,,,"{""method_title"":""Purchase Order""}"
943,943,,,,,,,,,4.5000,4.5000,,,28.1800,,,,28.1800,,,,,,,purchaseorder,,,,,,,,,,,,,,,MC/simpson/DT6,,,,,,,,,,,,,"{""method_title"":""Purchase Order""}"
944,944,,,,,,,,,4.5000,4.5000,,,113.6500,,,,113.6500,,,,,,,purchaseorder,,,,,,,,,,,,,,,MC/Beganova/Sk7,,,,,,,,,,,,,"{""method_title"":""Purchase Order""}"
945,945,,,,,,,,,4.5000,4.5000,,,33.3000,,,,33.3000,,,,,,,purchaseorder,,,,,,,,,,,,,,,MC/Court/LE9,,,,,,,,,,,,,"{""method_title"":""Purchase Order""}"
946,946,,,,,,,,,4.5000,4.5000,,,26.4600,,,,26.4600,,,,,,,purchaseorder,,,,,,,,,,,,,,,MC/wilson/CA20,,,,,,,,,,,,,"{""method_title"":""Purchase Order""}"
947,947,,,,,,,,,4.5000,4.5000,,,28.1800,,,,28.1800,,,,,,,purchaseorder,,,,,,,,,,,,,,,MC/Towriss/LS19,,,,,,,,,,,,,"{""method_title"":""Purchase Order""}"
948,948,,,,,,,,,4.5000,4.5000,,,28.1800,,,,28.1800,,,,,0,,purchaseorder,,,,,,,,,0,,,,,,MC/Harris/NP15,0,,,,,,,,,,,,"{""method_title"":""Purchase Order""}"
949,949,,,,,,,,,4.5000,4.5000,,,28.1800,,,,28.1800,,,,,0,,purchaseorder,,,,,,,,,0,,,,,,MC/Tiwana/B17,0,,,,,,,,,,,,"{""method_title"":""Purchase Order""}"
950,950,,,,,,,,,4.5000,4.5000,,,36.7200,,,,36.7200,,,,,,,purchaseorder,,,,,,,,,,,,,,,MC/Becker/B37,,,,,,,,,,,,,"{""method_title"":""Purchase Order""}"
951,951,,,,,,,,,4.5000,4.5000,,,28.1800,,,,28.1800,,,,,0,,purchaseorder,,,,,,,,,0,,,,,,MC/Usher/SS9,0,,,,,,,,,,,,"{""method_title"":""Purchase Order""}"
952,952,,,,,,,,,4.5000,4.5000,,,26.4600,,,,26.4600,,,,,,,purchaseorder,,,,,,,,,,,,,,,MC/Wilson/EX1,,,,,,,,,,,,,"{""method_title"":""Purchase Order""}"
953,953,,,,,,,,,4.5000,4.5000,,,23.0400,,,,23.0400,,,,,,,purchaseorder,,,,,,,,,,,,,,,MC/Scott/DD5,,,,,,,,,,,,,"{""method_title"":""Purchase Order""}"
954,954,,,,,,,,,4.5000,4.5000,,,28.1800,,,,28.1800,,,,,,,purchaseorder,,,,,,,,,,,,,,,MC/Hewitt/B34,,,,,,,,,,,,,"{""method_title"":""Purchase Order""}"
955,955,,,,,,,,,4.5000,4.5000,,,36.7200,,,,36.7200,,,,,,,purchaseorder,,,,,,,,,,,,,,,MC/O'connell/IG1,,,,,,,,,,,,,"{""method_title"":""Purchase Order""}"
956,956,,,,,,,,,0.0000,0.0000,,,14.2300,,,,14.2300,,,,,0,,purchaseorder,,,,,,,,,0,,,,,,FRANKIE14042022,0,,,,,,,,,,,,"{""method_title"":""Purchase Order""}"
957,957,,,,,,,,,4.5000,4.5000,,,29.8800,,,,29.8800,,,,,0,,purchaseorder,,,,,,,,,0,,,,,,MC/Yates/BL9,0,,,,,,,,,,,,"{""method_title"":""Purchase Order""}"
958,958,,,,,,,,,4.5000,4.5000,,,26.4600,,,,26.4600,,,,,,,purchaseorder,,,,,,,,,,,,,,,MC/Lamb/TQ3,,,,,,,,,,,,,"{""method_title"":""Purchase Order""}"
959,959,,,,,,,,,4.5000,4.5000,,,36.7200,,,,36.7200,,,,,,,purchaseorder,,,,,,,,,,,,,,,MC/Lawson/BR4,,,,,,,,,,,,,"{""method_title"":""Purchase Order""}"
960,960,,,,,,,,,4.5000,4.5000,,,28.1800,,,,28.1800,,,,,,,purchaseorder,,,,,,,,,,,,,,,MC/Ellis/Dn3,,,,,,,,,,,,,"{""method_title"":""Purchase Order""}"
961,961,,,,,,,,,4.5000,4.5000,,,28.1800,,,,28.1800,,,,,,,purchaseorder,,,,,,,,,,,,,,,MC/Lingard/CM1,,,,,,,,,,,,,"{""method_title"":""Purchase Order""}"
962,962,,,,,,,,,4.5000,4.5000,,,36.7200,,,,36.7200,,,,,0,,purchaseorder,,,,,,,,,0,,,,,,MC/Clements/SE12,0,,,,,,,,,,,,"{""method_title"":""Purchase Order""}"
963,963,,,,,,,,,4.5000,4.5000,,,53.8200,,,,53.8200,,,,,,,purchaseorder,,,,,,,,,,,,,,,MC/Charnock/M26,,,,,,,,,,,,,"{""method_title"":""Purchase Order""}"
964,964,,,,,,,,,4.5000,4.5000,,,26.4600,,,,26.4600,,,,,,,purchaseorder,,,,,,,,,,,,,,,MC/Peel/SR7,,,,,,,,,,,,,"{""method_title"":""Purchase Order""}"
965,965,,,,,,,,,0.0000,0.0000,,,116.9300,,,,116.9300,,,,,0,,purchaseorder,,,,,,,,,0,,,,,,FRANKIE19042022,0,,,,,,,,,,,,"{""method_title"":""Purchase Order""}"
966,966,,,,,,,,,4.5000,4.5000,,,28.1800,,,,28.1800,,,,,0,,purchaseorder,,,,,,,,,0,,,,,,MC/Maher/BS36,0,,,,,,,,,,,,"{""method_title"":""Purchase Order""}"
967,967,,,,,,,,,4.5000,4.5000,,,28.1800,,,,28.1800,,,,,,,purchaseorder,,,,,,,,,,,,,,,MC/Thompson/CR6,,,,,,,,,,,,,"{""method_title"":""Purchase Order""}"
968,968,,,,,,,,,4.5000,4.5000,,,28.1800,,,,28.1800,,,,,0,,purchaseorder,,,,,,,,,0,,,,,,MC/gallimore/ST3,0,,,,,,,,,,,,"{""method_title"":""Purchase Order""}"
969,969,,,,,,,,,4.5000,4.5000,,,26.4600,,,,26.4600,,,,,,,purchaseorder,,,,,,,,,,,,,,,MC/Wall/De65,,,,,,,,,,,,,"{""method_title"":""Purchase Order""}"
970,970,,,,,,,,,4.5000,4.5000,,,28.1800,,,,28.1800,,,,,,,purchaseorder,,,,,,,,,,,,,,,MC/Whatmough/BH10,,,,,,,,,,,,,"{""method_title"":""Purchase Order""}"
971,971,,,,,,,,,4.5000,4.5000,,,26.4600,,,,26.4600,,,,,,,purchaseorder,,,,,,,,,,,,,,,MC/Rees/Sa1,,,,,,,,,,,,,"{""method_title"":""Purchase Order""}"
972,972,,,,,,,,,4.5000,4.5000,,,36.7200,,,,36.7200,,,,,,,purchaseorder,,,,,,,,,,,,,,,MC/Molavian/NE36,,,,,,,,,,,,,"{""method_title"":""Purchase Order""}"
973,973,,,,,,,,,4.5000,4.5000,,,52.1200,,,,52.1200,,,,,0,,purchaseorder,,,,,,,,,0,,,,,,MC/Molavian/NE36,0,,,,,,,,,,,,"{""method_title"":""Purchase Order""}"
974,974,,,,,,,,,4.5000,4.5000,,,26.4600,,,,26.4600,,,,,,,purchaseorder,,,,,,,,,,,,,,,MC/Moody/ME17,,,,,,,,,,,,,"{""method_title"":""Purchase Order""}"
975,975,,,,,,,,,4.5000,4.5000,,,28.1800,,,,28.1800,,,,,,,purchaseorder,,,,,,,,,,,,,,,MC/Usher/SS9,,,,,,,,,,,,,"{""method_title"":""Purchase Order""}"
976,976,,,,,,,,,4.5000,4.5000,,,52.1200,,,,52.1200,,,,,0,,purchaseorder,,,,,,,,,0,,,,,,MC/Smalley/FY8,0,,,,,,,,,,,,"{""method_title"":""Purchase Order""}"
977,977,,,,,,,,,4.5000,4.5000,,,28.1800,,,,28.1800,,,,,,,purchaseorder,,,,,,,,,,,,,,,MC/Safford/B14,,,,,,,,,,,,,"{""method_title"":""Purchase Order""}"
978,978,,,,,,,,,4.5000,4.5000,,,26.4600,,,,26.4600,,,,,0,,purchaseorder,,,,,,,,,0,,,,,,MC/Goldsmith/SA72,0,,,,,,,,,,,,"{""method_title"":""Purchase Order""}"
979,979,,,,,,,,,4.5000,4.5000,,,28.1800,,,,28.1800,,,,,,,purchaseorder,,,,,,,,,,,,,,,MC/Gregory/LA4,,,,,,,,,,,,,"{""method_title"":""Purchase Order""}"
980,980,,,,,,,,,4.5000,4.5000,,,28.1800,,,,28.1800,,,,,,,purchaseorder,,,,,,,,,,,,,,,MC/Banks/SG18,,,,,,,,,,,,,"{""method_title"":""Purchase Order""}"
981,981,,,,,,,,,4.5000,4.5000,,,36.7200,,,,36.7200,,,,,,,purchaseorder,,,,,,,,,,,,,,,MC/Smy/PO7,,,,,,,,,,,,,"{""method_title"":""Purchase Order""}"
982,982,,,,,,,,,4.5000,4.5000,,,28.1800,,,,28.1800,,,,,,,purchaseorder,,,,,,,,,,,,,,,Mc/McMillan/Sa4,,,,,,,,,,,,,"{""method_title"":""Purchase Order""}"
983,983,,,,,,,,,4.5000,4.5000,,,33.3000,,,,33.3000,,,,,,,purchaseorder,,,,,,,,,,,,,,,Mc/Cresswell/De55,,,,,,,,,,,,,"{""method_title"":""Purchase Order""}"
984,984,,,,,,,,,4.5000,4.5000,,,26.4600,,,,26.4600,,,,,,,purchaseorder,,,,,,,,,,,,,,,MC/Brett/CM14,,,,,,,,,,,,,"{""method_title"":""Purchase Order""}"
985,985,,,,,,,,,4.5000,4.5000,,,26.4600,,,,26.4600,,,,,,,purchaseorder,,,,,,,,,,,,,,,MC/Goode/NP7,,,,,,,,,,,,,"{""method_title"":""Purchase Order""}"
986,986,,,,,,,,,4.5000,4.5000,,,26.4600,,,,26.4600,,,,,,,purchaseorder,,,,,,,,,,,,,,,MC/Mcternan/WF1,,,,,,,,,,,,,"{""method_title"":""Purchase Order""}"
987,987,,,,,,,,,4.5000,4.5000,,,36.7200,,,,36.7200,,,,,,,purchaseorder,,,,,,,,,,,,,,,Mc/Tweedie/EH5,,,,,,,,,,,,,"{""method_title"":""Purchase Order""}"
988,988,,,,,,,,,4.5000,4.5000,,,36.1800,,,,36.1800,,,,,,,purchaseorder,,,,,,,,,,,,,,,Mc/Boulton/WN7,,,,,,,,,,,,,"{""method_title"":""Purchase Order""}"
989,989,,,,,,,,,4.5000,4.5000,,,28.1800,,,,28.1800,,,,,,,purchaseorder,,,,,,,,,,,,,,,MC/Hayhoe/FY2,,,,,,,,,,,,,"{""method_title"":""Purchase Order""}"
990,990,,,,,,,,,4.5000,4.5000,,,33.3000,,,,33.3000,,,,,,,purchaseorder,,,,,,,,,,,,,,,MC/Mitchell/CV23,,,,,,,,,,,,,"{""method_title"":""Purchase Order""}"
991,991,,,,,,,,,4.5000,4.5000,,,26.4600,,,,26.4600,,,,,,,purchaseorder,,,,,,,,,,,,,,,Mc/Hirst/CV37,,,,,,,,,,,,,"{""method_title"":""Purchase Order""}"
992,992,,,,,,,,,4.5000,4.5000,,,26.4600,,,,26.4600,,,,,,,purchaseorder,,,,,,,,,,,,,,,MC/Davies/SW8,,,,,,,,,,,,,"{""method_title"":""Purchase Order""}"
993,993,,,,,,,,,4.5000,4.5000,,,52.1200,,,,52.1200,,,,,,,purchaseorder,,,,,,,,,,,,,,,Mc/hobbs/AL3,,,,,,,,,,,,,"{""method_title"":""Purchase Order""}"
994,994,,,,,,,,,4.5000,4.5000,,,36.7200,,,,36.7200,,,,,,,purchaseorder,,,,,,,,,,,,,,,Mc/Tweedie/EH5,,,,,,,,,,,,,"{""method_title"":""Purchase Order""}"
995,995,,,,,,,,,4.5000,4.5000,,,68.0400,,,,68.0400,,,,,0,,purchaseorder,,,,,,,,,0,,,,,,MC/Manfield/TA3,0,,,,,,,,,,,,"{""method_title"":""Purchase Order""}"
996,996,,,,,,,,,4.5000,4.5000,,,79.4500,,,,79.4500,,,,,,,purchaseorder,,,,,,,,,,,,,,,MC/Bennett/BS10 ,,,,,,,,,,,,,"{""method_title"":""Purchase Order""}"
997,997,,,,,,,,,4.5000,4.5000,,,36.7200,,,,36.7200,,,,,,,purchaseorder,,,,,,,,,,,,,,,MC/Marsh/BD16,,,,,,,,,,,,,"{""method_title"":""Purchase Order""}"
998,998,,,,,,,,,4.5000,4.5000,,,53.8200,,,,53.8200,,,,,,,purchaseorder,,,,,,,,,,,,,,,MC/Gorman/NE31,,,,,,,,,,,,,"{""method_title"":""Purchase Order""}"
999,999,,,,,,,,,4.5000,4.5000,,,49.2400,,,,49.2400,,,,,,,purchaseorder,,,,,,,,,,,,,,,Mc/Austin/CF34,,,,,,,,,,,,,"{""method_title"":""Purchase Order""}"
1000,1000,,,,,,,,,4.5000,4.5000,,,28.1800,,,,28.1800,,,,,,,purchaseorder,,,,,,,,,,,,,,,MC/Brown/FY8,,,,,,,,,,,,,"{""method_title"":""Purchase Order""}"
1001,1001,,,,,,,,,4.5000,4.5000,,,28.1800,,,,28.1800,,,,,,,purchaseorder,,,,,,,,,,,,,,,Mc/Scutt/RH20,,,,,,,,,,,,,"{""method_title"":""Purchase Order""}"
1002,1002,,,,,,,,,4.5000,4.5000,,,50.9500,,,,50.9500,,,,,,,purchaseorder,,,,,,,,,,,,,,,Mc/Chatterley/CH43,,,,,,,,,,,,,"{""method_title"":""Purchase Order""}"
1003,1003,,,,,,,,,4.5000,4.5000,,,28.1800,,,,28.1800,,,,,,,purchaseorder,,,,,,,,,,,,,,,MC/Howarth/Ol12,,,,,,,,,,,,,"{""method_title"":""Purchase Order""}"
1004,1004,,,,,,,,,4.5000,4.5000,,,53.8200,,,,53.8200,,,,,,,purchaseorder,,,,,,,,,,,,,,,Mc/Pagliuca/OX28,,,,,,,,,,,,,"{""method_title"":""Purchase Order""}"
1005,1005,,,,,,,,,4.5000,4.5000,,,28.1800,,,,28.1800,,,,,,,purchaseorder,,,,,,,,,,,,,,,Mc/Linsell/NR33,,,,,,,,,,,,,"{""method_title"":""Purchase Order""}"
1006,1006,,,,,,,,,4.5000,4.5000,,,28.1800,,,,28.1800,,,,,,,purchaseorder,,,,,,,,,,,,,,,Mc/Pearson/BB4,,,,,,,,,,,,,"{""method_title"":""Purchase Order""}"
1007,1007,,,,,,,,,4.5000,4.5000,,,56.6800,,,,56.6800,,,,,,,purchaseorder,,,,,,,,,,,,,,,MC/smith/eN2,,,,,,,,,,,,,"{""method_title"":""Purchase Order""}"
1008,1008,,,,,,,,,4.5000,4.5000,,,28.1800,,,,28.1800,,,,,,,purchaseorder,,,,,,,,,,,,,,,Mc/Barlett/NP25,,,,,,,,,,,,,"{""method_title"":""Purchase Order""}"
1009,1009,,,,,,,,,4.5000,4.5000,,,28.1800,,,,28.1800,,,,,,,purchaseorder,,,,,,,,,,,,,,,MC/Walker/TN31,,,,,,,,,,,,,"{""method_title"":""Purchase Order""}"
1010,1010,,,,,,,,,4.5000,4.5000,,,28.1800,,,,28.1800,,,,,,,purchaseorder,,,,,,,,,,,,,,,MC/Goodin/NG34,,,,,,,,,,,,,"{""method_title"":""Purchase Order""}"
1011,1011,,,,,,,,,4.5000,4.5000,,,74.8900,,,,74.8900,,,,,,,purchaseorder,,,,,,,,,,,,,,,MC/Tomlinson/CM7,,,,,,,,,,,,,"{""method_title"":""Purchase Order""}"
1012,1012,,,,,,,,,4.5000,4.5000,,,26.4600,,,,26.4600,,,,,,,purchaseorder,,,,,,,,,,,,,,,MC/Spriggs/TQ12,,,,,,,,,,,,,"{""method_title"":""Purchase Order""}"
1013,1013,,,,,,,,,4.5000,4.5000,,,28.1800,,,,28.1800,,,,,,,purchaseorder,,,,,,,,,,,,,,,MC/McNeill/WN6,,,,,,,,,,,,,"{""method_title"":""Purchase Order""}"
1014,1014,,,,,,,,,4.5000,4.5000,,,33.3000,,,,33.3000,,,,,,,purchaseorder,,,,,,,,,,,,,,,MC/Goodwin/HG3,,,,,,,,,,,,,"{""method_title"":""Purchase Order""}"
1015,1015,,,,,,,,,3.2900,3.2900,,,249.7700,,,,249.7700,,,,,,,purchaseorder,,,,,,,,,,,,,,,JB060522,,,,,,,,,,,,,"{""method_title"":""Purchase Order""}"
1016,1016,,,,,,,,,4.5000,4.5000,,,52.1200,,,,52.1200,,,,,,,purchaseorder,,,,,,,,,,,,,,,MC/Plimley/DT1,,,,,,,,,,,,,"{""method_title"":""Purchase Order""}"
1017,1017,,,,,,,,,4.5000,4.5000,,,36.7200,,,,36.7200,,,,,,,purchaseorder,,,,,,,,,,,,,,,MC/Hunt/DE56,,,,,,,,,,,,,"{""method_title"":""Purchase Order""}"
1018,1018,,,,,,,,,4.5000,4.5000,,,26.4600,,,,26.4600,,,,,,,purchaseorder,,,,,,,,,,,,,,,MC/Brady/SG17,,,,,,,,,,,,,"{""method_title"":""Purchase Order""}"
1019,1019,,,,,,,,,4.5000,4.5000,,,28.1800,,,,28.1800,,,,,,,purchaseorder,,,,,,,,,,,,,,,MC/Smith/NG31,,,,,,,,,,,,,"{""method_title"":""Purchase Order""}"
1020,1020,,,,,,,,,4.5000,4.5000,,,53.8200,,,,53.8200,,,,,,,purchaseorder,,,,,,,,,,,,,,,MC/Thorp/BL9,,,,,,,,,,,,,"{""method_title"":""Purchase Order""}"
1021,1021,,,,,,,,,4.5000,4.5000,,,28.1800,,,,28.1800,,,,,,,purchaseorder,,,,,,,,,,,,,,,MC/Boughton/NN13,,,,,,,,,,,,,"{""method_title"":""Purchase Order""}"
1022,1022,,,,,,,,,4.5000,4.5000,,,81.7200,,,,81.7200,,,,,,,purchaseorder,,,,,,,,,,,,,,,MC/Duggan/MK41,,,,,,,,,,,,,"{""method_title"":""Purchase Order""}"
1023,1023,,,,,,,,,4.5000,4.5000,,,26.4600,,,,26.4600,,,,,,,purchaseorder,,,,,,,,,,,,,,,MC/Hornby/BL2,,,,,,,,,,,,,"{""method_title"":""Purchase Order""}"
1024,1024,,,,,,,,,4.5000,4.5000,,,53.8200,,,,53.8200,,,,,,,purchaseorder,,,,,,,,,,,,,,,MC/Churchill/NE61,,,,,,,,,,,,,"{""method_title"":""Purchase Order""}"
1025,1025,,,,,,,,,4.5000,4.5000,,,28.1800,,,,28.1800,,,,,,,purchaseorder,,,,,,,,,,,,,,,MC/Jones/SA18,,,,,,,,,,,,,"{""method_title"":""Purchase Order""}"
1026,1026,,,,,,,,,4.5000,4.5000,,,53.8200,,,,53.8200,,,,,,,purchaseorder,,,,,,,,,,,,,,,MC/Cadger/AB23,,,,,,,,,,,,,"{""method_title"":""Purchase Order""}"
1027,1027,,,,,,,,,0.0000,0.0000,,,64.9700,,,,64.9700,,,,,0,,purchaseorder,,,,,,,,,0,,,,,,td/05/22,0,,,,,,,,,,,,"{""method_title"":""Purchase Order""}"
1028,1028,,,,,,,,,4.5000,4.5000,,,28.1800,,,,28.1800,,,,,,,purchaseorder,,,,,,,,,,,,,,,Mc/Priest/B64,,,,,,,,,,,,,"{""method_title"":""Purchase Order""}"
1029,1029,,,,,,,,,4.5000,4.5000,,,28.1800,,,,28.1800,,,,,,,purchaseorder,,,,,,,,,,,,,,,MC/Harrison/B65,,,,,,,,,,,,,"{""method_title"":""Purchase Order""}"
1030,1030,,,,,,,,,4.5000,4.5000,,,28.1800,,,,28.1800,,,,,,,purchaseorder,,,,,,,,,,,,,,,MC/Watkis/PR7,,,,,,,,,,,,,"{""method_title"":""Purchase Order""}"
1031,1031,,,,,,,,,4.5000,4.5000,,,125.0200,,,,125.0200,,,,,,,purchaseorder,,,,,,,,,,,,,,,MC/Mumby/NG24,,,,,,,,,,,,,"{""method_title"":""Purchase Order""}"
1032,1032,,,,,,,,,4.5000,4.5000,,,28.1800,,,,28.1800,,,,,,,purchaseorder,,,,,,,,,,,,,,,MC/Fournel/TN27,,,,,,,,,,,,,"{""method_title"":""Purchase Order""}"
1033,1033,,,,,,,,,4.5000,4.5000,,,26.4600,,,,26.4600,,,,,,,purchaseorder,,,,,,,,,,,,,,,MC/Hudson/SO19,,,,,,,,,,,,,"{""method_title"":""Purchase Order""}"
1034,1034,,,,,,,,,0.0000,0.0000,,,55.2100,,,,55.2100,,,,,0,,purchaseorder,,,,,,,,,0,,,,,,tb 10/05/2022,0,,,,,,,,,,,,"{""method_title"":""Purchase Order""}"
1035,1035,,,,,,,,,4.5000,4.5000,,,28.1800,,,,28.1800,,,,,,,purchaseorder,,,,,,,,,,,,,,,MC/Smith/EN2,,,,,,,,,,,,,"{""method_title"":""Purchase Order""}"
1036,1036,,,,,,,,,4.5000,4.5000,,,94.7900,,,,94.7900,,,,,,,purchaseorder,,,,,,,,,,,,,,,Mc/Woolley/BB7,,,,,,,,,,,,,"{""method_title"":""Purchase Order""}"
1037,1037,,,,,,,,,4.5000,4.5000,,,47.5200,,,,47.5200,,,,,,,purchaseorder,,,,,,,,,,,,,,,MC/Cass/GU46,,,,,,,,,,,,,"{""method_title"":""Purchase Order""}"
1038,1038,,,,,,,,,4.5000,4.5000,,,28.1800,,,,28.1800,,,,,,,purchaseorder,,,,,,,,,,,,,,,MC/Winters/B90,,,,,,,,,,,,,"{""method_title"":""Purchase Order""}"
1039,1039,,,,,,,,,4.5000,4.5000,,,36.7200,,,,36.7200,,,,,,,purchaseorder,,,,,,,,,,,,,,,MC/Jutsum/Gl6,,,,,,,,,,,,,"{""method_title"":""Purchase Order""}"
1040,1040,,,,,,,,,4.5000,4.5000,,,28.1800,,,,28.1800,,,,,,,purchaseorder,,,,,,,,,,,,,,,MC/Ward/Sk16,,,,,,,,,,,,,"{""method_title"":""Purchase Order""}"
1041,1041,,,,,,,,,4.5000,4.5000,,,100.5400,,,,100.5400,,,,,,,purchaseorder,,,,,,,,,,,,,,,MC/Barr/HU7,,,,,,,,,,,,,"{""method_title"":""Purchase Order""}"
1042,1042,,,,,,,,,4.5000,4.5000,,,53.8200,,,,53.8200,,,,,,,purchaseorder,,,,,,,,,,,,,,,MC/Smith/CT11,,,,,,,,,,,,,"{""method_title"":""Purchase Order""}"
1043,1043,,,,,,,,,0.0000,0.0000,,,53.2700,,,,53.2700,,,,,0,,purchaseorder,,,,,,,,,0,,,,,,FRANKIE140522,0,,,,,,,,,,,,"{""method_title"":""Purchase Order""}"
1044,1044,,,,,,,,,4.5000,4.5000,,,28.1800,,,,28.1800,,,,,,,purchaseorder,,,,,,,,,,,,,,,MC/Harrison/B65,,,,,,,,,,,,,"{""method_title"":""Purchase Order""}"
1045,1045,,,,,,,,,4.5000,4.5000,,,52.1200,,,,52.1200,,,,,,,purchaseorder,,,,,,,,,,,,,,,MC/Thorp/BL9,,,,,,,,,,,,,"{""method_title"":""Purchase Order""}"
1046,1046,,,,,,,,,4.5000,4.5000,,,28.1800,,,,28.1800,,,,,,,purchaseorder,,,,,,,,,,,,,,,MC/Mcdonald/G62,,,,,,,,,,,,,"{""method_title"":""Purchase Order""}"
1047,1047,,,,,,,,,4.5000,4.5000,,,52.1200,,,,52.1200,,,,,,,purchaseorder,,,,,,,,,,,,,,,MC/Cornelius/RH13,,,,,,,,,,,,,"{""method_title"":""Purchase Order""}"
1048,1048,,,,,,,,,4.5000,4.5000,,,53.8200,,,,53.8200,,,,,,,purchaseorder,,,,,,,,,,,,,,,MC/Licursi/WR2,,,,,,,,,,,,,"{""method_title"":""Purchase Order""}"
1049,1049,,,,,,,,,4.5000,4.5000,,,28.1800,,,,28.1800,,,,,,,purchaseorder,,,,,,,,,,,,,,,MC/Dowthwaite/BH18,,,,,,,,,,,,,"{""method_title"":""Purchase Order""}"
1050,1050,,,,,,,,,4.5000,4.5000,,,28.1800,,,,28.1800,,,,,,,purchaseorder,,,,,,,,,,,,,,,MC/Boothman/BB11,,,,,,,,,,,,,"{""method_title"":""Purchase Order""}"
1051,1051,,,,,,,,,4.5000,4.5000,,,28.1800,,,,28.1800,,,,,,,purchaseorder,,,,,,,,,,,,,,,MC/Thornley/Bl6,,,,,,,,,,,,,"{""method_title"":""Purchase Order""}"
1052,1052,,,,,,,,,4.5000,4.5000,,,28.1800,,,,28.1800,,,,,,,purchaseorder,,,,,,,,,,,,,,,MC/Schwarz/WD6,,,,,,,,,,,,,"{""method_title"":""Purchase Order""}"
1053,1053,,,,,,,,,4.5000,4.5000,,,28.1800,,,,28.1800,,,,,,,purchaseorder,,,,,,,,,,,,,,,MC/Hoey/WA5,,,,,,,,,,,,,"{""method_title"":""Purchase Order""}"
1054,1054,,,,,,,,,4.5000,4.5000,,,28.1800,,,,28.1800,,,,,,,purchaseorder,,,,,,,,,,,,,,,MC/Mears/TN26,,,,,,,,,,,,,"{""method_title"":""Purchase Order""}"
1055,1055,,,,,,,,,4.5000,4.5000,,,23.0400,,,,23.0400,,,,,,,purchaseorder,,,,,,,,,,,,,,,MC/Cunningham/FK1,,,,,,,,,,,,,"{""method_title"":""Purchase Order""}"
1056,1056,,,,,,,,,4.5000,4.5000,,,52.1200,,,,52.1200,,,,,,,purchaseorder,,,,,,,,,,,,,,,MC/Grimshaw/WN7,,,,,,,,,,,,,"{""method_title"":""Purchase Order""}"
1057,1057,,,,,,,,,4.5000,4.5000,,,28.1800,,,,28.1800,,,,,,,purchaseorder,,,,,,,,,,,,,,,MC/Forshaw/PR25,,,,,,,,,,,,,"{""method_title"":""Purchase Order""}"
1058,1058,,,,,,,,,4.5000,4.5000,,,53.8200,,,,53.8200,,,,,,,purchaseorder,,,,,,,,,,,,,,,MC/Dunn/EH22,,,,,,,,,,,,,"{""method_title"":""Purchase Order""}"
1059,1059,,,,,,,,,4.5000,4.5000,,,36.7200,,,,36.7200,,,,,,,purchaseorder,,,,,,,,,,,,,,,MC/Morris/L36,,,,,,,,,,,,,"{""method_title"":""Purchase Order""}"
1060,1060,,,,,,,,,4.5000,4.5000,,,28.1800,,,,28.1800,,,,,,,purchaseorder,,,,,,,,,,,,,,,MC/Shaw/Ka12,,,,,,,,,,,,,"{""method_title"":""Purchase Order""}"
1061,1061,,,,,,,,,4.5000,4.5000,,,28.1800,,,,28.1800,,,,,,,purchaseorder,,,,,,,,,,,,,,,MC/Uttley/HX6,,,,,,,,,,,,,"{""method_title"":""Purchase Order""}"
1062,1062,,,,,,,,,4.5000,4.5000,,,28.1800,,,,28.1800,,,,,,,purchaseorder,,,,,,,,,,,,,,,Mc/Ebdon/GL51,,,,,,,,,,,,,"{""method_title"":""Purchase Order""}"
1063,1063,,,,,,,,,4.5000,4.5000,,,28.1800,,,,28.1800,,,,,,,purchaseorder,,,,,,,,,,,,,,,MC/Buckley/OL4,,,,,,,,,,,,,"{""method_title"":""Purchase Order""}"
1064,1064,,,,,,,,,4.5000,4.5000,,,98.8300,,,,98.8300,,,,,,,purchaseorder,,,,,,,,,,,,,,,Mc/Tanner/WD6,,,,,,,,,,,,,"{""method_title"":""Purchase Order""}"
1065,1065,,,,,,,,,4.5000,4.5000,,,33.3000,,,,33.3000,,,,,,,purchaseorder,,,,,,,,,,,,,,,Mc/Griffiths/NG5,,,,,,,,,,,,,"{""method_title"":""Purchase Order""}"
1066,1066,,,,,,,,,4.5000,4.5000,,,28.1800,,,,28.1800,,,,,,,purchaseorder,,,,,,,,,,,,,,,Mc/Marsden/EN5,,,,,,,,,,,,,"{""method_title"":""Purchase Order""}"
1067,1067,,,,,,,,,4.5000,4.5000,,,52.1200,,,,52.1200,,,,,,,purchaseorder,,,,,,,,,,,,,,,MC/Inness/IV2,,,,,,,,,,,,,"{""method_title"":""Purchase Order""}"
1068,1068,,,,,,,,,4.5000,4.5000,,,38.4400,,,,38.4400,,,,,,,purchaseorder,,,,,,,,,,,,,,,MC/Smith/BH19,,,,,,,,,,,,,"{""method_title"":""Purchase Order""}"
1069,1069,,,,,,,,,4.5000,4.5000,,,47.5200,,,,47.5200,,,,,,,purchaseorder,,,,,,,,,,,,,,,MC/Wilson/BD23,,,,,,,,,,,,,"{""method_title"":""Purchase Order""}"
1070,1070,,,,,,,,,4.5000,4.5000,,,50.9500,,,,50.9500,,,,,,,purchaseorder,,,,,,,,,,,,,,,Mc/Washer/BN22,,,,,,,,,,,,,"{""method_title"":""Purchase Order""}"
1071,1071,,,,,,,,,0.0000,0.0000,,,64.9700,,,,64.9700,,,,,,,purchaseorder,,,,,,,,,,,,,,,FRANKIE20052022,,,,,,,,,,,,,"{""method_title"":""Purchase Order""}"
1072,1072,,,,,,,,,4.5000,4.5000,,,52.1200,,,,52.1200,,,,,0,,purchaseorder,,,,,,,,,0,,,,,,MC/Blanshard/CH61,0,,,,,,,,,,,,"{""method_title"":""Purchase Order""}"
1073,1073,,,,,,,,,4.5000,4.5000,,,28.1800,,,,28.1800,,,,,,,purchaseorder,,,,,,,,,,,,,,,MC/Amos/S35,,,,,,,,,,,,,"{""method_title"":""Purchase Order""}"
1074,1074,,,,,,,,,4.5000,4.5000,,,28.1800,,,,28.1800,,,,,,,purchaseorder,,,,,,,,,,,,,,,Mc/Labbadia/BR2,,,,,,,,,,,,,"{""method_title"":""Purchase Order""}"
1075,1075,,,,,,,,,4.5000,4.5000,,,28.1800,,,,28.1800,,,,,,,purchaseorder,,,,,,,,,,,,,,,MC/Evans/M24,,,,,,,,,,,,,"{""method_title"":""Purchase Order""}"
1076,1076,,,,,,,,,4.5000,4.5000,,,102.2400,,,,102.2400,,,,,,,purchaseorder,,,,,,,,,,,,,,,MC/Nair/BL3,,,,,,,,,,,,,"{""method_title"":""Purchase Order""}"
1077,1077,,,,,,,,,4.5000,4.5000,,,36.7200,,,,36.7200,,,,,,,purchaseorder,,,,,,,,,,,,,,,MC/Hayes/So50,,,,,,,,,,,,,"{""method_title"":""Purchase Order""}"
1078,1078,,,,,,,,,4.5000,4.5000,,,28.1800,,,,28.1800,,,,,,,purchaseorder,,,,,,,,,,,,,,,MC/Cox/EX23,,,,,,,,,,,,,"{""method_title"":""Purchase Order""}"
1079,1079,,,,,,,,,4.5000,4.5000,,,26.4600,,,,26.4600,,,,,,,purchaseorder,,,,,,,,,,,,,,,Mc/smith/FY8,,,,,,,,,,,,,"{""method_title"":""Purchase Order""}"
1080,1080,,,,,,,,,4.5000,4.5000,,,53.8200,,,,53.8200,,,,,,,purchaseorder,,,,,,,,,,,,,,,MC/Slack/FY2,,,,,,,,,,,,,"{""method_title"":""Purchase Order""}"
1081,1081,,,,,,,,,4.5000,4.5000,,,28.1800,,,,28.1800,,,,,,,purchaseorder,,,,,,,,,,,,,,,MC/Cox/SO51,,,,,,,,,,,,,"{""method_title"":""Purchase Order""}"
1082,1082,,,,,,,,,4.5000,4.5000,,,28.1800,,,,28.1800,,,,,,,purchaseorder,,,,,,,,,,,,,,,Mc/Walker/CV10,,,,,,,,,,,,,"{""method_title"":""Purchase Order""}"
1083,1083,,,,,,,,,4.5000,4.5000,,,47.5200,,,,47.5200,,,,,,,purchaseorder,,,,,,,,,,,,,,,MC/Cass/GU46,,,,,,,,,,,,,"{""method_title"":""Purchase Order""}"
1084,1084,,,,,,,,,4.5000,4.5000,,,52.1200,,,,52.1200,,,,,,,purchaseorder,,,,,,,,,,,,,,,MC/Garner/S20,,,,,,,,,,,,,"{""method_title"":""Purchase Order""}"
1085,1085,,,,,,,,,4.5000,4.5000,,,29.8800,,,,29.8800,,,,,,,purchaseorder,,,,,,,,,,,,,,,MC/Bulman/BB5,,,,,,,,,,,,,"{""method_title"":""Purchase Order""}"
1086,1086,,,,,,,,,4.5000,4.5000,,,26.4600,,,,26.4600,,,,,,,purchaseorder,,,,,,,,,,,,,,,MC/Makanjuola/N16,,,,,,,,,,,,,"{""method_title"":""Purchase Order""}"
1087,1087,,,,,,,,,4.5000,4.5000,,,28.1800,,,,28.1800,,,,,,,purchaseorder,,,,,,,,,,,,,,,MC/Wilkinson/Le7,,,,,,,,,,,,,"{""method_title"":""Purchase Order""}"
1088,1088,,,,,,,,,4.5000,4.5000,,,72.0100,,,,72.0100,,,,,,,purchaseorder,,,,,,,,,,,,,,,MC/Burt/DH7,,,,,,,,,,,,,"{""method_title"":""Purchase Order""}"
1089,1089,,,,,,,,,4.5000,4.5000,,,36.7200,,,,36.7200,,,,,,,purchaseorder,,,,,,,,,,,,,,,MC/Jutsum/Gl6,,,,,,,,,,,,,"{""method_title"":""Purchase Order""}"
1090,1090,,,,,,,,,4.5000,4.5000,,,62.3800,,,,62.3800,,,,,,,purchaseorder,,,,,,,,,,,,,,,MC/McCallion/PR3,,,,,,,,,,,,,"{""method_title"":""Purchase Order""}"
1091,1091,,,,,,,,,4.5000,4.5000,,,50.9500,,,,50.9500,,,,,,,purchaseorder,,,,,,,,,,,,,,,MC/Chapman/So16,,,,,,,,,,,,,"{""method_title"":""Purchase Order""}"
1092,1092,,,,,,,,,4.5000,4.5000,,,28.1800,,,,28.1800,,,,,,,purchaseorder,,,,,,,,,,,,,,,MC/Campbell/PR8,,,,,,,,,,,,,"{""method_title"":""Purchase Order""}"
1093,1093,,,,,,,,,4.5000,4.5000,,,28.1800,,,,28.1800,,,,,,,purchaseorder,,,,,,,,,,,,,,,Mc/Bryant/BS9,,,,,,,,,,,,,"{""method_title"":""Purchase Order""}"
1094,1094,,,,,,,,,4.5000,4.5000,,,33.3000,,,,33.3000,,,,,,,purchaseorder,,,,,,,,,,,,,,,MC/Griffiths/NG5,,,,,,,,,,,,,"{""method_title"":""Purchase Order""}"
1095,1095,,,,,,,,,4.5000,4.5000,,,62.3800,,,,62.3800,,,,,,,purchaseorder,,,,,,,,,,,,,,,MC/Wills/KA10,,,,,,,,,,,,,"{""method_title"":""Purchase Order""}"
1096,1096,,,,,,,,,4.5000,4.5000,,,52.1200,,,,52.1200,,,,,,,purchaseorder,,,,,,,,,,,,,,,MC/Dunn/EH22,,,,,,,,,,,,,"{""method_title"":""Purchase Order""}"
1097,1097,,,,,,,,,4.5000,4.5000,,,62.3800,,,,62.3800,,,,,,,purchaseorder,,,,,,,,,,,,,,,MC/Welch/M22,,,,,,,,,,,,,"{""method_title"":""Purchase Order""}"
1098,1098,,,,,,,,,4.5000,4.5000,,,28.1800,,,,28.1800,,,,,,,purchaseorder,,,,,,,,,,,,,,,MC/Burt/DH7,,,,,,,,,,,,,"{""method_title"":""Purchase Order""}"
1099,1099,,,,,,,,,0.0000,0.0000,,,64.9700,,,,64.9700,,,,,,,purchaseorder,,,,,,,,,,,,,,,FRANKIE28052022,,,,,,,,,,,,,"{""method_title"":""Purchase Order""}"
1100,1100,,,,,,,,,0.0000,0.0000,,,220.8500,,,,220.8500,,,,,0,,purchaseorder,,,,,,,,,0,,,,,,FRANKIE28/05/2022,0,,,,,,,,,,,,"{""method_title"":""Purchase Order""}"
1101,1101,,,,,,,,,4.5000,4.5000,,,28.1800,,,,28.1800,,,,,,,purchaseorder,,,,,,,,,,,,,,,mc/vincent/bs30,,,,,,,,,,,,,"{""method_title"":""Purchase Order""}"
1102,1102,,,,,,,,,4.5000,4.5000,,,28.1800,,,,28.1800,,,,,,,purchaseorder,,,,,,,,,,,,,,,mc/henry/np19,,,,,,,,,,,,,"{""method_title"":""Purchase Order""}"
1103,1103,,,,,,,,,0.0000,0.0000,,,58.4600,,,,58.4600,,,,,,,purchaseorder,,,,,,,,,,,,,,,AC31052022,,,,,,,,,,,,,"{""method_title"":""Purchase Order""}"
1104,1104,,,,,,,,,4.5000,4.5000,,,36.7200,,,,36.7200,,,,,,,purchaseorder,,,,,,,,,,,,,,,mc/brown/ct14,,,,,,,,,,,,,"{""method_title"":""Purchase Order""}"
1105,1105,,,,,,,,,4.5000,4.5000,,,36.7200,,,,36.7200,,,,,,,purchaseorder,,,,,,,,,,,,,,,mc/sanderson/pr6,,,,,,,,,,,,,"{""method_title"":""Purchase Order""}"
1106,1106,,,,,,,,,4.5000,4.5000,,,28.1800,,,,28.1800,,,,,,,purchaseorder,,,,,,,,,,,,,,,MC/LONGDEN/HU16,,,,,,,,,,,,,"{""method_title"":""Purchase Order""}"
1107,1107,,,,,,,,,4.5000,4.5000,,,28.1800,,,,28.1800,,,,,,,purchaseorder,,,,,,,,,,,,,,,MC/CAMPBELL/ML9,,,,,,,,,,,,,"{""method_title"":""Purchase Order""}"
1108,1108,,,,,,,,,0.0000,0.0000,,,22.7800,,,,22.7800,,,,,,,purchaseorder,,,,,,,,,,,,,,,MC/Edney/Tr10,,,,,,,,,,,,,"{""method_title"":""Purchase Order""}"
1109,1109,,,,,,,,,4.5000,4.5000,,,33.3000,,,,33.3000,,,,,,,purchaseorder,,,,,,,,,,,,,,,MC/Browne/TN39,,,,,,,,,,,,,"{""method_title"":""Purchase Order""}"
1110,1110,,,,,,,,,4.5000,4.5000,,,33.3000,,,,33.3000,,,,,,,purchaseorder,,,,,,,,,,,,,,,Mc/Phenix/CH64,,,,,,,,,,,,,"{""method_title"":""Purchase Order""}"
1111,1111,,,,,,,,,0.0000,0.0000,,,22.7800,,,,22.7800,,,,,,,purchaseorder,,,,,,,,,,,,,,,MC/Betts/NG22,,,,,,,,,,,,,"{""method_title"":""Purchase Order""}"
1112,1112,,,,,,,,,0.0000,0.0000,,,22.7800,,,,22.7800,,,,,,,purchaseorder,,,,,,,,,,,,,,,Mc/McCarthy/N3,,,,,,,,,,,,,"{""method_title"":""Purchase Order""}"
1113,1113,,,,,,,,,0.0000,0.0000,,,21.0600,,,,21.0600,,,,,,,purchaseorder,,,,,,,,,,,,,,,Mc/Jivanda/ME2,,,,,,,,,,,,,"{""method_title"":""Purchase Order""}"
1114,1114,,,,,,,,,0.0000,0.0000,,,22.7800,,,,22.7800,,,,,,,purchaseorder,,,,,,,,,,,,,,,MC/Emptage/LA1,,,,,,,,,,,,,"{""method_title"":""Purchase Order""}"
1115,1115,,,,,,,,,0.0000,0.0000,,,22.7800,,,,22.7800,,,,,,,purchaseorder,,,,,,,,,,,,,,,Mc/Bevan/HR4,,,,,,,,,,,,,"{""method_title"":""Purchase Order""}"
1116,1116,,,,,,,,,0.0000,0.0000,,,51.2800,,,,51.2800,,,,,,,purchaseorder,,,,,,,,,,,,,,,MC/Whittle/TW17,,,,,,,,,,,,,"{""method_title"":""Purchase Order""}"
1117,1117,,,,,,,,,4.5000,4.5000,,,47.5200,,,,47.5200,,,,,,,purchaseorder,,,,,,,,,,,,,,,MC/Samuels/Ng22,,,,,,,,,,,,,"{""method_title"":""Purchase Order""}"
1118,1118,,,,,,,,,4.5000,4.5000,,,52.1200,,,,52.1200,,,,,,,purchaseorder,,,,,,,,,,,,,,,Mc/Black/Pa29,,,,,,,,,,,,,"{""method_title"":""Purchase Order""}"
1119,1119,,,,,,,,,0.0000,0.0000,,,58.4600,,,,58.4600,,,,,0,,purchaseorder,,,,,,,,,0,,,,,,TB 7/6/2022,0,,,,,,,,,,,,"{""method_title"":""Purchase Order""}"
1120,1120,,,,,,,,,4.5000,4.5000,,,28.1800,,,,28.1800,,,,,,,purchaseorder,,,,,,,,,,,,,,,MC/Panks/B77,,,,,,,,,,,,,"{""method_title"":""Purchase Order""}"
1121,1121,,,,,,,,,4.5000,4.5000,,,28.1800,,,,28.1800,,,,,,,purchaseorder,,,,,,,,,,,,,,,MC/Vincent/BS30 ,,,,,,,,,,,,,"{""method_title"":""Purchase Order""}"
1122,1122,,,,,,,,,0.0000,0.0000,,,31.8100,,,,31.8100,,,,,,,purchaseorder,,,,,,,,,,,,,,,td 07/06/22,,,,,,,,,,,,,"{""method_title"":""Purchase Order""}"
1123,1123,,,,,,,,,4.5000,4.5000,,,28.1800,,,,28.1800,,,,,,,purchaseorder,,,,,,,,,,,,,,,MC/Harris/BN23,,,,,,,,,,,,,"{""method_title"":""Purchase Order""}"
1124,1124,,,,,,,,,4.5000,4.5000,,,61.2000,,,,61.2000,,,,,,,purchaseorder,,,,,,,,,,,,,,,MC/Edwards/PE12,,,,,,,,,,,,,"{""method_title"":""Purchase Order""}"
1125,1125,,,,,,,,,4.5000,4.5000,,,26.4600,,,,26.4600,,,,,,,purchaseorder,,,,,,,,,,,,,,,MC/falvin/NN3,,,,,,,,,,,,,"{""method_title"":""Purchase Order""}"
1126,1126,,,,,,,,,4.5000,4.5000,,,36.7200,,,,36.7200,,,,,,,purchaseorder,,,,,,,,,,,,,,,MC/Conesa/RH13,,,,,,,,,,,,,"{""method_title"":""Purchase Order""}"
1127,1127,,,,,,,,,4.5000,4.5000,,,56.6800,,,,56.6800,,,,,,,purchaseorder,,,,,,,,,,,,,,,MC/Whittle/TW17,,,,,,,,,,,,,"{""method_title"":""Purchase Order""}"
1128,1128,,,,,,,,,4.5000,4.5000,,,28.1800,,,,28.1800,,,,,,,purchaseorder,,,,,,,,,,,,,,,MC/Laing/LS28,,,,,,,,,,,,,"{""method_title"":""Purchase Order""}"
1129,1129,,,,,,,,,4.5000,4.5000,,,74.8900,,,,74.8900,,,,,,,purchaseorder,,,,,,,,,,,,,,,MC/Hamilton/W8,,,,,,,,,,,,,"{""method_title"":""Purchase Order""}"
1130,1130,,,,,,,,,4.5000,4.5000,,,28.1800,,,,28.1800,,,,,,,purchaseorder,,,,,,,,,,,,,,,MC/Harrison/B65,,,,,,,,,,,,,"{""method_title"":""Purchase Order""}"
1131,1131,,,,,,,,,0.0000,0.0000,,,58.4600,,,,58.4600,,,,,0,,purchaseorder,,,,,,,,,0,,,,,,FRANKIE10/06/2022,0,,,,,,,,,,,,"{""method_title"":""Purchase Order""}"
1132,1132,,,,,,,,,0.0000,0.0000,,,147.9800,,,,147.9800,,,,,0,,purchaseorder,,,,,,,,,0,,,,,,JB110622,0,,,,,,,,,,,,"{""method_title"":""Purchase Order""}"
1133,1133,,,,,,,,,0.0000,0.0000,,,122.1400,,,,122.1400,,,,,0,,purchaseorder,,,,,,,,,0,,,,,,frankie110622,0,,,,,,,,,,,,"{""method_title"":""Purchase Order""}"
1134,1134,,,,,,,,,4.5000,4.5000,,,28.1800,,,,28.1800,,,,,,,purchaseorder,,,,,,,,,,,,,,,MC/McHugh/LE6,,,,,,,,,,,,,"{""method_title"":""Purchase Order""}"
1135,1135,,,,,,,,,4.5000,4.5000,,,36.7200,,,,36.7200,,,,,,,purchaseorder,,,,,,,,,,,,,,,Mc/Hemnell/L24,,,,,,,,,,,,,"{""method_title"":""Purchase Order""}"
1136,1136,,,,,,,,,4.5000,4.5000,,,26.4600,,,,26.4600,,,,,,,purchaseorder,,,,,,,,,,,,,,,MC/Hartley/BB9,,,,,,,,,,,,,"{""method_title"":""Purchase Order""}"
1137,1137,,,,,,,,,4.5000,4.5000,,,26.4600,,,,26.4600,,,,,,,purchaseorder,,,,,,,,,,,,,,,MC/Barnes/NG12,,,,,,,,,,,,,"{""method_title"":""Purchase Order""}"
1138,1138,,,,,,,,,4.5000,4.5000,,,52.1200,,,,52.1200,,,,,,,purchaseorder,,,,,,,,,,,,,,,MC/Ohare/PR9,,,,,,,,,,,,,"{""method_title"":""Purchase Order""}"
1139,1139,,,,,,,,,4.5000,4.5000,,,36.7200,,,,36.7200,,,,,,,purchaseorder,,,,,,,,,,,,,,,MC/Tailby/LE2,,,,,,,,,,,,,"{""method_title"":""Purchase Order""}"
1140,1140,,,,,,,,,4.5000,4.5000,,,52.1200,,,,52.1200,,,,,,,purchaseorder,,,,,,,,,,,,,,,MC/Hoyle/Gu16,,,,,,,,,,,,,"{""method_title"":""Purchase Order""}"
1141,1141,,,,,,,,,4.5000,4.5000,,,28.1800,,,,28.1800,,,,,,,purchaseorder,,,,,,,,,,,,,,,MC/Rigg/KY16,,,,,,,,,,,,,"{""method_title"":""Purchase Order""}"
1142,1142,,,,,,,,,4.5000,4.5000,,,52.1200,,,,52.1200,,,,,,,purchaseorder,,,,,,,,,,,,,,,MC/Aubrey/Sy23,,,,,,,,,,,,,"{""method_title"":""Purchase Order""}"
1143,1143,,,,,,,,,4.5000,4.5000,,,28.1800,,,,28.1800,,,,,,,purchaseorder,,,,,,,,,,,,,,,MC/Laing/Ls28,,,,,,,,,,,,,"{""method_title"":""Purchase Order""}"
1144,1144,,,,,,,,,4.5000,4.5000,,,28.1800,,,,28.1800,,,,,,,purchaseorder,,,,,,,,,,,,,,,MC/Roberts/WD1,,,,,,,,,,,,,"{""method_title"":""Purchase Order""}"
1145,1145,,,,,,,,,4.5000,4.5000,,,26.4600,,,,26.4600,,,,,,,purchaseorder,,,,,,,,,,,,,,,MC/Clements/CV8,,,,,,,,,,,,,"{""method_title"":""Purchase Order""}"
1146,1146,,,,,,,,,4.5000,4.5000,,,49.2400,,,,49.2400,,,,,,,purchaseorder,,,,,,,,,,,,,,,MC/Brady/NN9,,,,,,,,,,,,,"{""method_title"":""Purchase Order""}"
1147,1147,,,,,,,,,4.5000,4.5000,,,28.1800,,,,28.1800,,,,,,,purchaseorder,,,,,,,,,,,,,,,MC/Hughes/FY3,,,,,,,,,,,,,"{""method_title"":""Purchase Order""}"
1148,1148,,,,,,,,,4.5000,4.5000,,,68.0400,,,,68.0400,,,,,,,purchaseorder,,,,,,,,,,,,,,,Mc/Hogan/Ol1,,,,,,,,,,,,,"{""method_title"":""Purchase Order""}"
1149,1149,,,,,,,,,4.5000,4.5000,,,29.8800,,,,29.8800,,,,,,,purchaseorder,,,,,,,,,,,,,,,Mc/Buckman/Pe28,,,,,,,,,,,,,"{""method_title"":""Purchase Order""}"
1150,1150,,,,,,,,,4.5000,4.5000,,,28.1800,,,,28.1800,,,,,,,purchaseorder,,,,,,,,,,,,,,,MC/Twiss/L35,,,,,,,,,,,,,"{""method_title"":""Purchase Order""}"
1151,1151,,,,,,,,,4.5000,4.5000,,,52.1200,,,,52.1200,,,,,,,purchaseorder,,,,,,,,,,,,,,,Mc/Maasz/SO50,,,,,,,,,,,,,"{""method_title"":""Purchase Order""}"
1152,1152,,,,,,,,,4.5000,4.5000,,,28.1800,,,,28.1800,,,,,,,purchaseorder,,,,,,,,,,,,,,,Mc/Cottingham/WF15,,,,,,,,,,,,,"{""method_title"":""Purchase Order""}"
1153,1153,,,,,,,,,4.5000,4.5000,,,26.4600,,,,26.4600,,,,,,,purchaseorder,,,,,,,,,,,,,,,MC/Worthington/BL0,,,,,,,,,,,,,"{""method_title"":""Purchase Order""}"
1154,1154,,,,,,,,,4.5000,4.5000,,,28.1800,,,,28.1800,,,,,,,purchaseorder,,,,,,,,,,,,,,,MC/Harris/BN23,,,,,,,,,,,,,"{""method_title"":""Purchase Order""}"
1155,1155,,,,,,,,,4.5000,4.5000,,,28.1800,,,,28.1800,,,,,,,purchaseorder,,,,,,,,,,,,,,,MC/Henry/Sl9,,,,,,,,,,,,,"{""method_title"":""Purchase Order""}"
1156,1156,,,,,,,,,4.5000,4.5000,,,26.4600,,,,26.4600,,,,,,,purchaseorder,,,,,,,,,,,,,,,MC/King/WN4,,,,,,,,,,,,,"{""method_title"":""Purchase Order""}"
1157,1157,,,,,,,,,4.5000,4.5000,,,52.1200,,,,52.1200,,,,,,,purchaseorder,,,,,,,,,,,,,,,MC/Jones/CF3,,,,,,,,,,,,,"{""method_title"":""Purchase Order""}"
1158,1158,,,,,,,,,4.5000,4.5000,,,28.1800,,,,28.1800,,,,,,,purchaseorder,,,,,,,,,,,,,,,MC/Worsdale/SG3,,,,,,,,,,,,,"{""method_title"":""Purchase Order""}"
1159,1159,,,,,,,,,4.5000,4.5000,,,50.9500,,,,50.9500,,,,,,,purchaseorder,,,,,,,,,,,,,,,MC/Penney/Pl12,,,,,,,,,,,,,"{""method_title"":""Purchase Order""}"
1160,1160,,,,,,,,,4.5000,4.5000,,,56.6800,,,,56.6800,,,,,,,purchaseorder,,,,,,,,,,,,,,,MC/Relton/YO14,,,,,,,,,,,,,"{""method_title"":""Purchase Order""}"
1161,1161,,,,,,,,,4.5000,4.5000,,,33.3000,,,,33.3000,,,,,,,purchaseorder,,,,,,,,,,,,,,,MC/Nolan/SM5,,,,,,,,,,,,,"{""method_title"":""Purchase Order""}"
1162,1162,,,,,,,,,4.5000,4.5000,,,28.1800,,,,28.1800,,,,,,,purchaseorder,,,,,,,,,,,,,,,MC/Groom/SL2,,,,,,,,,,,,,"{""method_title"":""Purchase Order""}"
1163,1163,,,,,,,,,4.5000,4.5000,,,26.4600,,,,26.4600,,,,,,,purchaseorder,,,,,,,,,,,,,,,Mc/Flavin/NN3,,,,,,,,,,,,,"{""method_title"":""Purchase Order""}"
1164,1164,,,,,,,,,4.5000,4.5000,,,26.4600,,,,26.4600,,,,,,,purchaseorder,,,,,,,,,,,,,,,MC/Malone/PR1,,,,,,,,,,,,,"{""method_title"":""Purchase Order""}"
1165,1165,,,,,,,,,4.5000,4.5000,,,47.5200,,,,47.5200,,,,,,,purchaseorder,,,,,,,,,,,,,,,Mc/Nesbitt/BT20,,,,,,,,,,,,,"{""method_title"":""Purchase Order""}"
1166,1166,,,,,,,,,4.5000,4.5000,,,26.4600,,,,26.4600,,,,,,,purchaseorder,,,,,,,,,,,,,,,Mc/Perks/B90,,,,,,,,,,,,,"{""method_title"":""Purchase Order""}"
1167,1167,,,,,,,,,4.5000,4.5000,,,68.0400,,,,68.0400,,,,,,,purchaseorder,,,,,,,,,,,,,,,Mc/Hatcher/NN15,,,,,,,,,,,,,"{""method_title"":""Purchase Order""}"
1168,1168,,,,,,,,,4.5000,4.5000,,,28.1800,,,,28.1800,,,,,,,purchaseorder,,,,,,,,,,,,,,,Mc/Stone/St18,,,,,,,,,,,,,"{""method_title"":""Purchase Order""}"
1169,1169,,,,,,,,,4.5000,4.5000,,,28.1800,,,,28.1800,,,,,,,purchaseorder,,,,,,,,,,,,,,,Mc/Stone/ST18,,,,,,,,,,,,,"{""method_title"":""Purchase Order""}"
1170,1170,,,,,,,,,0.0000,0.0000,,,58.3200,,,,58.3200,,,,,0,,purchaseorder,,,,,,,,,0,,,,,,td 21/06/22,0,,,,,,,,,,,,"{""method_title"":""Purchase Order""}"
1171,1171,,,,,,,,,4.5000,4.5000,,,56.6800,,,,56.6800,,,,,,,purchaseorder,,,,,,,,,,,,,,,MC/Coulthurst/PE15,,,,,,,,,,,,,"{""method_title"":""Purchase Order""}"
1172,1172,,,,,,,,,4.5000,4.5000,,,28.1800,,,,28.1800,,,,,,,purchaseorder,,,,,,,,,,,,,,,Mc/Mcbride/G66,,,,,,,,,,,,,"{""method_title"":""Purchase Order""}"
1173,1173,,,,,,,,,4.5000,4.5000,,,28.1800,,,,28.1800,,,,,,,purchaseorder,,,,,,,,,,,,,,,MC/Craig/N12,,,,,,,,,,,,,"{""method_title"":""Purchase Order""}"
1174,1174,,,,,,,,,4.5000,4.5000,,,26.4600,,,,26.4600,,,,,,,purchaseorder,,,,,,,,,,,,,,,Mc/Gopalakrishnan/HU13,,,,,,,,,,,,,"{""method_title"":""Purchase Order""}"
1175,1175,,,,,,,,,4.5000,4.5000,,,36.7200,,,,36.7200,,,,,,,purchaseorder,,,,,,,,,,,,,,,Mc/Saint/NE7,,,,,,,,,,,,,"{""method_title"":""Purchase Order""}"
1176,1176,,,,,,,,,0.0000,0.0000,,,64.9800,,,,64.9800,,,,,,,purchaseorder,,,,,,,,,,,,,,,td 22/06/22,,,,,,,,,,,,,"{""method_title"":""Purchase Order""}"
1177,1177,,,,,,,,,0.0000,0.0000,,,110.4200,,,,110.4200,,,,,0,,purchaseorder,,,,,,,,,0,,,,,,tb220622,0,,,,,,,,,,,,"{""method_title"":""Purchase Order""}"
1178,1178,,,,,,,,,4.5000,4.5000,,,26.4600,,,,26.4600,,,,,,,purchaseorder,,,,,,,,,,,,,,,Mc/Blair/FK2,,,,,,,,,,,,,"{""method_title"":""Purchase Order""}"
1179,1179,,,,,,,,,4.5000,4.5000,,,26.4600,,,,26.4600,,,,,,,purchaseorder,,,,,,,,,,,,,,,MC/Malone/Pr1,,,,,,,,,,,,,"{""method_title"":""Purchase Order""}"
1180,1180,,,,,,,,,4.5000,4.5000,,,28.1800,,,,28.1800,,,,,,,purchaseorder,,,,,,,,,,,,,,,Mc/Hughes/FY3,,,,,,,,,,,,,"{""method_title"":""Purchase Order""}"
1181,1181,,,,,,,,,4.5000,4.5000,,,56.6800,,,,56.6800,,,,,,,purchaseorder,,,,,,,,,,,,,,,MC/Heap/B93 ,,,,,,,,,,,,,"{""method_title"":""Purchase Order""}"
1182,1182,,,,,,,,,4.5000,4.5000,,,40.6800,,,,40.6800,,,,,,,purchaseorder,,,,,,,,,,,,,,,Mc/Perkins/SN11,,,,,,,,,,,,,"{""method_title"":""Purchase Order""}"
1183,1183,,,,,,,,,4.5000,4.5000,,,52.1200,,,,52.1200,,,,,,,purchaseorder,,,,,,,,,,,,,,,Mc/Plimley/DT1,,,,,,,,,,,,,"{""method_title"":""Purchase Order""}"
1184,1184,,,,,,,,,4.5000,4.5000,,,28.1800,,,,28.1800,,,,,,,purchaseorder,,,,,,,,,,,,,,,Mc/Kelly/WA3,,,,,,,,,,,,,"{""method_title"":""Purchase Order""}"
1185,1185,,,,,,,,,4.9600,4.9600,,,57.6700,,,,57.6700,,,,,0,,purchaseorder,,,,,,,,,0,,,,,,10469,0,,,,,,,,,,,,"{""method_title"":""Purchase Order""}"
1186,1186,,,,,,,,,0.0000,0.0000,,,289.0700,,,,289.0700,,,,,,,purchaseorder,,,,,,,,,,,,,,,FRANKIE25062022,,,,,,,,,,,,,"{""method_title"":""Purchase Order""}"
1187,1187,,,,,,,,,0.0000,0.0000,,,175.3900,,,,175.3900,,,,,0,,purchaseorder,,,,,,,,,0,,,,,,FRANKIE2506222,0,,,,,,,,,,,,"{""method_title"":""Purchase Order""}"
1188,1188,,,,,,,,,4.5000,4.5000,,,33.3000,,,,33.3000,,,,,,,purchaseorder,,,,,,,,,,,,,,,MC/morris/LU2,,,,,,,,,,,,,"{""method_title"":""Purchase Order""}"
1189,1189,,,,,,,,,4.5000,4.5000,,,28.1800,,,,28.1800,,,,,,,purchaseorder,,,,,,,,,,,,,,,Mc/Sanders/BA14,,,,,,,,,,,,,"{""method_title"":""Purchase Order""}"
1190,1190,,,,,,,,,4.5000,4.5000,,,28.1800,,,,28.1800,,,,,,,purchaseorder,,,,,,,,,,,,,,,MC/Roberts/WD6,,,,,,,,,,,,,"{""method_title"":""Purchase Order""}"
1191,1191,,,,,,,,,4.5000,4.5000,,,26.4600,,,,26.4600,,,,,,,purchaseorder,,,,,,,,,,,,,,,Mc/Saunders/RH13 ,,,,,,,,,,,,,"{""method_title"":""Purchase Order""}"
1192,1192,,,,,,,,,0.0000,0.0000,,,58.4600,,,,58.4600,,,,,,,purchaseorder,,,,,,,,,,,,,,,td 28/6/22,,,,,,,,,,,,,"{""method_title"":""Purchase Order""}"
1193,1193,,,,,,,,,4.5000,4.5000,,,53.8200,,,,53.8200,,,,,,,purchaseorder,,,,,,,,,,,,,,,Mc/Gruiffiths/SA71,,,,,,,,,,,,,"{""method_title"":""Purchase Order""}"
1194,1194,,,,,,,,,0.0000,0.0000,,,17.1600,,,,17.1600,,,,,0,,purchaseorder,,,,,,,,,0,,,,,,td 29/06/22,0,,,,,,,,,,,,"{""method_title"":""Purchase Order""}"
1195,1195,,,,,,,,,4.5000,4.5000,,,36.7200,,,,36.7200,,,,,,,purchaseorder,,,,,,,,,,,,,,,MC/Clements/RH19,,,,,,,,,,,,,"{""method_title"":""Purchase Order""}"
1196,1196,,,,,,,,,4.5000,4.5000,,,28.1800,,,,28.1800,,,,,,,purchaseorder,,,,,,,,,,,,,,,Mc/Surtees/NE37,,,,,,,,,,,,,"{""method_title"":""Purchase Order""}"
1197,1197,,,,,,,,,4.5000,4.5000,,,28.1800,,,,28.1800,,,,,,,purchaseorder,,,,,,,,,,,,,,,Mc/Bicknell/mk45,,,,,,,,,,,,,"{""method_title"":""Purchase Order""}"
1198,1198,,,,,,,,,4.5000,4.5000,,,26.4600,,,,26.4600,,,,,,,purchaseorder,,,,,,,,,,,,,,,MC/Eustance/SG16,,,,,,,,,,,,,"{""method_title"":""Purchase Order""}"
1199,1199,,,,,,,,,4.5000,4.5000,,,28.1800,,,,28.1800,,,,,,,purchaseorder,,,,,,,,,,,,,,,MC/Lockley/LE12,,,,,,,,,,,,,"{""method_title"":""Purchase Order""}"
1200,1200,,,,,,,,,0.0000,0.0000,,,237.7700,,,,237.7700,,,,,,,purchaseorder,,,,,,,,,,,,,,,frankie010722,,,,,,,,,,,,,"{""method_title"":""Purchase Order""}"
1201,1201,,,,,,,,,0.0000,0.0000,,,33.0500,,,,33.0500,,,,,,,purchaseorder,,,,,,,,,,,,,,,FRANKIE02072022,,,,,,,,,,,,,"{""method_title"":""Purchase Order""}"
1202,1202,,,,,,,,,4.5000,4.5000,,,68.0400,,,,68.0400,,,,,,,purchaseorder,,,,,,,,,,,,,,,MC/Mcdonald/KY7,,,,,,,,,,,,,"{""method_title"":""Purchase Order""}"
1203,1203,,,,,,,,,4.5000,4.5000,,,28.1800,,,,28.1800,,,,,,,purchaseorder,,,,,,,,,,,,,,,MC/Jones/CV5,,,,,,,,,,,,,"{""method_title"":""Purchase Order""}"
1204,1204,,,,,,,,,4.5000,4.5000,,,28.1800,,,,28.1800,,,,,,,purchaseorder,,,,,,,,,,,,,,,Mc/Webb/IP5,,,,,,,,,,,,,"{""method_title"":""Purchase Order""}"
1205,1205,,,,,,,,,4.5000,4.5000,,,56.6800,,,,56.6800,,,,,,,purchaseorder,,,,,,,,,,,,,,,MC/Baines/PR4,,,,,,,,,,,,,"{""method_title"":""Purchase Order""}"
1206,1206,,,,,,,,,4.5000,4.5000,,,56.6800,,,,56.6800,,,,,,,purchaseorder,,,,,,,,,,,,,,,Mc/Wands/YO7,,,,,,,,,,,,,"{""method_title"":""Purchase Order""}"
1207,1207,,,,,,,,,4.5000,4.5000,,,52.1200,,,,52.1200,,,,,,,purchaseorder,,,,,,,,,,,,,,,MC/Robinson/LS15,,,,,,,,,,,,,"{""method_title"":""Purchase Order""}"
1208,1208,,,,,,,,,4.5000,4.5000,,,28.1800,,,,28.1800,,,,,,,purchaseorder,,,,,,,,,,,,,,,MC/Tolson/Sw19,,,,,,,,,,,,,"{""method_title"":""Purchase Order""}"
1209,1209,,,,,,,,,4.5000,4.5000,,,28.1800,,,,28.1800,,,,,,,purchaseorder,,,,,,,,,,,,,,,MC/Tolson/SW19,,,,,,,,,,,,,"{""method_title"":""Purchase Order""}"
1210,1210,,,,,,,,,4.5000,4.5000,,,28.1800,,,,28.1800,,,,,,,purchaseorder,,,,,,,,,,,,,,,Mc/Terris/BS24,,,,,,,,,,,,,"{""method_title"":""Purchase Order""}"
1211,1211,,,,,,,,,4.5000,4.5000,,,38.4400,,,,38.4400,,,,,,,purchaseorder,,,,,,,,,,,,,,,MC/Staples/S12,,,,,,,,,,,,,"{""method_title"":""Purchase Order""}"
1212,1212,,,,,,,,,4.9600,4.9600,,,28.9200,,,,28.9200,,,,,,,purchaseorder,,,,,,,,,,,,,,,10928,,,,,,,,,,,,,"{""method_title"":""Purchase Order""}"
1213,1213,,,,,,,,,4.9600,4.9600,,,57.6700,,,,57.6700,,,,,0,,purchaseorder,,,,,,,,,0,,,,,,10929,0,,,,,,,,,,,,"{""method_title"":""Purchase Order""}"
1214,1214,,,,,,,,,4.9600,4.9600,,,28.9200,,,,28.9200,,,,,0,,purchaseorder,,,,,,,,,0,,,,,,10938,0,,,,,,,,,,,,"{""method_title"":""Purchase Order""}"
1215,1215,,,,,,,,,4.5000,4.5000,,,38.4400,,,,38.4400,,,,,,,purchaseorder,,,,,,,,,,,,,,,Mc/Hinchcliffe/SA19,,,,,,,,,,,,,"{""method_title"":""Purchase Order""}"
1216,1216,,,,,,,,,4.9600,4.9600,,,28.9200,,,,28.9200,,,,,,,purchaseorder,,,,,,,,,,,,,,,10948,,,,,,,,,,,,,"{""method_title"":""Purchase Order""}"
1217,1217,,,,,,,,,4.9600,4.9600,,,30.6500,,,,30.6500,,,,,,,purchaseorder,,,,,,,,,,,,,,,10970,,,,,,,,,,,,,"{""method_title"":""Purchase Order""}"
1218,1218,,,,,,,,,4.5000,4.5000,,,28.1800,,,,28.1800,,,,,,,purchaseorder,,,,,,,,,,,,,,,MC/Hawthorn/ME3,,,,,,,,,,,,,"{""method_title"":""Purchase Order""}"
1219,1219,,,,,,,,,4.9600,4.9600,,,28.9200,,,,28.9200,,,,,,,purchaseorder,,,,,,,,,,,,,,,10976,,,,,,,,,,,,,"{""method_title"":""Purchase Order""}"
1220,1220,,,,,,,,,4.9600,4.9600,,,109.3900,,,,109.3900,,,,,0,,purchaseorder,,,,,,,,,0,,,,,,10917,0,,,,,,,,,,,,"{""method_title"":""Purchase Order""}"
1221,1221,,,,,,,,,4.9600,4.9600,,,28.9200,,,,28.9200,,,,,,,purchaseorder,,,,,,,,,,,,,,,10927,,,,,,,,,,,,,"{""method_title"":""Purchase Order""}"
1222,1222,,,,,,,,,4.9600,4.9600,,,28.9200,,,,28.9200,,,,,,,purchaseorder,,,,,,,,,,,,,,,10991,,,,,,,,,,,,,"{""method_title"":""Purchase Order""}"
1223,1223,,,,,,,,,4.9600,4.9600,,,28.9200,,,,28.9200,,,,,,,purchaseorder,,,,,,,,,,,,,,,11006,,,,,,,,,,,,,"{""method_title"":""Purchase Order""}"
1224,1224,,,,,,,,,4.9600,4.9600,,,27.1900,,,,27.1900,,,,,,,purchaseorder,,,,,,,,,,,,,,,10119,,,,,,,,,,,,,"{""method_title"":""Purchase Order""}"
1225,1225,,,,,,,,,4.9600,4.9600,,,28.9200,,,,28.9200,,,,,,,purchaseorder,,,,,,,,,,,,,,,11035,,,,,,,,,,,,,"{""method_title"":""Purchase Order""}"
1226,1226,,,,,,,,,4.9600,4.9600,,,28.9200,,,,28.9200,,,,,,,purchaseorder,,,,,,,,,,,,,,,10991,,,,,,,,,,,,,"{""method_title"":""Purchase Order""}"
1227,1227,,,,,,,,,4.9600,4.9600,,,26.6300,,,,26.6300,,,,,,,purchaseorder,,,,,,,,,,,,,,,10991,,,,,,,,,,,,,"{""method_title"":""Purchase Order""}"
1228,1228,,,,,,,,,4.9600,4.9600,,,26.6300,,,,26.6300,,,,,0,,purchaseorder,,,,,,,,,0,,,,,,11006,0,,,,,,,,,,,,"{""method_title"":""Purchase Order""}"
1229,1229,,,,,,,,,4.9600,4.9600,,,25.0700,,,,25.0700,,,,,,,purchaseorder,,,,,,,,,,,,,,,11019,,,,,,,,,,,,,"{""method_title"":""Purchase Order""}"
1230,1230,,,,,,,,,4.9600,4.9600,,,26.6300,,,,26.6300,,,,,,,purchaseorder,,,,,,,,,,,,,,,11035,,,,,,,,,,,,,"{""method_title"":""Purchase Order""}"
1231,1231,,,,,,,,,4.9600,4.9600,,,49.9100,,,,49.9100,,,,,,,purchaseorder,,,,,,,,,,,,,,,11042,,,,,,,,,,,,,"{""method_title"":""Purchase Order""}"
1232,1232,,,,,,,,,4.9600,4.9600,,,26.6300,,,,26.6300,,,,,,,purchaseorder,,,,,,,,,,,,,,,11043,,,,,,,,,,,,,"{""method_title"":""Purchase Order""}"
1233,1233,,,,,,,,,4.9600,4.9600,,,57.6700,,,,57.6700,,,,,,,purchaseorder,,,,,,,,,,,,,,,11054,,,,,,,,,,,,,"{""method_title"":""Purchase Order""}"
1234,1234,,,,,,,,,4.9600,4.9600,,,31.2700,,,,31.2700,,,,,0,,purchaseorder,,,,,,,,,0,,,,,,11057,0,,,,,,,,,,,,"{""method_title"":""Purchase Order""}"
1235,1235,,,,,,,,,4.9600,4.9600,,,26.6300,,,,26.6300,,,,,,,purchaseorder,,,,,,,,,,,,,,,11062,,,,,,,,,,,,,"{""method_title"":""Purchase Order""}"
1236,1236,,,,,,,,,4.9600,4.9600,,,52.5000,,,,52.5000,,,,,,,purchaseorder,,,,,,,,,,,,,,,11063,,,,,,,,,,,,,"{""method_title"":""Purchase Order""}"
1237,1237,,,,,,,,,4.9600,4.9600,,,49.9100,,,,49.9100,,,,,,,purchaseorder,,,,,,,,,,,,,,,11068,,,,,,,,,,,,,"{""method_title"":""Purchase Order""}"
1238,1238,,,,,,,,,4.5000,4.5000,,,50.9500,,,,50.9500,,,,,,,purchaseorder,,,,,,,,,,,,,,,MC/Beattie/PR1,,,,,,,,,,,,,"{""method_title"":""Purchase Order""}"
1239,1239,,,,,,,,,4.5000,4.5000,,,28.1800,,,,28.1800,,,,,,,purchaseorder,,,,,,,,,,,,,,,MC/Allen/Sa12,,,,,,,,,,,,,"{""method_title"":""Purchase Order""}"
1240,1240,,,,,,,,,4.5000,4.5000,,,62.3800,,,,62.3800,,,,,,,purchaseorder,,,,,,,,,,,,,,,MC/Smith/Wr2,,,,,,,,,,,,,"{""method_title"":""Purchase Order""}"
1241,1241,,,,,,,,,0.0000,0.0000,,,66.6000,,,,66.6000,,,,,,,purchaseorder,,,,,,,,,,,,,,,FRANKIE08072022,,,,,,,,,,,,,"{""method_title"":""Purchase Order""}"
1242,1242,,,,,,,,,0.0000,0.0000,,,162.0500,,,,162.0500,,,,,,,purchaseorder,,,,,,,,,,,,,,,FRANKIE08072022,,,,,,,,,,,,,"{""method_title"":""Purchase Order""}"
1243,1243,,,,,,,,,0.0000,0.0000,,,55.2100,,,,55.2100,,,,,0,,purchaseorder,,,,,,,,,0,,,,,,ac080722,0,,,,,,,,,,,,"{""method_title"":""Purchase Order""}"
1244,1244,,,,,,,,,4.5000,4.5000,,,28.1800,,,,28.1800,,,,,,,purchaseorder,,,,,,,,,,,,,,,Mc/Ransford/DN18,,,,,,,,,,,,,"{""method_title"":""Purchase Order""}"
1245,1245,,,,,,,,,4.5000,4.5000,,,28.1800,,,,28.1800,,,,,,,purchaseorder,,,,,,,,,,,,,,,Mc/Wolstenholme/M6,,,,,,,,,,,,,"{""method_title"":""Purchase Order""}"
1246,1246,,,,,,,,,4.5000,4.5000,,,28.1800,,,,28.1800,,,,,,,purchaseorder,,,,,,,,,,,,,,,MC/Burrow/St5,,,,,,,,,,,,,"{""method_title"":""Purchase Order""}"
1247,1247,,,,,,,,,4.5000,4.5000,,,36.7200,,,,36.7200,,,,,,,purchaseorder,,,,,,,,,,,,,,,MC/McDonald/FK2,,,,,,,,,,,,,"{""method_title"":""Purchase Order""}"
1248,1248,,,,,,,,,4.9600,4.9600,,,49.9100,,,,49.9100,,,,,,,purchaseorder,,,,,,,,,,,,,,,11074,,,,,,,,,,,,,"{""method_title"":""Purchase Order""}"
1249,1249,,,,,,,,,4.9600,4.9600,,,26.6300,,,,26.6300,,,,,,,purchaseorder,,,,,,,,,,,,,,,11085,,,,,,,,,,,,,"{""method_title"":""Purchase Order""}"
1250,1250,,,,,,,,,4.9600,4.9600,,,34.3900,,,,34.3900,,,,,,,purchaseorder,,,,,,,,,,,,,,,111096,,,,,,,,,,,,,"{""method_title"":""Purchase Order""}"
1251,1251,,,,,,,,,4.9600,4.9600,,,26.6300,,,,26.6300,,,,,,,purchaseorder,,,,,,,,,,,,,,,11112,,,,,,,,,,,,,"{""method_title"":""Purchase Order""}"
1252,1252,,,,,,,,,4.9600,4.9600,,,31.2700,,,,31.2700,,,,,,,purchaseorder,,,,,,,,,,,,,,,11133,,,,,,,,,,,,,"{""method_title"":""Purchase Order""}"
1253,1253,,,,,,,,,4.9600,4.9600,,,48.3600,,,,48.3600,,,,,,,purchaseorder,,,,,,,,,,,,,,,11161,,,,,,,,,,,,,"{""method_title"":""Purchase Order""}"
1254,1254,,,,,,,,,4.9600,4.9600,,,26.6300,,,,26.6300,,,,,,,purchaseorder,,,,,,,,,,,,,,,11164,,,,,,,,,,,,,"{""method_title"":""Purchase Order""}"
1255,1255,,,,,,,,,4.9600,4.9600,,,57.6700,,,,57.6700,,,,,,,purchaseorder,,,,,,,,,,,,,,,11167,,,,,,,,,,,,,"{""method_title"":""Purchase Order""}"
1256,1256,,,,,,,,,4.9600,4.9600,,,48.3600,,,,48.3600,,,,,,,purchaseorder,,,,,,,,,,,,,,,11171,,,,,,,,,,,,,"{""method_title"":""Purchase Order""}"
1257,1257,,,,,,,,,4.9600,4.9600,,,28.1800,,,,28.1800,,,,,,,purchaseorder,,,,,,,,,,,,,,,11179,,,,,,,,,,,,,"{""method_title"":""Purchase Order""}"
1258,1258,,,,,,,,,4.9600,4.9600,,,48.3600,,,,48.3600,,,,,0,,purchaseorder,,,,,,,,,0,,,,,,11183,0,,,,,,,,,,,,"{""method_title"":""Purchase Order""}"
1259,1259,,,,,,,,,4.9600,4.9600,,,26.6300,,,,26.6300,,,,,,,purchaseorder,,,,,,,,,,,,,,,11218,,,,,,,,,,,,,"{""method_title"":""Purchase Order""}"
1260,1260,,,,,,,,,4.9600,4.9600,,,26.6300,,,,26.6300,,,,,,,purchaseorder,,,,,,,,,,,,,,,11221,,,,,,,,,,,,,"{""method_title"":""Purchase Order""}"
1261,1261,,,,,,,,,4.9600,4.9600,,,26.6300,,,,26.6300,,,,,,,purchaseorder,,,,,,,,,,,,,,,11231,,,,,,,,,,,,,"{""method_title"":""Purchase Order""}"
1262,1262,,,,,,,,,4.9600,4.9600,,,26.6300,,,,26.6300,,,,,,,purchaseorder,,,,,,,,,,,,,,,11233,,,,,,,,,,,,,"{""method_title"":""Purchase Order""}"
1263,1263,,,,,,,,,4.9600,4.9600,,,26.6300,,,,26.6300,,,,,,,purchaseorder,,,,,,,,,,,,,,,11239,,,,,,,,,,,,,"{""method_title"":""Purchase Order""}"
1264,1264,,,,,,,,,4.9600,4.9600,,,26.6300,,,,26.6300,,,,,,,purchaseorder,,,,,,,,,,,,,,,11253,,,,,,,,,,,,,"{""method_title"":""Purchase Order""}"
1265,1265,,,,,,,,,4.9600,4.9600,,,49.9100,,,,49.9100,,,,,,,purchaseorder,,,,,,,,,,,,,,,11270,,,,,,,,,,,,,"{""method_title"":""Purchase Order""}"
1266,1266,,,,,,,,,4.9600,4.9600,,,26.6300,,,,26.6300,,,,,,,purchaseorder,,,,,,,,,,,,,,,11271,,,,,,,,,,,,,"{""method_title"":""Purchase Order""}"
1267,1267,,,,,,,,,4.9600,4.9600,,,57.6700,,,,57.6700,,,,,,,purchaseorder,,,,,,,,,,,,,,,11276,,,,,,,,,,,,,"{""method_title"":""Purchase Order""}"
1268,1268,,,,,,,,,4.9600,4.9600,,,31.2700,,,,31.2700,,,,,,,purchaseorder,,,,,,,,,,,,,,,11279,,,,,,,,,,,,,"{""method_title"":""Purchase Order""}"
1269,1269,,,,,,,,,4.9600,4.9600,,,57.6700,,,,57.6700,,,,,,,purchaseorder,,,,,,,,,,,,,,,11282,,,,,,,,,,,,,"{""method_title"":""Purchase Order""}"
1270,1270,,,,,,,,,4.9600,4.9600,,,26.6300,,,,26.6300,,,,,,,purchaseorder,,,,,,,,,,,,,,,11289,,,,,,,,,,,,,"{""method_title"":""Purchase Order""}"
1271,1271,,,,,,,,,4.9600,4.9600,,,318.3400,,,,318.3400,,,,,,,purchaseorder,,,,,,,,,,,,,,,11310,,,,,,,,,,,,,"{""method_title"":""Purchase Order""}"
1272,1272,,,,,,,,,0.0000,0.0000,,,55.2100,,,,55.2100,,,,,0,,purchaseorder,,,,,,,,,0,,,,,,td 12/7/22,0,,,,,,,,,,,,"{""method_title"":""Purchase Order""}"
1273,1273,,,,,,,,,4.5000,4.5000,,,54.3600,,,,54.3600,,,,,,,purchaseorder,,,,,,,,,,,,,,,Mc/Andrews/B69,,,,,,,,,,,,,"{""method_title"":""Purchase Order""}"
1274,1274,,,,,,,,,4.5000,4.5000,,,28.1800,,,,28.1800,,,,,,,purchaseorder,,,,,,,,,,,,,,,Mc/Cameron/G84,,,,,,,,,,,,,"{""method_title"":""Purchase Order""}"
1275,1275,,,,,,,,,4.9600,4.9600,,,52.5000,,,,52.5000,,,,,,,purchaseorder,,,,,,,,,,,,,,,11314,,,,,,,,,,,,,"{""method_title"":""Purchase Order""}"
1276,1276,,,,,,,,,4.9600,4.9600,,,49.9100,,,,49.9100,,,,,,,purchaseorder,,,,,,,,,,,,,,,11320,,,,,,,,,,,,,"{""method_title"":""Purchase Order""}"
1277,1277,,,,,,,,,4.9600,4.9600,,,26.6300,,,,26.6300,,,,,,,purchaseorder,,,,,,,,,,,,,,,11324,,,,,,,,,,,,,"{""method_title"":""Purchase Order""}"
1278,1278,,,,,,,,,4.9600,4.9600,,,48.3600,,,,48.3600,,,,,,,purchaseorder,,,,,,,,,,,,,,,11332,,,,,,,,,,,,,"{""method_title"":""Purchase Order""}"
1279,1279,,,,,,,,,4.9600,4.9600,,,26.6300,,,,26.6300,,,,,,,purchaseorder,,,,,,,,,,,,,,,11338,,,,,,,,,,,,,"{""method_title"":""Purchase Order""}"
1280,1280,,,,,,,,,4.9600,4.9600,,,34.3900,,,,34.3900,,,,,,,purchaseorder,,,,,,,,,,,,,,,11340,,,,,,,,,,,,,"{""method_title"":""Purchase Order""}"
1281,1281,,,,,,,,,4.9600,4.9600,,,154.9200,,,,154.9200,,,,,,,purchaseorder,,,,,,,,,,,,,,,11351,,,,,,,,,,,,,"{""method_title"":""Purchase Order""}"
1282,1282,,,,,,,,,4.9600,4.9600,,,49.9100,,,,49.9100,,,,,,,purchaseorder,,,,,,,,,,,,,,,11359,,,,,,,,,,,,,"{""method_title"":""Purchase Order""}"
1283,1283,,,,,,,,,4.9600,4.9600,,,106.3000,,,,106.3000,,,,,,,purchaseorder,,,,,,,,,,,,,,,11360,,,,,,,,,,,,,"{""method_title"":""Purchase Order""}"
1284,1284,,,,,,,,,4.9600,4.9600,,,57.6700,,,,57.6700,,,,,,,purchaseorder,,,,,,,,,,,,,,,11369,,,,,,,,,,,,,"{""method_title"":""Purchase Order""}"
1285,1285,,,,,,,,,4.9600,4.9600,,,25.0700,,,,25.0700,,,,,,,purchaseorder,,,,,,,,,,,,,,,11370,,,,,,,,,,,,,"{""method_title"":""Purchase Order""}"
1286,1286,,,,,,,,,4.9600,4.9600,,,52.5000,,,,52.5000,,,,,,,purchaseorder,,,,,,,,,,,,,,,11375,,,,,,,,,,,,,"{""method_title"":""Purchase Order""}"
1287,1287,,,,,,,,,4.9600,4.9600,,,57.6700,,,,57.6700,,,,,,,purchaseorder,,,,,,,,,,,,,,,11234,,,,,,,,,,,,,"{""method_title"":""Purchase Order""}"
1288,1288,,,,,,,,,0.0000,0.0000,,,25.9700,,,,25.9700,,,,,0,,purchaseorder,,,,,,,,,0,,,,,,td 13/7/22,0,,,,,,,,,,,,"{""method_title"":""Purchase Order""}"
1289,1289,,,,,,,,,4.9600,4.9600,,,48.3600,,,,48.3600,,,,,,,purchaseorder,,,,,,,,,,,,,,,11378,,,,,,,,,,,,,"{""method_title"":""Purchase Order""}"
1290,1290,,,,,,,,,4.9600,4.9600,,,48.3600,,,,48.3600,,,,,,,purchaseorder,,,,,,,,,,,,,,,11380,,,,,,,,,,,,,"{""method_title"":""Purchase Order""}"
1291,1291,,,,,,,,,4.5000,4.5000,,,29.8800,,,,29.8800,,,,,,,purchaseorder,,,,,,,,,,,,,,,Mc/granrose/Yo17,,,,,,,,,,,,,"{""method_title"":""Purchase Order""}"
1292,1292,,,,,,,,,4.5000,4.5000,,,28.1800,,,,28.1800,,,,,,,purchaseorder,,,,,,,,,,,,,,,MC/Ransford/DN18,,,,,,,,,,,,,"{""method_title"":""Purchase Order""}"
1293,1293,,,,,,,,,4.5000,4.5000,,,52.1200,,,,52.1200,,,,,,,purchaseorder,,,,,,,,,,,,,,,MC/Wheeler/So19,,,,,,,,,,,,,"{""method_title"":""Purchase Order""}"
1294,1294,,,,,,,,,4.9600,4.9600,,,48.3600,,,,48.3600,,,,,,,purchaseorder,,,,,,,,,,,,,,,11390,,,,,,,,,,,,,"{""method_title"":""Purchase Order""}"
1295,1295,,,,,,,,,4.9600,4.9600,,,59.9800,,,,59.9800,,,,,,,purchaseorder,,,,,,,,,,,,,,,11401,,,,,,,,,,,,,"{""method_title"":""Purchase Order""}"
1296,1296,,,,,,,,,4.9600,4.9600,,,26.6300,,,,26.6300,,,,,,,purchaseorder,,,,,,,,,,,,,,,11403,,,,,,,,,,,,,"{""method_title"":""Purchase Order""}"
1297,1297,,,,,,,,,4.9600,4.9600,,,26.6300,,,,26.6300,,,,,,,purchaseorder,,,,,,,,,,,,,,,11404,,,,,,,,,,,,,"{""method_title"":""Purchase Order""}"
1298,1298,,,,,,,,,4.9600,4.9600,,,28.1800,,,,28.1800,,,,,,,purchaseorder,,,,,,,,,,,,,,,11408,,,,,,,,,,,,,"{""method_title"":""Purchase Order""}"
1299,1299,,,,,,,,,4.9600,4.9600,,,26.6300,,,,26.6300,,,,,,,purchaseorder,,,,,,,,,,,,,,,11410,,,,,,,,,,,,,"{""method_title"":""Purchase Order""}"
1300,1300,,,,,,,,,4.9600,4.9600,,,141.9700,,,,141.9700,,,,,,,purchaseorder,,,,,,,,,,,,,,,11413,,,,,,,,,,,,,"{""method_title"":""Purchase Order""}"
1301,1301,,,,,,,,,4.9600,4.9600,,,54.5800,,,,54.5800,,,,,,,purchaseorder,,,,,,,,,,,,,,,11419,,,,,,,,,,,,,"{""method_title"":""Purchase Order""}"
1302,1302,,,,,,,,,4.9600,4.9600,,,26.6300,,,,26.6300,,,,,,,purchaseorder,,,,,,,,,,,,,,,11420,,,,,,,,,,,,,"{""method_title"":""Purchase Order""}"
1303,1303,,,,,,,,,4.9600,4.9600,,,48.3600,,,,48.3600,,,,,,,purchaseorder,,,,,,,,,,,,,,,11422,,,,,,,,,,,,,"{""method_title"":""Purchase Order""}"
1304,1304,,,,,,,,,0.0000,0.0000,,,58.4600,,,,58.4600,,,,,,,purchaseorder,,,,,,,,,,,,,,,frankie140722,,,,,,,,,,,,,"{""method_title"":""Purchase Order""}"
1305,1305,,,,,,,,,4.9600,4.9600,,,28.1800,,,,28.1800,,,,,,,purchaseorder,,,,,,,,,,,,,,,11482,,,,,,,,,,,,,"{""method_title"":""Purchase Order""}"
1306,1306,,,,,,,,,4.5000,4.5000,,,36.7200,,,,36.7200,,,,,,,purchaseorder,,,,,,,,,,,,,,,MC/Miller/M7,,,,,,,,,,,,,"{""method_title"":""Purchase Order""}"
1307,1307,,,,,,,,,4.5000,4.5000,,,28.1800,,,,28.1800,,,,,,,purchaseorder,,,,,,,,,,,,,,,Mc/Grimme/Kt18,,,,,,,,,,,,,"{""method_title"":""Purchase Order""}"
1308,1308,,,,,,,,,4.9600,4.9600,,,54.5800,,,,54.5800,,,,,,,purchaseorder,,,,,,,,,,,,,,,11435,,,,,,,,,,,,,"{""method_title"":""Purchase Order""}"
1309,1309,,,,,,,,,4.9600,4.9600,,,96.9700,,,,96.9700,,,,,,,purchaseorder,,,,,,,,,,,,,,,11446,,,,,,,,,,,,,"{""method_title"":""Purchase Order""}"
1310,1310,,,,,,,,,4.9600,4.9600,,,26.6300,,,,26.6300,,,,,,,purchaseorder,,,,,,,,,,,,,,,11452,,,,,,,,,,,,,"{""method_title"":""Purchase Order""}"
1311,1311,,,,,,,,,4.9600,4.9600,,,52.5000,,,,52.5000,,,,,,,purchaseorder,,,,,,,,,,,,,,,11454,,,,,,,,,,,,,"{""method_title"":""Purchase Order""}"
1312,1312,,,,,,,,,4.9600,4.9600,,,57.6700,,,,57.6700,,,,,0,,purchaseorder,,,,,,,,,0,,,,,,11455,0,,,,,,,,,,,,"{""method_title"":""Purchase Order""}"
1313,1313,,,,,,,,,4.5000,4.5000,,,26.4600,,,,26.4600,,,,,,,purchaseorder,,,,,,,,,,,,,,,MC/Bartram/LN4,,,,,,,,,,,,,"{""method_title"":""Purchase Order""}"
1314,1314,,,,,,,,,4.5000,4.5000,,,28.4900,,,,28.4900,,,,,,,purchaseorder,,,,,,,,,,,,,,,MC/Abrahams/Lu3,,,,,,,,,,,,,"{""method_title"":""Purchase Order""}"
1315,1315,,,,,,,,,4.5000,4.5000,,,28.1800,,,,28.1800,,,,,,,purchaseorder,,,,,,,,,,,,,,,Mc/Salmon/CB9,,,,,,,,,,,,,"{""method_title"":""Purchase Order""}"
1316,1316,,,,,,,,,4.5000,4.5000,,,52.1200,,,,52.1200,,,,,,,purchaseorder,,,,,,,,,,,,,,,MC/Hall/CV12,,,,,,,,,,,,,"{""method_title"":""Purchase Order""}"
1317,1317,,,,,,,,,4.5000,4.5000,,,58.9600,,,,58.9600,,,,,,,purchaseorder,,,,,,,,,,,,,,,MC/Amodio/HP7 ,,,,,,,,,,,,,"{""method_title"":""Purchase Order""}"
1318,1318,,,,,,,,,4.9600,4.9600,,,52.5000,,,,52.5000,,,,,,,purchaseorder,,,,,,,,,,,,,,,11616,,,,,,,,,,,,,"{""method_title"":""Purchase Order""}"
1319,1319,,,,,,,,,4.9600,4.9600,,,48.3600,,,,48.3600,,,,,,,purchaseorder,,,,,,,,,,,,,,,11621,,,,,,,,,,,,,"{""method_title"":""Purchase Order""}"
1320,1320,,,,,,,,,4.9600,4.9600,,,34.3900,,,,34.3900,,,,,,,purchaseorder,,,,,,,,,,,,,,,11629,,,,,,,,,,,,,"{""method_title"":""Purchase Order""}"
1321,1321,,,,,,,,,4.9600,4.9600,,,57.6700,,,,57.6700,,,,,,,purchaseorder,,,,,,,,,,,,,,,11631,,,,,,,,,,,,,"{""method_title"":""Purchase Order""}"
1322,1322,,,,,,,,,4.5000,4.5000,,,28.1800,,,,28.1800,,,,,,,purchaseorder,,,,,,,,,,,,,,,Mc/Smith/ST16,,,,,,,,,,,,,"{""method_title"":""Purchase Order""}"
1323,1323,,,,,,,,,4.5000,4.5000,,,52.1200,,,,52.1200,,,,,,,purchaseorder,,,,,,,,,,,,,,,Mc/Mcnulty/DY8,,,,,,,,,,,,,"{""method_title"":""Purchase Order""}"
1324,1324,,,,,,,,,4.9600,4.9600,,,26.6300,,,,26.6300,,,,,,,purchaseorder,,,,,,,,,,,,,,,11640,,,,,,,,,,,,,"{""method_title"":""Purchase Order""}"
1325,1325,,,,,,,,,4.9600,4.9600,,,55.0900,,,,55.0900,,,,,,,purchaseorder,,,,,,,,,,,,,,,11649,,,,,,,,,,,,,"{""method_title"":""Purchase Order""}"
1326,1326,,,,,,,,,4.9600,4.9600,,,48.3600,,,,48.3600,,,,,,,purchaseorder,,,,,,,,,,,,,,,11651,,,,,,,,,,,,,"{""method_title"":""Purchase Order""}"
1327,1327,,,,,,,,,4.9600,4.9600,,,134.7400,,,,134.7400,,,,,,,purchaseorder,,,,,,,,,,,,,,,11653,,,,,,,,,,,,,"{""method_title"":""Purchase Order""}"
1328,1328,,,,,,,,,4.9600,4.9600,,,49.9100,,,,49.9100,,,,,,,purchaseorder,,,,,,,,,,,,,,,11654,,,,,,,,,,,,,"{""method_title"":""Purchase Order""}"
1329,1329,,,,,,,,,4.9600,4.9600,,,57.6700,,,,57.6700,,,,,,,purchaseorder,,,,,,,,,,,,,,,11658,,,,,,,,,,,,,"{""method_title"":""Purchase Order""}"
1330,1330,,,,,,,,,4.9600,4.9600,,,26.6300,,,,26.6300,,,,,,,purchaseorder,,,,,,,,,,,,,,,11665,,,,,,,,,,,,,"{""method_title"":""Purchase Order""}"
1331,1331,,,,,,,,,4.9600,4.9600,,,55.0900,,,,55.0900,,,,,,,purchaseorder,,,,,,,,,,,,,,,11667,,,,,,,,,,,,,"{""method_title"":""Purchase Order""}"
1332,1332,,,,,,,,,4.9600,4.9600,,,48.3600,,,,48.3600,,,,,,,purchaseorder,,,,,,,,,,,,,,,11670,,,,,,,,,,,,,"{""method_title"":""Purchase Order""}"
1333,1333,,,,,,,,,0.0000,0.0000,,,53.2700,,,,53.2700,,,,,,,purchaseorder,,,,,,,,,,,,,,,td 20/7/22,,,,,,,,,,,,,"{""method_title"":""Purchase Order""}"
1334,1334,,,,,,,,,4.5000,4.5000,,,28.1800,,,,28.1800,,,,,,,purchaseorder,,,,,,,,,,,,,,,MC/Sutherland/De13,,,,,,,,,,,,,"{""method_title"":""Purchase Order""}"
1335,1335,,,,,,,,,4.9600,4.9600,,,51.4700,,,,51.4700,,,,,,,purchaseorder,,,,,,,,,,,,,,,11671,,,,,,,,,,,,,"{""method_title"":""Purchase Order""}"
1336,1336,,,,,,,,,4.9600,4.9600,,,26.6300,,,,26.6300,,,,,,,purchaseorder,,,,,,,,,,,,,,,11675,,,,,,,,,,,,,"{""method_title"":""Purchase Order""}"
1337,1337,,,,,,,,,4.9600,4.9600,,,55.0900,,,,55.0900,,,,,,,purchaseorder,,,,,,,,,,,,,,,11679,,,,,,,,,,,,,"{""method_title"":""Purchase Order""}"
1338,1338,,,,,,,,,4.9600,4.9600,,,34.3900,,,,34.3900,,,,,,,purchaseorder,,,,,,,,,,,,,,,11680,,,,,,,,,,,,,"{""method_title"":""Purchase Order""}"
1339,1339,,,,,,,,,4.9600,4.9600,,,26.9200,,,,26.9200,,,,,,,purchaseorder,,,,,,,,,,,,,,,11684,,,,,,,,,,,,,"{""method_title"":""Purchase Order""}"
1340,1340,,,,,,,,,4.9600,4.9600,,,26.6300,,,,26.6300,,,,,,,purchaseorder,,,,,,,,,,,,,,,11699,,,,,,,,,,,,,"{""method_title"":""Purchase Order""}"
1341,1341,,,,,,,,,4.9600,4.9600,,,26.6300,,,,26.6300,,,,,,,purchaseorder,,,,,,,,,,,,,,,11701,,,,,,,,,,,,,"{""method_title"":""Purchase Order""}"
1342,1342,,,,,,,,,4.5000,4.5000,,,38.4400,,,,38.4400,,,,,,,purchaseorder,,,,,,,,,,,,,,,MC/Mapplebeck/NE69,,,,,,,,,,,,,"{""method_title"":""Purchase Order""}"
1343,1343,,,,,,,,,4.5000,4.5000,,,28.1800,,,,28.1800,,,,,,,purchaseorder,,,,,,,,,,,,,,,MC/King/ME17,,,,,,,,,,,,,"{""method_title"":""Purchase Order""}"
1344,1344,,,,,,,,,4.5000,4.5000,,,28.1800,,,,28.1800,,,,,,,purchaseorder,,,,,,,,,,,,,,,MC/McCormick/G77,,,,,,,,,,,,,"{""method_title"":""Purchase Order""}"
1345,1345,,,,,,,,,4.9600,4.9600,,,26.6300,,,,26.6300,,,,,,,purchaseorder,,,,,,,,,,,,,,,11733,,,,,,,,,,,,,"{""method_title"":""Purchase Order""}"
1346,1346,,,,,,,,,4.9600,4.9600,,,27.6600,,,,27.6600,,,,,,,purchaseorder,,,,,,,,,,,,,,,11725,,,,,,,,,,,,,"{""method_title"":""Purchase Order""}"
1347,1347,,,,,,,,,4.9600,4.9600,,,26.6300,,,,26.6300,,,,,0,,purchaseorder,,,,,,,,,0,,,,,,11722,0,,,,,,,,,,,,"{""method_title"":""Purchase Order""}"
1348,1348,,,,,,,,,4.9600,4.9600,,,26.6300,,,,26.6300,,,,,,,purchaseorder,,,,,,,,,,,,,,,11720,,,,,,,,,,,,,"{""method_title"":""Purchase Order""}"
1349,1349,,,,,,,,,4.9600,4.9600,,,48.3600,,,,48.3600,,,,,,,purchaseorder,,,,,,,,,,,,,,,11714,,,,,,,,,,,,,"{""method_title"":""Purchase Order""}"
1350,1350,,,,,,,,,4.9600,4.9600,,,26.6300,,,,26.6300,,,,,,,purchaseorder,,,,,,,,,,,,,,,11711,,,,,,,,,,,,,"{""method_title"":""Purchase Order""}"
1351,1351,,,,,,,,,4.9600,4.9600,,,48.3600,,,,48.3600,,,,,,,purchaseorder,,,,,,,,,,,,,,,11709,,,,,,,,,,,,,"{""method_title"":""Purchase Order""}"
1352,1352,,,,,,,,,4.9600,4.9600,,,49.9100,,,,49.9100,,,,,,,purchaseorder,,,,,,,,,,,,,,,11705,,,,,,,,,,,,,"{""method_title"":""Purchase Order""}"
1353,1353,,,,,,,,,0.0000,0.0000,,,105.7800,,,,105.7800,,,,,0,,purchaseorder,,,,,,,,,0,,,,,,JB230722,0,,,,,,,,,,,,"{""method_title"":""Purchase Order""}"
1354,1354,,,,,,,,,4.9600,4.9600,,,26.6300,,,,26.6300,,,,,,,purchaseorder,,,,,,,,,,,,,,,11739,,,,,,,,,,,,,"{""method_title"":""Purchase Order""}"
1355,1355,,,,,,,,,4.9600,4.9600,,,26.6300,,,,26.6300,,,,,,,purchaseorder,,,,,,,,,,,,,,,11740,,,,,,,,,,,,,"{""method_title"":""Purchase Order""}"
1356,1356,,,,,,,,,4.9600,4.9600,,,26.6300,,,,26.6300,,,,,0,,purchaseorder,,,,,,,,,0,,,,,,11745,0,,,,,,,,,,,,"{""method_title"":""Purchase Order""}"
1357,1357,,,,,,,,,4.9600,4.9600,,,96.4600,,,,96.4600,,,,,,,purchaseorder,,,,,,,,,,,,,,,11747,,,,,,,,,,,,,"{""method_title"":""Purchase Order""}"
1358,1358,,,,,,,,,4.9600,4.9600,,,49.9100,,,,49.9100,,,,,,,purchaseorder,,,,,,,,,,,,,,,11748,,,,,,,,,,,,,"{""method_title"":""Purchase Order""}"
1359,1359,,,,,,,,,4.9600,4.9600,,,26.6300,,,,26.6300,,,,,,,purchaseorder,,,,,,,,,,,,,,,11751,,,,,,,,,,,,,"{""method_title"":""Purchase Order""}"
1360,1360,,,,,,,,,4.9600,4.9600,,,26.9200,,,,26.9200,,,,,,,purchaseorder,,,,,,,,,,,,,,,11756,,,,,,,,,,,,,"{""method_title"":""Purchase Order""}"
1361,1361,,,,,,,,,4.9600,4.9600,,,26.9200,,,,26.9200,,,,,,,purchaseorder,,,,,,,,,,,,,,,11760,,,,,,,,,,,,,"{""method_title"":""Purchase Order""}"
1362,1362,,,,,,,,,4.9600,4.9600,,,54.5800,,,,54.5800,,,,,0,,purchaseorder,,,,,,,,,0,,,,,,11781,0,,,,,,,,,,,,"{""method_title"":""Purchase Order""}"
1363,1363,,,,,,,,,4.9600,4.9600,,,26.6300,,,,26.6300,,,,,,,purchaseorder,,,,,,,,,,,,,,,11789,,,,,,,,,,,,,"{""method_title"":""Purchase Order""}"
1364,1364,,,,,,,,,4.9600,4.9600,,,52.5000,,,,52.5000,,,,,,,purchaseorder,,,,,,,,,,,,,,,11790,,,,,,,,,,,,,"{""method_title"":""Purchase Order""}"
1365,1365,,,,,,,,,4.9600,4.9600,,,55.0900,,,,55.0900,,,,,,,purchaseorder,,,,,,,,,,,,,,,11796,,,,,,,,,,,,,"{""method_title"":""Purchase Order""}"
1366,1366,,,,,,,,,4.9600,4.9600,,,54.0600,,,,54.0600,,,,,,,purchaseorder,,,,,,,,,,,,,,,11798,,,,,,,,,,,,,"{""method_title"":""Purchase Order""}"
1367,1367,,,,,,,,,4.9600,4.9600,,,34.3900,,,,34.3900,,,,,,,purchaseorder,,,,,,,,,,,,,,,11805,,,,,,,,,,,,,"{""method_title"":""Purchase Order""}"
1368,1368,,,,,,,,,4.9600,4.9600,,,27.6600,,,,27.6600,,,,,,,purchaseorder,,,,,,,,,,,,,,,11811,,,,,,,,,,,,,"{""method_title"":""Purchase Order""}"
1369,1369,,,,,,,,,4.9600,4.9600,,,26.9200,,,,26.9200,,,,,,,purchaseorder,,,,,,,,,,,,,,,11812,,,,,,,,,,,,,"{""method_title"":""Purchase Order""}"
1370,1370,,,,,,,,,4.9600,4.9600,,,26.9200,,,,26.9200,,,,,,,purchaseorder,,,,,,,,,,,,,,,11816,,,,,,,,,,,,,"{""method_title"":""Purchase Order""}"
1371,1371,,,,,,,,,4.9600,4.9600,,,47.2900,,,,47.2900,,,,,,,purchaseorder,,,,,,,,,,,,,,,11818,,,,,,,,,,,,,"{""method_title"":""Purchase Order""}"
1372,1372,,,,,,,,,4.9600,4.9600,,,26.6300,,,,26.6300,,,,,,,purchaseorder,,,,,,,,,,,,,,,11821,,,,,,,,,,,,,"{""method_title"":""Purchase Order""}"
1373,1373,,,,,,,,,4.9600,4.9600,,,47.2900,,,,47.2900,,,,,,,purchaseorder,,,,,,,,,,,,,,,11825,,,,,,,,,,,,,"{""method_title"":""Purchase Order""}"
1374,1374,,,,,,,,,4.9600,4.9600,,,96.4600,,,,96.4600,,,,,,,purchaseorder,,,,,,,,,,,,,,,11830,,,,,,,,,,,,,"{""method_title"":""Purchase Order""}"
1375,1375,,,,,,,,,4.9600,4.9600,,,57.6700,,,,57.6700,,,,,,,purchaseorder,,,,,,,,,,,,,,,11831,,,,,,,,,,,,,"{""method_title"":""Purchase Order""}"
1376,1376,,,,,,,,,4.9600,4.9600,,,48.3600,,,,48.3600,,,,,,,purchaseorder,,,,,,,,,,,,,,,11832,,,,,,,,,,,,,"{""method_title"":""Purchase Order""}"
1377,1377,,,,,,,,,4.9600,4.9600,,,52.5000,,,,52.5000,,,,,,,purchaseorder,,,,,,,,,,,,,,,11838,,,,,,,,,,,,,"{""method_title"":""Purchase Order""}"
1378,1378,,,,,,,,,4.5000,4.5000,,,36.7200,,,,36.7200,,,,,,,purchaseorder,,,,,,,,,,,,,,,MC/Meadows/BL1,,,,,,,,,,,,,"{""method_title"":""Purchase Order""}"
1379,1379,,,,,,,,,4.9600,4.9600,,,52.5000,,,,52.5000,,,,,,,purchaseorder,,,,,,,,,,,,,,,11879,,,,,,,,,,,,,"{""method_title"":""Purchase Order""}"
1380,1380,,,,,,,,,4.9600,4.9600,,,54.0600,,,,54.0600,,,,,,,purchaseorder,,,,,,,,,,,,,,,11877,,,,,,,,,,,,,"{""method_title"":""Purchase Order""}"
1381,1381,,,,,,,,,4.9600,4.9600,,,26.6300,,,,26.6300,,,,,,,purchaseorder,,,,,,,,,,,,,,,11875,,,,,,,,,,,,,"{""method_title"":""Purchase Order""}"
1382,1382,,,,,,,,,4.9600,4.9600,,,49.9100,,,,49.9100,,,,,,,purchaseorder,,,,,,,,,,,,,,,11874,,,,,,,,,,,,,"{""method_title"":""Purchase Order""}"
1383,1383,,,,,,,,,4.9600,4.9600,,,31.2700,,,,31.2700,,,,,,,purchaseorder,,,,,,,,,,,,,,,11871,,,,,,,,,,,,,"{""method_title"":""Purchase Order""}"
1384,1384,,,,,,,,,4.9600,4.9600,,,34.3900,,,,34.3900,,,,,,,purchaseorder,,,,,,,,,,,,,,,11863,,,,,,,,,,,,,"{""method_title"":""Purchase Order""}"
1385,1385,,,,,,,,,4.9600,4.9600,,,26.6300,,,,26.6300,,,,,,,purchaseorder,,,,,,,,,,,,,,,11857,,,,,,,,,,,,,"{""method_title"":""Purchase Order""}"
1386,1386,,,,,,,,,4.9600,4.9600,,,26.6300,,,,26.6300,,,,,,,purchaseorder,,,,,,,,,,,,,,,11856,,,,,,,,,,,,,"{""method_title"":""Purchase Order""}"
1387,1387,,,,,,,,,4.9600,4.9600,,,26.6300,,,,26.6300,,,,,,,purchaseorder,,,,,,,,,,,,,,,11855,,,,,,,,,,,,,"{""method_title"":""Purchase Order""}"
1388,1388,,,,,,,,,4.9600,4.9600,,,26.9200,,,,26.9200,,,,,,,purchaseorder,,,,,,,,,,,,,,,11853,,,,,,,,,,,,,"{""method_title"":""Purchase Order""}"
1389,1389,,,,,,,,,4.9600,4.9600,,,49.9100,,,,49.9100,,,,,,,purchaseorder,,,,,,,,,,,,,,,11851,,,,,,,,,,,,,"{""method_title"":""Purchase Order""}"
1390,1390,,,,,,,,,4.9600,4.9600,,,48.3600,,,,48.3600,,,,,,,purchaseorder,,,,,,,,,,,,,,,11847,,,,,,,,,,,,,"{""method_title"":""Purchase Order""}"
1391,1391,,,,,,,,,4.9600,4.9600,,,28.1800,,,,28.1800,,,,,,,purchaseorder,,,,,,,,,,,,,,,11844,,,,,,,,,,,,,"{""method_title"":""Purchase Order""}"
1392,1392,,,,,,,,,4.5000,4.5000,,,28.1800,,,,28.1800,,,,,,,purchaseorder,,,,,,,,,,,,,,,MC/Sumner/PR5,,,,,,,,,,,,,"{""method_title"":""Purchase Order""}"
1393,1393,,,,,,,,,4.5000,4.5000,,,28.4900,,,,28.4900,,,,,,,purchaseorder,,,,,,,,,,,,,,,MC/Carpenter/MK44,,,,,,,,,,,,,"{""method_title"":""Purchase Order""}"
1394,1394,,,,,,,,,4.9600,4.9600,,,26.6300,,,,26.6300,,,,,,,purchaseorder,,,,,,,,,,,,,,,11886,,,,,,,,,,,,,"{""method_title"":""Purchase Order""}"
1395,1395,,,,,,,,,4.9600,4.9600,,,49.9100,,,,49.9100,,,,,0,,purchaseorder,,,,,,,,,0,,,,,,11890,0,,,,,,,,,,,,"{""method_title"":""Purchase Order""}"
1396,1396,,,,,,,,,4.9600,4.9600,,,26.6300,,,,26.6300,,,,,,,purchaseorder,,,,,,,,,,,,,,,11893,,,,,,,,,,,,,"{""method_title"":""Purchase Order""}"
1397,1397,,,,,,,,,4.9600,4.9600,,,26.9200,,,,26.9200,,,,,,,purchaseorder,,,,,,,,,,,,,,,11894,,,,,,,,,,,,,"{""method_title"":""Purchase Order""}"
1398,1398,,,,,,,,,4.9600,4.9600,,,57.6700,,,,57.6700,,,,,,,purchaseorder,,,,,,,,,,,,,,,11896,,,,,,,,,,,,,"{""method_title"":""Purchase Order""}"
1399,1399,,,,,,,,,4.9600,4.9600,,,57.6700,,,,57.6700,,,,,,,purchaseorder,,,,,,,,,,,,,,,11900,,,,,,,,,,,,,"{""method_title"":""Purchase Order""}"
1400,1400,,,,,,,,,4.9600,4.9600,,,48.3600,,,,48.3600,,,,,,,purchaseorder,,,,,,,,,,,,,,,11901,,,,,,,,,,,,,"{""method_title"":""Purchase Order""}"
1401,1401,,,,,,,,,4.9600,4.9600,,,26.6300,,,,26.6300,,,,,,,purchaseorder,,,,,,,,,,,,,,,11903,,,,,,,,,,,,,"{""method_title"":""Purchase Order""}"
1402,1402,,,,,,,,,4.9600,4.9600,,,57.6700,,,,57.6700,,,,,,,purchaseorder,,,,,,,,,,,,,,,11907,,,,,,,,,,,,,"{""method_title"":""Purchase Order""}"
1403,1403,,,,,,,,,4.5000,4.5000,,,29.3200,,,,29.3200,,,,,,,purchaseorder,,,,,,,,,,,,,,,MC/Hallam/SO32,,,,,,,,,,,,,"{""method_title"":""Purchase Order""}"
1404,1404,,,,,,,,,4.5000,4.5000,,,29.3200,,,,29.3200,,,,,,,purchaseorder,,,,,,,,,,,,,,,Mc/Bate/LN12,,,,,,,,,,,,,"{""method_title"":""Purchase Order""}"
1405,1405,,,,,,,,,4.9600,4.9600,,,52.5000,,,,52.5000,,,,,,,purchaseorder,,,,,,,,,,,,,,,11913,,,,,,,,,,,,,"{""method_title"":""Purchase Order""}"
1406,1406,,,,,,,,,4.9600,4.9600,,,49.9100,,,,49.9100,,,,,,,purchaseorder,,,,,,,,,,,,,,,11914,,,,,,,,,,,,,"{""method_title"":""Purchase Order""}"
1407,1407,,,,,,,,,4.9600,4.9600,,,26.6300,,,,26.6300,,,,,,,purchaseorder,,,,,,,,,,,,,,,11917,,,,,,,,,,,,,"{""method_title"":""Purchase Order""}"
1408,1408,,,,,,,,,4.9600,4.9600,,,48.3600,,,,48.3600,,,,,0,,purchaseorder,,,,,,,,,0,,,,,,11920,0,,,,,,,,,,,,"{""method_title"":""Purchase Order""}"
1409,1409,,,,,,,,,4.9600,4.9600,,,31.2700,,,,31.2700,,,,,,,purchaseorder,,,,,,,,,,,,,,,11926,,,,,,,,,,,,,"{""method_title"":""Purchase Order""}"
1410,1410,,,,,,,,,4.9600,4.9600,,,31.2700,,,,31.2700,,,,,0,,purchaseorder,,,,,,,,,0,,,,,,11933,0,,,,,,,,,,,,"{""method_title"":""Purchase Order""}"
1411,1411,,,,,,,,,4.5000,4.5000,,,33.3000,,,,33.3000,,,,,,,purchaseorder,,,,,,,,,,,,,,,Mc/Coulthurst/PPE15,,,,,,,,,,,,,"{""method_title"":""Purchase Order""}"
1412,1412,,,,,,,,,0.0000,0.0000,,,64.9700,,,,64.9700,,,,,0,,purchaseorder,,,,,,,,,0,,,,,,FRANKIE280722,0,,,,,,,,,,,,"{""method_title"":""Purchase Order""}"
1413,1413,,,,,,,,,4.9600,4.9600,,,49.9100,,,,49.9100,,,,,,,purchaseorder,,,,,,,,,,,,,,,11935,,,,,,,,,,,,,"{""method_title"":""Purchase Order""}"
1414,1414,,,,,,,,,4.9600,4.9600,,,52.5000,,,,52.5000,,,,,,,purchaseorder,,,,,,,,,,,,,,,11938,,,,,,,,,,,,,"{""method_title"":""Purchase Order""}"
1415,1415,,,,,,,,,4.9600,4.9600,,,52.5000,,,,52.5000,,,,,,,purchaseorder,,,,,,,,,,,,,,,11939,,,,,,,,,,,,,"{""method_title"":""Purchase Order""}"
1416,1416,,,,,,,,,4.9600,4.9600,,,52.5000,,,,52.5000,,,,,,,purchaseorder,,,,,,,,,,,,,,,11942,,,,,,,,,,,,,"{""method_title"":""Purchase Order""}"
1417,1417,,,,,,,,,4.9600,4.9600,,,26.9200,,,,26.9200,,,,,,,purchaseorder,,,,,,,,,,,,,,,11945,,,,,,,,,,,,,"{""method_title"":""Purchase Order""}"
1418,1418,,,,,,,,,4.9600,4.9600,,,48.3600,,,,48.3600,,,,,,,purchaseorder,,,,,,,,,,,,,,,11949,,,,,,,,,,,,,"{""method_title"":""Purchase Order""}"
1419,1419,,,,,,,,,4.9600,4.9600,,,27.6600,,,,27.6600,,,,,,,purchaseorder,,,,,,,,,,,,,,,11952,,,,,,,,,,,,,"{""method_title"":""Purchase Order""}"
1420,1420,,,,,,,,,4.5000,4.5000,,,29.8800,,,,29.8800,,,,,,,purchaseorder,,,,,,,,,,,,,,,MC/Donnelly/HA3,,,,,,,,,,,,,"{""method_title"":""Purchase Order""}"
1421,1421,,,,,,,,,0.0000,0.0000,,,204.5500,,,,204.5500,,,,,,,purchaseorder,,,,,,,,,,,,,,,FRANKIE290722,,,,,,,,,,,,,"{""method_title"":""Purchase Order""}"
1422,1422,,,,,,,,,0.0000,0.0000,,,197.1700,,,,197.1700,,,,,,,purchaseorder,,,,,,,,,,,,,,,FRANKIE30/07/22,,,,,,,,,,,,,"{""method_title"":""Purchase Order""}"
1423,1423,,,,,,,,,0.0000,0.0000,,,56.5200,,,,56.5200,,,,,,,purchaseorder,,,,,,,,,,,,,,,ac010822,,,,,,,,,,,,,"{""method_title"":""Purchase Order""}"
1424,1424,,,,,,,,,4.9600,4.9600,,,49.9100,,,,49.9100,,,,,,,purchaseorder,,,,,,,,,,,,,,,11957,,,,,,,,,,,,,"{""method_title"":""Purchase Order""}"
1425,1425,,,,,,,,,4.9600,4.9600,,,72.6500,,,,72.6500,,,,,,,purchaseorder,,,,,,,,,,,,,,,11958,,,,,,,,,,,,,"{""method_title"":""Purchase Order""}"
1426,1426,,,,,,,,,4.9600,4.9600,,,55.0900,,,,55.0900,,,,,,,purchaseorder,,,,,,,,,,,,,,,11963,,,,,,,,,,,,,"{""method_title"":""Purchase Order""}"
1427,1427,,,,,,,,,4.9600,4.9600,,,28.1800,,,,28.1800,,,,,,,purchaseorder,,,,,,,,,,,,,,,11965,,,,,,,,,,,,,"{""method_title"":""Purchase Order""}"
1428,1428,,,,,,,,,4.9600,4.9600,,,48.3600,,,,48.3600,,,,,,,purchaseorder,,,,,,,,,,,,,,,11970,,,,,,,,,,,,,"{""method_title"":""Purchase Order""}"
1429,1429,,,,,,,,,4.9600,4.9600,,,51.4700,,,,51.4700,,,,,,,purchaseorder,,,,,,,,,,,,,,,11973,,,,,,,,,,,,,"{""method_title"":""Purchase Order""}"
1430,1430,,,,,,,,,4.9600,4.9600,,,26.9200,,,,26.9200,,,,,,,purchaseorder,,,,,,,,,,,,,,,11978,,,,,,,,,,,,,"{""method_title"":""Purchase Order""}"
1431,1431,,,,,,,,,4.9600,4.9600,,,26.6300,,,,26.6300,,,,,,,purchaseorder,,,,,,,,,,,,,,,11989,,,,,,,,,,,,,"{""method_title"":""Purchase Order""}"
1432,1432,,,,,,,,,4.9600,4.9600,,,26.6300,,,,26.6300,,,,,,,purchaseorder,,,,,,,,,,,,,,,11990,,,,,,,,,,,,,"{""method_title"":""Purchase Order""}"
1433,1433,,,,,,,,,4.9600,4.9600,,,31.2700,,,,31.2700,,,,,,,purchaseorder,,,,,,,,,,,,,,,12006,,,,,,,,,,,,,"{""method_title"":""Purchase Order""}"
1434,1434,,,,,,,,,4.9600,4.9600,,,26.6300,,,,26.6300,,,,,,,purchaseorder,,,,,,,,,,,,,,,12009,,,,,,,,,,,,,"{""method_title"":""Purchase Order""}"
1435,1435,,,,,,,,,4.9600,4.9600,,,57.6700,,,,57.6700,,,,,,,purchaseorder,,,,,,,,,,,,,,,12010,,,,,,,,,,,,,"{""method_title"":""Purchase Order""}"
1436,1436,,,,,,,,,4.9600,4.9600,,,27.6600,,,,27.6600,,,,,,,purchaseorder,,,,,,,,,,,,,,,12016,,,,,,,,,,,,,"{""method_title"":""Purchase Order""}"
1437,1437,,,,,,,,,4.9600,4.9600,,,26.6300,,,,26.6300,,,,,,,purchaseorder,,,,,,,,,,,,,,,12019,,,,,,,,,,,,,"{""method_title"":""Purchase Order""}"
1438,1438,,,,,,,,,4.9600,4.9600,,,26.6300,,,,26.6300,,,,,,,purchaseorder,,,,,,,,,,,,,,,12022,,,,,,,,,,,,,"{""method_title"":""Purchase Order""}"
1439,1439,,,,,,,,,4.9600,4.9600,,,52.5000,,,,52.5000,,,,,,,purchaseorder,,,,,,,,,,,,,,,12025,,,,,,,,,,,,,"{""method_title"":""Purchase Order""}"
1440,1440,,,,,,,,,4.9600,4.9600,,,26.6300,,,,26.6300,,,,,,,purchaseorder,,,,,,,,,,,,,,,12028,,,,,,,,,,,,,"{""method_title"":""Purchase Order""}"
1441,1441,,,,,,,,,4.9600,4.9600,,,55.0900,,,,55.0900,,,,,,,purchaseorder,,,,,,,,,,,,,,,12039,,,,,,,,,,,,,"{""method_title"":""Purchase Order""}"
1442,1442,,,,,,,,,4.5000,4.5000,,,29.3200,,,,29.3200,,,,,,,purchaseorder,,,,,,,,,,,,,,,MC/Sharpe/HD2,,,,,,,,,,,,,"{""method_title"":""Purchase Order""}"
1443,1443,,,,,,,,,4.5000,4.5000,,,28.1800,,,,28.1800,,,,,,,purchaseorder,,,,,,,,,,,,,,,mc/harrison/b65,,,,,,,,,,,,,"{""method_title"":""Purchase Order""}"
1444,1444,,,,,,,,,4.5000,4.5000,,,29.3200,,,,29.3200,,,,,,,purchaseorder,,,,,,,,,,,,,,,mc/murphy/g42,,,,,,,,,,,,,"{""method_title"":""Purchase Order""}"
1445,1445,,,,,,,,,4.5000,4.5000,,,36.7200,,,,36.7200,,,,,,,purchaseorder,,,,,,,,,,,,,,,mc./jeffs/wd5,,,,,,,,,,,,,"{""method_title"":""Purchase Order""}"
1446,1446,,,,,,,,,4.5000,4.5000,,,58.3800,,,,58.3800,,,,,,,purchaseorder,,,,,,,,,,,,,,,MC/Haywood/np12,,,,,,,,,,,,,"{""method_title"":""Purchase Order""}"
1447,1447,,,,,,,,,4.5000,4.5000,,,29.8800,,,,29.8800,,,,,,,purchaseorder,,,,,,,,,,,,,,,mc/Officer/dd5,,,,,,,,,,,,,"{""method_title"":""Purchase Order""}"
1448,1448,,,,,,,,,4.5000,4.5000,,,53.8200,,,,53.8200,,,,,,,purchaseorder,,,,,,,,,,,,,,,Mc/McAuley/WA4,,,,,,,,,,,,,"{""method_title"":""Purchase Order""}"
1449,1449,,,,,,,,,4.5000,4.5000,,,28.1800,,,,28.1800,,,,,,,purchaseorder,,,,,,,,,,,,,,,MC/Desouza/GU15,,,,,,,,,,,,,"{""method_title"":""Purchase Order""}"
1450,1450,,,,,,,,,4.9600,4.9600,,,139.2800,,,,139.2800,,,,,,,purchaseorder,,,,,,,,,,,,,,,12041,,,,,,,,,,,,,"{""method_title"":""Purchase Order""}"
1451,1451,,,,,,,,,4.9600,4.9600,,,26.9200,,,,26.9200,,,,,,,purchaseorder,,,,,,,,,,,,,,,12044,,,,,,,,,,,,,"{""method_title"":""Purchase Order""}"
1452,1452,,,,,,,,,4.9600,4.9600,,,54.0600,,,,54.0600,,,,,,,purchaseorder,,,,,,,,,,,,,,,12045,,,,,,,,,,,,,"{""method_title"":""Purchase Order""}"
1453,1453,,,,,,,,,4.9600,4.9600,,,55.0900,,,,55.0900,,,,,,,purchaseorder,,,,,,,,,,,,,,,12047,,,,,,,,,,,,,"{""method_title"":""Purchase Order""}"
1454,1454,,,,,,,,,4.9600,4.9600,,,49.9100,,,,49.9100,,,,,,,purchaseorder,,,,,,,,,,,,,,,12050,,,,,,,,,,,,,"{""method_title"":""Purchase Order""}"
1455,1455,,,,,,,,,4.9600,4.9600,,,34.3900,,,,34.3900,,,,,,,purchaseorder,,,,,,,,,,,,,,,12051,,,,,,,,,,,,,"{""method_title"":""Purchase Order""}"
1456,1456,,,,,,,,,4.9600,4.9600,,,49.9100,,,,49.9100,,,,,,,purchaseorder,,,,,,,,,,,,,,,12054,,,,,,,,,,,,,"{""method_title"":""Purchase Order""}"
1457,1457,,,,,,,,,4.9600,4.9600,,,26.6300,,,,26.6300,,,,,,,purchaseorder,,,,,,,,,,,,,,,12055,,,,,,,,,,,,,"{""method_title"":""Purchase Order""}"
1458,1458,,,,,,,,,4.5000,4.5000,,,36.7200,,,,36.7200,,,,,,,purchaseorder,,,,,,,,,,,,,,,MC/MOSS/CW9,,,,,,,,,,,,,"{""method_title"":""Purchase Order""}"
1459,1459,,,,,,,,,4.5000,4.5000,,,29.3200,,,,29.3200,,,,,,,purchaseorder,,,,,,,,,,,,,,,Mc/Lewis/TN5,,,,,,,,,,,,,"{""method_title"":""Purchase Order""}"
1460,1460,,,,,,,,,4.5000,4.5000,,,28.4900,,,,28.4900,,,,,,,purchaseorder,,,,,,,,,,,,,,,MC/Stone/BS36,,,,,,,,,,,,,"{""method_title"":""Purchase Order""}"
1461,1461,,,,,,,,,4.5000,4.5000,,,28.1800,,,,28.1800,,,,,,,purchaseorder,,,,,,,,,,,,,,,MC/Short/EH5,,,,,,,,,,,,,"{""method_title"":""Purchase Order""}"
1462,1462,,,,,,,,,4.9600,4.9600,,,26.6300,,,,26.6300,,,,,,,purchaseorder,,,,,,,,,,,,,,,12067,,,,,,,,,,,,,"{""method_title"":""Purchase Order""}"
1463,1463,,,,,,,,,4.9600,4.9600,,,26.6300,,,,26.6300,,,,,,,purchaseorder,,,,,,,,,,,,,,,12069,,,,,,,,,,,,,"{""method_title"":""Purchase Order""}"
1464,1464,,,,,,,,,4.9600,4.9600,,,26.6300,,,,26.6300,,,,,,,purchaseorder,,,,,,,,,,,,,,,12070,,,,,,,,,,,,,"{""method_title"":""Purchase Order""}"
1465,1465,,,,,,,,,4.9600,4.9600,,,35.9400,,,,35.9400,,,,,,,purchaseorder,,,,,,,,,,,,,,,12072,,,,,,,,,,,,,"{""method_title"":""Purchase Order""}"
1466,1466,,,,,,,,,4.9600,4.9600,,,34.3900,,,,34.3900,,,,,,,purchaseorder,,,,,,,,,,,,,,,12074,,,,,,,,,,,,,"{""method_title"":""Purchase Order""}"
1467,1467,,,,,,,,,4.9600,4.9600,,,99.0500,,,,99.0500,,,,,,,purchaseorder,,,,,,,,,,,,,,,12075,,,,,,,,,,,,,"{""method_title"":""Purchase Order""}"
1468,1468,,,,,,,,,4.9600,4.9600,,,26.6300,,,,26.6300,,,,,,,purchaseorder,,,,,,,,,,,,,,,12077,,,,,,,,,,,,,"{""method_title"":""Purchase Order""}"
1469,1469,,,,,,,,,4.9600,4.9600,,,75.0100,,,,75.0100,,,,,,,purchaseorder,,,,,,,,,,,,,,,12080,,,,,,,,,,,,,"{""method_title"":""Purchase Order""}"
1470,1470,,,,,,,,,4.9600,4.9600,,,26.9200,,,,26.9200,,,,,,,purchaseorder,,,,,,,,,,,,,,,12081,,,,,,,,,,,,,"{""method_title"":""Purchase Order""}"
1471,1471,,,,,,,,,4.9600,4.9600,,,28.1800,,,,28.1800,,,,,,,purchaseorder,,,,,,,,,,,,,,,12091,,,,,,,,,,,,,"{""method_title"":""Purchase Order""}"
1472,1472,,,,,,,,,4.9600,4.9600,,,27.6600,,,,27.6600,,,,,,,purchaseorder,,,,,,,,,,,,,,,12094,,,,,,,,,,,,,"{""method_title"":""Purchase Order""}"
1473,1473,,,,,,,,,4.5000,4.5000,,,29.3200,,,,29.3200,,,,,,,purchaseorder,,,,,,,,,,,,,,,MC/Woodcock/NR33,,,,,,,,,,,,,"{""method_title"":""Purchase Order""}"
1474,1474,,,,,,,,,4.5000,4.5000,,,28.4900,,,,28.4900,,,,,,,purchaseorder,,,,,,,,,,,,,,,mc/brassell/sk9,,,,,,,,,,,,,"{""method_title"":""Purchase Order""}"
1475,1475,,,,,,,,,4.9600,4.9600,,,49.9100,,,,49.9100,,,,,,,purchaseorder,,,,,,,,,,,,,,,12097,,,,,,,,,,,,,"{""method_title"":""Purchase Order""}"
1476,1476,,,,,,,,,4.9600,4.9600,,,49.9100,,,,49.9100,,,,,0,,purchaseorder,,,,,,,,,0,,,,,,12113,0,,,,,,,,,,,,"{""method_title"":""Purchase Order""}"
1477,1477,,,,,,,,,4.9600,4.9600,,,26.6300,,,,26.6300,,,,,0,,purchaseorder,,,,,,,,,0,,,,,,12116,0,,,,,,,,,,,,"{""method_title"":""Purchase Order""}"
1478,1478,,,,,,,,,4.9600,4.9600,,,28.1800,,,,28.1800,,,,,,,purchaseorder,,,,,,,,,,,,,,,12117,,,,,,,,,,,,,"{""method_title"":""Purchase Order""}"
1479,1479,,,,,,,,,4.9600,4.9600,,,60.5500,,,,60.5500,,,,,,,purchaseorder,,,,,,,,,,,,,,,12121,,,,,,,,,,,,,"{""method_title"":""Purchase Order""}"
1480,1480,,,,,,,,,4.9600,4.9600,,,69.3200,,,,69.3200,,,,,,,purchaseorder,,,,,,,,,,,,,,,12122,,,,,,,,,,,,,"{""method_title"":""Purchase Order""}"
1481,1481,,,,,,,,,4.9600,4.9600,,,28.1800,,,,28.1800,,,,,,,purchaseorder,,,,,,,,,,,,,,,12099,,,,,,,,,,,,,"{""method_title"":""Purchase Order""}"
1482,1482,,,,,,,,,4.5000,4.5000,,,54.3600,,,,54.3600,,,,,,,purchaseorder,,,,,,,,,,,,,,,Mc/Lopez-salzedo/N2,,,,,,,,,,,,,"{""method_title"":""Purchase Order""}"
1483,1483,,,,,,,,,4.5000,4.5000,,,29.3200,,,,29.3200,,,,,,,purchaseorder,,,,,,,,,,,,,,,MC/Brown/RH17,,,,,,,,,,,,,"{""method_title"":""Purchase Order""}"
1484,1484,,,,,,,,,4.9600,4.9600,,,34.3900,,,,34.3900,,,,,,,purchaseorder,,,,,,,,,,,,,,,11805,,,,,,,,,,,,,"{""method_title"":""Purchase Order""}"
1485,1485,,,,,,,,,4.9600,4.9600,,,26.6300,,,,26.6300,,,,,,,purchaseorder,,,,,,,,,,,,,,,12076,,,,,,,,,,,,,"{""method_title"":""Purchase Order""}"
1486,1486,,,,,,,,,4.9600,4.9600,,,28.1800,,,,28.1800,,,,,,,purchaseorder,,,,,,,,,,,,,,,12099,,,,,,,,,,,,,"{""method_title"":""Purchase Order""}"
1487,1487,,,,,,,,,4.9600,4.9600,,,28.1800,,,,28.1800,,,,,,,purchaseorder,,,,,,,,,,,,,,,12123,,,,,,,,,,,,,"{""method_title"":""Purchase Order""}"
1488,1488,,,,,,,,,4.9600,4.9600,,,26.9200,,,,26.9200,,,,,,,purchaseorder,,,,,,,,,,,,,,,12128,,,,,,,,,,,,,"{""method_title"":""Purchase Order""}"
1489,1489,,,,,,,,,4.9600,4.9600,,,28.1800,,,,28.1800,,,,,,,purchaseorder,,,,,,,,,,,,,,,12129,,,,,,,,,,,,,"{""method_title"":""Purchase Order""}"
1490,1490,,,,,,,,,4.9600,4.9600,,,49.9100,,,,49.9100,,,,,,,purchaseorder,,,,,,,,,,,,,,,12131,,,,,,,,,,,,,"{""method_title"":""Purchase Order""}"
1491,1491,,,,,,,,,4.9600,4.9600,,,49.9100,,,,49.9100,,,,,,,purchaseorder,,,,,,,,,,,,,,,12139,,,,,,,,,,,,,"{""method_title"":""Purchase Order""}"
1492,1492,,,,,,,,,4.9600,4.9600,,,50.9400,,,,50.9400,,,,,,,purchaseorder,,,,,,,,,,,,,,,12141,,,,,,,,,,,,,"{""method_title"":""Purchase Order""}"
1493,1493,,,,,,,,,4.9600,4.9600,,,28.1800,,,,28.1800,,,,,,,purchaseorder,,,,,,,,,,,,,,,10891,,,,,,,,,,,,,"{""method_title"":""Purchase Order""}"
1494,1494,,,,,,,,,4.9600,4.9600,,,52.5000,,,,52.5000,,,,,,,purchaseorder,,,,,,,,,,,,,,,12142,,,,,,,,,,,,,"{""method_title"":""Purchase Order""}"
1495,1495,,,,,,,,,4.9600,4.9600,,,52.5000,,,,52.5000,,,,,,,purchaseorder,,,,,,,,,,,,,,,12150,,,,,,,,,,,,,"{""method_title"":""Purchase Order""}"
1496,1496,,,,,,,,,4.9600,4.9600,,,26.6300,,,,26.6300,,,,,0,,purchaseorder,,,,,,,,,0,,,,,,12153,0,,,,,,,,,,,,"{""method_title"":""Purchase Order""}"
1497,1497,,,,,,,,,4.9600,4.9600,,,26.9200,,,,26.9200,,,,,,,purchaseorder,,,,,,,,,,,,,,,12154,,,,,,,,,,,,,"{""method_title"":""Purchase Order""}"
1498,1498,,,,,,,,,4.9600,4.9600,,,31.2700,,,,31.2700,,,,,0,,purchaseorder,,,,,,,,,0,,,,,,12158,0,,,,,,,,,,,,"{""method_title"":""Purchase Order""}"
1499,1499,,,,,,,,,4.9600,4.9600,,,26.6300,,,,26.6300,,,,,,,purchaseorder,,,,,,,,,,,,,,,12159,,,,,,,,,,,,,"{""method_title"":""Purchase Order""}"
1500,1500,,,,,,,,,4.9600,4.9600,,,31.2700,,,,31.2700,,,,,0,,purchaseorder,,,,,,,,,0,,,,,,12165,0,,,,,,,,,,,,"{""method_title"":""Purchase Order""}"
1501,1501,,,,,,,,,4.9600,4.9600,,,50.9400,,,,50.9400,,,,,,,purchaseorder,,,,,,,,,,,,,,,12166,,,,,,,,,,,,,"{""method_title"":""Purchase Order""}"
1502,1502,,,,,,,,,4.9600,4.9600,,,31.2700,,,,31.2700,,,,,,,purchaseorder,,,,,,,,,,,,,,,12168,,,,,,,,,,,,,"{""method_title"":""Purchase Order""}"
1503,1503,,,,,,,,,4.9600,4.9600,,,54.0600,,,,54.0600,,,,,,,purchaseorder,,,,,,,,,,,,,,,12169,,,,,,,,,,,,,"{""method_title"":""Purchase Order""}"
1504,1504,,,,,,,,,4.9600,4.9600,,,31.2700,,,,31.2700,,,,,,,purchaseorder,,,,,,,,,,,,,,,12173,,,,,,,,,,,,,"{""method_title"":""Purchase Order""}"
1505,1505,,,,,,,,,4.9600,4.9600,,,57.6700,,,,57.6700,,,,,,,purchaseorder,,,,,,,,,,,,,,,12178,,,,,,,,,,,,,"{""method_title"":""Purchase Order""}"
1506,1506,,,,,,,,,4.9600,4.9600,,,64.3800,,,,64.3800,,,,,,,purchaseorder,,,,,,,,,,,,,,,12186,,,,,,,,,,,,,"{""method_title"":""Purchase Order""}"
1507,1507,,,,,,,,,4.9600,4.9600,,,26.9200,,,,26.9200,,,,,0,,purchaseorder,,,,,,,,,0,,,,,,12197,0,,,,,,,,,,,,"{""method_title"":""Purchase Order""}"
1508,1508,,,,,,,,,4.5000,4.5000,,,56.6800,,,,56.6800,,,,,,,purchaseorder,,,,,,,,,,,,,,,MC/Shutt/WA4,,,,,,,,,,,,,"{""method_title"":""Purchase Order""}"
1509,1509,,,,,,,,,4.5000,4.5000,,,29.8800,,,,29.8800,,,,,,,purchaseorder,,,,,,,,,,,,,,,MC/Kierstenson/lu7,,,,,,,,,,,,,"{""method_title"":""Purchase Order""}"
1510,1510,,,,,,,,,4.5000,4.5000,,,79.4500,,,,79.4500,,,,,,,purchaseorder,,,,,,,,,,,,,,,MC/Sainthouse/SK9,,,,,,,,,,,,,"{""method_title"":""Purchase Order""}"
1511,1511,,,,,,,,,4.5000,4.5000,,,28.4900,,,,28.4900,,,,,,,purchaseorder,,,,,,,,,,,,,,,MC/Butler/IP28,,,,,,,,,,,,,"{""method_title"":""Purchase Order""}"
1512,1512,,,,,,,,,4.5000,4.5000,,,51.5800,,,,51.5800,,,,,,,purchaseorder,,,,,,,,,,,,,,,MC/Whaley/WA2,,,,,,,,,,,,,"{""method_title"":""Purchase Order""}"
1513,1513,,,,,,,,,4.5000,4.5000,,,56.6800,,,,56.6800,,,,,,,purchaseorder,,,,,,,,,,,,,,,MC/Masters/S44,,,,,,,,,,,,,"{""method_title"":""Purchase Order""}"
1514,1514,,,,,,,,,4.9600,4.9600,,,26.6300,,,,26.6300,,,,,,,purchaseorder,,,,,,,,,,,,,,,12210,,,,,,,,,,,,,"{""method_title"":""Purchase Order""}"
1515,1515,,,,,,,,,4.9600,4.9600,,,26.9200,,,,26.9200,,,,,,,purchaseorder,,,,,,,,,,,,,,,12214,,,,,,,,,,,,,"{""method_title"":""Purchase Order""}"
1516,1516,,,,,,,,,4.9600,4.9600,,,31.2700,,,,31.2700,,,,,,,purchaseorder,,,,,,,,,,,,,,,12221,,,,,,,,,,,,,"{""method_title"":""Purchase Order""}"
1517,1517,,,,,,,,,4.9600,4.9600,,,26.6300,,,,26.6300,,,,,,,purchaseorder,,,,,,,,,,,,,,,12225,,,,,,,,,,,,,"{""method_title"":""Purchase Order""}"
1518,1518,,,,,,,,,4.9600,4.9600,,,27.6600,,,,27.6600,,,,,,,purchaseorder,,,,,,,,,,,,,,,12227,,,,,,,,,,,,,"{""method_title"":""Purchase Order""}"
1519,1519,,,,,,,,,4.9600,4.9600,,,54.0600,,,,54.0600,,,,,,,purchaseorder,,,,,,,,,,,,,,,12230,,,,,,,,,,,,,"{""method_title"":""Purchase Order""}"
1520,1520,,,,,,,,,4.9600,4.9600,,,26.9200,,,,26.9200,,,,,,,purchaseorder,,,,,,,,,,,,,,,12232,,,,,,,,,,,,,"{""method_title"":""Purchase Order""}"
1521,1521,,,,,,,,,4.9600,4.9600,,,103.2000,,,,103.2000,,,,,,,purchaseorder,,,,,,,,,,,,,,,12235,,,,,,,,,,,,,"{""method_title"":""Purchase Order""}"
1522,1522,,,,,,,,,0.0000,0.0000,,,113.0400,,,,113.0400,,,,,,,purchaseorder,,,,,,,,,,,,,,,td 10/8/22,,,,,,,,,,,,,"{""method_title"":""Purchase Order""}"
1523,1523,,,,,,,,,4.5000,4.5000,,,36.7200,,,,36.7200,,,,,,,purchaseorder,,,,,,,,,,,,,,,MC/Carr/Hg2,,,,,,,,,,,,,"{""method_title"":""Purchase Order""}"
1524,1524,,,,,,,,,4.9600,4.9600,,,48.3600,,,,48.3600,,,,,,,purchaseorder,,,,,,,,,,,,,,,12295,,,,,,,,,,,,,"{""method_title"":""Purchase Order""}"
1525,1525,,,,,,,,,4.9600,4.9600,,,48.3600,,,,48.3600,,,,,,,purchaseorder,,,,,,,,,,,,,,,12301,,,,,,,,,,,,,"{""method_title"":""Purchase Order""}"
1526,1526,,,,,,,,,4.9600,4.9600,,,57.6700,,,,57.6700,,,,,0,,purchaseorder,,,,,,,,,0,,,,,,12302,0,,,,,,,,,,,,"{""method_title"":""Purchase Order""}"
1527,1527,,,,,,,,,4.9600,4.9600,,,48.3600,,,,48.3600,,,,,,,purchaseorder,,,,,,,,,,,,,,,12305,,,,,,,,,,,,,"{""method_title"":""Purchase Order""}"
1528,1528,,,,,,,,,4.9600,4.9600,,,54.0600,,,,54.0600,,,,,0,,purchaseorder,,,,,,,,,0,,,,,,12306,0,,,,,,,,,,,,"{""method_title"":""Purchase Order""}"
1529,1529,,,,,,,,,4.9600,4.9600,,,26.9200,,,,26.9200,,,,,,,purchaseorder,,,,,,,,,,,,,,,12313,,,,,,,,,,,,,"{""method_title"":""Purchase Order""}"
1530,1530,,,,,,,,,4.9600,4.9600,,,48.3600,,,,48.3600,,,,,,,purchaseorder,,,,,,,,,,,,,,,12317,,,,,,,,,,,,,"{""method_title"":""Purchase Order""}"
1531,1531,,,,,,,,,4.9600,4.9600,,,34.3900,,,,34.3900,,,,,,,purchaseorder,,,,,,,,,,,,,,,12319,,,,,,,,,,,,,"{""method_title"":""Purchase Order""}"
1532,1532,,,,,,,,,0.0000,0.0000,,,64.9700,,,,64.9700,,,,,0,,purchaseorder,,,,,,,,,0,,,,,,FRANKIE130822,0,,,,,,,,,,,,"{""method_title"":""Purchase Order""}"
1533,1533,,,,,,,,,4.5000,4.5000,,,54.9600,,,,54.9600,,,,,,,purchaseorder,,,,,,,,,,,,,,,Mc/Wiggins/CT10,,,,,,,,,,,,,"{""method_title"":""Purchase Order""}"
1534,1534,,,,,,,,,4.9600,4.9600,,,99.0500,,,,99.0500,,,,,,,purchaseorder,,,,,,,,,,,,,,,12323,,,,,,,,,,,,,"{""method_title"":""Purchase Order""}"
1535,1535,,,,,,,,,4.9600,4.9600,,,54.0600,,,,54.0600,,,,,,,purchaseorder,,,,,,,,,,,,,,,12329,,,,,,,,,,,,,"{""method_title"":""Purchase Order""}"
1536,1536,,,,,,,,,4.9600,4.9600,,,49.9100,,,,49.9100,,,,,,,purchaseorder,,,,,,,,,,,,,,,12330,,,,,,,,,,,,,"{""method_title"":""Purchase Order""}"
1537,1537,,,,,,,,,4.5000,4.5000,,,98.8300,,,,98.8300,,,,,,,purchaseorder,,,,,,,,,,,,,,,Mc/Brown/DD8,,,,,,,,,,,,,"{""method_title"":""Purchase Order""}"
1538,1538,,,,,,,,,4.5000,4.5000,,,36.7200,,,,36.7200,,,,,,,purchaseorder,,,,,,,,,,,,,,,mc/frame/ky2,,,,,,,,,,,,,"{""method_title"":""Purchase Order""}"
1539,1539,,,,,,,,,4.9600,4.9600,,,57.6700,,,,57.6700,,,,,,,purchaseorder,,,,,,,,,,,,,,,12333,,,,,,,,,,,,,"{""method_title"":""Purchase Order""}"
1540,1540,,,,,,,,,4.9600,4.9600,,,34.3900,,,,34.3900,,,,,,,purchaseorder,,,,,,,,,,,,,,,12343,,,,,,,,,,,,,"{""method_title"":""Purchase Order""}"
1541,1541,,,,,,,,,4.9600,4.9600,,,49.9100,,,,49.9100,,,,,,,purchaseorder,,,,,,,,,,,,,,,12351,,,,,,,,,,,,,"{""method_title"":""Purchase Order""}"
1542,1542,,,,,,,,,4.5000,4.5000,,,23.0400,,,,23.0400,,,,,,,purchaseorder,,,,,,,,,,,,,,,MC/Perkins/SN11,,,,,,,,,,,,,"{""method_title"":""Purchase Order""}"
1543,1543,,,,,,,,,4.9600,4.9600,,,35.9400,,,,35.9400,,,,,,,purchaseorder,,,,,,,,,,,,,,,12357,,,,,,,,,,,,,"{""method_title"":""Purchase Order""}"
1544,1544,,,,,,,,,4.9600,4.9600,,,28.9200,,,,28.9200,,,,,,,purchaseorder,,,,,,,,,,,,,,,12359,,,,,,,,,,,,,"{""method_title"":""Purchase Order""}"
1545,1545,,,,,,,,,4.5000,4.5000,,,33.8600,,,,33.8600,,,,,,,purchaseorder,,,,,,,,,,,,,,,mc/lawson/so15,,,,,,,,,,,,,"{""method_title"":""Purchase Order""}"
1546,1546,,,,,,,,,4.9600,4.9600,,,26.6300,,,,26.6300,,,,,,,purchaseorder,,,,,,,,,,,,,,,12402,,,,,,,,,,,,,"{""method_title"":""Purchase Order""}"
1547,1547,,,,,,,,,4.9600,4.9600,,,34.3900,,,,34.3900,,,,,,,purchaseorder,,,,,,,,,,,,,,,12407 - pART SANDPIPER oRDER ,,,,,,,,,,,,,"{""method_title"":""Purchase Order""}"
1548,1548,,,,,,,,,4.9600,4.9600,,,48.3600,,,,48.3600,,,,,,,purchaseorder,,,,,,,,,,,,,,,12360,,,,,,,,,,,,,"{""method_title"":""Purchase Order""}"
1549,1549,,,,,,,,,4.5000,4.5000,,,50.9500,,,,50.9500,,,,,,,purchaseorder,,,,,,,,,,,,,,,Mc/Taylor/CH42,,,,,,,,,,,,,"{""method_title"":""Purchase Order""}"
1550,1550,,,,,,,,,4.9600,4.9600,,,47.5800,,,,47.5800,,,,,,,purchaseorder,,,,,,,,,,,,,,,12363,,,,,,,,,,,,,"{""method_title"":""Purchase Order""}"
1551,1551,,,,,,,,,4.9600,4.9600,,,54.5800,,,,54.5800,,,,,,,purchaseorder,,,,,,,,,,,,,,,12364,,,,,,,,,,,,,"{""method_title"":""Purchase Order""}"
1552,1552,,,,,,,,,4.9600,4.9600,,,49.9100,,,,49.9100,,,,,,,purchaseorder,,,,,,,,,,,,,,,12366,,,,,,,,,,,,,"{""method_title"":""Purchase Order""}"
1553,1553,,,,,,,,,4.9600,4.9600,,,49.9100,,,,49.9100,,,,,,,purchaseorder,,,,,,,,,,,,,,,12371,,,,,,,,,,,,,"{""method_title"":""Purchase Order""}"
1554,1554,,,,,,,,,4.9600,4.9600,,,67.9700,,,,67.9700,,,,,,,purchaseorder,,,,,,,,,,,,,,,12372,,,,,,,,,,,,,"{""method_title"":""Purchase Order""}"
1555,1555,,,,,,,,,4.9600,4.9600,,,53.0800,,,,53.0800,,,,,,,purchaseorder,,,,,,,,,,,,,,,12373 - SAME CUSTOMER AS ORDER 1,,,,,,,,,,,,,"{""method_title"":""Purchase Order""}"
1556,1556,,,,,,,,,4.9600,4.9600,,,26.6300,,,,26.6300,,,,,0,,purchaseorder,,,,,,,,,0,,,,,,12374,0,,,,,,,,,,,,"{""method_title"":""Purchase Order""}"
1557,1557,,,,,,,,,4.9600,4.9600,,,49.9100,,,,49.9100,,,,,,,purchaseorder,,,,,,,,,,,,,,,12386,,,,,,,,,,,,,"{""method_title"":""Purchase Order""}"
1558,1558,,,,,,,,,4.9600,4.9600,,,34.0900,,,,34.0900,,,,,,,purchaseorder,,,,,,,,,,,,,,,12392 - ONLY 1 SANDPIPER ITEM ON,,,,,,,,,,,,,"{""method_title"":""Purchase Order""}"
1559,1559,,,,,,,,,4.9600,4.9600,,,48.3600,,,,48.3600,,,,,,,purchaseorder,,,,,,,,,,,,,,,12373,,,,,,,,,,,,,"{""method_title"":""Purchase Order""}"
1560,1560,,,,,,,,,4.9600,4.9600,,,31.2700,,,,31.2700,,,,,,,purchaseorder,,,,,,,,,,,,,,,12392,,,,,,,,,,,,,"{""method_title"":""Purchase Order""}"
1561,1561,,,,,,,,,4.9600,4.9600,,,34.3900,,,,34.3900,,,,,,,purchaseorder,,,,,,,,,,,,,,,12407,,,,,,,,,,,,,"{""method_title"":""Purchase Order""}"
1562,1562,,,,,,,,,4.5000,4.5000,,,15.1200,,,,15.1200,,,,,,,purchaseorder,,,,,,,,,,,,,,,MC/Souva/M28,,,,,,,,,,,,,"{""method_title"":""Purchase Order""}"
1563,1563,,,,,,,,,4.5000,4.5000,,,52.1200,,,,52.1200,,,,,,,purchaseorder,,,,,,,,,,,,,,,MC/Brown/RH17,,,,,,,,,,,,,"{""method_title"":""Purchase Order""}"
1564,1564,,,,,,,,,0.0000,0.0000,,,29.1600,,,,29.1600,,,,,0,,purchaseorder,,,,,,,,,0,,,,,,td16/08/22,0,,,,,,,,,,,,"{""method_title"":""Purchase Order""}"
1565,1565,,,,,,,,,4.9600,4.9600,,,26.6300,,,,26.6300,,,,,,,purchaseorder,,,,,,,,,,,,,,,12415,,,,,,,,,,,,,"{""method_title"":""Purchase Order""}"
1566,1566,,,,,,,,,4.9600,4.9600,,,52.5000,,,,52.5000,,,,,,,purchaseorder,,,,,,,,,,,,,,,12432,,,,,,,,,,,,,"{""method_title"":""Purchase Order""}"
1567,1567,,,,,,,,,4.9600,4.9600,,,72.6400,,,,72.6400,,,,,,,purchaseorder,,,,,,,,,,,,,,,12435,,,,,,,,,,,,,"{""method_title"":""Purchase Order""}"
1568,1568,,,,,,,,,4.5000,4.5000,,,28.4900,,,,28.4900,,,,,,,purchaseorder,,,,,,,,,,,,,,,Mc/Singleton/PR2,,,,,,,,,,,,,"{""method_title"":""Purchase Order""}"
1569,1569,,,,,,,,,4.5000,4.5000,,,29.8800,,,,29.8800,,,,,,,purchaseorder,,,,,,,,,,,,,,,MC/Wright/PO4,,,,,,,,,,,,,"{""method_title"":""Purchase Order""}"
1570,1570,,,,,,,,,4.5000,4.5000,,,38.4400,,,,38.4400,,,,,,,purchaseorder,,,,,,,,,,,,,,,MC/Roxburgh/Pr5,,,,,,,,,,,,,"{""method_title"":""Purchase Order""}"
1571,1571,,,,,,,,,4.5000,4.5000,,,28.4900,,,,28.4900,,,,,,,purchaseorder,,,,,,,,,,,,,,,Mc/Whaley/EH41,,,,,,,,,,,,,"{""method_title"":""Purchase Order""}"
1572,1572,,,,,,,,,4.5000,4.5000,,,56.6800,,,,56.6800,,,,,,,purchaseorder,,,,,,,,,,,,,,,MC/Parker/TA4,,,,,,,,,,,,,"{""method_title"":""Purchase Order""}"
1573,1573,,,,,,,,,4.5000,4.5000,,,29.3200,,,,29.3200,,,,,,,purchaseorder,,,,,,,,,,,,,,,MC/Wyatt/CM19,,,,,,,,,,,,,"{""method_title"":""Purchase Order""}"
1574,1574,,,,,,,,,4.9600,4.9600,,,26.6300,,,,26.6300,,,,,,,purchaseorder,,,,,,,,,,,,,,,12444,,,,,,,,,,,,,"{""method_title"":""Purchase Order""}"
1575,1575,,,,,,,,,4.9600,4.9600,,,49.9100,,,,49.9100,,,,,,,purchaseorder,,,,,,,,,,,,,,,12448,,,,,,,,,,,,,"{""method_title"":""Purchase Order""}"
1576,1576,,,,,,,,,4.9600,4.9600,,,28.1800,,,,28.1800,,,,,,,purchaseorder,,,,,,,,,,,,,,,12451,,,,,,,,,,,,,"{""method_title"":""Purchase Order""}"
1577,1577,,,,,,,,,4.9600,4.9600,,,57.6700,,,,57.6700,,,,,,,purchaseorder,,,,,,,,,,,,,,,12457,,,,,,,,,,,,,"{""method_title"":""Purchase Order""}"
1578,1578,,,,,,,,,4.9600,4.9600,,,47.2900,,,,47.2900,,,,,,,purchaseorder,,,,,,,,,,,,,,,12458,,,,,,,,,,,,,"{""method_title"":""Purchase Order""}"
1579,1579,,,,,,,,,4.9600,4.9600,,,57.6700,,,,57.6700,,,,,,,purchaseorder,,,,,,,,,,,,,,,12460,,,,,,,,,,,,,"{""method_title"":""Purchase Order""}"
1580,1580,,,,,,,,,4.9600,4.9600,,,49.9100,,,,49.9100,,,,,,,purchaseorder,,,,,,,,,,,,,,,12462,,,,,,,,,,,,,"{""method_title"":""Purchase Order""}"
1581,1581,,,,,,,,,4.9600,4.9600,,,57.6700,,,,57.6700,,,,,,,purchaseorder,,,,,,,,,,,,,,,12465,,,,,,,,,,,,,"{""method_title"":""Purchase Order""}"
1582,1582,,,,,,,,,4.9600,4.9600,,,54.5800,,,,54.5800,,,,,,,purchaseorder,,,,,,,,,,,,,,,12467,,,,,,,,,,,,,"{""method_title"":""Purchase Order""}"
1583,1583,,,,,,,,,4.9600,4.9600,,,26.6300,,,,26.6300,,,,,,,purchaseorder,,,,,,,,,,,,,,,12478,,,,,,,,,,,,,"{""method_title"":""Purchase Order""}"
1584,1584,,,,,,,,,4.9600,4.9600,,,47.2900,,,,47.2900,,,,,0,,purchaseorder,,,,,,,,,0,,,,,,12482,0,,,,,,,,,,,,"{""method_title"":""Purchase Order""}"
1585,1585,,,,,,,,,4.9600,4.9600,,,52.5000,,,,52.5000,,,,,,,purchaseorder,,,,,,,,,,,,,,,12486,,,,,,,,,,,,,"{""method_title"":""Purchase Order""}"
1586,1586,,,,,,,,,4.9600,4.9600,,,31.2700,,,,31.2700,,,,,,,purchaseorder,,,,,,,,,,,,,,,12490,,,,,,,,,,,,,"{""method_title"":""Purchase Order""}"
1587,1587,,,,,,,,,4.9600,4.9600,,,27.6600,,,,27.6600,,,,,,,purchaseorder,,,,,,,,,,,,,,,12494,,,,,,,,,,,,,"{""method_title"":""Purchase Order""}"
1588,1588,,,,,,,,,0.0000,0.0000,,,259.8700,,,,259.8700,,,,,,,purchaseorder,,,,,,,,,,,,,,,FRANKIE19/08/22,,,,,,,,,,,,,"{""method_title"":""Purchase Order""}"
1589,1589,,,,,,,,,0.0000,0.0000,,,31.8100,,,,31.8100,,,,,,,purchaseorder,,,,,,,,,,,,,,,td 20/8/22,,,,,,,,,,,,,"{""method_title"":""Purchase Order""}"
1590,1590,,,,,,,,,4.5000,4.5000,,,28.1800,,,,28.1800,,,,,,,purchaseorder,,,,,,,,,,,,,,,MC/Smyth/BT38,,,,,,,,,,,,,"{""method_title"":""Purchase Order""}"
1591,1591,,,,,,,,,4.5000,4.5000,,,38.4400,,,,38.4400,,,,,,,purchaseorder,,,,,,,,,,,,,,,MC/Bull/EN9,,,,,,,,,,,,,"{""method_title"":""Purchase Order""}"
1592,1592,,,,,,,,,4.5000,4.5000,,,28.4900,,,,28.4900,,,,,,,purchaseorder,,,,,,,,,,,,,,,MC/Haycock/B62,,,,,,,,,,,,,"{""method_title"":""Purchase Order""}"
1593,1593,,,,,,,,,4.5000,4.5000,,,28.4900,,,,28.4900,,,,,,,purchaseorder,,,,,,,,,,,,,,,MC/Hatch/bh17,,,,,,,,,,,,,"{""method_title"":""Purchase Order""}"
1594,1594,,,,,,,,,4.5000,4.5000,,,51.2600,,,,51.2600,,,,,,,purchaseorder,,,,,,,,,,,,,,,MC/Knotts/NE15,,,,,,,,,,,,,"{""method_title"":""Purchase Order""}"
1595,1595,,,,,,,,,4.9600,4.9600,,,26.9200,,,,26.9200,,,,,,,purchaseorder,,,,,,,,,,,,,,,12501,,,,,,,,,,,,,"{""method_title"":""Purchase Order""}"
1596,1596,,,,,,,,,4.9600,4.9600,,,50.9400,,,,50.9400,,,,,,,purchaseorder,,,,,,,,,,,,,,,12502,,,,,,,,,,,,,"{""method_title"":""Purchase Order""}"
1597,1597,,,,,,,,,4.9600,4.9600,,,48.3600,,,,48.3600,,,,,,,purchaseorder,,,,,,,,,,,,,,,12503,,,,,,,,,,,,,"{""method_title"":""Purchase Order""}"
1598,1598,,,,,,,,,4.9600,4.9600,,,92.3200,,,,92.3200,,,,,,,purchaseorder,,,,,,,,,,,,,,,12506,,,,,,,,,,,,,"{""method_title"":""Purchase Order""}"
1599,1599,,,,,,,,,4.9600,4.9600,,,31.2700,,,,31.2700,,,,,,,purchaseorder,,,,,,,,,,,,,,,12511,,,,,,,,,,,,,"{""method_title"":""Purchase Order""}"
1600,1600,,,,,,,,,4.9600,4.9600,,,52.5000,,,,52.5000,,,,,,,purchaseorder,,,,,,,,,,,,,,,12514,,,,,,,,,,,,,"{""method_title"":""Purchase Order""}"
1601,1601,,,,,,,,,4.9600,4.9600,,,26.9200,,,,26.9200,,,,,,,purchaseorder,,,,,,,,,,,,,,,12517,,,,,,,,,,,,,"{""method_title"":""Purchase Order""}"
1602,1602,,,,,,,,,4.9600,4.9600,,,52.5000,,,,52.5000,,,,,,,purchaseorder,,,,,,,,,,,,,,,12522,,,,,,,,,,,,,"{""method_title"":""Purchase Order""}"
1603,1603,,,,,,,,,4.9600,4.9600,,,26.9200,,,,26.9200,,,,,,,purchaseorder,,,,,,,,,,,,,,,12525,,,,,,,,,,,,,"{""method_title"":""Purchase Order""}"
1604,1604,,,,,,,,,4.9600,4.9600,,,48.3600,,,,48.3600,,,,,,,purchaseorder,,,,,,,,,,,,,,,12531,,,,,,,,,,,,,"{""method_title"":""Purchase Order""}"
1605,1605,,,,,,,,,4.9600,4.9600,,,48.3400,,,,48.3400,,,,,,,purchaseorder,,,,,,,,,,,,,,,12534,,,,,,,,,,,,,"{""method_title"":""Purchase Order""}"
1606,1606,,,,,,,,,4.9600,4.9600,,,26.6300,,,,26.6300,,,,,,,purchaseorder,,,,,,,,,,,,,,,12537,,,,,,,,,,,,,"{""method_title"":""Purchase Order""}"
1607,1607,,,,,,,,,4.9600,4.9600,,,52.5000,,,,52.5000,,,,,,,purchaseorder,,,,,,,,,,,,,,,12542,,,,,,,,,,,,,"{""method_title"":""Purchase Order""}"
1608,1608,,,,,,,,,4.9600,4.9600,,,26.6300,,,,26.6300,,,,,,,purchaseorder,,,,,,,,,,,,,,,12545,,,,,,,,,,,,,"{""method_title"":""Purchase Order""}"
1609,1609,,,,,,,,,4.9600,4.9600,,,26.6300,,,,26.6300,,,,,,,purchaseorder,,,,,,,,,,,,,,,12547,,,,,,,,,,,,,"{""method_title"":""Purchase Order""}"
1610,1610,,,,,,,,,4.9600,4.9600,,,109.3900,,,,109.3900,,,,,,,purchaseorder,,,,,,,,,,,,,,,12551,,,,,,,,,,,,,"{""method_title"":""Purchase Order""}"
1611,1611,,,,,,,,,4.9600,4.9600,,,27.6600,,,,27.6600,,,,,,,purchaseorder,,,,,,,,,,,,,,,12562,,,,,,,,,,,,,"{""method_title"":""Purchase Order""}"
1612,1612,,,,,,,,,4.9600,4.9600,,,28.1800,,,,28.1800,,,,,,,purchaseorder,,,,,,,,,,,,,,,12566,,,,,,,,,,,,,"{""method_title"":""Purchase Order""}"
1613,1613,,,,,,,,,4.9600,4.9600,,,52.5000,,,,52.5000,,,,,,,purchaseorder,,,,,,,,,,,,,,,12571,,,,,,,,,,,,,"{""method_title"":""Purchase Order""}"
1614,1614,,,,,,,,,4.9600,4.9600,,,26.6300,,,,26.6300,,,,,,,purchaseorder,,,,,,,,,,,,,,,12574,,,,,,,,,,,,,"{""method_title"":""Purchase Order""}"
1615,1615,,,,,,,,,4.9600,4.9600,,,70.5800,,,,70.5800,,,,,,,purchaseorder,,,,,,,,,,,,,,,12579,,,,,,,,,,,,,"{""method_title"":""Purchase Order""}"
1616,1616,,,,,,,,,4.9600,4.9600,,,52.5000,,,,52.5000,,,,,,,purchaseorder,,,,,,,,,,,,,,,12584,,,,,,,,,,,,,"{""method_title"":""Purchase Order""}"
1617,1617,,,,,,,,,4.9600,4.9600,,,26.6300,,,,26.6300,,,,,,,purchaseorder,,,,,,,,,,,,,,,12586,,,,,,,,,,,,,"{""method_title"":""Purchase Order""}"
1618,1618,,,,,,,,,4.9600,4.9600,,,57.6700,,,,57.6700,,,,,,,purchaseorder,,,,,,,,,,,,,,,12587,,,,,,,,,,,,,"{""method_title"":""Purchase Order""}"
1619,1619,,,,,,,,,4.9600,4.9600,,,48.3600,,,,48.3600,,,,,,,purchaseorder,,,,,,,,,,,,,,,12592,,,,,,,,,,,,,"{""method_title"":""Purchase Order""}"
1620,1620,,,,,,,,,4.9600,4.9600,,,27.6600,,,,27.6600,,,,,,,purchaseorder,,,,,,,,,,,,,,,12593,,,,,,,,,,,,,"{""method_title"":""Purchase Order""}"
1621,1621,,,,,,,,,4.5000,4.5000,,,29.3200,,,,29.3200,,,,,,,purchaseorder,,,,,,,,,,,,,,,Mc/Newman/CB4,,,,,,,,,,,,,"{""method_title"":""Purchase Order""}"
1622,1622,,,,,,,,,4.9600,4.9600,,,52.5000,,,,52.5000,,,,,,,purchaseorder,,,,,,,,,,,,,,,12600,,,,,,,,,,,,,"{""method_title"":""Purchase Order""}"
1623,1623,,,,,,,,,4.9600,4.9600,,,31.2700,,,,31.2700,,,,,,,purchaseorder,,,,,,,,,,,,,,,12604,,,,,,,,,,,,,"{""method_title"":""Purchase Order""}"
1624,1624,,,,,,,,,4.9600,4.9600,,,26.9200,,,,26.9200,,,,,,,purchaseorder,,,,,,,,,,,,,,,12606,,,,,,,,,,,,,"{""method_title"":""Purchase Order""}"
1625,1625,,,,,,,,,4.9600,4.9600,,,26.6300,,,,26.6300,,,,,,,purchaseorder,,,,,,,,,,,,,,,12609,,,,,,,,,,,,,"{""method_title"":""Purchase Order""}"
1626,1626,,,,,,,,,4.9600,4.9600,,,55.0900,,,,55.0900,,,,,,,purchaseorder,,,,,,,,,,,,,,,12610,,,,,,,,,,,,,"{""method_title"":""Purchase Order""}"
1627,1627,,,,,,,,,4.9600,4.9600,,,27.6600,,,,27.6600,,,,,,,purchaseorder,,,,,,,,,,,,,,,12612,,,,,,,,,,,,,"{""method_title"":""Purchase Order""}"
1628,1628,,,,,,,,,0.0000,0.0000,,,58.4600,,,,58.4600,,,,,0,,purchaseorder,,,,,,,,,0,,,,,,td/23/8/22,0,,,,,,,,,,,,"{""method_title"":""Purchase Order""}"
1629,1629,,,,,,,,,4.5000,4.5000,,,36.7200,,,,36.7200,,,,,,,purchaseorder,,,,,,,,,,,,,,,MC/Towner/RH19,,,,,,,,,,,,,"{""method_title"":""Purchase Order""}"
1630,1630,,,,,,,,,4.9600,4.9600,,,28.1800,,,,28.1800,,,,,,,purchaseorder,,,,,,,,,,,,,,,12615,,,,,,,,,,,,,"{""method_title"":""Purchase Order""}"
1631,1631,,,,,,,,,4.9600,4.9600,,,26.9200,,,,26.9200,,,,,,,purchaseorder,,,,,,,,,,,,,,,12618,,,,,,,,,,,,,"{""method_title"":""Purchase Order""}"
1632,1632,,,,,,,,,4.9600,4.9600,,,48.3600,,,,48.3600,,,,,,,purchaseorder,,,,,,,,,,,,,,,12623,,,,,,,,,,,,,"{""method_title"":""Purchase Order""}"
1633,1633,,,,,,,,,0.0000,0.0000,,,56.5200,,,,56.5200,,,,,,,purchaseorder,,,,,,,,,,,,,,,td 23/8/22,,,,,,,,,,,,,"{""method_title"":""Purchase Order""}"
1634,1634,,,,,,,,,4.9600,4.9600,,,49.9100,,,,49.9100,,,,,,,purchaseorder,,,,,,,,,,,,,,,12629,,,,,,,,,,,,,"{""method_title"":""Purchase Order""}"
1635,1635,,,,,,,,,0.0000,0.0000,,,19.4400,,,,19.4400,,,,,,,purchaseorder,,,,,,,,,,,,,,,td23/8/22,,,,,,,,,,,,,"{""method_title"":""Purchase Order""}"
1636,1636,,,,,,,,,4.9600,4.9600,,,26.9200,,,,26.9200,,,,,,,purchaseorder,,,,,,,,,,,,,,,12632,,,,,,,,,,,,,"{""method_title"":""Purchase Order""}"
1637,1637,,,,,,,,,4.9600,4.9600,,,57.6700,,,,57.6700,,,,,,,purchaseorder,,,,,,,,,,,,,,,12637,,,,,,,,,,,,,"{""method_title"":""Purchase Order""}"
1638,1638,,,,,,,,,4.9600,4.9600,,,26.6300,,,,26.6300,,,,,,,purchaseorder,,,,,,,,,,,,,,,12659,,,,,,,,,,,,,"{""method_title"":""Purchase Order""}"
1639,1639,,,,,,,,,4.9600,4.9600,,,52.5000,,,,52.5000,,,,,,,purchaseorder,,,,,,,,,,,,,,,12662,,,,,,,,,,,,,"{""method_title"":""Purchase Order""}"
1640,1640,,,,,,,,,4.9600,4.9600,,,31.2700,,,,31.2700,,,,,,,purchaseorder,,,,,,,,,,,,,,,12663,,,,,,,,,,,,,"{""method_title"":""Purchase Order""}"
1641,1641,,,,,,,,,4.9600,4.9600,,,26.6300,,,,26.6300,,,,,,,purchaseorder,,,,,,,,,,,,,,,12667,,,,,,,,,,,,,"{""method_title"":""Purchase Order""}"
1642,1642,,,,,,,,,4.9600,4.9600,,,54.0600,,,,54.0600,,,,,,,purchaseorder,,,,,,,,,,,,,,,12668,,,,,,,,,,,,,"{""method_title"":""Purchase Order""}"
1643,1643,,,,,,,,,4.9600,4.9600,,,28.1800,,,,28.1800,,,,,,,purchaseorder,,,,,,,,,,,,,,,12670,,,,,,,,,,,,,"{""method_title"":""Purchase Order""}"
1644,1644,,,,,,,,,4.5000,4.5000,,,62.3800,,,,62.3800,,,,,,,purchaseorder,,,,,,,,,,,,,,,MC/Law/NR34,,,,,,,,,,,,,"{""method_title"":""Purchase Order""}"
1645,1645,,,,,,,,,4.5000,4.5000,,,50.9500,,,,50.9500,,,,,,,purchaseorder,,,,,,,,,,,,,,,MC/Ollerhead/CH49,,,,,,,,,,,,,"{""method_title"":""Purchase Order""}"
1646,1646,,,,,,,,,4.9600,4.9600,,,27.6600,,,,27.6600,,,,,,,purchaseorder,,,,,,,,,,,,,,,12673,,,,,,,,,,,,,"{""method_title"":""Purchase Order""}"
1647,1647,,,,,,,,,4.5000,4.5000,,,29.8800,,,,29.8800,,,,,,,purchaseorder,,,,,,,,,,,,,,,MC/Jenkins/GU1,,,,,,,,,,,,,"{""method_title"":""Purchase Order""}"
1648,1648,,,,,,,,,4.9600,4.9600,,,55.0900,,,,55.0900,,,,,,,purchaseorder,,,,,,,,,,,,,,,12675,,,,,,,,,,,,,"{""method_title"":""Purchase Order""}"
1649,1649,,,,,,,,,4.9600,4.9600,,,138.8600,,,,138.8600,,,,,,,purchaseorder,,,,,,,,,,,,,,,12676,,,,,,,,,,,,,"{""method_title"":""Purchase Order""}"
1650,1650,,,,,,,,,4.9600,4.9600,,,26.6300,,,,26.6300,,,,,,,purchaseorder,,,,,,,,,,,,,,,12677,,,,,,,,,,,,,"{""method_title"":""Purchase Order""}"
1651,1651,,,,,,,,,4.9600,4.9600,,,26.6300,,,,26.6300,,,,,,,purchaseorder,,,,,,,,,,,,,,,12680,,,,,,,,,,,,,"{""method_title"":""Purchase Order""}"
1652,1652,,,,,,,,,4.9600,4.9600,,,57.6700,,,,57.6700,,,,,,,purchaseorder,,,,,,,,,,,,,,,12681,,,,,,,,,,,,,"{""method_title"":""Purchase Order""}"
1653,1653,,,,,,,,,4.9600,4.9600,,,26.9200,,,,26.9200,,,,,,,purchaseorder,,,,,,,,,,,,,,,12683,,,,,,,,,,,,,"{""method_title"":""Purchase Order""}"
1654,1654,,,,,,,,,4.9600,4.9600,,,27.6600,,,,27.6600,,,,,,,purchaseorder,,,,,,,,,,,,,,,12686,,,,,,,,,,,,,"{""method_title"":""Purchase Order""}"
1655,1655,,,,,,,,,4.9600,4.9600,,,52.5000,,,,52.5000,,,,,,,purchaseorder,,,,,,,,,,,,,,,12689,,,,,,,,,,,,,"{""method_title"":""Purchase Order""}"
1656,1656,,,,,,,,,4.9600,4.9600,,,69.3200,,,,69.3200,,,,,,,purchaseorder,,,,,,,,,,,,,,,12690,,,,,,,,,,,,,"{""method_title"":""Purchase Order""}"
1657,1657,,,,,,,,,4.9600,4.9600,,,70.5800,,,,70.5800,,,,,,,purchaseorder,,,,,,,,,,,,,,,12691,,,,,,,,,,,,,"{""method_title"":""Purchase Order""}"
1658,1658,,,,,,,,,4.9600,4.9600,,,28.1800,,,,28.1800,,,,,,,purchaseorder,,,,,,,,,,,,,,,12692,,,,,,,,,,,,,"{""method_title"":""Purchase Order""}"
1659,1659,,,,,,,,,4.5000,4.5000,,,29.8800,,,,29.8800,,,,,,,purchaseorder,,,,,,,,,,,,,,,MC/Jacevicius/SK7,,,,,,,,,,,,,"{""method_title"":""Purchase Order""}"
1660,1660,,,,,,,,,4.5000,4.5000,,,28.4900,,,,28.4900,,,,,,,purchaseorder,,,,,,,,,,,,,,,MC/smith/w11,,,,,,,,,,,,,"{""method_title"":""Purchase Order""}"
1661,1661,,,,,,,,,0.0000,0.0000,,,175.3900,,,,175.3900,,,,,0,,purchaseorder,,,,,,,,,0,,,,,,kay26082022,0,,,,,,,,,,,,"{""method_title"":""Purchase Order""}"
1662,1662,,,,,,,,,4.9600,4.9600,,,136.2700,,,,136.2700,,,,,,,purchaseorder,,,,,,,,,,,,,,,12698,,,,,,,,,,,,,"{""method_title"":""Purchase Order""}"
1663,1663,,,,,,,,,4.9600,4.9600,,,26.9200,,,,26.9200,,,,,,,purchaseorder,,,,,,,,,,,,,,,12701,,,,,,,,,,,,,"{""method_title"":""Purchase Order""}"
1664,1664,,,,,,,,,4.9600,4.9600,,,57.6700,,,,57.6700,,,,,,,purchaseorder,,,,,,,,,,,,,,,12699,,,,,,,,,,,,,"{""method_title"":""Purchase Order""}"
1665,1665,,,,,,,,,4.9600,4.9600,,,54.0600,,,,54.0600,,,,,,,purchaseorder,,,,,,,,,,,,,,,12704,,,,,,,,,,,,,"{""method_title"":""Purchase Order""}"
1666,1666,,,,,,,,,4.9600,4.9600,,,54.0600,,,,54.0600,,,,,,,purchaseorder,,,,,,,,,,,,,,,12705,,,,,,,,,,,,,"{""method_title"":""Purchase Order""}"
1667,1667,,,,,,,,,4.9600,4.9600,,,28.1800,,,,28.1800,,,,,,,purchaseorder,,,,,,,,,,,,,,,12710,,,,,,,,,,,,,"{""method_title"":""Purchase Order""}"
1668,1668,,,,,,,,,4.9600,4.9600,,,26.6300,,,,26.6300,,,,,,,purchaseorder,,,,,,,,,,,,,,,12721,,,,,,,,,,,,,"{""method_title"":""Purchase Order""}"
1669,1669,,,,,,,,,4.9600,4.9600,,,52.5000,,,,52.5000,,,,,,,purchaseorder,,,,,,,,,,,,,,,12728,,,,,,,,,,,,,"{""method_title"":""Purchase Order""}"
1670,1670,,,,,,,,,4.9600,4.9600,,,52.5000,,,,52.5000,,,,,,,purchaseorder,,,,,,,,,,,,,,,12737,,,,,,,,,,,,,"{""method_title"":""Purchase Order""}"
1671,1671,,,,,,,,,4.9600,4.9600,,,47.8800,,,,47.8800,,,,,,,purchaseorder,,,,,,,,,,,,,,,12739,,,,,,,,,,,,,"{""method_title"":""Purchase Order""}"
1672,1672,,,,,,,,,4.9600,4.9600,,,28.1800,,,,28.1800,,,,,,,purchaseorder,,,,,,,,,,,,,,,12740,,,,,,,,,,,,,"{""method_title"":""Purchase Order""}"
1673,1673,,,,,,,,,4.9600,4.9600,,,26.9200,,,,26.9200,,,,,,,purchaseorder,,,,,,,,,,,,,,,12744,,,,,,,,,,,,,"{""method_title"":""Purchase Order""}"
1674,1674,,,,,,,,,4.9600,4.9600,,,49.9100,,,,49.9100,,,,,,,purchaseorder,,,,,,,,,,,,,,,12746,,,,,,,,,,,,,"{""method_title"":""Purchase Order""}"
1675,1675,,,,,,,,,4.9600,4.9600,,,52.5000,,,,52.5000,,,,,,,purchaseorder,,,,,,,,,,,,,,,12753,,,,,,,,,,,,,"{""method_title"":""Purchase Order""}"
1676,1676,,,,,,,,,4.9600,4.9600,,,49.9100,,,,49.9100,,,,,,,purchaseorder,,,,,,,,,,,,,,,12757,,,,,,,,,,,,,"{""method_title"":""Purchase Order""}"
1677,1677,,,,,,,,,4.9600,4.9600,,,52.5000,,,,52.5000,,,,,0,,purchaseorder,,,,,,,,,0,,,,,,12758,0,,,,,,,,,,,,"{""method_title"":""Purchase Order""}"
1678,1678,,,,,,,,,4.9600,4.9600,,,88.6300,,,,88.6300,,,,,,,purchaseorder,,,,,,,,,,,,,,,12766,,,,,,,,,,,,,"{""method_title"":""Purchase Order""}"
1679,1679,,,,,,,,,4.5000,4.5000,,,36.7200,,,,36.7200,,,,,,,purchaseorder,,,,,,,,,,,,,,,52934,,,,,,,,,,,,,"{""method_title"":""Purchase Order""}"
1680,1680,,,,,,,,,4.5000,4.5000,,,29.3200,,,,29.3200,,,,,,,purchaseorder,,,,,,,,,,,,,,,	52931,,,,,,,,,,,,,"{""method_title"":""Purchase Order""}"
1681,1681,,,,,,,,,4.9600,4.9600,,,26.9200,,,,26.9200,,,,,,,purchaseorder,,,,,,,,,,,,,,,12767,,,,,,,,,,,,,"{""method_title"":""Purchase Order""}"
1682,1682,,,,,,,,,4.9600,4.9600,,,26.9200,,,,26.9200,,,,,,,purchaseorder,,,,,,,,,,,,,,,12775,,,,,,,,,,,,,"{""method_title"":""Purchase Order""}"
1683,1683,,,,,,,,,4.9600,4.9600,,,31.2700,,,,31.2700,,,,,,,purchaseorder,,,,,,,,,,,,,,,12776,,,,,,,,,,,,,"{""method_title"":""Purchase Order""}"
1684,1684,,,,,,,,,4.5000,4.5000,,,28.4900,,,,28.4900,,,,,,,purchaseorder,,,,,,,,,,,,,,,	52915,,,,,,,,,,,,,"{""method_title"":""Purchase Order""}"
1685,1685,,,,,,,,,4.5000,4.5000,,,28.4900,,,,28.4900,,,,,,,purchaseorder,,,,,,,,,,,,,,,52910,,,,,,,,,,,,,"{""method_title"":""Purchase Order""}"
1686,1686,,,,,,,,,4.9600,4.9600,,,52.5000,,,,52.5000,,,,,,,purchaseorder,,,,,,,,,,,,,,,12778,,,,,,,,,,,,,"{""method_title"":""Purchase Order""}"
1687,1687,,,,,,,,,4.5000,4.5000,,,28.4900,,,,28.4900,,,,,,,purchaseorder,,,,,,,,,,,,,,,52903,,,,,,,,,,,,,"{""method_title"":""Purchase Order""}"
1688,1688,,,,,,,,,4.5000,4.5000,,,52.1200,,,,52.1200,,,,,,,purchaseorder,,,,,,,,,,,,,,,	52900,,,,,,,,,,,,,"{""method_title"":""Purchase Order""}"
1689,1689,,,,,,,,,4.9600,4.9600,,,27.6600,,,,27.6600,,,,,0,,purchaseorder,,,,,,,,,0,,,,,,12782,0,,,,,,,,,,,,"{""method_title"":""Purchase Order""}"
1690,1690,,,,,,,,,4.9600,4.9600,,,99.0500,,,,99.0500,,,,,,,purchaseorder,,,,,,,,,,,,,,,12789,,,,,,,,,,,,,"{""method_title"":""Purchase Order""}"
1691,1691,,,,,,,,,4.5000,4.5000,,,28.1800,,,,28.1800,,,,,,,purchaseorder,,,,,,,,,,,,,,,52888,,,,,,,,,,,,,"{""method_title"":""Purchase Order""}"
1692,1692,,,,,,,,,4.5000,4.5000,,,62.3800,,,,62.3800,,,,,,,purchaseorder,,,,,,,,,,,,,,,52879,,,,,,,,,,,,,"{""method_title"":""Purchase Order""}"
1693,1693,,,,,,,,,4.5000,4.5000,,,28.4900,,,,28.4900,,,,,,,purchaseorder,,,,,,,,,,,,,,,52872,,,,,,,,,,,,,"{""method_title"":""Purchase Order""}"
1694,1694,,,,,,,,,4.5000,4.5000,,,62.3800,,,,62.3800,,,,,,,purchaseorder,,,,,,,,,,,,,,,52870,,,,,,,,,,,,,"{""method_title"":""Purchase Order""}"
1695,1695,,,,,,,,,4.5000,4.5000,,,36.7200,,,,36.7200,,,,,,,purchaseorder,,,,,,,,,,,,,,,52861,,,,,,,,,,,,,"{""method_title"":""Purchase Order""}"
1696,1696,,,,,,,,,4.5000,4.5000,,,36.7200,,,,36.7200,,,,,,,purchaseorder,,,,,,,,,,,,,,,52851,,,,,,,,,,,,,"{""method_title"":""Purchase Order""}"
1697,1697,,,,,,,,,4.9600,4.9600,,,57.6700,,,,57.6700,,,,,,,purchaseorder,,,,,,,,,,,,,,,12790,,,,,,,,,,,,,"{""method_title"":""Purchase Order""}"
1698,1698,,,,,,,,,4.5000,4.5000,,,29.3200,,,,29.3200,,,,,,,purchaseorder,,,,,,,,,,,,,,,	52824,,,,,,,,,,,,,"{""method_title"":""Purchase Order""}"
1699,1699,,,,,,,,,4.9600,4.9600,,,94.3400,,,,94.3400,,,,,,,purchaseorder,,,,,,,,,,,,,,,12796,,,,,,,,,,,,,"{""method_title"":""Purchase Order""}"
1700,1700,,,,,,,,,4.5000,4.5000,,,29.3200,,,,29.3200,,,,,,,purchaseorder,,,,,,,,,,,,,,,mc/norris/bl4,,,,,,,,,,,,,"{""method_title"":""Purchase Order""}"
1701,1701,,,,,,,,,4.9600,4.9600,,,48.3600,,,,48.3600,,,,,,,purchaseorder,,,,,,,,,,,,,,,12798,,,,,,,,,,,,,"{""method_title"":""Purchase Order""}"
1702,1702,,,,,,,,,4.9600,4.9600,,,77.5800,,,,77.5800,,,,,,,purchaseorder,,,,,,,,,,,,,,,12807,,,,,,,,,,,,,"{""method_title"":""Purchase Order""}"
1703,1703,,,,,,,,,4.9600,4.9600,,,31.2700,,,,31.2700,,,,,0,,purchaseorder,,,,,,,,,0,,,,,,12811,0,,,,,,,,,,,,"{""method_title"":""Purchase Order""}"
1704,1704,,,,,,,,,4.5000,4.5000,,,29.8800,,,,29.8800,,,,,,,purchaseorder,,,,,,,,,,,,,,,52861,,,,,,,,,,,,,"{""method_title"":""Purchase Order""}"
1705,1705,,,,,,,,,4.9600,4.9600,,,28.1800,,,,28.1800,,,,,0,,purchaseorder,,,,,,,,,0,,,,,,12812,0,,,,,,,,,,,,"{""method_title"":""Purchase Order""}"
1706,1706,,,,,,,,,0.0000,0.0000,,,108.3700,,,,108.3700,,,,,,,purchaseorder,,,,,,,,,,,,,,,JB300822,,,,,,,,,,,,,"{""method_title"":""Purchase Order""}"
1707,1707,,,,,,,,,4.9600,4.9600,,,49.9100,,,,49.9100,,,,,,,purchaseorder,,,,,,,,,,,,,,,12816,,,,,,,,,,,,,"{""method_title"":""Purchase Order""}"
1708,1708,,,,,,,,,4.9600,4.9600,,,26.6300,,,,26.6300,,,,,,,purchaseorder,,,,,,,,,,,,,,,12819,,,,,,,,,,,,,"{""method_title"":""Purchase Order""}"
1709,1709,,,,,,,,,4.9600,4.9600,,,26.6300,,,,26.6300,,,,,,,purchaseorder,,,,,,,,,,,,,,,12820,,,,,,,,,,,,,"{""method_title"":""Purchase Order""}"
1710,1710,,,,,,,,,0.0000,0.0000,,,25.9700,,,,25.9700,,,,,,,purchaseorder,,,,,,,,,,,,,,,td31/8/22,,,,,,,,,,,,,"{""method_title"":""Purchase Order""}"
1711,1711,,,,,,,,,4.9600,4.9600,,,26.9200,,,,26.9200,,,,,,,purchaseorder,,,,,,,,,,,,,,,12823,,,,,,,,,,,,,"{""method_title"":""Purchase Order""}"
1712,1712,,,,,,,,,4.9600,4.9600,,,27.6600,,,,27.6600,,,,,,,purchaseorder,,,,,,,,,,,,,,,12828,,,,,,,,,,,,,"{""method_title"":""Purchase Order""}"
1713,1713,,,,,,,,,4.9600,4.9600,,,54.0600,,,,54.0600,,,,,,,purchaseorder,,,,,,,,,,,,,,,12830,,,,,,,,,,,,,"{""method_title"":""Purchase Order""}"
1714,1714,,,,,,,,,4.9600,4.9600,,,26.6300,,,,26.6300,,,,,,,purchaseorder,,,,,,,,,,,,,,,12831,,,,,,,,,,,,,"{""method_title"":""Purchase Order""}"
1715,1715,,,,,,,,,4.9600,4.9600,,,26.6300,,,,26.6300,,,,,,,purchaseorder,,,,,,,,,,,,,,,12833,,,,,,,,,,,,,"{""method_title"":""Purchase Order""}"
1716,1716,,,,,,,,,4.9600,4.9600,,,31.2700,,,,31.2700,,,,,,,purchaseorder,,,,,,,,,,,,,,,12836,,,,,,,,,,,,,"{""method_title"":""Purchase Order""}"
1717,1717,,,,,,,,,4.9600,4.9600,,,49.9100,,,,49.9100,,,,,,,purchaseorder,,,,,,,,,,,,,,,12841,,,,,,,,,,,,,"{""method_title"":""Purchase Order""}"
1718,1718,,,,,,,,,4.9600,4.9600,,,26.9200,,,,26.9200,,,,,,,purchaseorder,,,,,,,,,,,,,,,12846,,,,,,,,,,,,,"{""method_title"":""Purchase Order""}"
1719,1719,,,,,,,,,0.0000,0.0000,,,38.8800,,,,38.8800,,,,,,,purchaseorder,,,,,,,,,,,,,,,td31/8/22,,,,,,,,,,,,,"{""method_title"":""Purchase Order""}"
1720,1720,,,,,,,,,4.9600,4.9600,,,57.6700,,,,57.6700,,,,,,,purchaseorder,,,,,,,,,,,,,,,12848,,,,,,,,,,,,,"{""method_title"":""Purchase Order""}"
1721,1721,,,,,,,,,4.9600,4.9600,,,80.0300,,,,80.0300,,,,,,,purchaseorder,,,,,,,,,,,,,,,12849,,,,,,,,,,,,,"{""method_title"":""Purchase Order""}"
1722,1722,,,,,,,,,0.0000,0.0000,,,19.4400,,,,19.4400,,,,,,,purchaseorder,,,,,,,,,,,,,,,AC01062022,,,,,,,,,,,,,"{""method_title"":""Purchase Order""}"
1723,1723,,,,,,,,,4.9600,4.9600,,,28.9200,,,,28.9200,,,,,,,purchaseorder,,,,,,,,,,,,,,,12859,,,,,,,,,,,,,"{""method_title"":""Purchase Order""}"
1724,1724,,,,,,,,,4.9600,4.9600,,,54.7900,,,,54.7900,,,,,,,purchaseorder,,,,,,,,,,,,,,,12865,,,,,,,,,,,,,"{""method_title"":""Purchase Order""}"
1725,1725,,,,,,,,,4.9600,4.9600,,,53.0800,,,,53.0800,,,,,,,purchaseorder,,,,,,,,,,,,,,,12866,,,,,,,,,,,,,"{""method_title"":""Purchase Order""}"
1726,1726,,,,,,,,,4.9600,4.9600,,,29.2400,,,,29.2400,,,,,,,purchaseorder,,,,,,,,,,,,,,,12868,,,,,,,,,,,,,"{""method_title"":""Purchase Order""}"
1727,1727,,,,,,,,,4.9600,4.9600,,,37.5500,,,,37.5500,,,,,,,purchaseorder,,,,,,,,,,,,,,,12873,,,,,,,,,,,,,"{""method_title"":""Purchase Order""}"
1728,1728,,,,,,,,,0.0000,0.0000,,,58.4600,,,,58.4600,,,,,,,purchaseorder,,,,,,,,,,,,,,,ac020922,,,,,,,,,,,,,"{""method_title"":""Purchase Order""}"
1729,1729,,,,,,,,,4.9600,4.9600,,,37.5500,,,,37.5500,,,,,,,purchaseorder,,,,,,,,,,,,,,,12883,,,,,,,,,,,,,"{""method_title"":""Purchase Order""}"
1730,1730,,,,,,,,,4.9600,4.9600,,,28.9200,,,,28.9200,,,,,,,purchaseorder,,,,,,,,,,,,,,,12886,,,,,,,,,,,,,"{""method_title"":""Purchase Order""}"
1731,1731,,,,,,,,,4.9600,4.9600,,,28.9200,,,,28.9200,,,,,0,,purchaseorder,,,,,,,,,0,,,,,,12891,0,,,,,,,,,,,,"{""method_title"":""Purchase Order""}"
1732,1732,,,,,,,,,4.9600,4.9600,,,82.3700,,,,82.3700,,,,,,,purchaseorder,,,,,,,,,,,,,,,12902,,,,,,,,,,,,,"{""method_title"":""Purchase Order""}"
1733,1733,,,,,,,,,4.9600,4.9600,,,28.9200,,,,28.9200,,,,,,,purchaseorder,,,,,,,,,,,,,,,12905,,,,,,,,,,,,,"{""method_title"":""Purchase Order""}"
1734,1734,,,,,,,,,4.9600,4.9600,,,63.4200,,,,63.4200,,,,,,,purchaseorder,,,,,,,,,,,,,,,12911,,,,,,,,,,,,,"{""method_title"":""Purchase Order""}"
1735,1735,,,,,,,,,4.9600,4.9600,,,63.4200,,,,63.4200,,,,,,,purchaseorder,,,,,,,,,,,,,,,12913,,,,,,,,,,,,,"{""method_title"":""Purchase Order""}"
1736,1736,,,,,,,,,4.9600,4.9600,,,54.7900,,,,54.7900,,,,,,,purchaseorder,,,,,,,,,,,,,,,12915,,,,,,,,,,,,,"{""method_title"":""Purchase Order""}"
1737,1737,,,,,,,,,4.5000,4.5000,,,28.1800,,,,28.1800,,,,,,,purchaseorder,,,,,,,,,,,,,,,MC/Kelly/UB1,,,,,,,,,,,,,"{""method_title"":""Purchase Order""}"
1738,1738,,,,,,,,,4.5000,4.5000,,,29.3200,,,,29.3200,,,,,,,purchaseorder,,,,,,,,,,,,,,,MC/Procter/SK4,,,,,,,,,,,,,"{""method_title"":""Purchase Order""}"
1739,1739,,,,,,,,,0.0000,0.0000,,,51.9400,,,,51.9400,,,,,0,,purchaseorder,,,,,,,,,0,,,,,,Ac 0509062022,0,,,,,,,,,,,,"{""method_title"":""Purchase Order""}"
1740,1740,,,,,,,,,4.5000,4.5000,,,29.3200,,,,29.3200,,,,,,,purchaseorder,,,,,,,,,,,,,,,53033,,,,,,,,,,,,,"{""method_title"":""Purchase Order""}"
1741,1741,,,,,,,,,4.5000,4.5000,,,28.4900,,,,28.4900,,,,,,,purchaseorder,,,,,,,,,,,,,,,53030,,,,,,,,,,,,,"{""method_title"":""Purchase Order""}"
1742,1742,,,,,,,,,4.5000,4.5000,,,33.3000,,,,33.3000,,,,,,,purchaseorder,,,,,,,,,,,,,,,53024,,,,,,,,,,,,,"{""method_title"":""Purchase Order""}"
1743,1743,,,,,,,,,4.5000,4.5000,,,28.4900,,,,28.4900,,,,,,,purchaseorder,,,,,,,,,,,,,,,53085,,,,,,,,,,,,,"{""method_title"":""Purchase Order""}"
1744,1744,,,,,,,,,4.9600,4.9600,,,29.2400,,,,29.2400,,,,,,,purchaseorder,,,,,,,,,,,,,,,12920,,,,,,,,,,,,,"{""method_title"":""Purchase Order""}"
1745,1745,,,,,,,,,4.9600,4.9600,,,57.6700,,,,57.6700,,,,,,,purchaseorder,,,,,,,,,,,,,,,12924,,,,,,,,,,,,,"{""method_title"":""Purchase Order""}"
1746,1746,,,,,,,,,0.0000,0.0000,,,68.0400,,,,68.0400,,,,,,,purchaseorder,,,,,,,,,,,,,,,AC05092022,,,,,,,,,,,,,"{""method_title"":""Purchase Order""}"
1747,1747,,,,,,,,,4.9600,4.9600,,,29.2400,,,,29.2400,,,,,,,purchaseorder,,,,,,,,,,,,,,,12926,,,,,,,,,,,,,"{""method_title"":""Purchase Order""}"
1748,1748,,,,,,,,,4.9600,4.9600,,,30.0700,,,,30.0700,,,,,,,purchaseorder,,,,,,,,,,,,,,,12918,,,,,,,,,,,,,"{""method_title"":""Purchase Order""}"
1749,1749,,,,,,,,,4.5000,4.5000,,,59.5200,,,,59.5200,,,,,,,purchaseorder,,,,,,,,,,,,,,,53098,,,,,,,,,,,,,"{""method_title"":""Purchase Order""}"
1750,1750,,,,,,,,,4.5000,4.5000,,,28.1800,,,,28.1800,,,,,,,purchaseorder,,,,,,,,,,,,,,,53079,,,,,,,,,,,,,"{""method_title"":""Purchase Order""}"
1751,1751,,,,,,,,,4.5000,4.5000,,,28.1800,,,,28.1800,,,,,,,purchaseorder,,,,,,,,,,,,,,,53079,,,,,,,,,,,,,"{""method_title"":""Purchase Order""}"
1752,1752,,,,,,,,,4.9600,4.9600,,,59.9800,,,,59.9800,,,,,,,purchaseorder,,,,,,,,,,,,,,,12927,,,,,,,,,,,,,"{""method_title"":""Purchase Order""}"
1753,1753,,,,,,,,,4.9600,4.9600,,,54.7900,,,,54.7900,,,,,,,purchaseorder,,,,,,,,,,,,,,,12928,,,,,,,,,,,,,"{""method_title"":""Purchase Order""}"
1754,1754,,,,,,,,,4.9600,4.9600,,,54.7900,,,,54.7900,,,,,,,purchaseorder,,,,,,,,,,,,,,,12930,,,,,,,,,,,,,"{""method_title"":""Purchase Order""}"
1755,1755,,,,,,,,,4.9600,4.9600,,,109.3900,,,,109.3900,,,,,,,purchaseorder,,,,,,,,,,,,,,,12932,,,,,,,,,,,,,"{""method_title"":""Purchase Order""}"
1756,1756,,,,,,,,,4.9600,4.9600,,,60.5500,,,,60.5500,,,,,,,purchaseorder,,,,,,,,,,,,,,,12938,,,,,,,,,,,,,"{""method_title"":""Purchase Order""}"
1757,1757,,,,,,,,,4.9600,4.9600,,,57.6700,,,,57.6700,,,,,,,purchaseorder,,,,,,,,,,,,,,,12940,,,,,,,,,,,,,"{""method_title"":""Purchase Order""}"
1758,1758,,,,,,,,,4.9600,4.9600,,,86.7100,,,,86.7100,,,,,,,purchaseorder,,,,,,,,,,,,,,,12946,,,,,,,,,,,,,"{""method_title"":""Purchase Order""}"
1759,1759,,,,,,,,,4.9600,4.9600,,,29.2400,,,,29.2400,,,,,,,purchaseorder,,,,,,,,,,,,,,,12948,,,,,,,,,,,,,"{""method_title"":""Purchase Order""}"
1760,1760,,,,,,,,,4.9600,4.9600,,,39.2800,,,,39.2800,,,,,,,purchaseorder,,,,,,,,,,,,,,,12953,,,,,,,,,,,,,"{""method_title"":""Purchase Order""}"
1761,1761,,,,,,,,,4.9600,4.9600,,,30.6500,,,,30.6500,,,,,,,purchaseorder,,,,,,,,,,,,,,,12955,,,,,,,,,,,,,"{""method_title"":""Purchase Order""}"
1762,1762,,,,,,,,,4.5000,4.5000,,,29.8800,,,,29.8800,,,,,,,purchaseorder,,,,,,,,,,,,,,,53158,,,,,,,,,,,,,"{""method_title"":""Purchase Order""}"
1763,1763,,,,,,,,,4.5000,4.5000,,,28.4900,,,,28.4900,,,,,,,purchaseorder,,,,,,,,,,,,,,,53147,,,,,,,,,,,,,"{""method_title"":""Purchase Order""}"
1764,1764,,,,,,,,,4.5000,4.5000,,,33.3000,,,,33.3000,,,,,,,purchaseorder,,,,,,,,,,,,,,,53142,,,,,,,,,,,,,"{""method_title"":""Purchase Order""}"
1765,1765,,,,,,,,,4.5000,4.5000,,,28.1800,,,,28.1800,,,,,,,purchaseorder,,,,,,,,,,,,,,,53141,,,,,,,,,,,,,"{""method_title"":""Purchase Order""}"
1766,1766,,,,,,,,,4.5000,4.5000,,,28.4900,,,,28.4900,,,,,,,purchaseorder,,,,,,,,,,,,,,,52872,,,,,,,,,,,,,"{""method_title"":""Purchase Order""}"
1767,1767,,,,,,,,,4.5000,4.5000,,,29.3200,,,,29.3200,,,,,,,purchaseorder,,,,,,,,,,,,,,,53171,,,,,,,,,,,,,"{""method_title"":""Purchase Order""}"
1768,1768,,,,,,,,,4.5000,4.5000,,,53.8000,,,,53.8000,,,,,,,purchaseorder,,,,,,,,,,,,,,,53175,,,,,,,,,,,,,"{""method_title"":""Purchase Order""}"
1769,1769,,,,,,,,,4.9600,4.9600,,,28.9200,,,,28.9200,,,,,,,purchaseorder,,,,,,,,,,,,,,,12966,,,,,,,,,,,,,"{""method_title"":""Purchase Order""}"
1770,1770,,,,,,,,,4.9600,4.9600,,,51.8900,,,,51.8900,,,,,,,purchaseorder,,,,,,,,,,,,,,,12980,,,,,,,,,,,,,"{""method_title"":""Purchase Order""}"
1771,1771,,,,,,,,,4.9600,4.9600,,,37.5500,,,,37.5500,,,,,,,purchaseorder,,,,,,,,,,,,,,,12982,,,,,,,,,,,,,"{""method_title"":""Purchase Order""}"
1772,1772,,,,,,,,,3.2900,3.2900,,,62.4100,,,,62.4100,,,,,,,purchaseorder,,,,,,,,,,,,,,,frankie090922,,,,,,,,,,,,,"{""method_title"":""Purchase Order""}"
1773,1773,,,,,,,,,4.5000,4.5000,,,28.4900,,,,28.4900,,,,,,,purchaseorder,,,,,,,,,,,,,,,53188,,,,,,,,,,,,,"{""method_title"":""Purchase Order""}"
1774,1774,,,,,,,,,4.9600,4.9600,,,57.6700,,,,57.6700,,,,,,,purchaseorder,,,,,,,,,,,,,,,12987,,,,,,,,,,,,,"{""method_title"":""Purchase Order""}"
1775,1775,,,,,,,,,4.9600,4.9600,,,54.7900,,,,54.7900,,,,,,,purchaseorder,,,,,,,,,,,,,,,12988,,,,,,,,,,,,,"{""method_title"":""Purchase Order""}"
1776,1776,,,,,,,,,4.9600,4.9600,,,57.6700,,,,57.6700,,,,,,,purchaseorder,,,,,,,,,,,,,,,12992,,,,,,,,,,,,,"{""method_title"":""Purchase Order""}"
1777,1777,,,,,,,,,4.9600,4.9600,,,54.7900,,,,54.7900,,,,,,,purchaseorder,,,,,,,,,,,,,,,12996,,,,,,,,,,,,,"{""method_title"":""Purchase Order""}"
1778,1778,,,,,,,,,4.9600,4.9600,,,59.4000,,,,59.4000,,,,,,,purchaseorder,,,,,,,,,,,,,,,12999,,,,,,,,,,,,,"{""method_title"":""Purchase Order""}"
1779,1779,,,,,,,,,4.9600,4.9600,,,29.2400,,,,29.2400,,,,,,,purchaseorder,,,,,,,,,,,,,,,13000,,,,,,,,,,,,,"{""method_title"":""Purchase Order""}"
1780,1780,,,,,,,,,4.9600,4.9600,,,109.3900,,,,109.3900,,,,,,,purchaseorder,,,,,,,,,,,,,,,13001,,,,,,,,,,,,,"{""method_title"":""Purchase Order""}"
1781,1781,,,,,,,,,4.9600,4.9600,,,34.0900,,,,34.0900,,,,,,,purchaseorder,,,,,,,,,,,,,,,13004,,,,,,,,,,,,,"{""method_title"":""Purchase Order""}"
1782,1782,,,,,,,,,4.9600,4.9600,,,34.0900,,,,34.0900,,,,,,,purchaseorder,,,,,,,,,,,,,,,13009,,,,,,,,,,,,,"{""method_title"":""Purchase Order""}"
1783,1783,,,,,,,,,4.9600,4.9600,,,60.5500,,,,60.5500,,,,,,,purchaseorder,,,,,,,,,,,,,,,13012,,,,,,,,,,,,,"{""method_title"":""Purchase Order""}"
1784,1784,,,,,,,,,4.9600,4.9600,,,30.6500,,,,30.6500,,,,,,,purchaseorder,,,,,,,,,,,,,,,13014,,,,,,,,,,,,,"{""method_title"":""Purchase Order""}"
1785,1785,,,,,,,,,4.9600,4.9600,,,59.4000,,,,59.4000,,,,,,,purchaseorder,,,,,,,,,,,,,,,13021,,,,,,,,,,,,,"{""method_title"":""Purchase Order""}"
1786,1786,,,,,,,,,4.9600,4.9600,,,28.9200,,,,28.9200,,,,,,,purchaseorder,,,,,,,,,,,,,,,13026,,,,,,,,,,,,,"{""method_title"":""Purchase Order""}"
1787,1787,,,,,,,,,4.9600,4.9600,,,28.9200,,,,28.9200,,,,,,,purchaseorder,,,,,,,,,,,,,,,13027,,,,,,,,,,,,,"{""method_title"":""Purchase Order""}"
1788,1788,,,,,,,,,4.9600,4.9600,,,57.6700,,,,57.6700,,,,,,,purchaseorder,,,,,,,,,,,,,,,13028,,,,,,,,,,,,,"{""method_title"":""Purchase Order""}"
1789,1789,,,,,,,,,4.5000,4.5000,,,56.6800,,,,56.6800,,,,,,,purchaseorder,,,,,,,,,,,,,,,MC/KERR/G46,,,,,,,,,,,,,"{""method_title"":""Purchase Order""}"
1790,1790,,,,,,,,,4.5000,4.5000,,,28.4900,,,,28.4900,,,,,,,purchaseorder,,,,,,,,,,,,,,,53085,,,,,,,,,,,,,"{""method_title"":""Purchase Order""}"
1791,1791,,,,,,,,,4.9600,4.9600,,,57.6700,,,,57.6700,,,,,,,purchaseorder,,,,,,,,,,,,,,,13029,,,,,,,,,,,,,"{""method_title"":""Purchase Order""}"
1792,1792,,,,,,,,,4.9600,4.9600,,,57.6700,,,,57.6700,,,,,,,purchaseorder,,,,,,,,,,,,,,,13031,,,,,,,,,,,,,"{""method_title"":""Purchase Order""}"
1793,1793,,,,,,,,,4.5000,4.5000,,,29.8800,,,,29.8800,,,,,,,purchaseorder,,,,,,,,,,,,,,,53259,,,,,,,,,,,,,"{""method_title"":""Purchase Order""}"
1794,1794,,,,,,,,,4.5000,4.5000,,,36.7200,,,,36.7200,,,,,,,purchaseorder,,,,,,,,,,,,,,,53254,,,,,,,,,,,,,"{""method_title"":""Purchase Order""}"
1795,1795,,,,,,,,,4.5000,4.5000,,,28.1800,,,,28.1800,,,,,,,purchaseorder,,,,,,,,,,,,,,,53251,,,,,,,,,,,,,"{""method_title"":""Purchase Order""}"
1796,1796,,,,,,,,,4.5000,4.5000,,,53.8000,,,,53.8000,,,,,,,purchaseorder,,,,,,,,,,,,,,,53244,,,,,,,,,,,,,"{""method_title"":""Purchase Order""}"
1797,1797,,,,,,,,,4.9600,4.9600,,,29.2400,,,,29.2400,,,,,,,purchaseorder,,,,,,,,,,,,,,,13034,,,,,,,,,,,,,"{""method_title"":""Purchase Order""}"
1798,1798,,,,,,,,,4.9600,4.9600,,,60.5500,,,,60.5500,,,,,,,purchaseorder,,,,,,,,,,,,,,,13035,,,,,,,,,,,,,"{""method_title"":""Purchase Order""}"
1799,1799,,,,,,,,,4.5000,4.5000,,,28.4900,,,,28.4900,,,,,,,purchaseorder,,,,,,,,,,,,,,,53289,,,,,,,,,,,,,"{""method_title"":""Purchase Order""}"
1800,1800,,,,,,,,,4.5000,4.5000,,,29.3200,,,,29.3200,,,,,,,purchaseorder,,,,,,,,,,,,,,,53280,,,,,,,,,,,,,"{""method_title"":""Purchase Order""}"
1801,1801,,,,,,,,,4.5000,4.5000,,,28.1800,,,,28.1800,,,,,,,purchaseorder,,,,,,,,,,,,,,,53276,,,,,,,,,,,,,"{""method_title"":""Purchase Order""}"
1802,1802,,,,,,,,,4.9600,4.9600,,,59.4000,,,,59.4000,,,,,,,purchaseorder,,,,,,,,,,,,,,,13038,,,,,,,,,,,,,"{""method_title"":""Purchase Order""}"
1803,1803,,,,,,,,,4.9600,4.9600,,,63.4200,,,,63.4200,,,,,,,purchaseorder,,,,,,,,,,,,,,,13040,,,,,,,,,,,,,"{""method_title"":""Purchase Order""}"
1804,1804,,,,,,,,,4.9600,4.9600,,,59.4000,,,,59.4000,,,,,,,purchaseorder,,,,,,,,,,,,,,,13045,,,,,,,,,,,,,"{""method_title"":""Purchase Order""}"
1805,1805,,,,,,,,,4.9600,4.9600,,,30.0700,,,,30.0700,,,,,,,purchaseorder,,,,,,,,,,,,,,,13049,,,,,,,,,,,,,"{""method_title"":""Purchase Order""}"
1806,1806,,,,,,,,,4.9600,4.9600,,,59.4000,,,,59.4000,,,,,,,purchaseorder,,,,,,,,,,,,,,,13050,,,,,,,,,,,,,"{""method_title"":""Purchase Order""}"
1807,1807,,,,,,,,,4.5000,4.5000,,,36.7200,,,,36.7200,,,,,,,purchaseorder,,,,,,,,,,,,,,,53295,,,,,,,,,,,,,"{""method_title"":""Purchase Order""}"
1808,1808,,,,,,,,,4.5000,4.5000,,,28.4900,,,,28.4900,,,,,,,purchaseorder,,,,,,,,,,,,,,,53315,,,,,,,,,,,,,"{""method_title"":""Purchase Order""}"
1809,1809,,,,,,,,,4.5000,4.5000,,,28.1800,,,,28.1800,,,,,,,purchaseorder,,,,,,,,,,,,,,,53305,,,,,,,,,,,,,"{""method_title"":""Purchase Order""}"
1810,1810,,,,,,,,,4.5000,4.5000,,,105.1000,,,,105.1000,,,,,,,purchaseorder,,,,,,,,,,,,,,,53304,,,,,,,,,,,,,"{""method_title"":""Purchase Order""}"
1811,1811,,,,,,,,,4.9600,4.9600,,,59.4000,,,,59.4000,,,,,,,purchaseorder,,,,,,,,,,,,,,,13056,,,,,,,,,,,,,"{""method_title"":""Purchase Order""}"
1812,1812,,,,,,,,,4.9600,4.9600,,,28.9200,,,,28.9200,,,,,,,purchaseorder,,,,,,,,,,,,,,,13058,,,,,,,,,,,,,"{""method_title"":""Purchase Order""}"
1813,1813,,,,,,,,,4.9600,4.9600,,,28.9200,,,,28.9200,,,,,,,purchaseorder,,,,,,,,,,,,,,,13061,,,,,,,,,,,,,"{""method_title"":""Purchase Order""}"
1814,1814,,,,,,,,,4.9600,4.9600,,,111.1200,,,,111.1200,,,,,,,purchaseorder,,,,,,,,,,,,,,,13063,,,,,,,,,,,,,"{""method_title"":""Purchase Order""}"
1815,1815,,,,,,,,,4.9600,4.9600,,,109.3900,,,,109.3900,,,,,,,purchaseorder,,,,,,,,,,,,,,,13066,,,,,,,,,,,,,"{""method_title"":""Purchase Order""}"
1816,1816,,,,,,,,,4.9600,4.9600,,,54.7900,,,,54.7900,,,,,,,purchaseorder,,,,,,,,,,,,,,,13071,,,,,,,,,,,,,"{""method_title"":""Purchase Order""}"
1817,1817,,,,,,,,,4.9600,4.9600,,,37.5500,,,,37.5500,,,,,,,purchaseorder,,,,,,,,,,,,,,,13073,,,,,,,,,,,,,"{""method_title"":""Purchase Order""}"
1818,1818,,,,,,,,,4.9600,4.9600,,,63.4200,,,,63.4200,,,,,0,,purchaseorder,,,,,,,,,0,,,,,,13074,0,,,,,,,,,,,,"{""method_title"":""Purchase Order""}"
1819,1819,,,,,,,,,4.9600,4.9600,,,30.0700,,,,30.0700,,,,,,,purchaseorder,,,,,,,,,,,,,,,13075,,,,,,,,,,,,,"{""method_title"":""Purchase Order""}"
1820,1820,,,,,,,,,4.5000,4.5000,,,28.4900,,,,28.4900,,,,,,,purchaseorder,,,,,,,,,,,,,,,53342,,,,,,,,,,,,,"{""method_title"":""Purchase Order""}"
1821,1821,,,,,,,,,4.5000,4.5000,,,36.7200,,,,36.7200,,,,,,,purchaseorder,,,,,,,,,,,,,,,53340,,,,,,,,,,,,,"{""method_title"":""Purchase Order""}"
1822,1822,,,,,,,,,4.5000,4.5000,,,58.3800,,,,58.3800,,,,,,,purchaseorder,,,,,,,,,,,,,,,53336,,,,,,,,,,,,,"{""method_title"":""Purchase Order""}"
1823,1823,,,,,,,,,4.5000,4.5000,,,51.5800,,,,51.5800,,,,,,,purchaseorder,,,,,,,,,,,,,,,	53326,,,,,,,,,,,,,"{""method_title"":""Purchase Order""}"
1824,1824,,,,,,,,,4.9600,4.9600,,,37.5500,,,,37.5500,,,,,,,purchaseorder,,,,,,,,,,,,,,,13077,,,,,,,,,,,,,"{""method_title"":""Purchase Order""}"
1825,1825,,,,,,,,,4.9600,4.9600,,,30.0700,,,,30.0700,,,,,,,purchaseorder,,,,,,,,,,,,,,,13081,,,,,,,,,,,,,"{""method_title"":""Purchase Order""}"
1826,1826,,,,,,,,,4.9600,4.9600,,,30.0700,,,,30.0700,,,,,,,purchaseorder,,,,,,,,,,,,,,,13082,,,,,,,,,,,,,"{""method_title"":""Purchase Order""}"
1827,1827,,,,,,,,,4.9600,4.9600,,,57.6700,,,,57.6700,,,,,,,purchaseorder,,,,,,,,,,,,,,,13089,,,,,,,,,,,,,"{""method_title"":""Purchase Order""}"
1828,1828,,,,,,,,,4.9600,4.9600,,,59.4000,,,,59.4000,,,,,,,purchaseorder,,,,,,,,,,,,,,,13090,,,,,,,,,,,,,"{""method_title"":""Purchase Order""}"
1829,1829,,,,,,,,,4.5000,4.5000,,,56.6800,,,,56.6800,,,,,,,purchaseorder,,,,,,,,,,,,,,,53404,,,,,,,,,,,,,"{""method_title"":""Purchase Order""}"
1830,1830,,,,,,,,,4.5000,4.5000,,,29.8800,,,,29.8800,,,,,,,purchaseorder,,,,,,,,,,,,,,,53400,,,,,,,,,,,,,"{""method_title"":""Purchase Order""}"
1831,1831,,,,,,,,,4.5000,4.5000,,,29.8800,,,,29.8800,,,,,,,purchaseorder,,,,,,,,,,,,,,,53397,,,,,,,,,,,,,"{""method_title"":""Purchase Order""}"
1832,1832,,,,,,,,,4.5000,4.5000,,,28.4900,,,,28.4900,,,,,,,purchaseorder,,,,,,,,,,,,,,,53393,,,,,,,,,,,,,"{""method_title"":""Purchase Order""}"
1833,1833,,,,,,,,,4.5000,4.5000,,,29.3200,,,,29.3200,,,,,,,purchaseorder,,,,,,,,,,,,,,,53388,,,,,,,,,,,,,"{""method_title"":""Purchase Order""}"
1834,1834,,,,,,,,,4.9600,4.9600,,,63.4200,,,,63.4200,,,,,,,purchaseorder,,,,,,,,,,,,,,,13096,,,,,,,,,,,,,"{""method_title"":""Purchase Order""}"
1835,1835,,,,,,,,,4.5000,4.5000,,,29.8800,,,,29.8800,,,,,,,purchaseorder,,,,,,,,,,,,,,,53385,,,,,,,,,,,,,"{""method_title"":""Purchase Order""}"
1836,1836,,,,,,,,,4.5000,4.5000,,,29.3200,,,,29.3200,,,,,,,purchaseorder,,,,,,,,,,,,,,,53379,,,,,,,,,,,,,"{""method_title"":""Purchase Order""}"
1837,1837,,,,,,,,,4.9600,4.9600,,,53.0800,,,,53.0800,,,,,0,,purchaseorder,,,,,,,,,0,,,,,,13099,0,,,,,,,,,,,,"{""method_title"":""Purchase Order""}"
1838,1838,,,,,,,,,4.5000,4.5000,,,28.1800,,,,28.1800,,,,,,,purchaseorder,,,,,,,,,,,,,,,53371,,,,,,,,,,,,,"{""method_title"":""Purchase Order""}"
1839,1839,,,,,,,,,4.9600,4.9600,,,29.2400,,,,29.2400,,,,,,,purchaseorder,,,,,,,,,,,,,,,13107,,,,,,,,,,,,,"{""method_title"":""Purchase Order""}"
1840,1840,,,,,,,,,4.9600,4.9600,,,54.7900,,,,54.7900,,,,,,,purchaseorder,,,,,,,,,,,,,,,13119,,,,,,,,,,,,,"{""method_title"":""Purchase Order""}"
1841,1841,,,,,,,,,4.9600,4.9600,,,29.2400,,,,29.2400,,,,,,,purchaseorder,,,,,,,,,,,,,,,13124,,,,,,,,,,,,,"{""method_title"":""Purchase Order""}"
1842,1842,,,,,,,,,4.9600,4.9600,,,30.0700,,,,30.0700,,,,,,,purchaseorder,,,,,,,,,,,,,,,13126,,,,,,,,,,,,,"{""method_title"":""Purchase Order""}"
1843,1843,,,,,,,,,4.9600,4.9600,,,30.0700,,,,30.0700,,,,,,,purchaseorder,,,,,,,,,,,,,,,13128,,,,,,,,,,,,,"{""method_title"":""Purchase Order""}"
1844,1844,,,,,,,,,4.9600,4.9600,,,51.8900,,,,51.8900,,,,,,,purchaseorder,,,,,,,,,,,,,,,13132,,,,,,,,,,,,,"{""method_title"":""Purchase Order""}"
1845,1845,,,,,,,,,4.9600,4.9600,,,39.2800,,,,39.2800,,,,,,,purchaseorder,,,,,,,,,,,,,,,13134,,,,,,,,,,,,,"{""method_title"":""Purchase Order""}"
1846,1846,,,,,,,,,4.9600,4.9600,,,57.6700,,,,57.6700,,,,,,,purchaseorder,,,,,,,,,,,,,,,13142,,,,,,,,,,,,,"{""method_title"":""Purchase Order""}"
1847,1847,,,,,,,,,4.5000,4.5000,,,56.6800,,,,56.6800,,,,,,,purchaseorder,,,,,,,,,,,,,,,53370,,,,,,,,,,,,,"{""method_title"":""Purchase Order""}"
1848,1848,,,,,,,,,4.5000,4.5000,,,29.3200,,,,29.3200,,,,,,,purchaseorder,,,,,,,,,,,,,,,53361,,,,,,,,,,,,,"{""method_title"":""Purchase Order""}"
1849,1849,,,,,,,,,4.9600,4.9600,,,55.9400,,,,55.9400,,,,,,,purchaseorder,,,,,,,,,,,,,,,13158,,,,,,,,,,,,,"{""method_title"":""Purchase Order""}"
1850,1850,,,,,,,,,4.9600,4.9600,,,63.4200,,,,63.4200,,,,,,,purchaseorder,,,,,,,,,,,,,,,13165,,,,,,,,,,,,,"{""method_title"":""Purchase Order""}"
1851,1851,,,,,,,,,4.5000,4.5000,,,29.3200,,,,29.3200,,,,,,,purchaseorder,,,,,,,,,,,,,,,MC/Procter/SK4,,,,,,,,,,,,,"{""method_title"":""Purchase Order""}"
1852,1852,,,,,,,,,3.2900,3.2900,,,12.5300,,,,12.5300,,,,,,,purchaseorder,,,,,,,,,,,,,,,53461,,,,,,,,,,,,,"{""method_title"":""Purchase Order""}"
1853,1853,,,,,,,,,4.5000,4.5000,,,29.3200,,,,29.3200,,,,,,,purchaseorder,,,,,,,,,,,,,,,53443,,,,,,,,,,,,,"{""method_title"":""Purchase Order""}"
1854,1854,,,,,,,,,4.9600,4.9600,,,63.4200,,,,63.4200,,,,,,,purchaseorder,,,,,,,,,,,,,,,13168,,,,,,,,,,,,,"{""method_title"":""Purchase Order""}"
1855,1855,,,,,,,,,4.9600,4.9600,,,30.0700,,,,30.0700,,,,,,,purchaseorder,,,,,,,,,,,,,,,13171,,,,,,,,,,,,,"{""method_title"":""Purchase Order""}"
1856,1856,,,,,,,,,4.9600,4.9600,,,28.9200,,,,28.9200,,,,,,,purchaseorder,,,,,,,,,,,,,,,13177,,,,,,,,,,,,,"{""method_title"":""Purchase Order""}"
1857,1857,,,,,,,,,4.9600,4.9600,,,29.2400,,,,29.2400,,,,,,,purchaseorder,,,,,,,,,,,,,,,13178,,,,,,,,,,,,,"{""method_title"":""Purchase Order""}"
1858,1858,,,,,,,,,4.9600,4.9600,,,54.7900,,,,54.7900,,,,,,,purchaseorder,,,,,,,,,,,,,,,13184,,,,,,,,,,,,,"{""method_title"":""Purchase Order""}"
1859,1859,,,,,,,,,4.9600,4.9600,,,30.0700,,,,30.0700,,,,,,,purchaseorder,,,,,,,,,,,,,,,13191,,,,,,,,,,,,,"{""method_title"":""Purchase Order""}"
1860,1860,,,,,,,,,4.9600,4.9600,,,57.6700,,,,57.6700,,,,,,,purchaseorder,,,,,,,,,,,,,,,13195,,,,,,,,,,,,,"{""method_title"":""Purchase Order""}"
1861,1861,,,,,,,,,4.5000,4.5000,,,36.7200,,,,36.7200,,,,,,,purchaseorder,,,,,,,,,,,,,,,	53481,,,,,,,,,,,,,"{""method_title"":""Purchase Order""}"
1862,1862,,,,,,,,,4.5000,4.5000,,,58.3800,,,,58.3800,,,,,,,purchaseorder,,,,,,,,,,,,,,,53480,,,,,,,,,,,,,"{""method_title"":""Purchase Order""}"
1863,1863,,,,,,,,,4.5000,4.5000,,,29.3200,,,,29.3200,,,,,,,purchaseorder,,,,,,,,,,,,,,,53476,,,,,,,,,,,,,"{""method_title"":""Purchase Order""}"
1864,1864,,,,,,,,,4.5000,4.5000,,,68.0400,,,,68.0400,,,,,,,purchaseorder,,,,,,,,,,,,,,,	53469,,,,,,,,,,,,,"{""method_title"":""Purchase Order""}"
1865,1865,,,,,,,,,4.9600,4.9600,,,29.2400,,,,29.2400,,,,,,,purchaseorder,,,,,,,,,,,,,,,13207,,,,,,,,,,,,,"{""method_title"":""Purchase Order""}"
1866,1866,,,,,,,,,4.9600,4.9600,,,63.4200,,,,63.4200,,,,,,,purchaseorder,,,,,,,,,,,,,,,13210,,,,,,,,,,,,,"{""method_title"":""Purchase Order""}"
1867,1867,,,,,,,,,4.9600,4.9600,,,28.9200,,,,28.9200,,,,,,,purchaseorder,,,,,,,,,,,,,,,13211,,,,,,,,,,,,,"{""method_title"":""Purchase Order""}"
1868,1868,,,,,,,,,4.9600,4.9600,,,30.6500,,,,30.6500,,,,,,,purchaseorder,,,,,,,,,,,,,,,13212,,,,,,,,,,,,,"{""method_title"":""Purchase Order""}"
1869,1869,,,,,,,,,4.9600,4.9600,,,63.4200,,,,63.4200,,,,,,,purchaseorder,,,,,,,,,,,,,,,13214,,,,,,,,,,,,,"{""method_title"":""Purchase Order""}"
1870,1870,,,,,,,,,4.9600,4.9600,,,30.6500,,,,30.6500,,,,,,,purchaseorder,,,,,,,,,,,,,,,13218,,,,,,,,,,,,,"{""method_title"":""Purchase Order""}"
1871,1871,,,,,,,,,4.9600,4.9600,,,37.5500,,,,37.5500,,,,,,,purchaseorder,,,,,,,,,,,,,,,13221,,,,,,,,,,,,,"{""method_title"":""Purchase Order""}"
1872,1872,,,,,,,,,0.0000,0.0000,,,58.4600,,,,58.4600,,,,,,,purchaseorder,,,,,,,,,,,,,,,FRANKIE230922,,,,,,,,,,,,,"{""method_title"":""Purchase Order""}"
1873,1873,,,,,,,,,4.5000,4.5000,,,28.4900,,,,28.4900,,,,,,,purchaseorder,,,,,,,,,,,,,,,53546,,,,,,,,,,,,,"{""method_title"":""Purchase Order""}"
1874,1874,,,,,,,,,4.5000,4.5000,,,56.6800,,,,56.6800,,,,,,,purchaseorder,,,,,,,,,,,,,,,53545,,,,,,,,,,,,,"{""method_title"":""Purchase Order""}"
1875,1875,,,,,,,,,4.5000,4.5000,,,28.4900,,,,28.4900,,,,,,,purchaseorder,,,,,,,,,,,,,,,53522,,,,,,,,,,,,,"{""method_title"":""Purchase Order""}"
1876,1876,,,,,,,,,4.5000,4.5000,,,54.9600,,,,54.9600,,,,,,,purchaseorder,,,,,,,,,,,,,,,53518,,,,,,,,,,,,,"{""method_title"":""Purchase Order""}"
1877,1877,,,,,,,,,4.5000,4.5000,,,29.3200,,,,29.3200,,,,,,,purchaseorder,,,,,,,,,,,,,,,53511,,,,,,,,,,,,,"{""method_title"":""Purchase Order""}"
1878,1878,,,,,,,,,4.9600,4.9600,,,57.6700,,,,57.6700,,,,,,,purchaseorder,,,,,,,,,,,,,,,13224,,,,,,,,,,,,,"{""method_title"":""Purchase Order""}"
1879,1879,,,,,,,,,4.9600,4.9600,,,55.9400,,,,55.9400,,,,,,,purchaseorder,,,,,,,,,,,,,,,13230,,,,,,,,,,,,,"{""method_title"":""Purchase Order""}"
1880,1880,,,,,,,,,4.9600,4.9600,,,30.0700,,,,30.0700,,,,,,,purchaseorder,,,,,,,,,,,,,,,13233,,,,,,,,,,,,,"{""method_title"":""Purchase Order""}"
1881,1881,,,,,,,,,4.9600,4.9600,,,30.0700,,,,30.0700,,,,,,,purchaseorder,,,,,,,,,,,,,,,13239,,,,,,,,,,,,,"{""method_title"":""Purchase Order""}"
1882,1882,,,,,,,,,4.9600,4.9600,,,63.4200,,,,63.4200,,,,,,,purchaseorder,,,,,,,,,,,,,,,13251,,,,,,,,,,,,,"{""method_title"":""Purchase Order""}"
1883,1883,,,,,,,,,4.9600,4.9600,,,55.9400,,,,55.9400,,,,,,,purchaseorder,,,,,,,,,,,,,,,13252,,,,,,,,,,,,,"{""method_title"":""Purchase Order""}"
1884,1884,,,,,,,,,4.9600,4.9600,,,30.0700,,,,30.0700,,,,,,,purchaseorder,,,,,,,,,,,,,,,13254,,,,,,,,,,,,,"{""method_title"":""Purchase Order""}"
1885,1885,,,,,,,,,4.9600,4.9600,,,57.6700,,,,57.6700,,,,,,,purchaseorder,,,,,,,,,,,,,,,13264,,,,,,,,,,,,,"{""method_title"":""Purchase Order""}"
1886,1886,,,,,,,,,4.9600,4.9600,,,28.9200,,,,28.9200,,,,,,,purchaseorder,,,,,,,,,,,,,,,13265,,,,,,,,,,,,,"{""method_title"":""Purchase Order""}"
1887,1887,,,,,,,,,4.9600,4.9600,,,30.0700,,,,30.0700,,,,,,,purchaseorder,,,,,,,,,,,,,,,13277,,,,,,,,,,,,,"{""method_title"":""Purchase Order""}"
1888,1888,,,,,,,,,4.9600,4.9600,,,30.0700,,,,30.0700,,,,,,,purchaseorder,,,,,,,,,,,,,,,13279,,,,,,,,,,,,,"{""method_title"":""Purchase Order""}"
1889,1889,,,,,,,,,4.9600,4.9600,,,30.6500,,,,30.6500,,,,,,,purchaseorder,,,,,,,,,,,,,,,13289,,,,,,,,,,,,,"{""method_title"":""Purchase Order""}"
1890,1890,,,,,,,,,4.9600,4.9600,,,29.2400,,,,29.2400,,,,,,,purchaseorder,,,,,,,,,,,,,,,13290,,,,,,,,,,,,,"{""method_title"":""Purchase Order""}"
1891,1891,,,,,,,,,4.9600,4.9600,,,109.3900,,,,109.3900,,,,,,,purchaseorder,,,,,,,,,,,,,,,13291,,,,,,,,,,,,,"{""method_title"":""Purchase Order""}"
1892,1892,,,,,,,,,4.9600,4.9600,,,30.0700,,,,30.0700,,,,,,,purchaseorder,,,,,,,,,,,,,,,13292,,,,,,,,,,,,,"{""method_title"":""Purchase Order""}"
1893,1893,,,,,,,,,4.9600,4.9600,,,57.6700,,,,57.6700,,,,,,,purchaseorder,,,,,,,,,,,,,,,13294,,,,,,,,,,,,,"{""method_title"":""Purchase Order""}"
1894,1894,,,,,,,,,4.9600,4.9600,,,28.9200,,,,28.9200,,,,,,,purchaseorder,,,,,,,,,,,,,,,13295,,,,,,,,,,,,,"{""method_title"":""Purchase Order""}"
1895,1895,,,,,,,,,4.5000,4.5000,,,28.4900,,,,28.4900,,,,,,,purchaseorder,,,,,,,,,,,,,,,53575,,,,,,,,,,,,,"{""method_title"":""Purchase Order""}"
1896,1896,,,,,,,,,3.2900,3.2900,,,13.6700,,,,13.6700,,,,,,,purchaseorder,,,,,,,,,,,,,,,53566,,,,,,,,,,,,,"{""method_title"":""Purchase Order""}"
1897,1897,,,,,,,,,4.5000,4.5000,,,29.3200,,,,29.3200,,,,,,,purchaseorder,,,,,,,,,,,,,,,53558,,,,,,,,,,,,,"{""method_title"":""Purchase Order""}"
1898,1898,,,,,,,,,4.5000,4.5000,,,56.6800,,,,56.6800,,,,,,,purchaseorder,,,,,,,,,,,,,,,53557,,,,,,,,,,,,,"{""method_title"":""Purchase Order""}"
1899,1899,,,,,,,,,4.9600,4.9600,,,28.9200,,,,28.9200,,,,,,,purchaseorder,,,,,,,,,,,,,,,13241,,,,,,,,,,,,,"{""method_title"":""Purchase Order""}"
1900,1900,,,,,,,,,4.9600,4.9600,,,30.0700,,,,30.0700,,,,,,,purchaseorder,,,,,,,,,,,,,,,13298,,,,,,,,,,,,,"{""method_title"":""Purchase Order""}"
1901,1901,,,,,,,,,4.9600,4.9600,,,30.6500,,,,30.6500,,,,,,,purchaseorder,,,,,,,,,,,,,,,13304,,,,,,,,,,,,,"{""method_title"":""Purchase Order""}"
1902,1902,,,,,,,,,4.9600,4.9600,,,29.2400,,,,29.2400,,,,,,,purchaseorder,,,,,,,,,,,,,,,13305,,,,,,,,,,,,,"{""method_title"":""Purchase Order""}"
1903,1903,,,,,,,,,4.9600,4.9600,,,28.9200,,,,28.9200,,,,,,,purchaseorder,,,,,,,,,,,,,,,13310,,,,,,,,,,,,,"{""method_title"":""Purchase Order""}"
1904,1904,,,,,,,,,4.9600,4.9600,,,29.2400,,,,29.2400,,,,,,,purchaseorder,,,,,,,,,,,,,,,13314,,,,,,,,,,,,,"{""method_title"":""Purchase Order""}"
1905,1905,,,,,,,,,4.9600,4.9600,,,37.5500,,,,37.5500,,,,,,,purchaseorder,,,,,,,,,,,,,,,13318,,,,,,,,,,,,,"{""method_title"":""Purchase Order""}"
1906,1906,,,,,,,,,4.9600,4.9600,,,63.4200,,,,63.4200,,,,,,,purchaseorder,,,,,,,,,,,,,,,13324,,,,,,,,,,,,,"{""method_title"":""Purchase Order""}"
1907,1907,,,,,,,,,4.9600,4.9600,,,57.6700,,,,57.6700,,,,,,,purchaseorder,,,,,,,,,,,,,,,13331,,,,,,,,,,,,,"{""method_title"":""Purchase Order""}"
1908,1908,,,,,,,,,4.9600,4.9600,,,55.9400,,,,55.9400,,,,,,,purchaseorder,,,,,,,,,,,,,,,13332,,,,,,,,,,,,,"{""method_title"":""Purchase Order""}"
1909,1909,,,,,,,,,4.9600,4.9600,,,30.6500,,,,30.6500,,,,,,,purchaseorder,,,,,,,,,,,,,,,13333,,,,,,,,,,,,,"{""method_title"":""Purchase Order""}"
1910,1910,,,,,,,,,4.9600,4.9600,,,63.4200,,,,63.4200,,,,,,,purchaseorder,,,,,,,,,,,,,,,13335,,,,,,,,,,,,,"{""method_title"":""Purchase Order""}"
1911,1911,,,,,,,,,4.9600,4.9600,,,30.0700,,,,30.0700,,,,,,,purchaseorder,,,,,,,,,,,,,,,13344,,,,,,,,,,,,,"{""method_title"":""Purchase Order""}"
1912,1912,,,,,,,,,4.5000,4.5000,,,28.4900,,,,28.4900,,,,,,,purchaseorder,,,,,,,,,,,,,,,53639,,,,,,,,,,,,,"{""method_title"":""Purchase Order""}"
1913,1913,,,,,,,,,4.5000,4.5000,,,29.3200,,,,29.3200,,,,,,,purchaseorder,,,,,,,,,,,,,,,53635,,,,,,,,,,,,,"{""method_title"":""Purchase Order""}"
1914,1914,,,,,,,,,4.5000,4.5000,,,29.3200,,,,29.3200,,,,,,,purchaseorder,,,,,,,,,,,,,,,53631,,,,,,,,,,,,,"{""method_title"":""Purchase Order""}"
1915,1915,,,,,,,,,4.9600,4.9600,,,39.2800,,,,39.2800,,,,,,,purchaseorder,,,,,,,,,,,,,,,13347,,,,,,,,,,,,,"{""method_title"":""Purchase Order""}"
1916,1916,,,,,,,,,4.9600,4.9600,,,57.6700,,,,57.6700,,,,,,,purchaseorder,,,,,,,,,,,,,,,13349,,,,,,,,,,,,,"{""method_title"":""Purchase Order""}"
1917,1917,,,,,,,,,4.9600,4.9600,,,30.0700,,,,30.0700,,,,,,,purchaseorder,,,,,,,,,,,,,,,13351,,,,,,,,,,,,,"{""method_title"":""Purchase Order""}"
1918,1918,,,,,,,,,4.9600,4.9600,,,29.2400,,,,29.2400,,,,,,,purchaseorder,,,,,,,,,,,,,,,13353,,,,,,,,,,,,,"{""method_title"":""Purchase Order""}"
1919,1919,,,,,,,,,4.9600,4.9600,,,109.3900,,,,109.3900,,,,,,,purchaseorder,,,,,,,,,,,,,,,13354,,,,,,,,,,,,,"{""method_title"":""Purchase Order""}"
1920,1920,,,,,,,,,4.9600,4.9600,,,30.0700,,,,30.0700,,,,,,,purchaseorder,,,,,,,,,,,,,,,13374,,,,,,,,,,,,,"{""method_title"":""Purchase Order""}"
1921,1921,,,,,,,,,4.9600,4.9600,,,106.5100,,,,106.5100,,,,,,,purchaseorder,,,,,,,,,,,,,,,13378,,,,,,,,,,,,,"{""method_title"":""Purchase Order""}"
1922,1922,,,,,,,,,0.0000,0.0000,,,43.9900,,,,43.9900,,,,,,,purchaseorder,,,,,,,,,,,,,,,FRANKIE290922,,,,,,,,,,,,,"{""method_title"":""Purchase Order""}"
1923,1923,,,,,,,,,4.5000,4.5000,,,28.4900,,,,28.4900,,,,,,,purchaseorder,,,,,,,,,,,,,,,53664,,,,,,,,,,,,,"{""method_title"":""Purchase Order""}"
1924,1924,,,,,,,,,4.5000,4.5000,,,28.4900,,,,28.4900,,,,,,,purchaseorder,,,,,,,,,,,,,,,53661,,,,,,,,,,,,,"{""method_title"":""Purchase Order""}"
1925,1925,,,,,,,,,4.5000,4.5000,,,29.8800,,,,29.8800,,,,,,,purchaseorder,,,,,,,,,,,,,,,53653,,,,,,,,,,,,,"{""method_title"":""Purchase Order""}"
1926,1926,,,,,,,,,4.5000,4.5000,,,59.5200,,,,59.5200,,,,,,,purchaseorder,,,,,,,,,,,,,,,53651,,,,,,,,,,,,,"{""method_title"":""Purchase Order""}"
1927,1927,,,,,,,,,4.9600,4.9600,,,30.0700,,,,30.0700,,,,,,,purchaseorder,,,,,,,,,,,,,,,13380,,,,,,,,,,,,,"{""method_title"":""Purchase Order""}"
1928,1928,,,,,,,,,4.9600,4.9600,,,63.4200,,,,63.4200,,,,,,,purchaseorder,,,,,,,,,,,,,,,13384,,,,,,,,,,,,,"{""method_title"":""Purchase Order""}"
1929,1929,,,,,,,,,4.9600,4.9600,,,63.4200,,,,63.4200,,,,,,,purchaseorder,,,,,,,,,,,,,,,13385,,,,,,,,,,,,,"{""method_title"":""Purchase Order""}"
1930,1930,,,,,,,,,4.9600,4.9600,,,28.9200,,,,28.9200,,,,,,,purchaseorder,,,,,,,,,,,,,,,13389,,,,,,,,,,,,,"{""method_title"":""Purchase Order""}"
1931,1931,,,,,,,,,4.9600,4.9600,,,28.9200,,,,28.9200,,,,,,,purchaseorder,,,,,,,,,,,,,,,13396,,,,,,,,,,,,,"{""method_title"":""Purchase Order""}"
1932,1932,,,,,,,,,4.9600,4.9600,,,55.9400,,,,55.9400,,,,,,,purchaseorder,,,,,,,,,,,,,,,13405,,,,,,,,,,,,,"{""method_title"":""Purchase Order""}"
1933,1933,,,,,,,,,4.9600,4.9600,,,63.4200,,,,63.4200,,,,,,,purchaseorder,,,,,,,,,,,,,,,13409,,,,,,,,,,,,,"{""method_title"":""Purchase Order""}"
1934,1934,,,,,,,,,4.9600,4.9600,,,57.6700,,,,57.6700,,,,,,,purchaseorder,,,,,,,,,,,,,,,13411,,,,,,,,,,,,,"{""method_title"":""Purchase Order""}"
1935,1935,,,,,,,,,4.9600,4.9600,,,29.2400,,,,29.2400,,,,,,,purchaseorder,,,,,,,,,,,,,,,13413,,,,,,,,,,,,,"{""method_title"":""Purchase Order""}"
1936,1936,,,,,,,,,4.9600,4.9600,,,30.0700,,,,30.0700,,,,,,,purchaseorder,,,,,,,,,,,,,,,13422,,,,,,,,,,,,,"{""method_title"":""Purchase Order""}"
1937,1937,,,,,,,,,4.9600,4.9600,,,30.0700,,,,30.0700,,,,,,,purchaseorder,,,,,,,,,,,,,,,13427,,,,,,,,,,,,,"{""method_title"":""Purchase Order""}"
1938,1938,,,,,,,,,4.9600,4.9600,,,30.0700,,,,30.0700,,,,,,,purchaseorder,,,,,,,,,,,,,,,13430,,,,,,,,,,,,,"{""method_title"":""Purchase Order""}"
1939,1939,,,,,,,,,4.9600,4.9600,,,30.0700,,,,30.0700,,,,,,,purchaseorder,,,,,,,,,,,,,,,13431,,,,,,,,,,,,,"{""method_title"":""Purchase Order""}"
1940,1940,,,,,,,,,4.9600,4.9600,,,29.2400,,,,29.2400,,,,,,,purchaseorder,,,,,,,,,,,,,,,13447,,,,,,,,,,,,,"{""method_title"":""Purchase Order""}"
1941,1941,,,,,,,,,4.9600,4.9600,,,52.5400,,,,52.5400,,,,,,,purchaseorder,,,,,,,,,,,,,,,13450,,,,,,,,,,,,,"{""method_title"":""Purchase Order""}"
1942,1942,,,,,,,,,0.0000,0.0000,,,58.4600,,,,58.4600,,,,,,,purchaseorder,,,,,,,,,,,,,,,td 03/10/22,,,,,,,,,,,,,"{""method_title"":""Purchase Order""}"
1943,1943,,,,,,,,,4.9600,4.9600,,,29.2400,,,,29.2400,,,,,,,purchaseorder,,,,,,,,,,,,,,,13452,,,,,,,,,,,,,"{""method_title"":""Purchase Order""}"
1944,1944,,,,,,,,,4.9600,4.9600,,,30.0700,,,,30.0700,,,,,,,purchaseorder,,,,,,,,,,,,,,,13454,,,,,,,,,,,,,"{""method_title"":""Purchase Order""}"
1945,1945,,,,,,,,,4.9600,4.9600,,,28.9200,,,,28.9200,,,,,,,purchaseorder,,,,,,,,,,,,,,,13457,,,,,,,,,,,,,"{""method_title"":""Purchase Order""}"
1946,1946,,,,,,,,,4.9600,4.9600,,,76.0100,,,,76.0100,,,,,,,purchaseorder,,,,,,,,,,,,,,,13459,,,,,,,,,,,,,"{""method_title"":""Purchase Order""}"
1947,1947,,,,,,,,,4.9600,4.9600,,,63.4200,,,,63.4200,,,,,,,purchaseorder,,,,,,,,,,,,,,,13462,,,,,,,,,,,,,"{""method_title"":""Purchase Order""}"
1948,1948,,,,,,,,,4.9600,4.9600,,,30.6500,,,,30.6500,,,,,,,purchaseorder,,,,,,,,,,,,,,,13467,,,,,,,,,,,,,"{""method_title"":""Purchase Order""}"
1949,1949,,,,,,,,,4.9600,4.9600,,,28.9200,,,,28.9200,,,,,,,purchaseorder,,,,,,,,,,,,,,,13467,,,,,,,,,,,,,"{""method_title"":""Purchase Order""}"
1950,1950,,,,,,,,,4.9600,4.9600,,,28.9200,,,,28.9200,,,,,0,,purchaseorder,,,,,,,,,0,,,,,,13480,0,,,,,,,,,,,,"{""method_title"":""Purchase Order""}"
1951,1951,,,,,,,,,4.9600,4.9600,,,59.9800,,,,59.9800,,,,,,,purchaseorder,,,,,,,,,,,,,,,13494,,,,,,,,,,,,,"{""method_title"":""Purchase Order""}"
1952,1952,,,,,,,,,4.9600,4.9600,,,109.3900,,,,109.3900,,,,,,,purchaseorder,,,,,,,,,,,,,,,13495,,,,,,,,,,,,,"{""method_title"":""Purchase Order""}"
1953,1953,,,,,,,,,4.5000,4.5000,,,36.7200,,,,36.7200,,,,,,,purchaseorder,,,,,,,,,,,,,,,53741,,,,,,,,,,,,,"{""method_title"":""Purchase Order""}"
1954,1954,,,,,,,,,4.5000,4.5000,,,54.9600,,,,54.9600,,,,,,,purchaseorder,,,,,,,,,,,,,,,53735,,,,,,,,,,,,,"{""method_title"":""Purchase Order""}"
1955,1955,,,,,,,,,4.5000,4.5000,,,29.3200,,,,29.3200,,,,,,,purchaseorder,,,,,,,,,,,,,,,53734,,,,,,,,,,,,,"{""method_title"":""Purchase Order""}"
1956,1956,,,,,,,,,4.5000,4.5000,,,28.4900,,,,28.4900,,,,,,,purchaseorder,,,,,,,,,,,,,,,53724,,,,,,,,,,,,,"{""method_title"":""Purchase Order""}"
1957,1957,,,,,,,,,4.5000,4.5000,,,28.1800,,,,28.1800,,,,,,,purchaseorder,,,,,,,,,,,,,,,53718,,,,,,,,,,,,,"{""method_title"":""Purchase Order""}"
1958,1958,,,,,,,,,3.2900,3.2900,,,37.0000,,,,37.0000,,,,,,,purchaseorder,,,,,,,,,,,,,,,53716,,,,,,,,,,,,,"{""method_title"":""Purchase Order""}"
1959,1959,,,,,,,,,4.5000,4.5000,,,28.4900,,,,28.4900,,,,,,,purchaseorder,,,,,,,,,,,,,,,53715,,,,,,,,,,,,,"{""method_title"":""Purchase Order""}"
1960,1960,,,,,,,,,4.5000,4.5000,,,29.3200,,,,29.3200,,,,,,,purchaseorder,,,,,,,,,,,,,,,53712,,,,,,,,,,,,,"{""method_title"":""Purchase Order""}"
1961,1961,,,,,,,,,4.5000,4.5000,,,28.1800,,,,28.1800,,,,,,,purchaseorder,,,,,,,,,,,,,,,53711,,,,,,,,,,,,,"{""method_title"":""Purchase Order""}"
1962,1962,,,,,,,,,4.5000,4.5000,,,28.1800,,,,28.1800,,,,,,,purchaseorder,,,,,,,,,,,,,,,53708,,,,,,,,,,,,,"{""method_title"":""Purchase Order""}"
1963,1963,,,,,,,,,4.5000,4.5000,,,29.3200,,,,29.3200,,,,,,,purchaseorder,,,,,,,,,,,,,,,53707,,,,,,,,,,,,,"{""method_title"":""Purchase Order""}"
1964,1964,,,,,,,,,4.5000,4.5000,,,36.7200,,,,36.7200,,,,,,,purchaseorder,,,,,,,,,,,,,,,53694,,,,,,,,,,,,,"{""method_title"":""Purchase Order""}"
1965,1965,,,,,,,,,4.5000,4.5000,,,29.3200,,,,29.3200,,,,,,,purchaseorder,,,,,,,,,,,,,,,	53682,,,,,,,,,,,,,"{""method_title"":""Purchase Order""}"
1966,1966,,,,,,,,,4.5000,4.5000,,,28.1800,,,,28.1800,,,,,,,purchaseorder,,,,,,,,,,,,,,,53763,,,,,,,,,,,,,"{""method_title"":""Purchase Order""}"
1967,1967,,,,,,,,,4.5000,4.5000,,,36.7200,,,,36.7200,,,,,,,purchaseorder,,,,,,,,,,,,,,,	53760,,,,,,,,,,,,,"{""method_title"":""Purchase Order""}"
1968,1968,,,,,,,,,4.5000,4.5000,,,29.3200,,,,29.3200,,,,,,,purchaseorder,,,,,,,,,,,,,,,53758,,,,,,,,,,,,,"{""method_title"":""Purchase Order""}"
1969,1969,,,,,,,,,4.5000,4.5000,,,28.1800,,,,28.1800,,,,,,,purchaseorder,,,,,,,,,,,,,,,53738,,,,,,,,,,,,,"{""method_title"":""Purchase Order""}"
1970,1970,,,,,,,,,0.0000,0.0000,,,60.4200,,,,60.4200,,,,,0,,purchaseorder,,,,,,,,,0,,,,,,td04/10/22,0,,,,,,,,,,,,"{""method_title"":""Purchase Order""}"
1971,1971,,,,,,,,,4.5000,4.5000,,,62.3800,,,,62.3800,,,,,,,purchaseorder,,,,,,,,,,,,,,,53794,,,,,,,,,,,,,"{""method_title"":""Purchase Order""}"
1972,1972,,,,,,,,,4.5000,4.5000,,,29.8800,,,,29.8800,,,,,,,purchaseorder,,,,,,,,,,,,,,,53787,,,,,,,,,,,,,"{""method_title"":""Purchase Order""}"
1973,1973,,,,,,,,,4.9600,4.9600,,,53.0800,,,,53.0800,,,,,,,purchaseorder,,,,,,,,,,,,,,,13516,,,,,,,,,,,,,"{""method_title"":""Purchase Order""}"
1974,1974,,,,,,,,,4.9600,4.9600,,,63.4200,,,,63.4200,,,,,,,purchaseorder,,,,,,,,,,,,,,,13517,,,,,,,,,,,,,"{""method_title"":""Purchase Order""}"
1975,1975,,,,,,,,,4.9600,4.9600,,,63.4200,,,,63.4200,,,,,,,purchaseorder,,,,,,,,,,,,,,,13519,,,,,,,,,,,,,"{""method_title"":""Purchase Order""}"
1976,1976,,,,,,,,,4.9600,4.9600,,,55.9400,,,,55.9400,,,,,,,purchaseorder,,,,,,,,,,,,,,,13526,,,,,,,,,,,,,"{""method_title"":""Purchase Order""}"
1977,1977,,,,,,,,,4.9600,4.9600,,,55.9400,,,,55.9400,,,,,,,purchaseorder,,,,,,,,,,,,,,,13532,,,,,,,,,,,,,"{""method_title"":""Purchase Order""}"
1978,1978,,,,,,,,,4.9600,4.9600,,,37.5500,,,,37.5500,,,,,,,purchaseorder,,,,,,,,,,,,,,,13533,,,,,,,,,,,,,"{""method_title"":""Purchase Order""}"
1979,1979,,,,,,,,,4.9600,4.9600,,,28.9200,,,,28.9200,,,,,0,,purchaseorder,,,,,,,,,0,,,,,,13553,0,,,,,,,,,,,,"{""method_title"":""Purchase Order""}"
1980,1980,,,,,,,,,4.9600,4.9600,,,28.9200,,,,28.9200,,,,,,,purchaseorder,,,,,,,,,,,,,,,13555,,,,,,,,,,,,,"{""method_title"":""Purchase Order""}"
1981,1981,,,,,,,,,4.5000,4.5000,,,29.8800,,,,29.8800,,,,,,,purchaseorder,,,,,,,,,,,,,,,53822,,,,,,,,,,,,,"{""method_title"":""Purchase Order""}"
1982,1982,,,,,,,,,4.5000,4.5000,,,28.4900,,,,28.4900,,,,,,,purchaseorder,,,,,,,,,,,,,,,53817,,,,,,,,,,,,,"{""method_title"":""Purchase Order""}"
1983,1983,,,,,,,,,4.9600,4.9600,,,30.0700,,,,30.0700,,,,,,,purchaseorder,,,,,,,,,,,,,,,13560,,,,,,,,,,,,,"{""method_title"":""Purchase Order""}"
1984,1984,,,,,,,,,4.9600,4.9600,,,57.6700,,,,57.6700,,,,,,,purchaseorder,,,,,,,,,,,,,,,13566,,,,,,,,,,,,,"{""method_title"":""Purchase Order""}"
1985,1985,,,,,,,,,4.9600,4.9600,,,30.0700,,,,30.0700,,,,,,,purchaseorder,,,,,,,,,,,,,,,13567,,,,,,,,,,,,,"{""method_title"":""Purchase Order""}"
1986,1986,,,,,,,,,4.5000,4.5000,,,58.3800,,,,58.3800,,,,,,,purchaseorder,,,,,,,,,,,,,,,53796,,,,,,,,,,,,,"{""method_title"":""Purchase Order""}"
1987,1987,,,,,,,,,4.5000,4.5000,,,53.2300,,,,53.2300,,,,,,,purchaseorder,,,,,,,,,,,,,,,53861,,,,,,,,,,,,,"{""method_title"":""Purchase Order""}"
1988,1988,,,,,,,,,4.5000,4.5000,,,51.5800,,,,51.5800,,,,,,,purchaseorder,,,,,,,,,,,,,,,53855,,,,,,,,,,,,,"{""method_title"":""Purchase Order""}"
1989,1989,,,,,,,,,4.5000,4.5000,,,29.3200,,,,29.3200,,,,,,,purchaseorder,,,,,,,,,,,,,,,53854,,,,,,,,,,,,,"{""method_title"":""Purchase Order""}"
1990,1990,,,,,,,,,4.5000,4.5000,,,28.4900,,,,28.4900,,,,,,,purchaseorder,,,,,,,,,,,,,,,53851,,,,,,,,,,,,,"{""method_title"":""Purchase Order""}"
1991,1991,,,,,,,,,4.5000,4.5000,,,28.1800,,,,28.1800,,,,,,,purchaseorder,,,,,,,,,,,,,,,53846,,,,,,,,,,,,,"{""method_title"":""Purchase Order""}"
1992,1992,,,,,,,,,4.5000,4.5000,,,36.7200,,,,36.7200,,,,,,,purchaseorder,,,,,,,,,,,,,,,53843,,,,,,,,,,,,,"{""method_title"":""Purchase Order""}"
1993,1993,,,,,,,,,4.9600,4.9600,,,63.4200,,,,63.4200,,,,,,,purchaseorder,,,,,,,,,,,,,,,13582,,,,,,,,,,,,,"{""method_title"":""Purchase Order""}"
1994,1994,,,,,,,,,4.5000,4.5000,,,36.7200,,,,36.7200,,,,,,,purchaseorder,,,,,,,,,,,,,,,53834,,,,,,,,,,,,,"{""method_title"":""Purchase Order""}"
1995,1995,,,,,,,,,4.9600,4.9600,,,28.9200,,,,28.9200,,,,,,,purchaseorder,,,,,,,,,,,,,,,13584,,,,,,,,,,,,,"{""method_title"":""Purchase Order""}"
1996,1996,,,,,,,,,4.9600,4.9600,,,55.9400,,,,55.9400,,,,,,,purchaseorder,,,,,,,,,,,,,,,13586,,,,,,,,,,,,,"{""method_title"":""Purchase Order""}"
1997,1997,,,,,,,,,4.9600,4.9600,,,209.3800,,,,209.3800,,,,,,,purchaseorder,,,,,,,,,,,,,,,13595,,,,,,,,,,,,,"{""method_title"":""Purchase Order""}"
1998,1998,,,,,,,,,4.9600,4.9600,,,30.0700,,,,30.0700,,,,,,,purchaseorder,,,,,,,,,,,,,,,13598,,,,,,,,,,,,,"{""method_title"":""Purchase Order""}"
1999,1999,,,,,,,,,0.0000,0.0000,,,178.1400,,,,178.1400,,,,,,,purchaseorder,,,,,,,,,,,,,,,FRANKIE081022,,,,,,,,,,,,,"{""method_title"":""Purchase Order""}"
2000,2000,,,,,,,,,4.9600,4.9600,,,30.0700,,,,30.0700,,,,,,,purchaseorder,,,,,,,,,,,,,,,13603,,,,,,,,,,,,,"{""method_title"":""Purchase Order""}"
2001,2001,,,,,,,,,4.5000,4.5000,,,28.4900,,,,28.4900,,,,,,,purchaseorder,,,,,,,,,,,,,,,53922,,,,,,,,,,,,,"{""method_title"":""Purchase Order""}"
2002,2002,,,,,,,,,4.9600,4.9600,,,57.6700,,,,57.6700,,,,,,,purchaseorder,,,,,,,,,,,,,,,13636,,,,,,,,,,,,,"{""method_title"":""Purchase Order""}"
2003,2003,,,,,,,,,4.9600,4.9600,,,29.2400,,,,29.2400,,,,,,,purchaseorder,,,,,,,,,,,,,,,13640,,,,,,,,,,,,,"{""method_title"":""Purchase Order""}"
2004,2004,,,,,,,,,4.5000,4.5000,,,29.3200,,,,29.3200,,,,,,,purchaseorder,,,,,,,,,,,,,,,	53921,,,,,,,,,,,,,"{""method_title"":""Purchase Order""}"
2005,2005,,,,,,,,,4.9600,4.9600,,,57.6700,,,,57.6700,,,,,,,purchaseorder,,,,,,,,,,,,,,,13641,,,,,,,,,,,,,"{""method_title"":""Purchase Order""}"
2006,2006,,,,,,,,,4.9600,4.9600,,,28.9200,,,,28.9200,,,,,,,purchaseorder,,,,,,,,,,,,,,,13651,,,,,,,,,,,,,"{""method_title"":""Purchase Order""}"
2007,2007,,,,,,,,,4.9600,4.9600,,,30.0700,,,,30.0700,,,,,,,purchaseorder,,,,,,,,,,,,,,,13657,,,,,,,,,,,,,"{""method_title"":""Purchase Order""}"
2008,2008,,,,,,,,,4.9600,4.9600,,,59.4000,,,,59.4000,,,,,,,purchaseorder,,,,,,,,,,,,,,,13658,,,,,,,,,,,,,"{""method_title"":""Purchase Order""}"
2009,2009,,,,,,,,,4.9600,4.9600,,,63.4200,,,,63.4200,,,,,,,purchaseorder,,,,,,,,,,,,,,,13666,,,,,,,,,,,,,"{""method_title"":""Purchase Order""}"
2010,2010,,,,,,,,,4.5000,4.5000,,,52.1200,,,,52.1200,,,,,,,purchaseorder,,,,,,,,,,,,,,,53898,,,,,,,,,,,,,"{""method_title"":""Purchase Order""}"
2011,2011,,,,,,,,,4.5000,4.5000,,,54.3600,,,,54.3600,,,,,,,purchaseorder,,,,,,,,,,,,,,,53897,,,,,,,,,,,,,"{""method_title"":""Purchase Order""}"
2012,2012,,,,,,,,,4.5000,4.5000,,,36.7200,,,,36.7200,,,,,,,purchaseorder,,,,,,,,,,,,,,,53894,,,,,,,,,,,,,"{""method_title"":""Purchase Order""}"
2013,2013,,,,,,,,,4.9600,4.9600,,,57.6700,,,,57.6700,,,,,,,purchaseorder,,,,,,,,,,,,,,,13669,,,,,,,,,,,,,"{""method_title"":""Purchase Order""}"
2014,2014,,,,,,,,,4.5000,4.5000,,,29.8800,,,,29.8800,,,,,,,purchaseorder,,,,,,,,,,,,,,,53884,,,,,,,,,,,,,"{""method_title"":""Purchase Order""}"
2015,2015,,,,,,,,,4.9600,4.9600,,,63.4200,,,,63.4200,,,,,,,purchaseorder,,,,,,,,,,,,,,,13678,,,,,,,,,,,,,"{""method_title"":""Purchase Order""}"
2016,2016,,,,,,,,,4.5000,4.5000,,,29.3200,,,,29.3200,,,,,,,purchaseorder,,,,,,,,,,,,,,,	53879,,,,,,,,,,,,,"{""method_title"":""Purchase Order""}"
2017,2017,,,,,,,,,4.5000,4.5000,,,28.4900,,,,28.4900,,,,,,,purchaseorder,,,,,,,,,,,,,,,53872,,,,,,,,,,,,,"{""method_title"":""Purchase Order""}"
2018,2018,,,,,,,,,4.9600,4.9600,,,30.6500,,,,30.6500,,,,,,,purchaseorder,,,,,,,,,,,,,,,13685,,,,,,,,,,,,,"{""method_title"":""Purchase Order""}"
2019,2019,,,,,,,,,4.5000,4.5000,,,33.3000,,,,33.3000,,,,,,,purchaseorder,,,,,,,,,,,,,,,53940,,,,,,,,,,,,,"{""method_title"":""Purchase Order""}"
2020,2020,,,,,,,,,4.9600,4.9600,,,57.6700,,,,57.6700,,,,,,,purchaseorder,,,,,,,,,,,,,,,13695,,,,,,,,,,,,,"{""method_title"":""Purchase Order""}"
2021,2021,,,,,,,,,4.5000,4.5000,,,29.8800,,,,29.8800,,,,,,,purchaseorder,,,,,,,,,,,,,,,53928,,,,,,,,,,,,,"{""method_title"":""Purchase Order""}"
2022,2022,,,,,,,,,4.9600,4.9600,,,29.2400,,,,29.2400,,,,,,,purchaseorder,,,,,,,,,,,,,,,13696,,,,,,,,,,,,,"{""method_title"":""Purchase Order""}"
2023,2023,,,,,,,,,4.9600,4.9600,,,30.0700,,,,30.0700,,,,,,,purchaseorder,,,,,,,,,,,,,,,13701,,,,,,,,,,,,,"{""method_title"":""Purchase Order""}"
2024,2024,,,,,,,,,4.9600,4.9600,,,63.4200,,,,63.4200,,,,,,,purchaseorder,,,,,,,,,,,,,,,13702,,,,,,,,,,,,,"{""method_title"":""Purchase Order""}"
2025,2025,,,,,,,,,3.2900,3.2900,,,21.1100,,,,21.1100,,,,,,,purchaseorder,,,,,,,,,,,,,,,53630,,,,,,,,,,,,,"{""method_title"":""Purchase Order""}"
2026,2026,,,,,,,,,0.0000,0.0000,,,315.2400,,,,315.2400,,,,,,,purchaseorder,,,,,,,,,,,,,,,stlw111022sonia,,,,,,,,,,,,,"{""method_title"":""Purchase Order""}"
2027,2027,,,,,,,,,4.5000,4.5000,,,28.1800,,,,28.1800,,,,,,,purchaseorder,,,,,,,,,,,,,,,53983,,,,,,,,,,,,,"{""method_title"":""Purchase Order""}"
2028,2028,,,,,,,,,4.9600,4.9600,,,30.0700,,,,30.0700,,,,,,,purchaseorder,,,,,,,,,,,,,,,13724,,,,,,,,,,,,,"{""method_title"":""Purchase Order""}"
2029,2029,,,,,,,,,4.9600,4.9600,,,28.9200,,,,28.9200,,,,,,,purchaseorder,,,,,,,,,,,,,,,13539,,,,,,,,,,,,,"{""method_title"":""Purchase Order""}"
2030,2030,,,,,,,,,4.9600,4.9600,,,52.5400,,,,52.5400,,,,,,,purchaseorder,,,,,,,,,,,,,,,13730,,,,,,,,,,,,,"{""method_title"":""Purchase Order""}"
2031,2031,,,,,,,,,4.9600,4.9600,,,63.4200,,,,63.4200,,,,,,,purchaseorder,,,,,,,,,,,,,,,13732,,,,,,,,,,,,,"{""method_title"":""Purchase Order""}"
2032,2032,,,,,,,,,4.9600,4.9600,,,106.5100,,,,106.5100,,,,,,,purchaseorder,,,,,,,,,,,,,,,13733,,,,,,,,,,,,,"{""method_title"":""Purchase Order""}"
2033,2033,,,,,,,,,4.9600,4.9600,,,123.7100,,,,123.7100,,,,,,,purchaseorder,,,,,,,,,,,,,,,13752,,,,,,,,,,,,,"{""method_title"":""Purchase Order""}"
2034,2034,,,,,,,,,4.5000,4.5000,,,28.1800,,,,28.1800,,,,,,,purchaseorder,,,,,,,,,,,,,,,54005,,,,,,,,,,,,,"{""method_title"":""Purchase Order""}"
2035,2035,,,,,,,,,4.5000,4.5000,,,28.4900,,,,28.4900,,,,,,,purchaseorder,,,,,,,,,,,,,,,54004,,,,,,,,,,,,,"{""method_title"":""Purchase Order""}"
2036,2036,,,,,,,,,4.5000,4.5000,,,62.3800,,,,62.3800,,,,,,,purchaseorder,,,,,,,,,,,,,,,54001,,,,,,,,,,,,,"{""method_title"":""Purchase Order""}"
2037,2037,,,,,,,,,3.2900,3.2900,,,23.3900,,,,23.3900,,,,,,,purchaseorder,,,,,,,,,,,,,,,	53993,,,,,,,,,,,,,"{""method_title"":""Purchase Order""}"
2038,2038,,,,,,,,,4.5000,4.5000,,,38.4400,,,,38.4400,,,,,,,purchaseorder,,,,,,,,,,,,,,,53989,,,,,,,,,,,,,"{""method_title"":""Purchase Order""}"
2039,2039,,,,,,,,,4.9600,4.9600,,,88.1200,,,,88.1200,,,,,,,purchaseorder,,,,,,,,,,,,,,,13760,,,,,,,,,,,,,"{""method_title"":""Purchase Order""}"
2040,2040,,,,,,,,,4.9600,4.9600,,,54.7900,,,,54.7900,,,,,,,purchaseorder,,,,,,,,,,,,,,,13767,,,,,,,,,,,,,"{""method_title"":""Purchase Order""}"
2041,2041,,,,,,,,,4.9600,4.9600,,,34.0900,,,,34.0900,,,,,,,purchaseorder,,,,,,,,,,,,,,,13781,,,,,,,,,,,,,"{""method_title"":""Purchase Order""}"
2042,2042,,,,,,,,,4.9600,4.9600,,,63.4200,,,,63.4200,,,,,,,purchaseorder,,,,,,,,,,,,,,,13783,,,,,,,,,,,,,"{""method_title"":""Purchase Order""}"
2043,2043,,,,,,,,,4.9600,4.9600,,,57.6700,,,,57.6700,,,,,,,purchaseorder,,,,,,,,,,,,,,,13790,,,,,,,,,,,,,"{""method_title"":""Purchase Order""}"
2044,2044,,,,,,,,,4.9600,4.9600,,,28.9200,,,,28.9200,,,,,,,purchaseorder,,,,,,,,,,,,,,,13791,,,,,,,,,,,,,"{""method_title"":""Purchase Order""}"
2045,2045,,,,,,,,,4.9600,4.9600,,,63.4200,,,,63.4200,,,,,,,purchaseorder,,,,,,,,,,,,,,,13793,,,,,,,,,,,,,"{""method_title"":""Purchase Order""}"
2046,2046,,,,,,,,,4.5000,4.5000,,,38.4400,,,,38.4400,,,,,,,purchaseorder,,,,,,,,,,,,,,,	54093,,,,,,,,,,,,,"{""method_title"":""Purchase Order""}"
2047,2047,,,,,,,,,4.5000,4.5000,,,29.3200,,,,29.3200,,,,,,,purchaseorder,,,,,,,,,,,,,,,54089,,,,,,,,,,,,,"{""method_title"":""Purchase Order""}"
2048,2048,,,,,,,,,4.5000,4.5000,,,33.3000,,,,33.3000,,,,,,,purchaseorder,,,,,,,,,,,,,,,54067,,,,,,,,,,,,,"{""method_title"":""Purchase Order""}"
2049,2049,,,,,,,,,4.5000,4.5000,,,28.1800,,,,28.1800,,,,,,,purchaseorder,,,,,,,,,,,,,,,54060,,,,,,,,,,,,,"{""method_title"":""Purchase Order""}"
2050,2050,,,,,,,,,4.5000,4.5000,,,59.8100,,,,59.8100,,,,,,,purchaseorder,,,,,,,,,,,,,,,54059,,,,,,,,,,,,,"{""method_title"":""Purchase Order""}"
2051,2051,,,,,,,,,4.5000,4.5000,,,29.3200,,,,29.3200,,,,,,,purchaseorder,,,,,,,,,,,,,,,54040,,,,,,,,,,,,,"{""method_title"":""Purchase Order""}"
2052,2052,,,,,,,,,4.9600,4.9600,,,30.0700,,,,30.0700,,,,,,,purchaseorder,,,,,,,,,,,,,,,13838,,,,,,,,,,,,,"{""method_title"":""Purchase Order""}"
2053,2053,,,,,,,,,4.9600,4.9600,,,63.4200,,,,63.4200,,,,,,,purchaseorder,,,,,,,,,,,,,,,13839,,,,,,,,,,,,,"{""method_title"":""Purchase Order""}"
2054,2054,,,,,,,,,4.9600,4.9600,,,63.4200,,,,63.4200,,,,,,,purchaseorder,,,,,,,,,,,,,,,13846,,,,,,,,,,,,,"{""method_title"":""Purchase Order""}"
2055,2055,,,,,,,,,4.9600,4.9600,,,30.0700,,,,30.0700,,,,,,,purchaseorder,,,,,,,,,,,,,,,13873,,,,,,,,,,,,,"{""method_title"":""Purchase Order""}"
2056,2056,,,,,,,,,4.5000,4.5000,,,28.1800,,,,28.1800,,,,,,,purchaseorder,,,,,,,,,,,,,,,54116,,,,,,,,,,,,,"{""method_title"":""Purchase Order""}"
2057,2057,,,,,,,,,4.5000,4.5000,,,28.1800,,,,28.1800,,,,,,,purchaseorder,,,,,,,,,,,,,,,54119,,,,,,,,,,,,,"{""method_title"":""Purchase Order""}"
2058,2058,,,,,,,,,4.5000,4.5000,,,56.6800,,,,56.6800,,,,,,,purchaseorder,,,,,,,,,,,,,,,54137,,,,,,,,,,,,,"{""method_title"":""Purchase Order""}"
2059,2059,,,,,,,,,4.9600,4.9600,,,51.8900,,,,51.8900,,,,,,,purchaseorder,,,,,,,,,,,,,,,13917,,,,,,,,,,,,,"{""method_title"":""Purchase Order""}"
2060,2060,,,,,,,,,4.9600,4.9600,,,59.4000,,,,59.4000,,,,,,,purchaseorder,,,,,,,,,,,,,,,13944,,,,,,,,,,,,,"{""method_title"":""Purchase Order""}"
2061,2061,,,,,,,,,4.9600,4.9600,,,37.5500,,,,37.5500,,,,,,,purchaseorder,,,,,,,,,,,,,,,13946,,,,,,,,,,,,,"{""method_title"":""Purchase Order""}"
2062,2062,,,,,,,,,4.5000,4.5000,,,53.8200,,,,53.8200,,,,,,,purchaseorder,,,,,,,,,,,,,,,54168,,,,,,,,,,,,,"{""method_title"":""Purchase Order""}"
2063,2063,,,,,,,,,4.5000,4.5000,,,52.1200,,,,52.1200,,,,,,,purchaseorder,,,,,,,,,,,,,,,54162,,,,,,,,,,,,,"{""method_title"":""Purchase Order""}"
2064,2064,,,,,,,,,4.5000,4.5000,,,54.9600,,,,54.9600,,,,,,,purchaseorder,,,,,,,,,,,,,,,	54161,,,,,,,,,,,,,"{""method_title"":""Purchase Order""}"
2065,2065,,,,,,,,,4.5000,4.5000,,,36.7200,,,,36.7200,,,,,,,purchaseorder,,,,,,,,,,,,,,,54159,,,,,,,,,,,,,"{""method_title"":""Purchase Order""}"
2066,2066,,,,,,,,,4.5000,4.5000,,,28.1800,,,,28.1800,,,,,,,purchaseorder,,,,,,,,,,,,,,,54155,,,,,,,,,,,,,"{""method_title"":""Purchase Order""}"
2067,2067,,,,,,,,,4.9600,4.9600,,,30.6500,,,,30.6500,,,,,,,purchaseorder,,,,,,,,,,,,,,,13973,,,,,,,,,,,,,"{""method_title"":""Purchase Order""}"
2068,2068,,,,,,,,,4.5000,4.5000,,,28.4900,,,,28.4900,,,,,,,purchaseorder,,,,,,,,,,,,,,,54199,,,,,,,,,,,,,"{""method_title"":""Purchase Order""}"
2069,2069,,,,,,,,,4.5000,4.5000,,,29.8800,,,,29.8800,,,,,,,purchaseorder,,,,,,,,,,,,,,,54188,,,,,,,,,,,,,"{""method_title"":""Purchase Order""}"
2070,2070,,,,,,,,,4.9600,4.9600,,,57.6700,,,,57.6700,,,,,,,purchaseorder,,,,,,,,,,,,,,,14001,,,,,,,,,,,,,"{""method_title"":""Purchase Order""}"
2071,2071,,,,,,,,,4.9600,4.9600,,,30.0700,,,,30.0700,,,,,,,purchaseorder,,,,,,,,,,,,,,,14027,,,,,,,,,,,,,"{""method_title"":""Purchase Order""}"
2072,2072,,,,,,,,,4.9600,4.9600,,,30.0700,,,,30.0700,,,,,,,purchaseorder,,,,,,,,,,,,,,,14029,,,,,,,,,,,,,"{""method_title"":""Purchase Order""}"
2073,2073,,,,,,,,,4.9600,4.9600,,,28.9200,,,,28.9200,,,,,,,purchaseorder,,,,,,,,,,,,,,,14030,,,,,,,,,,,,,"{""method_title"":""Purchase Order""}"
2074,2074,,,,,,,,,4.9600,4.9600,,,109.3900,,,,109.3900,,,,,,,purchaseorder,,,,,,,,,,,,,,,14031,,,,,,,,,,,,,"{""method_title"":""Purchase Order""}"
2075,2075,,,,,,,,,4.9600,4.9600,,,63.4200,,,,63.4200,,,,,,,purchaseorder,,,,,,,,,,,,,,,14034,,,,,,,,,,,,,"{""method_title"":""Purchase Order""}"
2076,2076,,,,,,,,,4.9600,4.9600,,,63.4200,,,,63.4200,,,,,,,purchaseorder,,,,,,,,,,,,,,,14041,,,,,,,,,,,,,"{""method_title"":""Purchase Order""}"
2077,2077,,,,,,,,,4.9600,4.9600,,,55.9400,,,,55.9400,,,,,,,purchaseorder,,,,,,,,,,,,,,,14047,,,,,,,,,,,,,"{""method_title"":""Purchase Order""}"
2078,2078,,,,,,,,,4.9600,4.9600,,,30.0700,,,,30.0700,,,,,,,purchaseorder,,,,,,,,,,,,,,,14066,,,,,,,,,,,,,"{""method_title"":""Purchase Order""}"
2079,2079,,,,,,,,,4.9600,4.9600,,,28.9200,,,,28.9200,,,,,0,,purchaseorder,,,,,,,,,0,,,,,,14084,0,,,,,,,,,,,,"{""method_title"":""Purchase Order""}"
2080,2080,,,,,,,,,4.9600,4.9600,,,57.6700,,,,57.6700,,,,,,,purchaseorder,,,,,,,,,,,,,,,14087,,,,,,,,,,,,,"{""method_title"":""Purchase Order""}"
2081,2081,,,,,,,,,4.9600,4.9600,,,59.4000,,,,59.4000,,,,,,,purchaseorder,,,,,,,,,,,,,,,14093,,,,,,,,,,,,,"{""method_title"":""Purchase Order""}"
2082,2082,,,,,,,,,4.9600,4.9600,,,30.0700,,,,30.0700,,,,,,,purchaseorder,,,,,,,,,,,,,,,14101,,,,,,,,,,,,,"{""method_title"":""Purchase Order""}"
2083,2083,,,,,,,,,4.9600,4.9600,,,30.6500,,,,30.6500,,,,,,,purchaseorder,,,,,,,,,,,,,,,14108,,,,,,,,,,,,,"{""method_title"":""Purchase Order""}"
2084,2084,,,,,,,,,4.5000,4.5000,,,29.8800,,,,29.8800,,,,,,,purchaseorder,,,,,,,,,,,,,,,54262,,,,,,,,,,,,,"{""method_title"":""Purchase Order""}"
2085,2085,,,,,,,,,4.5000,4.5000,,,33.3000,,,,33.3000,,,,,,,purchaseorder,,,,,,,,,,,,,,,54249,,,,,,,,,,,,,"{""method_title"":""Purchase Order""}"
2086,2086,,,,,,,,,4.5000,4.5000,,,36.7200,,,,36.7200,,,,,,,purchaseorder,,,,,,,,,,,,,,,	54241,,,,,,,,,,,,,"{""method_title"":""Purchase Order""}"
2087,2087,,,,,,,,,4.5000,4.5000,,,28.1800,,,,28.1800,,,,,,,purchaseorder,,,,,,,,,,,,,,,54236,,,,,,,,,,,,,"{""method_title"":""Purchase Order""}"
2088,2088,,,,,,,,,4.9600,4.9600,,,59.4000,,,,59.4000,,,,,0,,purchaseorder,,,,,,,,,0,,,,,,14108,0,,,,,,,,,,,,"{""method_title"":""Purchase Order""}"
2089,2089,,,,,,,,,4.5000,4.5000,,,29.8800,,,,29.8800,,,,,,,purchaseorder,,,,,,,,,,,,,,,54228,,,,,,,,,,,,,"{""method_title"":""Purchase Order""}"
2090,2090,,,,,,,,,4.5000,4.5000,,,51.5800,,,,51.5800,,,,,,,purchaseorder,,,,,,,,,,,,,,,54223,,,,,,,,,,,,,"{""method_title"":""Purchase Order""}"
2091,2091,,,,,,,,,4.9600,4.9600,,,28.9200,,,,28.9200,,,,,,,purchaseorder,,,,,,,,,,,,,,,14113,,,,,,,,,,,,,"{""method_title"":""Purchase Order""}"
2092,2092,,,,,,,,,4.9600,4.9600,,,37.5500,,,,37.5500,,,,,,,purchaseorder,,,,,,,,,,,,,,,14115,,,,,,,,,,,,,"{""method_title"":""Purchase Order""}"
2093,2093,,,,,,,,,4.5000,4.5000,,,29.3200,,,,29.3200,,,,,,,purchaseorder,,,,,,,,,,,,,,,54211,,,,,,,,,,,,,"{""method_title"":""Purchase Order""}"
2094,2094,,,,,,,,,4.9600,4.9600,,,34.0900,,,,34.0900,,,,,,,purchaseorder,,,,,,,,,,,,,,,14132,,,,,,,,,,,,,"{""method_title"":""Purchase Order""}"
2095,2095,,,,,,,,,4.9600,4.9600,,,28.9200,,,,28.9200,,,,,,,purchaseorder,,,,,,,,,,,,,,,14137,,,,,,,,,,,,,"{""method_title"":""Purchase Order""}"
2096,2096,,,,,,,,,4.9600,4.9600,,,30.0700,,,,30.0700,,,,,,,purchaseorder,,,,,,,,,,,,,,,14161,,,,,,,,,,,,,"{""method_title"":""Purchase Order""}"
2097,2097,,,,,,,,,4.9600,4.9600,,,57.6700,,,,57.6700,,,,,,,purchaseorder,,,,,,,,,,,,,,,14172,,,,,,,,,,,,,"{""method_title"":""Purchase Order""}"
2098,2098,,,,,,,,,4.9600,4.9600,,,53.0800,,,,53.0800,,,,,,,purchaseorder,,,,,,,,,,,,,,,14187,,,,,,,,,,,,,"{""method_title"":""Purchase Order""}"
2099,2099,,,,,,,,,4.9600,4.9600,,,56.5200,,,,56.5200,,,,,,,purchaseorder,,,,,,,,,,,,,,,14211,,,,,,,,,,,,,"{""method_title"":""Purchase Order""}"
2100,2100,,,,,,,,,4.5000,4.5000,,,29.3200,,,,29.3200,,,,,,,purchaseorder,,,,,,,,,,,,,,,54221,,,,,,,,,,,,,"{""method_title"":""Purchase Order""}"
2101,2101,,,,,,,,,4.9600,4.9600,,,28.9200,,,,28.9200,,,,,,,purchaseorder,,,,,,,,,,,,,,,14220,,,,,,,,,,,,,"{""method_title"":""Purchase Order""}"
2102,2102,,,,,,,,,4.5000,4.5000,,,28.4900,,,,28.4900,,,,,,,purchaseorder,,,,,,,,,,,,,,,54292,,,,,,,,,,,,,"{""method_title"":""Purchase Order""}"
2103,2103,,,,,,,,,4.5000,4.5000,,,51.2600,,,,51.2600,,,,,,,purchaseorder,,,,,,,,,,,,,,,	54291,,,,,,,,,,,,,"{""method_title"":""Purchase Order""}"
2104,2104,,,,,,,,,4.5000,4.5000,,,53.2300,,,,53.2300,,,,,,,purchaseorder,,,,,,,,,,,,,,,	54290,,,,,,,,,,,,,"{""method_title"":""Purchase Order""}"
2105,2105,,,,,,,,,4.9600,4.9600,,,28.9200,,,,28.9200,,,,,,,purchaseorder,,,,,,,,,,,,,,,14234,,,,,,,,,,,,,"{""method_title"":""Purchase Order""}"
2106,2106,,,,,,,,,4.9600,4.9600,,,37.5500,,,,37.5500,,,,,,,purchaseorder,,,,,,,,,,,,,,,14237,,,,,,,,,,,,,"{""method_title"":""Purchase Order""}"
2107,2107,,,,,,,,,4.9600,4.9600,,,30.0700,,,,30.0700,,,,,,,purchaseorder,,,,,,,,,,,,,,,14240,,,,,,,,,,,,,"{""method_title"":""Purchase Order""}"
2108,2108,,,,,,,,,4.9600,4.9600,,,54.7900,,,,54.7900,,,,,,,purchaseorder,,,,,,,,,,,,,,,14249,,,,,,,,,,,,,"{""method_title"":""Purchase Order""}"
2109,2109,,,,,,,,,4.9600,4.9600,,,54.7900,,,,54.7900,,,,,,,purchaseorder,,,,,,,,,,,,,,,14273,,,,,,,,,,,,,"{""method_title"":""Purchase Order""}"
2110,2110,,,,,,,,,4.9600,4.9600,,,30.6500,,,,30.6500,,,,,,,purchaseorder,,,,,,,,,,,,,,,14279,,,,,,,,,,,,,"{""method_title"":""Purchase Order""}"
2111,2111,,,,,,,,,0.0000,0.0000,,,58.4600,,,,58.4600,,,,,,,purchaseorder,,,,,,,,,,,,,,,td 25/10/22,,,,,,,,,,,,,"{""method_title"":""Purchase Order""}"
2112,2112,,,,,,,,,4.9600,4.9600,,,63.4200,,,,63.4200,,,,,,,purchaseorder,,,,,,,,,,,,,,,14280,,,,,,,,,,,,,"{""method_title"":""Purchase Order""}"
2113,2113,,,,,,,,,4.9600,4.9600,,,37.5500,,,,37.5500,,,,,,,purchaseorder,,,,,,,,,,,,,,,14285,,,,,,,,,,,,,"{""method_title"":""Purchase Order""}"
2114,2114,,,,,,,,,4.9600,4.9600,,,34.0900,,,,34.0900,,,,,,,purchaseorder,,,,,,,,,,,,,,,14286,,,,,,,,,,,,,"{""method_title"":""Purchase Order""}"
2115,2115,,,,,,,,,4.9600,4.9600,,,105.9400,,,,105.9400,,,,,,,purchaseorder,,,,,,,,,,,,,,,14289,,,,,,,,,,,,,"{""method_title"":""Purchase Order""}"
2116,2116,,,,,,,,,4.9600,4.9600,,,34.0900,,,,34.0900,,,,,,,purchaseorder,,,,,,,,,,,,,,,14291,,,,,,,,,,,,,"{""method_title"":""Purchase Order""}"
2117,2117,,,,,,,,,4.9600,4.9600,,,51.8900,,,,51.8900,,,,,,,purchaseorder,,,,,,,,,,,,,,,14306,,,,,,,,,,,,,"{""method_title"":""Purchase Order""}"
2118,2118,,,,,,,,,4.9600,4.9600,,,103.6300,,,,103.6300,,,,,,,purchaseorder,,,,,,,,,,,,,,,14310,,,,,,,,,,,,,"{""method_title"":""Purchase Order""}"
2119,2119,,,,,,,,,4.9600,4.9600,,,37.5500,,,,37.5500,,,,,,,purchaseorder,,,,,,,,,,,,,,,14319,,,,,,,,,,,,,"{""method_title"":""Purchase Order""}"
2120,2120,,,,,,,,,4.9600,4.9600,,,101.9200,,,,101.9200,,,,,,,purchaseorder,,,,,,,,,,,,,,,14339,,,,,,,,,,,,,"{""method_title"":""Purchase Order""}"
2121,2121,,,,,,,,,4.9600,4.9600,,,63.4200,,,,63.4200,,,,,,,purchaseorder,,,,,,,,,,,,,,,14327,,,,,,,,,,,,,"{""method_title"":""Purchase Order""}"
2122,2122,,,,,,,,,4.9600,4.9600,,,63.4200,,,,63.4200,,,,,,,purchaseorder,,,,,,,,,,,,,,,14348,,,,,,,,,,,,,"{""method_title"":""Purchase Order""}"
2123,2123,,,,,,,,,4.9600,4.9600,,,57.6700,,,,57.6700,,,,,,,purchaseorder,,,,,,,,,,,,,,,14349,,,,,,,,,,,,,"{""method_title"":""Purchase Order""}"
2124,2124,,,,,,,,,4.9600,4.9600,,,63.4200,,,,63.4200,,,,,,,purchaseorder,,,,,,,,,,,,,,,14359,,,,,,,,,,,,,"{""method_title"":""Purchase Order""}"
2125,2125,,,,,,,,,4.5000,4.5000,,,28.1800,,,,28.1800,,,,,,,purchaseorder,,,,,,,,,,,,,,,54350,,,,,,,,,,,,,"{""method_title"":""Purchase Order""}"
2126,2126,,,,,,,,,4.9600,4.9600,,,30.0700,,,,30.0700,,,,,,,purchaseorder,,,,,,,,,,,,,,,14362,,,,,,,,,,,,,"{""method_title"":""Purchase Order""}"
2127,2127,,,,,,,,,4.9600,4.9600,,,37.5500,,,,37.5500,,,,,,,purchaseorder,,,,,,,,,,,,,,,14369,,,,,,,,,,,,,"{""method_title"":""Purchase Order""}"
2128,2128,,,,,,,,,4.5000,4.5000,,,28.1800,,,,28.1800,,,,,,,purchaseorder,,,,,,,,,,,,,,,	54338,,,,,,,,,,,,,"{""method_title"":""Purchase Order""}"
2129,2129,,,,,,,,,4.5000,4.5000,,,28.1800,,,,28.1800,,,,,,,purchaseorder,,,,,,,,,,,,,,,	54333,,,,,,,,,,,,,"{""method_title"":""Purchase Order""}"
2130,2130,,,,,,,,,4.9600,4.9600,,,28.9200,,,,28.9200,,,,,0,,purchaseorder,,,,,,,,,0,,,,,,14372,0,,,,,,,,,,,,"{""method_title"":""Purchase Order""}"
2131,2131,,,,,,,,,4.9600,4.9600,,,34.0900,,,,34.0900,,,,,,,purchaseorder,,,,,,,,,,,,,,,14373,,,,,,,,,,,,,"{""method_title"":""Purchase Order""}"
2132,2132,,,,,,,,,4.9600,4.9600,,,28.9200,,,,28.9200,,,,,,,purchaseorder,,,,,,,,,,,,,,,14375,,,,,,,,,,,,,"{""method_title"":""Purchase Order""}"
2133,2133,,,,,,,,,4.9600,4.9600,,,34.0900,,,,34.0900,,,,,,,purchaseorder,,,,,,,,,,,,,,,14378,,,,,,,,,,,,,"{""method_title"":""Purchase Order""}"
2134,2134,,,,,,,,,4.9600,4.9600,,,28.9200,,,,28.9200,,,,,,,purchaseorder,,,,,,,,,,,,,,,14379,,,,,,,,,,,,,"{""method_title"":""Purchase Order""}"
2135,2135,,,,,,,,,4.9600,4.9600,,,37.5500,,,,37.5500,,,,,,,purchaseorder,,,,,,,,,,,,,,,14369,,,,,,,,,,,,,"{""method_title"":""Purchase Order""}"
2136,2136,,,,,,,,,4.5000,4.5000,,,62.3800,,,,62.3800,,,,,,,purchaseorder,,,,,,,,,,,,,,,54376,,,,,,,,,,,,,"{""method_title"":""Purchase Order""}"
2137,2137,,,,,,,,,4.9600,4.9600,,,53.0800,,,,53.0800,,,,,,,purchaseorder,,,,,,,,,,,,,,,14383,,,,,,,,,,,,,"{""method_title"":""Purchase Order""}"
2138,2138,,,,,,,,,4.9600,4.9600,,,54.7900,,,,54.7900,,,,,,,purchaseorder,,,,,,,,,,,,,,,14384,,,,,,,,,,,,,"{""method_title"":""Purchase Order""}"
2139,2139,,,,,,,,,4.9600,4.9600,,,28.9200,,,,28.9200,,,,,,,purchaseorder,,,,,,,,,,,,,,,14398,,,,,,,,,,,,,"{""method_title"":""Purchase Order""}"
2140,2140,,,,,,,,,4.9600,4.9600,,,30.0700,,,,30.0700,,,,,,,purchaseorder,,,,,,,,,,,,,,,14422,,,,,,,,,,,,,"{""method_title"":""Purchase Order""}"
2141,2141,,,,,,,,,4.9600,4.9600,,,29.2400,,,,29.2400,,,,,,,purchaseorder,,,,,,,,,,,,,,,14424,,,,,,,,,,,,,"{""method_title"":""Purchase Order""}"
2142,2142,,,,,,,,,4.5000,4.5000,,,28.4900,,,,28.4900,,,,,,,purchaseorder,,,,,,,,,,,,,,,54449,,,,,,,,,,,,,"{""method_title"":""Purchase Order""}"
2143,2143,,,,,,,,,4.5000,4.5000,,,28.1800,,,,28.1800,,,,,,,purchaseorder,,,,,,,,,,,,,,,54439,,,,,,,,,,,,,"{""method_title"":""Purchase Order""}"
2144,2144,,,,,,,,,4.5000,4.5000,,,29.3200,,,,29.3200,,,,,,,purchaseorder,,,,,,,,,,,,,,,54430,,,,,,,,,,,,,"{""method_title"":""Purchase Order""}"
2145,2145,,,,,,,,,4.5000,4.5000,,,53.8200,,,,53.8200,,,,,,,purchaseorder,,,,,,,,,,,,,,,54430,,,,,,,,,,,,,"{""method_title"":""Purchase Order""}"
2146,2146,,,,,,,,,4.5000,4.5000,,,29.3200,,,,29.3200,,,,,,,purchaseorder,,,,,,,,,,,,,,,	54414,,,,,,,,,,,,,"{""method_title"":""Purchase Order""}"
2147,2147,,,,,,,,,4.9600,4.9600,,,28.9200,,,,28.9200,,,,,,,purchaseorder,,,,,,,,,,,,,,,14425,,,,,,,,,,,,,"{""method_title"":""Purchase Order""}"
2148,2148,,,,,,,,,3.2900,3.2900,,,16.8800,,,,16.8800,,,,,,,purchaseorder,,,,,,,,,,,,,,,54410,,,,,,,,,,,,,"{""method_title"":""Purchase Order""}"
2149,2149,,,,,,,,,4.9600,4.9600,,,54.7900,,,,54.7900,,,,,,,purchaseorder,,,,,,,,,,,,,,,14467,,,,,,,,,,,,,"{""method_title"":""Purchase Order""}"
2150,2150,,,,,,,,,4.9600,4.9600,,,29.2400,,,,29.2400,,,,,,,purchaseorder,,,,,,,,,,,,,,,14487,,,,,,,,,,,,,"{""method_title"":""Purchase Order""}"
2151,2151,,,,,,,,,4.5000,4.5000,,,29.8800,,,,29.8800,,,,,,,purchaseorder,,,,,,,,,,,,,,,	54405,,,,,,,,,,,,,"{""method_title"":""Purchase Order""}"
2152,2152,,,,,,,,,4.9600,4.9600,,,39.2800,,,,39.2800,,,,,,,purchaseorder,,,,,,,,,,,,,,,14518,,,,,,,,,,,,,"{""method_title"":""Purchase Order""}"
2153,2153,,,,,,,,,4.5000,4.5000,,,28.4900,,,,28.4900,,,,,,,purchaseorder,,,,,,,,,,,,,,,54401,,,,,,,,,,,,,"{""method_title"":""Purchase Order""}"
2154,2154,,,,,,,,,4.5000,4.5000,,,28.4900,,,,28.4900,,,,,,,purchaseorder,,,,,,,,,,,,,,,54398,,,,,,,,,,,,,"{""method_title"":""Purchase Order""}"
2155,2155,,,,,,,,,4.9600,4.9600,,,86.3900,,,,86.3900,,,,,,,purchaseorder,,,,,,,,,,,,,,,14523,,,,,,,,,,,,,"{""method_title"":""Purchase Order""}"
2156,2156,,,,,,,,,4.9600,4.9600,,,30.0700,,,,30.0700,,,,,,,purchaseorder,,,,,,,,,,,,,,,14526,,,,,,,,,,,,,"{""method_title"":""Purchase Order""}"
2157,2157,,,,,,,,,4.9600,4.9600,,,57.6700,,,,57.6700,,,,,0,,purchaseorder,,,,,,,,,0,,,,,,14530,0,,,,,,,,,,,,"{""method_title"":""Purchase Order""}"
2158,2158,,,,,,,,,4.9600,4.9600,,,57.6700,,,,57.6700,,,,,,,purchaseorder,,,,,,,,,,,,,,,14532,,,,,,,,,,,,,"{""method_title"":""Purchase Order""}"
2159,2159,,,,,,,,,4.9600,4.9600,,,30.6500,,,,30.6500,,,,,,,purchaseorder,,,,,,,,,,,,,,,14534,,,,,,,,,,,,,"{""method_title"":""Purchase Order""}"
2160,2160,,,,,,,,,4.9600,4.9600,,,58.7900,,,,58.7900,,,,,,,purchaseorder,,,,,,,,,,,,,,,14551,,,,,,,,,,,,,"{""method_title"":""Purchase Order""}"
2161,2161,,,,,,,,,4.9600,4.9600,,,63.4200,,,,63.4200,,,,,,,purchaseorder,,,,,,,,,,,,,,,14564,,,,,,,,,,,,,"{""method_title"":""Purchase Order""}"
2162,2162,,,,,,,,,4.9600,4.9600,,,175.4900,,,,175.4900,,,,,0,,purchaseorder,,,,,,,,,0,,,,,,14568,0,,,,,,,,,,,,"{""method_title"":""Purchase Order""}"
2163,2163,,,,,,,,,4.9600,4.9600,,,61.6900,,,,61.6900,,,,,0,,purchaseorder,,,,,,,,,0,,,,,,14583,0,,,,,,,,,,,,"{""method_title"":""Purchase Order""}"
2164,2164,,,,,,,,,4.9600,4.9600,,,57.6700,,,,57.6700,,,,,,,purchaseorder,,,,,,,,,,,,,,,14593,,,,,,,,,,,,,"{""method_title"":""Purchase Order""}"
2165,2165,,,,,,,,,4.9600,4.9600,,,55.9400,,,,55.9400,,,,,,,purchaseorder,,,,,,,,,,,,,,,14620,,,,,,,,,,,,,"{""method_title"":""Purchase Order""}"
2166,2166,,,,,,,,,4.5000,4.5000,,,85.1400,,,,85.1400,,,,,,,purchaseorder,,,,,,,,,,,,,,,	54463,,,,,,,,,,,,,"{""method_title"":""Purchase Order""}"
2167,2167,,,,,,,,,4.9600,4.9600,,,30.0700,,,,30.0700,,,,,,,purchaseorder,,,,,,,,,,,,,,,14639,,,,,,,,,,,,,"{""method_title"":""Purchase Order""}"
2168,2168,,,,,,,,,4.9600,4.9600,,,30.0700,,,,30.0700,,,,,,,purchaseorder,,,,,,,,,,,,,,,14643,,,,,,,,,,,,,"{""method_title"":""Purchase Order""}"
2169,2169,,,,,,,,,4.9600,4.9600,,,63.4200,,,,63.4200,,,,,,,purchaseorder,,,,,,,,,,,,,,,14646,,,,,,,,,,,,,"{""method_title"":""Purchase Order""}"
2170,2170,,,,,,,,,4.9600,4.9600,,,37.5500,,,,37.5500,,,,,,,purchaseorder,,,,,,,,,,,,,,,14647,,,,,,,,,,,,,"{""method_title"":""Purchase Order""}"
2171,2171,,,,,,,,,0.0000,0.0000,,,58.4600,,,,58.4600,,,,,0,,purchaseorder,,,,,,,,,0,,,,,,td1/11/22,0,,,,,,,,,,,,"{""method_title"":""Purchase Order""}"
2172,2172,,,,,,,,,4.5000,4.5000,,,28.4900,,,,28.4900,,,,,,,purchaseorder,,,,,,,,,,,,,,,	54493,,,,,,,,,,,,,"{""method_title"":""Purchase Order""}"
2173,2173,,,,,,,,,4.5000,4.5000,,,29.8800,,,,29.8800,,,,,,,purchaseorder,,,,,,,,,,,,,,,	54479,,,,,,,,,,,,,"{""method_title"":""Purchase Order""}"
2174,2174,,,,,,,,,4.9600,4.9600,,,63.4200,,,,63.4200,,,,,,,purchaseorder,,,,,,,,,,,,,,,14688,,,,,,,,,,,,,"{""method_title"":""Purchase Order""}"
2175,2175,,,,,,,,,4.9600,4.9600,,,30.0700,,,,30.0700,,,,,,,purchaseorder,,,,,,,,,,,,,,,14691,,,,,,,,,,,,,"{""method_title"":""Purchase Order""}"
2176,2176,,,,,,,,,4.5000,4.5000,,,29.3200,,,,29.3200,,,,,,,purchaseorder,,,,,,,,,,,,,,,	54520,,,,,,,,,,,,,"{""method_title"":""Purchase Order""}"
2177,2177,,,,,,,,,4.9600,4.9600,,,60.5500,,,,60.5500,,,,,,,purchaseorder,,,,,,,,,,,,,,,14715,,,,,,,,,,,,,"{""method_title"":""Purchase Order""}"
2178,2178,,,,,,,,,4.9600,4.9600,,,54.7900,,,,54.7900,,,,,,,purchaseorder,,,,,,,,,,,,,,,14717,,,,,,,,,,,,,"{""method_title"":""Purchase Order""}"
2179,2179,,,,,,,,,4.9600,4.9600,,,28.9200,,,,28.9200,,,,,,,purchaseorder,,,,,,,,,,,,,,,14719,,,,,,,,,,,,,"{""method_title"":""Purchase Order""}"
2180,2180,,,,,,,,,4.9600,4.9600,,,30.0700,,,,30.0700,,,,,,,purchaseorder,,,,,,,,,,,,,,,14742,,,,,,,,,,,,,"{""method_title"":""Purchase Order""}"
2181,2181,,,,,,,,,4.9600,4.9600,,,30.0700,,,,30.0700,,,,,,,purchaseorder,,,,,,,,,,,,,,,14743,,,,,,,,,,,,,"{""method_title"":""Purchase Order""}"
2182,2182,,,,,,,,,4.9600,4.9600,,,57.6700,,,,57.6700,,,,,,,purchaseorder,,,,,,,,,,,,,,,14751,,,,,,,,,,,,,"{""method_title"":""Purchase Order""}"
2183,2183,,,,,,,,,4.9600,4.9600,,,59.4000,,,,59.4000,,,,,,,purchaseorder,,,,,,,,,,,,,,,14754,,,,,,,,,,,,,"{""method_title"":""Purchase Order""}"
2184,2184,,,,,,,,,4.9600,4.9600,,,30.0700,,,,30.0700,,,,,0,,purchaseorder,,,,,,,,,0,,,,,,14772,0,,,,,,,,,,,,"{""method_title"":""Purchase Order""}"
2185,2185,,,,,,,,,4.9600,4.9600,,,54.7900,,,,54.7900,,,,,,,purchaseorder,,,,,,,,,,,,,,,14773,,,,,,,,,,,,,"{""method_title"":""Purchase Order""}"
2186,2186,,,,,,,,,4.9600,4.9600,,,28.9200,,,,28.9200,,,,,,,purchaseorder,,,,,,,,,,,,,,,14745,,,,,,,,,,,,,"{""method_title"":""Purchase Order""}"
2187,2187,,,,,,,,,4.5000,4.5000,,,36.7200,,,,36.7200,,,,,,,purchaseorder,,,,,,,,,,,,,,,54543,,,,,,,,,,,,,"{""method_title"":""Purchase Order""}"
2188,2188,,,,,,,,,4.5000,4.5000,,,38.4400,,,,38.4400,,,,,,,purchaseorder,,,,,,,,,,,,,,,54551,,,,,,,,,,,,,"{""method_title"":""Purchase Order""}"
2189,2189,,,,,,,,,4.9600,4.9600,,,29.2400,,,,29.2400,,,,,,,purchaseorder,,,,,,,,,,,,,,,14832,,,,,,,,,,,,,"{""method_title"":""Purchase Order""}"
2190,2190,,,,,,,,,4.5000,4.5000,,,28.1800,,,,28.1800,,,,,,,purchaseorder,,,,,,,,,,,,,,,54634,,,,,,,,,,,,,"{""method_title"":""Purchase Order""}"
2191,2191,,,,,,,,,4.9600,4.9600,,,59.4000,,,,59.4000,,,,,,,purchaseorder,,,,,,,,,,,,,,,14854,,,,,,,,,,,,,"{""method_title"":""Purchase Order""}"
2192,2192,,,,,,,,,4.5000,4.5000,,,29.8800,,,,29.8800,,,,,,,purchaseorder,,,,,,,,,,,,,,,54631,,,,,,,,,,,,,"{""method_title"":""Purchase Order""}"
2193,2193,,,,,,,,,4.9600,4.9600,,,63.4200,,,,63.4200,,,,,,,purchaseorder,,,,,,,,,,,,,,,14855,,,,,,,,,,,,,"{""method_title"":""Purchase Order""}"
2194,2194,,,,,,,,,4.9600,4.9600,,,55.9400,,,,55.9400,,,,,,,purchaseorder,,,,,,,,,,,,,,,14876,,,,,,,,,,,,,"{""method_title"":""Purchase Order""}"
2195,2195,,,,,,,,,4.9600,4.9600,,,63.4200,,,,63.4200,,,,,,,purchaseorder,,,,,,,,,,,,,,,14888,,,,,,,,,,,,,"{""method_title"":""Purchase Order""}"
2196,2196,,,,,,,,,4.9600,4.9600,,,57.6700,,,,57.6700,,,,,,,purchaseorder,,,,,,,,,,,,,,,14909,,,,,,,,,,,,,"{""method_title"":""Purchase Order""}"
2197,2197,,,,,,,,,4.9600,4.9600,,,30.6500,,,,30.6500,,,,,,,purchaseorder,,,,,,,,,,,,,,,14911,,,,,,,,,,,,,"{""method_title"":""Purchase Order""}"
2198,2198,,,,,,,,,4.5000,4.5000,,,29.3200,,,,29.3200,,,,,,,purchaseorder,,,,,,,,,,,,,,,54627,,,,,,,,,,,,,"{""method_title"":""Purchase Order""}"
2199,2199,,,,,,,,,4.9600,4.9600,,,55.9400,,,,55.9400,,,,,,,purchaseorder,,,,,,,,,,,,,,,14917,,,,,,,,,,,,,"{""method_title"":""Purchase Order""}"
2200,2200,,,,,,,,,4.9600,4.9600,,,59.4000,,,,59.4000,,,,,,,purchaseorder,,,,,,,,,,,,,,,14953,,,,,,,,,,,,,"{""method_title"":""Purchase Order""}"
2201,2201,,,,,,,,,4.5000,4.5000,,,29.3200,,,,29.3200,,,,,,,purchaseorder,,,,,,,,,,,,,,,54620,,,,,,,,,,,,,"{""method_title"":""Purchase Order""}"
2202,2202,,,,,,,,,4.9600,4.9600,,,52.2100,,,,52.2100,,,,,,,purchaseorder,,,,,,,,,,,,,,,14958,,,,,,,,,,,,,"{""method_title"":""Purchase Order""}"
2203,2203,,,,,,,,,4.5000,4.5000,,,28.1800,,,,28.1800,,,,,,,purchaseorder,,,,,,,,,,,,,,,54610,,,,,,,,,,,,,"{""method_title"":""Purchase Order""}"
2204,2204,,,,,,,,,4.5000,4.5000,,,29.3200,,,,29.3200,,,,,,,purchaseorder,,,,,,,,,,,,,,,54607,,,,,,,,,,,,,"{""method_title"":""Purchase Order""}"
2205,2205,,,,,,,,,4.5000,4.5000,,,29.3200,,,,29.3200,,,,,,,purchaseorder,,,,,,,,,,,,,,,54600,,,,,,,,,,,,,"{""method_title"":""Purchase Order""}"
2206,2206,,,,,,,,,4.5000,4.5000,,,53.8200,,,,53.8200,,,,,,,purchaseorder,,,,,,,,,,,,,,,54594,,,,,,,,,,,,,"{""method_title"":""Purchase Order""}"
2207,2207,,,,,,,,,3.2900,3.2900,,,13.6700,,,,13.6700,,,,,,,purchaseorder,,,,,,,,,,,,,,,54577,,,,,,,,,,,,,"{""method_title"":""Purchase Order""}"
2208,2208,,,,,,,,,4.5000,4.5000,,,29.8800,,,,29.8800,,,,,,,purchaseorder,,,,,,,,,,,,,,,54573,,,,,,,,,,,,,"{""method_title"":""Purchase Order""}"
2209,2209,,,,,,,,,4.9600,4.9600,,,37.5500,,,,37.5500,,,,,,,purchaseorder,,,,,,,,,,,,,,,14979,,,,,,,,,,,,,"{""method_title"":""Purchase Order""}"
2210,2210,,,,,,,,,4.9600,4.9600,,,28.9200,,,,28.9200,,,,,,,purchaseorder,,,,,,,,,,,,,,,14980,,,,,,,,,,,,,"{""method_title"":""Purchase Order""}"
2211,2211,,,,,,,,,4.9600,4.9600,,,28.9200,,,,28.9200,,,,,,,purchaseorder,,,,,,,,,,,,,,,15010,,,,,,,,,,,,,"{""method_title"":""Purchase Order""}"
2212,2212,,,,,,,,,4.9600,4.9600,,,30.0700,,,,30.0700,,,,,,,purchaseorder,,,,,,,,,,,,,,,15027,,,,,,,,,,,,,"{""method_title"":""Purchase Order""}"
2213,2213,,,,,,,,,4.9600,4.9600,,,53.0800,,,,53.0800,,,,,,,purchaseorder,,,,,,,,,,,,,,,15029,,,,,,,,,,,,,"{""method_title"":""Purchase Order""}"
2214,2214,,,,,,,,,4.9600,4.9600,,,28.9200,,,,28.9200,,,,,,,purchaseorder,,,,,,,,,,,,,,,14967,,,,,,,,,,,,,"{""method_title"":""Purchase Order""}"
2215,2215,,,,,,,,,3.2900,3.2900,,,10.4200,,,,10.4200,,,,,,,purchaseorder,,,,,,,,,,,,,,,54637,,,,,,,,,,,,,"{""method_title"":""Purchase Order""}"
2216,2216,,,,,,,,,4.5000,4.5000,,,28.1800,,,,28.1800,,,,,,,purchaseorder,,,,,,,,,,,,,,,54644,,,,,,,,,,,,,"{""method_title"":""Purchase Order""}"
2217,2217,,,,,,,,,4.5000,4.5000,,,36.7200,,,,36.7200,,,,,,,purchaseorder,,,,,,,,,,,,,,,54645,,,,,,,,,,,,,"{""method_title"":""Purchase Order""}"
2218,2218,,,,,,,,,3.2900,3.2900,,,21.1100,,,,21.1100,,,,,,,purchaseorder,,,,,,,,,,,,,,,54655,,,,,,,,,,,,,"{""method_title"":""Purchase Order""}"
2219,2219,,,,,,,,,4.5000,4.5000,,,38.4400,,,,38.4400,,,,,,,purchaseorder,,,,,,,,,,,,,,,54664,,,,,,,,,,,,,"{""method_title"":""Purchase Order""}"
2220,2220,,,,,,,,,4.5000,4.5000,,,29.8800,,,,29.8800,,,,,,,purchaseorder,,,,,,,,,,,,,,,54666,,,,,,,,,,,,,"{""method_title"":""Purchase Order""}"
2221,2221,,,,,,,,,4.9600,4.9600,,,63.4200,,,,63.4200,,,,,,,purchaseorder,,,,,,,,,,,,,,,15062,,,,,,,,,,,,,"{""method_title"":""Purchase Order""}"
2222,2222,,,,,,,,,4.9600,4.9600,,,28.9200,,,,28.9200,,,,,,,purchaseorder,,,,,,,,,,,,,,,15076,,,,,,,,,,,,,"{""method_title"":""Purchase Order""}"
2223,2223,,,,,,,,,4.5000,4.5000,,,28.1800,,,,28.1800,,,,,,,purchaseorder,,,,,,,,,,,,,,,54646,,,,,,,,,,,,,"{""method_title"":""Purchase Order""}"
2224,2224,,,,,,,,,4.9600,4.9600,,,28.9200,,,,28.9200,,,,,,,purchaseorder,,,,,,,,,,,,,,,15105,,,,,,,,,,,,,"{""method_title"":""Purchase Order""}"
2225,2225,,,,,,,,,0.0000,0.0000,,,290.7100,,,,290.7100,,,,,,,purchaseorder,,,,,,,,,,,,,,,stlw081122,,,,,,,,,,,,,"{""method_title"":""Purchase Order""}"
2226,2226,,,,,,,,,4.5000,4.5000,,,29.3200,,,,29.3200,,,,,,,purchaseorder,,,,,,,,,,,,,,,54694,,,,,,,,,,,,,"{""method_title"":""Purchase Order""}"
2227,2227,,,,,,,,,4.5000,4.5000,,,29.3200,,,,29.3200,,,,,,,purchaseorder,,,,,,,,,,,,,,,	54689,,,,,,,,,,,,,"{""method_title"":""Purchase Order""}"
2228,2228,,,,,,,,,4.5000,4.5000,,,53.2300,,,,53.2300,,,,,,,purchaseorder,,,,,,,,,,,,,,,54681,,,,,,,,,,,,,"{""method_title"":""Purchase Order""}"
2229,2229,,,,,,,,,4.5000,4.5000,,,62.3800,,,,62.3800,,,,,,,purchaseorder,,,,,,,,,,,,,,,	54675,,,,,,,,,,,,,"{""method_title"":""Purchase Order""}"
2230,2230,,,,,,,,,4.5000,4.5000,,,28.4900,,,,28.4900,,,,,,,purchaseorder,,,,,,,,,,,,,,,	54668,,,,,,,,,,,,,"{""method_title"":""Purchase Order""}"
2231,2231,,,,,,,,,4.9600,4.9600,,,60.5500,,,,60.5500,,,,,,,purchaseorder,,,,,,,,,,,,,,,15112,,,,,,,,,,,,,"{""method_title"":""Purchase Order""}"
2232,2232,,,,,,,,,4.5000,4.5000,,,33.3000,,,,33.3000,,,,,,,purchaseorder,,,,,,,,,,,,,,,54714,,,,,,,,,,,,,"{""method_title"":""Purchase Order""}"
2233,2233,,,,,,,,,4.9600,4.9600,,,54.7900,,,,54.7900,,,,,,,purchaseorder,,,,,,,,,,,,,,,15183,,,,,,,,,,,,,"{""method_title"":""Purchase Order""}"
2234,2234,,,,,,,,,4.9600,4.9600,,,29.2400,,,,29.2400,,,,,,,purchaseorder,,,,,,,,,,,,,,,15197,,,,,,,,,,,,,"{""method_title"":""Purchase Order""}"
2235,2235,,,,,,,,,4.9600,4.9600,,,37.5500,,,,37.5500,,,,,,,purchaseorder,,,,,,,,,,,,,,,15201,,,,,,,,,,,,,"{""method_title"":""Purchase Order""}"
2236,2236,,,,,,,,,4.9600,4.9600,,,63.4200,,,,63.4200,,,,,,,purchaseorder,,,,,,,,,,,,,,,15210,,,,,,,,,,,,,"{""method_title"":""Purchase Order""}"
2237,2237,,,,,,,,,4.9600,4.9600,,,37.5500,,,,37.5500,,,,,,,purchaseorder,,,,,,,,,,,,,,,15218,,,,,,,,,,,,,"{""method_title"":""Purchase Order""}"
2238,2238,,,,,,,,,4.5000,4.5000,,,28.4900,,,,28.4900,,,,,,,purchaseorder,,,,,,,,,,,,,,,54493,,,,,,,,,,,,,"{""method_title"":""Purchase Order""}"
2239,2239,,,,,,,,,4.9600,4.9600,,,61.6900,,,,61.6900,,,,,,,purchaseorder,,,,,,,,,,,,,,,15163,,,,,,,,,,,,,"{""method_title"":""Purchase Order""}"
2240,2240,,,,,,,,,4.5000,4.5000,,,29.3200,,,,29.3200,,,,,,,purchaseorder,,,,,,,,,,,,,,,	54734,,,,,,,,,,,,,"{""method_title"":""Purchase Order""}"
2241,2241,,,,,,,,,4.5000,4.5000,,,29.3200,,,,29.3200,,,,,,,purchaseorder,,,,,,,,,,,,,,,	54724,,,,,,,,,,,,,"{""method_title"":""Purchase Order""}"
2242,2242,,,,,,,,,4.5000,4.5000,,,28.4900,,,,28.4900,,,,,,,purchaseorder,,,,,,,,,,,,,,,	54721,,,,,,,,,,,,,"{""method_title"":""Purchase Order""}"
2243,2243,,,,,,,,,3.2900,3.2900,,,12.3600,,,,12.3600,,,,,,,purchaseorder,,,,,,,,,,,,,,,54749,,,,,,,,,,,,,"{""method_title"":""Purchase Order""}"
2244,2244,,,,,,,,,4.9600,4.9600,,,30.0700,,,,30.0700,,,,,,,purchaseorder,,,,,,,,,,,,,,,15232,,,,,,,,,,,,,"{""method_title"":""Purchase Order""}"
2245,2245,,,,,,,,,4.9600,4.9600,,,30.0700,,,,30.0700,,,,,,,purchaseorder,,,,,,,,,,,,,,,15262,,,,,,,,,,,,,"{""method_title"":""Purchase Order""}"
2246,2246,,,,,,,,,4.9600,4.9600,,,37.5500,,,,37.5500,,,,,,,purchaseorder,,,,,,,,,,,,,,,15263,,,,,,,,,,,,,"{""method_title"":""Purchase Order""}"
2247,2247,,,,,,,,,4.9600,4.9600,,,28.9200,,,,28.9200,,,,,0,,purchaseorder,,,,,,,,,0,,,,,,15272,0,,,,,,,,,,,,"{""method_title"":""Purchase Order""}"
2248,2248,,,,,,,,,4.5000,4.5000,,,28.1800,,,,28.1800,,,,,,,purchaseorder,,,,,,,,,,,,,,,	54800,,,,,,,,,,,,,"{""method_title"":""Purchase Order""}"
2249,2249,,,,,,,,,4.5000,4.5000,,,29.3200,,,,29.3200,,,,,,,purchaseorder,,,,,,,,,,,,,,,	54796,,,,,,,,,,,,,"{""method_title"":""Purchase Order""}"
2250,2250,,,,,,,,,4.5000,4.5000,,,29.3200,,,,29.3200,,,,,,,purchaseorder,,,,,,,,,,,,,,,	54794,,,,,,,,,,,,,"{""method_title"":""Purchase Order""}"
2251,2251,,,,,,,,,4.5000,4.5000,,,36.7200,,,,36.7200,,,,,,,purchaseorder,,,,,,,,,,,,,,,	54793,,,,,,,,,,,,,"{""method_title"":""Purchase Order""}"
2252,2252,,,,,,,,,4.5000,4.5000,,,29.3200,,,,29.3200,,,,,,,purchaseorder,,,,,,,,,,,,,,,54790,,,,,,,,,,,,,"{""method_title"":""Purchase Order""}"
2253,2253,,,,,,,,,4.5000,4.5000,,,28.1800,,,,28.1800,,,,,,,purchaseorder,,,,,,,,,,,,,,,	54788,,,,,,,,,,,,,"{""method_title"":""Purchase Order""}"
2254,2254,,,,,,,,,4.5000,4.5000,,,36.7200,,,,36.7200,,,,,,,purchaseorder,,,,,,,,,,,,,,,	54781,,,,,,,,,,,,,"{""method_title"":""Purchase Order""}"
2255,2255,,,,,,,,,4.5000,4.5000,,,29.3200,,,,29.3200,,,,,,,purchaseorder,,,,,,,,,,,,,,,	54769,,,,,,,,,,,,,"{""method_title"":""Purchase Order""}"
2256,2256,,,,,,,,,4.5000,4.5000,,,28.4900,,,,28.4900,,,,,,,purchaseorder,,,,,,,,,,,,,,,54768,,,,,,,,,,,,,"{""method_title"":""Purchase Order""}"
2257,2257,,,,,,,,,4.5000,4.5000,,,33.3000,,,,33.3000,,,,,,,purchaseorder,,,,,,,,,,,,,,,	54767,,,,,,,,,,,,,"{""method_title"":""Purchase Order""}"
2258,2258,,,,,,,,,4.5000,4.5000,,,28.4900,,,,28.4900,,,,,,,purchaseorder,,,,,,,,,,,,,,,54764,,,,,,,,,,,,,"{""method_title"":""Purchase Order""}"
2259,2259,,,,,,,,,4.9600,4.9600,,,51.8900,,,,51.8900,,,,,,,purchaseorder,,,,,,,,,,,,,,,15283,,,,,,,,,,,,,"{""method_title"":""Purchase Order""}"
2260,2260,,,,,,,,,4.9600,4.9600,,,28.9200,,,,28.9200,,,,,,,purchaseorder,,,,,,,,,,,,,,,15291,,,,,,,,,,,,,"{""method_title"":""Purchase Order""}"
2261,2261,,,,,,,,,4.9600,4.9600,,,28.9200,,,,28.9200,,,,,,,purchaseorder,,,,,,,,,,,,,,,15325,,,,,,,,,,,,,"{""method_title"":""Purchase Order""}"
2262,2262,,,,,,,,,4.5000,4.5000,,,36.7200,,,,36.7200,,,,,,,purchaseorder,,,,,,,,,,,,,,,	54763,,,,,,,,,,,,,"{""method_title"":""Purchase Order""}"
2263,2263,,,,,,,,,4.9600,4.9600,,,57.6700,,,,57.6700,,,,,0,,purchaseorder,,,,,,,,,0,,,,,,15344,0,,,,,,,,,,,,"{""method_title"":""Purchase Order""}"
2264,2264,,,,,,,,,4.5000,4.5000,,,36.7200,,,,36.7200,,,,,,,purchaseorder,,,,,,,,,,,,,,,	54761,,,,,,,,,,,,,"{""method_title"":""Purchase Order""}"
2265,2265,,,,,,,,,4.9600,4.9600,,,61.6900,,,,61.6900,,,,,,,purchaseorder,,,,,,,,,,,,,,,15348,,,,,,,,,,,,,"{""method_title"":""Purchase Order""}"
2266,2266,,,,,,,,,4.9600,4.9600,,,28.9200,,,,28.9200,,,,,,,purchaseorder,,,,,,,,,,,,,,,15384,,,,,,,,,,,,,"{""method_title"":""Purchase Order""}"
2267,2267,,,,,,,,,4.5000,4.5000,,,28.1800,,,,28.1800,,,,,,,purchaseorder,,,,,,,,,,,,,,,	54746,,,,,,,,,,,,,"{""method_title"":""Purchase Order""}"
2268,2268,,,,,,,,,4.9600,4.9600,,,57.6700,,,,57.6700,,,,,,,purchaseorder,,,,,,,,,,,,,,,15399,,,,,,,,,,,,,"{""method_title"":""Purchase Order""}"
2269,2269,,,,,,,,,0.0000,0.0000,,,32.4700,,,,32.4700,,,,,0,,purchaseorder,,,,,,,,,0,,,,,,TB 2022,0,,,,,,,,,,,,"{""method_title"":""Purchase Order""}"
2270,2270,,,,,,,,,4.5000,4.5000,,,28.1800,,,,28.1800,,,,,,,purchaseorder,,,,,,,,,,,,,,,54841,,,,,,,,,,,,,"{""method_title"":""Purchase Order""}"
2271,2271,,,,,,,,,3.2900,3.2900,,,12.5300,,,,12.5300,,,,,,,purchaseorder,,,,,,,,,,,,,,,54837,,,,,,,,,,,,,"{""method_title"":""Purchase Order""}"
2272,2272,,,,,,,,,4.5000,4.5000,,,28.4900,,,,28.4900,,,,,,,purchaseorder,,,,,,,,,,,,,,,54835,,,,,,,,,,,,,"{""method_title"":""Purchase Order""}"
2273,2273,,,,,,,,,4.5000,4.5000,,,36.7200,,,,36.7200,,,,,,,purchaseorder,,,,,,,,,,,,,,,54834,,,,,,,,,,,,,"{""method_title"":""Purchase Order""}"
2274,2274,,,,,,,,,3.2900,3.2900,,,12.5300,,,,12.5300,,,,,,,purchaseorder,,,,,,,,,,,,,,,54818,,,,,,,,,,,,,"{""method_title"":""Purchase Order""}"
2275,2275,,,,,,,,,4.9600,4.9600,,,54.1900,,,,54.1900,,,,,,,purchaseorder,,,,,,,,,,,,,,,15450,,,,,,,,,,,,,"{""method_title"":""Purchase Order""}"
2276,2276,,,,,,,,,4.9600,4.9600,,,28.9200,,,,28.9200,,,,,,,purchaseorder,,,,,,,,,,,,,,,15457,,,,,,,,,,,,,"{""method_title"":""Purchase Order""}"
2277,2277,,,,,,,,,4.5000,4.5000,,,52.1200,,,,52.1200,,,,,,,purchaseorder,,,,,,,,,,,,,,,	54862,,,,,,,,,,,,,"{""method_title"":""Purchase Order""}"
2278,2278,,,,,,,,,4.5000,4.5000,,,56.6800,,,,56.6800,,,,,,,purchaseorder,,,,,,,,,,,,,,,54850,,,,,,,,,,,,,"{""method_title"":""Purchase Order""}"
2279,2279,,,,,,,,,4.5000,4.5000,,,28.1800,,,,28.1800,,,,,,,purchaseorder,,,,,,,,,,,,,,,54849,,,,,,,,,,,,,"{""method_title"":""Purchase Order""}"
2280,2280,,,,,,,,,4.5000,4.5000,,,33.3000,,,,33.3000,,,,,,,purchaseorder,,,,,,,,,,,,,,,54868,,,,,,,,,,,,,"{""method_title"":""Purchase Order""}"
2281,2281,,,,,,,,,4.9600,4.9600,,,51.8900,,,,51.8900,,,,,,,purchaseorder,,,,,,,,,,,,,,,15527,,,,,,,,,,,,,"{""method_title"":""Purchase Order""}"
2282,2282,,,,,,,,,4.9600,4.9600,,,37.5500,,,,37.5500,,,,,,,purchaseorder,,,,,,,,,,,,,,,15603,,,,,,,,,,,,,"{""method_title"":""Purchase Order""}"
2283,2283,,,,,,,,,4.9600,4.9600,,,28.9200,,,,28.9200,,,,,,,purchaseorder,,,,,,,,,,,,,,,15604,,,,,,,,,,,,,"{""method_title"":""Purchase Order""}"
2284,2284,,,,,,,,,4.5000,4.5000,,,29.8800,,,,29.8800,,,,,,,purchaseorder,,,,,,,,,,,,,,,	54888,,,,,,,,,,,,,"{""method_title"":""Purchase Order""}"
2285,2285,,,,,,,,,4.9600,4.9600,,,54.7900,,,,54.7900,,,,,,,purchaseorder,,,,,,,,,,,,,,,15670,,,,,,,,,,,,,"{""method_title"":""Purchase Order""}"
2286,2286,,,,,,,,,4.9600,4.9600,,,63.4200,,,,63.4200,,,,,,,purchaseorder,,,,,,,,,,,,,,,15680,,,,,,,,,,,,,"{""method_title"":""Purchase Order""}"
2287,2287,,,,,,,,,4.5000,4.5000,,,29.3200,,,,29.3200,,,,,,,purchaseorder,,,,,,,,,,,,,,,54919,,,,,,,,,,,,,"{""method_title"":""Purchase Order""}"
2288,2288,,,,,,,,,4.9600,4.9600,,,29.2400,,,,29.2400,,,,,,,purchaseorder,,,,,,,,,,,,,,,15720,,,,,,,,,,,,,"{""method_title"":""Purchase Order""}"
2289,2289,,,,,,,,,4.9600,4.9600,,,59.4000,,,,59.4000,,,,,,,purchaseorder,,,,,,,,,,,,,,,15725,,,,,,,,,,,,,"{""method_title"":""Purchase Order""}"
2290,2290,,,,,,,,,4.9600,4.9600,,,54.7900,,,,54.7900,,,,,,,purchaseorder,,,,,,,,,,,,,,,15726,,,,,,,,,,,,,"{""method_title"":""Purchase Order""}"
2291,2291,,,,,,,,,0.0000,0.0000,,,71.7400,,,,71.7400,,,,,,,purchaseorder,,,,,,,,,,,,,,,JB181122,,,,,,,,,,,,,"{""method_title"":""Purchase Order""}"
2292,2292,,,,,,,,,4.5000,4.5000,,,28.1800,,,,28.1800,,,,,,,purchaseorder,,,,,,,,,,,,,,,54938,,,,,,,,,,,,,"{""method_title"":""Purchase Order""}"
2293,2293,,,,,,,,,4.5000,4.5000,,,59.5200,,,,59.5200,,,,,,,purchaseorder,,,,,,,,,,,,,,,54940,,,,,,,,,,,,,"{""method_title"":""Purchase Order""}"
2294,2294,,,,,,,,,4.5000,4.5000,,,28.4900,,,,28.4900,,,,,,,purchaseorder,,,,,,,,,,,,,,,54936,,,,,,,,,,,,,"{""method_title"":""Purchase Order""}"
2295,2295,,,,,,,,,0.0000,0.0000,,,85.7300,,,,85.7300,,,,,,,purchaseorder,,,,,,,,,,,,,,,FC191122,,,,,,,,,,,,,"{""method_title"":""Purchase Order""}"
2296,2296,,,,,,,,,4.5000,4.5000,,,29.8800,,,,29.8800,,,,,,,purchaseorder,,,,,,,,,,,,,,,	54977,,,,,,,,,,,,,"{""method_title"":""Purchase Order""}"
2297,2297,,,,,,,,,4.5000,4.5000,,,54.9600,,,,54.9600,,,,,,,purchaseorder,,,,,,,,,,,,,,,54976,,,,,,,,,,,,,"{""method_title"":""Purchase Order""}"
2298,2298,,,,,,,,,4.5000,4.5000,,,37.0700,,,,37.0700,,,,,,,purchaseorder,,,,,,,,,,,,,,,54972,,,,,,,,,,,,,"{""method_title"":""Purchase Order""}"
2299,2299,,,,,,,,,4.5000,4.5000,,,53.8200,,,,53.8200,,,,,,,purchaseorder,,,,,,,,,,,,,,,54967,,,,,,,,,,,,,"{""method_title"":""Purchase Order""}"
2300,2300,,,,,,,,,4.5000,4.5000,,,58.3800,,,,58.3800,,,,,,,purchaseorder,,,,,,,,,,,,,,,54961,,,,,,,,,,,,,"{""method_title"":""Purchase Order""}"
2301,2301,,,,,,,,,4.5000,4.5000,,,29.3200,,,,29.3200,,,,,,,purchaseorder,,,,,,,,,,,,,,,	54979,,,,,,,,,,,,,"{""method_title"":""Purchase Order""}"
2302,2302,,,,,,,,,4.5000,4.5000,,,29.3200,,,,29.3200,,,,,,,purchaseorder,,,,,,,,,,,,,,,54957,,,,,,,,,,,,,"{""method_title"":""Purchase Order""}"
2303,2303,,,,,,,,,4.5000,4.5000,,,28.4900,,,,28.4900,,,,,,,purchaseorder,,,,,,,,,,,,,,,54956,,,,,,,,,,,,,"{""method_title"":""Purchase Order""}"
2304,2304,,,,,,,,,3.2900,3.2900,,,21.1100,,,,21.1100,,,,,,,purchaseorder,,,,,,,,,,,,,,,	54947,,,,,,,,,,,,,"{""method_title"":""Purchase Order""}"
2305,2305,,,,,,,,,4.9600,4.9600,,,57.6700,,,,57.6700,,,,,,,purchaseorder,,,,,,,,,,,,,,,15770,,,,,,,,,,,,,"{""method_title"":""Purchase Order""}"
2306,2306,,,,,,,,,4.9600,4.9600,,,29.2400,,,,29.2400,,,,,,,purchaseorder,,,,,,,,,,,,,,,15788,,,,,,,,,,,,,"{""method_title"":""Purchase Order""}"
2307,2307,,,,,,,,,4.9600,4.9600,,,30.0700,,,,30.0700,,,,,,,purchaseorder,,,,,,,,,,,,,,,15796,,,,,,,,,,,,,"{""method_title"":""Purchase Order""}"
2308,2308,,,,,,,,,4.9600,4.9600,,,29.2400,,,,29.2400,,,,,,,purchaseorder,,,,,,,,,,,,,,,15801,,,,,,,,,,,,,"{""method_title"":""Purchase Order""}"
2309,2309,,,,,,,,,4.9600,4.9600,,,30.0700,,,,30.0700,,,,,,,purchaseorder,,,,,,,,,,,,,,,15806,,,,,,,,,,,,,"{""method_title"":""Purchase Order""}"
2310,2310,,,,,,,,,4.9600,4.9600,,,30.6500,,,,30.6500,,,,,,,purchaseorder,,,,,,,,,,,,,,,15812,,,,,,,,,,,,,"{""method_title"":""Purchase Order""}"
2311,2311,,,,,,,,,4.9600,4.9600,,,55.9400,,,,55.9400,,,,,,,purchaseorder,,,,,,,,,,,,,,,15817,,,,,,,,,,,,,"{""method_title"":""Purchase Order""}"
2312,2312,,,,,,,,,4.9600,4.9600,,,57.6700,,,,57.6700,,,,,,,purchaseorder,,,,,,,,,,,,,,,15829,,,,,,,,,,,,,"{""method_title"":""Purchase Order""}"
2313,2313,,,,,,,,,4.9600,4.9600,,,30.0700,,,,30.0700,,,,,,,purchaseorder,,,,,,,,,,,,,,,15845,,,,,,,,,,,,,"{""method_title"":""Purchase Order""}"
2314,2314,,,,,,,,,4.9600,4.9600,,,30.0700,,,,30.0700,,,,,,,purchaseorder,,,,,,,,,,,,,,,15874,,,,,,,,,,,,,"{""method_title"":""Purchase Order""}"
2315,2315,,,,,,,,,4.9600,4.9600,,,30.0700,,,,30.0700,,,,,,,purchaseorder,,,,,,,,,,,,,,,15878,,,,,,,,,,,,,"{""method_title"":""Purchase Order""}"
2316,2316,,,,,,,,,4.9600,4.9600,,,34.0900,,,,34.0900,,,,,,,purchaseorder,,,,,,,,,,,,,,,15897,,,,,,,,,,,,,"{""method_title"":""Purchase Order""}"
2317,2317,,,,,,,,,4.9600,4.9600,,,37.5500,,,,37.5500,,,,,,,purchaseorder,,,,,,,,,,,,,,,15910,,,,,,,,,,,,,"{""method_title"":""Purchase Order""}"
2318,2318,,,,,,,,,4.9600,4.9600,,,29.2400,,,,29.2400,,,,,,,purchaseorder,,,,,,,,,,,,,,,15916,,,,,,,,,,,,,"{""method_title"":""Purchase Order""}"
2319,2319,,,,,,,,,4.9600,4.9600,,,29.2400,,,,29.2400,,,,,0,,purchaseorder,,,,,,,,,0,,,,,,15945,0,,,,,,,,,,,,"{""method_title"":""Purchase Order""}"
2320,2320,,,,,,,,,4.9600,4.9600,,,55.9400,,,,55.9400,,,,,,,purchaseorder,,,,,,,,,,,,,,,15953,,,,,,,,,,,,,"{""method_title"":""Purchase Order""}"
2321,2321,,,,,,,,,4.9600,4.9600,,,57.6700,,,,57.6700,,,,,,,purchaseorder,,,,,,,,,,,,,,,15962,,,,,,,,,,,,,"{""method_title"":""Purchase Order""}"
2322,2322,,,,,,,,,4.9600,4.9600,,,86.7100,,,,86.7100,,,,,,,purchaseorder,,,,,,,,,,,,,,,15966,,,,,,,,,,,,,"{""method_title"":""Purchase Order""}"
2323,2323,,,,,,,,,4.9600,4.9600,,,30.0700,,,,30.0700,,,,,,,purchaseorder,,,,,,,,,,,,,,,15968,,,,,,,,,,,,,"{""method_title"":""Purchase Order""}"
2324,2324,,,,,,,,,3.2900,3.2900,,,135.8000,,,,135.8000,,,,,,,purchaseorder,,,,,,,,,,,,,,,st211122,,,,,,,,,,,,,"{""method_title"":""Purchase Order""}"
2325,2325,,,,,,,,,4.5000,4.5000,,,29.3200,,,,29.3200,,,,,,,purchaseorder,,,,,,,,,,,,,,,54957,,,,,,,,,,,,,"{""method_title"":""Purchase Order""}"
2326,2326,,,,,,,,,4.5000,4.5000,,,29.8800,,,,29.8800,,,,,,,purchaseorder,,,,,,,,,,,,,,,55010,,,,,,,,,,,,,"{""method_title"":""Purchase Order""}"
2327,2327,,,,,,,,,4.5000,4.5000,,,28.4900,,,,28.4900,,,,,,,purchaseorder,,,,,,,,,,,,,,,55004,,,,,,,,,,,,,"{""method_title"":""Purchase Order""}"
2328,2328,,,,,,,,,4.5000,4.5000,,,53.8000,,,,53.8000,,,,,,,purchaseorder,,,,,,,,,,,,,,,54996,,,,,,,,,,,,,"{""method_title"":""Purchase Order""}"
2329,2329,,,,,,,,,4.5000,4.5000,,,29.8800,,,,29.8800,,,,,,,purchaseorder,,,,,,,,,,,,,,,54988,,,,,,,,,,,,,"{""method_title"":""Purchase Order""}"
2330,2330,,,,,,,,,4.9600,4.9600,,,63.4200,,,,63.4200,,,,,,,purchaseorder,,,,,,,,,,,,,,,15985,,,,,,,,,,,,,"{""method_title"":""Purchase Order""}"
2331,2331,,,,,,,,,4.5000,4.5000,,,29.8800,,,,29.8800,,,,,,,purchaseorder,,,,,,,,,,,,,,,54992,,,,,,,,,,,,,"{""method_title"":""Purchase Order""}"
2332,2332,,,,,,,,,4.9600,4.9600,,,59.4000,,,,59.4000,,,,,,,purchaseorder,,,,,,,,,,,,,,,15999,,,,,,,,,,,,,"{""method_title"":""Purchase Order""}"
2333,2333,,,,,,,,,3.2900,3.2900,,,16.8800,,,,16.8800,,,,,,,purchaseorder,,,,,,,,,,,,,,,55025,,,,,,,,,,,,,"{""method_title"":""Purchase Order""}"
2334,2334,,,,,,,,,4.5000,4.5000,,,28.1800,,,,28.1800,,,,,,,purchaseorder,,,,,,,,,,,,,,,55039,,,,,,,,,,,,,"{""method_title"":""Purchase Order""}"
2335,2335,,,,,,,,,4.5000,4.5000,,,36.7200,,,,36.7200,,,,,,,purchaseorder,,,,,,,,,,,,,,,	55030,,,,,,,,,,,,,"{""method_title"":""Purchase Order""}"
2336,2336,,,,,,,,,4.5000,4.5000,,,29.3200,,,,29.3200,,,,,,,purchaseorder,,,,,,,,,,,,,,,	55029,,,,,,,,,,,,,"{""method_title"":""Purchase Order""}"
2337,2337,,,,,,,,,4.9600,4.9600,,,63.4200,,,,63.4200,,,,,,,purchaseorder,,,,,,,,,,,,,,,16006,,,,,,,,,,,,,"{""method_title"":""Purchase Order""}"
2338,2338,,,,,,,,,4.9600,4.9600,,,37.5500,,,,37.5500,,,,,,,purchaseorder,,,,,,,,,,,,,,,16014,,,,,,,,,,,,,"{""method_title"":""Purchase Order""}"
2339,2339,,,,,,,,,4.9600,4.9600,,,29.2400,,,,29.2400,,,,,,,purchaseorder,,,,,,,,,,,,,,,16017,,,,,,,,,,,,,"{""method_title"":""Purchase Order""}"
2340,2340,,,,,,,,,4.9600,4.9600,,,69.1400,,,,69.1400,,,,,,,purchaseorder,,,,,,,,,,,,,,,16044,,,,,,,,,,,,,"{""method_title"":""Purchase Order""}"
2341,2341,,,,,,,,,4.9600,4.9600,,,28.9200,,,,28.9200,,,,,,,purchaseorder,,,,,,,,,,,,,,,16052,,,,,,,,,,,,,"{""method_title"":""Purchase Order""}"
2342,2342,,,,,,,,,4.5000,4.5000,,,29.8800,,,,29.8800,,,,,,,purchaseorder,,,,,,,,,,,,,,,55065,,,,,,,,,,,,,"{""method_title"":""Purchase Order""}"
2343,2343,,,,,,,,,4.5000,4.5000,,,28.4900,,,,28.4900,,,,,,,purchaseorder,,,,,,,,,,,,,,,55051,,,,,,,,,,,,,"{""method_title"":""Purchase Order""}"
2344,2344,,,,,,,,,4.5000,4.5000,,,29.3200,,,,29.3200,,,,,,,purchaseorder,,,,,,,,,,,,,,,	55049,,,,,,,,,,,,,"{""method_title"":""Purchase Order""}"
2345,2345,,,,,,,,,4.9600,4.9600,,,26.6300,,,,26.6300,,,,,,,purchaseorder,,,,,,,,,,,,,,,16058,,,,,,,,,,,,,"{""method_title"":""Purchase Order""}"
2346,2346,,,,,,,,,4.9600,4.9600,,,28.1800,,,,28.1800,,,,,,,purchaseorder,,,,,,,,,,,,,,,16066,,,,,,,,,,,,,"{""method_title"":""Purchase Order""}"
2347,2347,,,,,,,,,4.9600,4.9600,,,26.9200,,,,26.9200,,,,,,,purchaseorder,,,,,,,,,,,,,,,16071,,,,,,,,,,,,,"{""method_title"":""Purchase Order""}"
2348,2348,,,,,,,,,4.9600,4.9600,,,57.6700,,,,57.6700,,,,,,,purchaseorder,,,,,,,,,,,,,,,16084,,,,,,,,,,,,,"{""method_title"":""Purchase Order""}"
2349,2349,,,,,,,,,4.9600,4.9600,,,57.6700,,,,57.6700,,,,,,,purchaseorder,,,,,,,,,,,,,,,16101,,,,,,,,,,,,,"{""method_title"":""Purchase Order""}"
2350,2350,,,,,,,,,4.9600,4.9600,,,34.3900,,,,34.3900,,,,,,,purchaseorder,,,,,,,,,,,,,,,16103,,,,,,,,,,,,,"{""method_title"":""Purchase Order""}"
2351,2351,,,,,,,,,4.9600,4.9600,,,154.9200,,,,154.9200,,,,,,,purchaseorder,,,,,,,,,,,,,,,16104,,,,,,,,,,,,,"{""method_title"":""Purchase Order""}"
2352,2352,,,,,,,,,4.9600,4.9600,,,28.1800,,,,28.1800,,,,,,,purchaseorder,,,,,,,,,,,,,,,15741,,,,,,,,,,,,,"{""method_title"":""Purchase Order""}"
2353,2353,,,,,,,,,4.5000,4.5000,,,29.8800,,,,29.8800,,,,,,,purchaseorder,,,,,,,,,,,,,,,55109,,,,,,,,,,,,,"{""method_title"":""Purchase Order""}"
2354,2354,,,,,,,,,4.5000,4.5000,,,36.7200,,,,36.7200,,,,,,,purchaseorder,,,,,,,,,,,,,,,55101,,,,,,,,,,,,,"{""method_title"":""Purchase Order""}"
2355,2355,,,,,,,,,4.5000,4.5000,,,33.3000,,,,33.3000,,,,,,,purchaseorder,,,,,,,,,,,,,,,55090,,,,,,,,,,,,,"{""method_title"":""Purchase Order""}"
2356,2356,,,,,,,,,4.9600,4.9600,,,48.6200,,,,48.6200,,,,,,,purchaseorder,,,,,,,,,,,,,,,16124,,,,,,,,,,,,,"{""method_title"":""Purchase Order""}"
2357,2357,,,,,,,,,4.9600,4.9600,,,26.9200,,,,26.9200,,,,,,,purchaseorder,,,,,,,,,,,,,,,16127,,,,,,,,,,,,,"{""method_title"":""Purchase Order""}"
2358,2358,,,,,,,,,4.9600,4.9600,,,55.0900,,,,55.0900,,,,,,,purchaseorder,,,,,,,,,,,,,,,16142,,,,,,,,,,,,,"{""method_title"":""Purchase Order""}"
2359,2359,,,,,,,,,4.9600,4.9600,,,26.6300,,,,26.6300,,,,,,,purchaseorder,,,,,,,,,,,,,,,16153,,,,,,,,,,,,,"{""method_title"":""Purchase Order""}"
2360,2360,,,,,,,,,4.9600,4.9600,,,28.1800,,,,28.1800,,,,,,,purchaseorder,,,,,,,,,,,,,,,16156,,,,,,,,,,,,,"{""method_title"":""Purchase Order""}"
2361,2361,,,,,,,,,4.9600,4.9600,,,27.6600,,,,27.6600,,,,,,,purchaseorder,,,,,,,,,,,,,,,16180,,,,,,,,,,,,,"{""method_title"":""Purchase Order""}"
2362,2362,,,,,,,,,4.9600,4.9600,,,57.6700,,,,57.6700,,,,,,,purchaseorder,,,,,,,,,,,,,,,16184,,,,,,,,,,,,,"{""method_title"":""Purchase Order""}"
2363,2363,,,,,,,,,4.9600,4.9600,,,55.0900,,,,55.0900,,,,,,,purchaseorder,,,,,,,,,,,,,,,16187,,,,,,,,,,,,,"{""method_title"":""Purchase Order""}"
2364,2364,,,,,,,,,4.9600,4.9600,,,27.6600,,,,27.6600,,,,,,,purchaseorder,,,,,,,,,,,,,,,16201,,,,,,,,,,,,,"{""method_title"":""Purchase Order""}"
2365,2365,,,,,,,,,3.2900,3.2900,,,13.6700,,,,13.6700,,,,,,,purchaseorder,,,,,,,,,,,,,,,55129,,,,,,,,,,,,,"{""method_title"":""Purchase Order""}"
2366,2366,,,,,,,,,4.9600,4.9600,,,26.9200,,,,26.9200,,,,,,,purchaseorder,,,,,,,,,,,,,,,16209,,,,,,,,,,,,,"{""method_title"":""Purchase Order""}"
2367,2367,,,,,,,,,3.2900,3.2900,,,10.4200,,,,10.4200,,,,,,,purchaseorder,,,,,,,,,,,,,,,55025,,,,,,,,,,,,,"{""method_title"":""Purchase Order""}"
2368,2368,,,,,,,,,4.9600,4.9600,,,52.5000,,,,52.5000,,,,,,,purchaseorder,,,,,,,,,,,,,,,16243,,,,,,,,,,,,,"{""method_title"":""Purchase Order""}"
2369,2369,,,,,,,,,4.9600,4.9600,,,28.1800,,,,28.1800,,,,,,,purchaseorder,,,,,,,,,,,,,,,16249,,,,,,,,,,,,,"{""method_title"":""Purchase Order""}"
2370,2370,,,,,,,,,4.9600,4.9600,,,26.6300,,,,26.6300,,,,,,,purchaseorder,,,,,,,,,,,,,,,16258,,,,,,,,,,,,,"{""method_title"":""Purchase Order""}"
2371,2371,,,,,,,,,4.9600,4.9600,,,56.1100,,,,56.1100,,,,,,,purchaseorder,,,,,,,,,,,,,,,16263,,,,,,,,,,,,,"{""method_title"":""Purchase Order""}"
2372,2372,,,,,,,,,4.9600,4.9600,,,26.9200,,,,26.9200,,,,,,,purchaseorder,,,,,,,,,,,,,,,16327,,,,,,,,,,,,,"{""method_title"":""Purchase Order""}"
2373,2373,,,,,,,,,4.9600,4.9600,,,54.0600,,,,54.0600,,,,,,,purchaseorder,,,,,,,,,,,,,,,16334,,,,,,,,,,,,,"{""method_title"":""Purchase Order""}"
2374,2374,,,,,,,,,4.5000,4.5000,,,33.3000,,,,33.3000,,,,,,,purchaseorder,,,,,,,,,,,,,,,	55172,,,,,,,,,,,,,"{""method_title"":""Purchase Order""}"
2375,2375,,,,,,,,,4.5000,4.5000,,,52.1200,,,,52.1200,,,,,,,purchaseorder,,,,,,,,,,,,,,,	55170,,,,,,,,,,,,,"{""method_title"":""Purchase Order""}"
2376,2376,,,,,,,,,4.9600,4.9600,,,73.1800,,,,73.1800,,,,,,,purchaseorder,,,,,,,,,,,,,,,16336,,,,,,,,,,,,,"{""method_title"":""Purchase Order""}"
2377,2377,,,,,,,,,3.2900,3.2900,,,12.5300,,,,12.5300,,,,,,,purchaseorder,,,,,,,,,,,,,,,55167,,,,,,,,,,,,,"{""method_title"":""Purchase Order""}"
2378,2378,,,,,,,,,4.9600,4.9600,,,57.6700,,,,57.6700,,,,,,,purchaseorder,,,,,,,,,,,,,,,16339,,,,,,,,,,,,,"{""method_title"":""Purchase Order""}"
2379,2379,,,,,,,,,4.5000,4.5000,,,29.3200,,,,29.3200,,,,,,,purchaseorder,,,,,,,,,,,,,,,	55162,,,,,,,,,,,,,"{""method_title"":""Purchase Order""}"
2380,2380,,,,,,,,,4.9600,4.9600,,,47.8800,,,,47.8800,,,,,,,purchaseorder,,,,,,,,,,,,,,,16340,,,,,,,,,,,,,"{""method_title"":""Purchase Order""}"
2381,2381,,,,,,,,,4.9600,4.9600,,,57.6700,,,,57.6700,,,,,,,purchaseorder,,,,,,,,,,,,,,,16351,,,,,,,,,,,,,"{""method_title"":""Purchase Order""}"
2382,2382,,,,,,,,,4.9600,4.9600,,,27.6600,,,,27.6600,,,,,,,purchaseorder,,,,,,,,,,,,,,,16361,,,,,,,,,,,,,"{""method_title"":""Purchase Order""}"
2383,2383,,,,,,,,,4.9600,4.9600,,,57.6700,,,,57.6700,,,,,,,purchaseorder,,,,,,,,,,,,,,,16367,,,,,,,,,,,,,"{""method_title"":""Purchase Order""}"
2384,2384,,,,,,,,,4.9600,4.9600,,,57.6700,,,,57.6700,,,,,,,purchaseorder,,,,,,,,,,,,,,,16368,,,,,,,,,,,,,"{""method_title"":""Purchase Order""}"
2385,2385,,,,,,,,,4.5000,4.5000,,,29.3200,,,,29.3200,,,,,,,purchaseorder,,,,,,,,,,,,,,,	55145,,,,,,,,,,,,,"{""method_title"":""Purchase Order""}"
2386,2386,,,,,,,,,4.9600,4.9600,,,26.6300,,,,26.6300,,,,,,,purchaseorder,,,,,,,,,,,,,,,16373,,,,,,,,,,,,,"{""method_title"":""Purchase Order""}"
2387,2387,,,,,,,,,4.9600,4.9600,,,26.6300,,,,26.6300,,,,,,,purchaseorder,,,,,,,,,,,,,,,16374,,,,,,,,,,,,,"{""method_title"":""Purchase Order""}"
2388,2388,,,,,,,,,4.9600,4.9600,,,48.6200,,,,48.6200,,,,,,,purchaseorder,,,,,,,,,,,,,,,16388,,,,,,,,,,,,,"{""method_title"":""Purchase Order""}"
2389,2389,,,,,,,,,4.5000,4.5000,,,28.4900,,,,28.4900,,,,,,,purchaseorder,,,,,,,,,,,,,,,	55144,,,,,,,,,,,,,"{""method_title"":""Purchase Order""}"
2390,2390,,,,,,,,,4.5000,4.5000,,,28.1800,,,,28.1800,,,,,,,purchaseorder,,,,,,,,,,,,,,,	55143,,,,,,,,,,,,,"{""method_title"":""Purchase Order""}"
2391,2391,,,,,,,,,4.9600,4.9600,,,50.9400,,,,50.9400,,,,,,,purchaseorder,,,,,,,,,,,,,,,16422,,,,,,,,,,,,,"{""method_title"":""Purchase Order""}"
2392,2392,,,,,,,,,4.9600,4.9600,,,28.1800,,,,28.1800,,,,,,,purchaseorder,,,,,,,,,,,,,,,16437,,,,,,,,,,,,,"{""method_title"":""Purchase Order""}"
2393,2393,,,,,,,,,4.9600,4.9600,,,26.9200,,,,26.9200,,,,,,,purchaseorder,,,,,,,,,,,,,,,16441,,,,,,,,,,,,,"{""method_title"":""Purchase Order""}"
2394,2394,,,,,,,,,4.9600,4.9600,,,28.1800,,,,28.1800,,,,,,,purchaseorder,,,,,,,,,,,,,,,16454,,,,,,,,,,,,,"{""method_title"":""Purchase Order""}"
2395,2395,,,,,,,,,4.9600,4.9600,,,26.9200,,,,26.9200,,,,,,,purchaseorder,,,,,,,,,,,,,,,16461,,,,,,,,,,,,,"{""method_title"":""Purchase Order""}"
2396,2396,,,,,,,,,4.9600,4.9600,,,54.0600,,,,54.0600,,,,,,,purchaseorder,,,,,,,,,,,,,,,16499,,,,,,,,,,,,,"{""method_title"":""Purchase Order""}"
2397,2397,,,,,,,,,4.9600,4.9600,,,99.0500,,,,99.0500,,,,,,,purchaseorder,,,,,,,,,,,,,,,16514,,,,,,,,,,,,,"{""method_title"":""Purchase Order""}"
2398,2398,,,,,,,,,4.9600,4.9600,,,55.0900,,,,55.0900,,,,,,,purchaseorder,,,,,,,,,,,,,,,16540,,,,,,,,,,,,,"{""method_title"":""Purchase Order""}"
2399,2399,,,,,,,,,4.9600,4.9600,,,31.2700,,,,31.2700,,,,,,,purchaseorder,,,,,,,,,,,,,,,16550,,,,,,,,,,,,,"{""method_title"":""Purchase Order""}"
2400,2400,,,,,,,,,4.5000,4.5000,,,68.0400,,,,68.0400,,,,,,,purchaseorder,,,,,,,,,,,,,,,55197,,,,,,,,,,,,,"{""method_title"":""Purchase Order""}"
2401,2401,,,,,,,,,3.2900,3.2900,,,29.6900,,,,29.6900,,,,,,,purchaseorder,,,,,,,,,,,,,,,55194,,,,,,,,,,,,,"{""method_title"":""Purchase Order""}"
2402,2402,,,,,,,,,4.9600,4.9600,,,28.1800,,,,28.1800,,,,,,,purchaseorder,,,,,,,,,,,,,,,16553,,,,,,,,,,,,,"{""method_title"":""Purchase Order""}"
2403,2403,,,,,,,,,4.9600,4.9600,,,26.6300,,,,26.6300,,,,,,,purchaseorder,,,,,,,,,,,,,,,16563,,,,,,,,,,,,,"{""method_title"":""Purchase Order""}"
2404,2404,,,,,,,,,4.9600,4.9600,,,50.9400,,,,50.9400,,,,,,,purchaseorder,,,,,,,,,,,,,,,16564,,,,,,,,,,,,,"{""method_title"":""Purchase Order""}"
2405,2405,,,,,,,,,4.5000,4.5000,,,53.8000,,,,53.8000,,,,,,,purchaseorder,,,,,,,,,,,,,,,	55210,,,,,,,,,,,,,"{""method_title"":""Purchase Order""}"
2406,2406,,,,,,,,,4.9600,4.9600,,,57.6700,,,,57.6700,,,,,,,purchaseorder,,,,,,,,,,,,,,,16582,,,,,,,,,,,,,"{""method_title"":""Purchase Order""}"
2407,2407,,,,,,,,,4.9600,4.9600,,,109.3900,,,,109.3900,,,,,,,purchaseorder,,,,,,,,,,,,,,,16593,,,,,,,,,,,,,"{""method_title"":""Purchase Order""}"
2408,2408,,,,,,,,,4.9600,4.9600,,,27.6600,,,,27.6600,,,,,,,purchaseorder,,,,,,,,,,,,,,,16599,,,,,,,,,,,,,"{""method_title"":""Purchase Order""}"
2409,2409,,,,,,,,,4.9600,4.9600,,,27.6600,,,,27.6600,,,,,,,purchaseorder,,,,,,,,,,,,,,,16609,,,,,,,,,,,,,"{""method_title"":""Purchase Order""}"
2410,2410,,,,,,,,,4.9600,4.9600,,,56.6200,,,,56.6200,,,,,,,purchaseorder,,,,,,,,,,,,,,,16613,,,,,,,,,,,,,"{""method_title"":""Purchase Order""}"
2411,2411,,,,,,,,,4.9600,4.9600,,,28.1800,,,,28.1800,,,,,,,purchaseorder,,,,,,,,,,,,,,,16614,,,,,,,,,,,,,"{""method_title"":""Purchase Order""}"
2412,2412,,,,,,,,,4.9600,4.9600,,,27.6600,,,,27.6600,,,,,,,purchaseorder,,,,,,,,,,,,,,,16619,,,,,,,,,,,,,"{""method_title"":""Purchase Order""}"
2413,2413,,,,,,,,,4.9600,4.9600,,,26.9200,,,,26.9200,,,,,,,purchaseorder,,,,,,,,,,,,,,,16640,,,,,,,,,,,,,"{""method_title"":""Purchase Order""}"
2414,2414,,,,,,,,,4.5000,4.5000,,,36.7200,,,,36.7200,,,,,,,purchaseorder,,,,,,,,,,,,,,,55228,,,,,,,,,,,,,"{""method_title"":""Purchase Order""}"
2415,2415,,,,,,,,,4.5000,4.5000,,,33.3000,,,,33.3000,,,,,,,purchaseorder,,,,,,,,,,,,,,,55236,,,,,,,,,,,,,"{""method_title"":""Purchase Order""}"
2416,2416,,,,,,,,,4.5000,4.5000,,,53.2300,,,,53.2300,,,,,,,purchaseorder,,,,,,,,,,,,,,,55245,,,,,,,,,,,,,"{""method_title"":""Purchase Order""}"
2417,2417,,,,,,,,,4.5000,4.5000,,,28.1800,,,,28.1800,,,,,,,purchaseorder,,,,,,,,,,,,,,,	55243,,,,,,,,,,,,,"{""method_title"":""Purchase Order""}"
2418,2418,,,,,,,,,0.0000,0.0000,,,76.5600,,,,76.5600,,,,,,,purchaseorder,,,,,,,,,,,,,,,td 30/11/22,,,,,,,,,,,,,"{""method_title"":""Purchase Order""}"
2419,2419,,,,,,,,,4.9600,4.9600,,,49.9100,,,,49.9100,,,,,,,purchaseorder,,,,,,,,,,,,,,,16652,,,,,,,,,,,,,"{""method_title"":""Purchase Order""}"
2420,2420,,,,,,,,,4.9600,4.9600,,,31.2700,,,,31.2700,,,,,,,purchaseorder,,,,,,,,,,,,,,,16654,,,,,,,,,,,,,"{""method_title"":""Purchase Order""}"
2421,2421,,,,,,,,,4.9600,4.9600,,,26.6300,,,,26.6300,,,,,,,purchaseorder,,,,,,,,,,,,,,,16677,,,,,,,,,,,,,"{""method_title"":""Purchase Order""}"
2422,2422,,,,,,,,,4.9600,4.9600,,,57.6700,,,,57.6700,,,,,,,purchaseorder,,,,,,,,,,,,,,,16687,,,,,,,,,,,,,"{""method_title"":""Purchase Order""}"
2423,2423,,,,,,,,,4.9600,4.9600,,,109.3900,,,,109.3900,,,,,,,purchaseorder,,,,,,,,,,,,,,,16691,,,,,,,,,,,,,"{""method_title"":""Purchase Order""}"
2424,2424,,,,,,,,,4.9600,4.9600,,,55.0900,,,,55.0900,,,,,,,purchaseorder,,,,,,,,,,,,,,,16697,,,,,,,,,,,,,"{""method_title"":""Purchase Order""}"
2425,2425,,,,,,,,,4.9600,4.9600,,,74.2100,,,,74.2100,,,,,,,purchaseorder,,,,,,,,,,,,,,,16711,,,,,,,,,,,,,"{""method_title"":""Purchase Order""}"
2426,2426,,,,,,,,,4.9600,4.9600,,,26.6300,,,,26.6300,,,,,,,purchaseorder,,,,,,,,,,,,,,,16733,,,,,,,,,,,,,"{""method_title"":""Purchase Order""}"
2427,2427,,,,,,,,,4.9600,4.9600,,,49.9100,,,,49.9100,,,,,,,purchaseorder,,,,,,,,,,,,,,,16737,,,,,,,,,,,,,"{""method_title"":""Purchase Order""}"
2428,2428,,,,,,,,,4.9600,4.9600,,,27.6600,,,,27.6600,,,,,,,purchaseorder,,,,,,,,,,,,,,,16739,,,,,,,,,,,,,"{""method_title"":""Purchase Order""}"
2429,2429,,,,,,,,,4.9600,4.9600,,,54.0600,,,,54.0600,,,,,,,purchaseorder,,,,,,,,,,,,,,,16740,,,,,,,,,,,,,"{""method_title"":""Purchase Order""}"
2430,2430,,,,,,,,,4.9600,4.9600,,,27.6600,,,,27.6600,,,,,,,purchaseorder,,,,,,,,,,,,,,,16748,,,,,,,,,,,,,"{""method_title"":""Purchase Order""}"
2431,2431,,,,,,,,,4.5000,4.5000,,,36.7200,,,,36.7200,,,,,,,purchaseorder,,,,,,,,,,,,,,,	55273,,,,,,,,,,,,,"{""method_title"":""Purchase Order""}"
2432,2432,,,,,,,,,4.5000,4.5000,,,29.3200,,,,29.3200,,,,,,,purchaseorder,,,,,,,,,,,,,,,	55272,,,,,,,,,,,,,"{""method_title"":""Purchase Order""}"
2433,2433,,,,,,,,,4.5000,4.5000,,,28.1800,,,,28.1800,,,,,,,purchaseorder,,,,,,,,,,,,,,,	55271,,,,,,,,,,,,,"{""method_title"":""Purchase Order""}"
2434,2434,,,,,,,,,4.5000,4.5000,,,29.3200,,,,29.3200,,,,,,,purchaseorder,,,,,,,,,,,,,,,	55268,,,,,,,,,,,,,"{""method_title"":""Purchase Order""}"
2435,2435,,,,,,,,,4.5000,4.5000,,,28.4900,,,,28.4900,,,,,,,purchaseorder,,,,,,,,,,,,,,,	55258,,,,,,,,,,,,,"{""method_title"":""Purchase Order""}"
2436,2436,,,,,,,,,4.5000,4.5000,,,36.7200,,,,36.7200,,,,,,,purchaseorder,,,,,,,,,,,,,,,55257,,,,,,,,,,,,,"{""method_title"":""Purchase Order""}"
2437,2437,,,,,,,,,4.9600,4.9600,,,29.2400,,,,29.2400,,,,,,,purchaseorder,,,,,,,,,,,,,,,16768,,,,,,,,,,,,,"{""method_title"":""Purchase Order""}"
2438,2438,,,,,,,,,4.9600,4.9600,,,30.0700,,,,30.0700,,,,,,,purchaseorder,,,,,,,,,,,,,,,16770,,,,,,,,,,,,,"{""method_title"":""Purchase Order""}"
2439,2439,,,,,,,,,4.9600,4.9600,,,29.2400,,,,29.2400,,,,,,,purchaseorder,,,,,,,,,,,,,,,16771,,,,,,,,,,,,,"{""method_title"":""Purchase Order""}"
2440,2440,,,,,,,,,4.9600,4.9600,,,63.4200,,,,63.4200,,,,,,,purchaseorder,,,,,,,,,,,,,,,16783,,,,,,,,,,,,,"{""method_title"":""Purchase Order""}"
2441,2441,,,,,,,,,4.9600,4.9600,,,57.6700,,,,57.6700,,,,,,,purchaseorder,,,,,,,,,,,,,,,16796,,,,,,,,,,,,,"{""method_title"":""Purchase Order""}"
2442,2442,,,,,,,,,4.9600,4.9600,,,83.8400,,,,83.8400,,,,,,,purchaseorder,,,,,,,,,,,,,,,16806,,,,,,,,,,,,,"{""method_title"":""Purchase Order""}"
2443,2443,,,,,,,,,4.9600,4.9600,,,30.6500,,,,30.6500,,,,,,,purchaseorder,,,,,,,,,,,,,,,16819,,,,,,,,,,,,,"{""method_title"":""Purchase Order""}"
2444,2444,,,,,,,,,4.9600,4.9600,,,37.5500,,,,37.5500,,,,,,,purchaseorder,,,,,,,,,,,,,,,16824,,,,,,,,,,,,,"{""method_title"":""Purchase Order""}"
2445,2445,,,,,,,,,4.9600,4.9600,,,30.0700,,,,30.0700,,,,,,,purchaseorder,,,,,,,,,,,,,,,16834,,,,,,,,,,,,,"{""method_title"":""Purchase Order""}"
2446,2446,,,,,,,,,4.9600,4.9600,,,59.4000,,,,59.4000,,,,,,,purchaseorder,,,,,,,,,,,,,,,16839,,,,,,,,,,,,,"{""method_title"":""Purchase Order""}"
2447,2447,,,,,,,,,4.9600,4.9600,,,29.2400,,,,29.2400,,,,,,,purchaseorder,,,,,,,,,,,,,,,16840,,,,,,,,,,,,,"{""method_title"":""Purchase Order""}"
2448,2448,,,,,,,,,4.5000,4.5000,,,28.4900,,,,28.4900,,,,,,,purchaseorder,,,,,,,,,,,,,,,55300,,,,,,,,,,,,,"{""method_title"":""Purchase Order""}"
2449,2449,,,,,,,,,4.5000,4.5000,,,36.7200,,,,36.7200,,,,,,,purchaseorder,,,,,,,,,,,,,,,55299,,,,,,,,,,,,,"{""method_title"":""Purchase Order""}"
2450,2450,,,,,,,,,4.5000,4.5000,,,29.3200,,,,29.3200,,,,,,,purchaseorder,,,,,,,,,,,,,,,55292,,,,,,,,,,,,,"{""method_title"":""Purchase Order""}"
2451,2451,,,,,,,,,4.5000,4.5000,,,58.3800,,,,58.3800,,,,,,,purchaseorder,,,,,,,,,,,,,,,55290,,,,,,,,,,,,,"{""method_title"":""Purchase Order""}"
2452,2452,,,,,,,,,4.9600,4.9600,,,30.0700,,,,30.0700,,,,,,,purchaseorder,,,,,,,,,,,,,,,16861,,,,,,,,,,,,,"{""method_title"":""Purchase Order""}"
2453,2453,,,,,,,,,4.9600,4.9600,,,30.0700,,,,30.0700,,,,,,,purchaseorder,,,,,,,,,,,,,,,16904,,,,,,,,,,,,,"{""method_title"":""Purchase Order""}"
2454,2454,,,,,,,,,4.9600,4.9600,,,39.2800,,,,39.2800,,,,,,,purchaseorder,,,,,,,,,,,,,,,16940,,,,,,,,,,,,,"{""method_title"":""Purchase Order""}"
2455,2455,,,,,,,,,4.9600,4.9600,,,28.9200,,,,28.9200,,,,,,,purchaseorder,,,,,,,,,,,,,,,16960,,,,,,,,,,,,,"{""method_title"":""Purchase Order""}"
2456,2456,,,,,,,,,4.9600,4.9600,,,30.0700,,,,30.0700,,,,,,,purchaseorder,,,,,,,,,,,,,,,16983,,,,,,,,,,,,,"{""method_title"":""Purchase Order""}"
2457,2457,,,,,,,,,4.9600,4.9600,,,28.9200,,,,28.9200,,,,,,,purchaseorder,,,,,,,,,,,,,,,17010,,,,,,,,,,,,,"{""method_title"":""Purchase Order""}"
2458,2458,,,,,,,,,4.9600,4.9600,,,61.6900,,,,61.6900,,,,,,,purchaseorder,,,,,,,,,,,,,,,17037,,,,,,,,,,,,,"{""method_title"":""Purchase Order""}"
2459,2459,,,,,,,,,4.9600,4.9600,,,69.1400,,,,69.1400,,,,,,,purchaseorder,,,,,,,,,,,,,,,17052,,,,,,,,,,,,,"{""method_title"":""Purchase Order""}"
2460,2460,,,,,,,,,4.9600,4.9600,,,63.4200,,,,63.4200,,,,,,,purchaseorder,,,,,,,,,,,,,,,17053,,,,,,,,,,,,,"{""method_title"":""Purchase Order""}"
2461,2461,,,,,,,,,4.5000,4.5000,,,29.8800,,,,29.8800,,,,,,,purchaseorder,,,,,,,,,,,,,,,55362,,,,,,,,,,,,,"{""method_title"":""Purchase Order""}"
2462,2462,,,,,,,,,4.9600,4.9600,,,63.4200,,,,63.4200,,,,,,,purchaseorder,,,,,,,,,,,,,,,17144,,,,,,,,,,,,,"{""method_title"":""Purchase Order""}"
2463,2463,,,,,,,,,4.5000,4.5000,,,28.4900,,,,28.4900,,,,,,,purchaseorder,,,,,,,,,,,,,,,55360,,,,,,,,,,,,,"{""method_title"":""Purchase Order""}"
2464,2464,,,,,,,,,4.9600,4.9600,,,161.1100,,,,161.1100,,,,,,,purchaseorder,,,,,,,,,,,,,,,17173,,,,,,,,,,,,,"{""method_title"":""Purchase Order""}"
2465,2465,,,,,,,,,4.9600,4.9600,,,55.9400,,,,55.9400,,,,,,,purchaseorder,,,,,,,,,,,,,,,17216,,,,,,,,,,,,,"{""method_title"":""Purchase Order""}"
2466,2466,,,,,,,,,4.9600,4.9600,,,28.9200,,,,28.9200,,,,,,,purchaseorder,,,,,,,,,,,,,,,17253,,,,,,,,,,,,,"{""method_title"":""Purchase Order""}"
2467,2467,,,,,,,,,4.5000,4.5000,,,29.3200,,,,29.3200,,,,,,,purchaseorder,,,,,,,,,,,,,,,55351,,,,,,,,,,,,,"{""method_title"":""Purchase Order""}"
2468,2468,,,,,,,,,4.9600,4.9600,,,55.9400,,,,55.9400,,,,,,,purchaseorder,,,,,,,,,,,,,,,17290,,,,,,,,,,,,,"{""method_title"":""Purchase Order""}"
2469,2469,,,,,,,,,4.9600,4.9600,,,39.2800,,,,39.2800,,,,,,,purchaseorder,,,,,,,,,,,,,,,17293,,,,,,,,,,,,,"{""method_title"":""Purchase Order""}"
2470,2470,,,,,,,,,4.9600,4.9600,,,28.9200,,,,28.9200,,,,,,,purchaseorder,,,,,,,,,,,,,,,17297,,,,,,,,,,,,,"{""method_title"":""Purchase Order""}"
2471,2471,,,,,,,,,4.5000,4.5000,,,29.8800,,,,29.8800,,,,,,,purchaseorder,,,,,,,,,,,,,,,55346,,,,,,,,,,,,,"{""method_title"":""Purchase Order""}"
2472,2472,,,,,,,,,4.5000,4.5000,,,29.8800,,,,29.8800,,,,,,,purchaseorder,,,,,,,,,,,,,,,55345,,,,,,,,,,,,,"{""method_title"":""Purchase Order""}"
2473,2473,,,,,,,,,4.5000,4.5000,,,28.1800,,,,28.1800,,,,,,,purchaseorder,,,,,,,,,,,,,,,55341,,,,,,,,,,,,,"{""method_title"":""Purchase Order""}"
2474,2474,,,,,,,,,3.2900,3.2900,,,11.0600,,,,11.0600,,,,,,,purchaseorder,,,,,,,,,,,,,,,55340,,,,,,,,,,,,,"{""method_title"":""Purchase Order""}"
2475,2475,,,,,,,,,4.5000,4.5000,,,36.7200,,,,36.7200,,,,,,,purchaseorder,,,,,,,,,,,,,,,55034,,,,,,,,,,,,,"{""method_title"":""Purchase Order""}"
2476,2476,,,,,,,,,4.9600,4.9600,,,61.6900,,,,61.6900,,,,,,,purchaseorder,,,,,,,,,,,,,,,17341,,,,,,,,,,,,,"{""method_title"":""Purchase Order""}"
2477,2477,,,,,,,,,4.9600,4.9600,,,30.0700,,,,30.0700,,,,,,,purchaseorder,,,,,,,,,,,,,,,17385,,,,,,,,,,,,,"{""method_title"":""Purchase Order""}"
2478,2478,,,,,,,,,4.5000,4.5000,,,29.3200,,,,29.3200,,,,,,,purchaseorder,,,,,,,,,,,,,,,55381,,,,,,,,,,,,,"{""method_title"":""Purchase Order""}"
2479,2479,,,,,,,,,4.5000,4.5000,,,33.3000,,,,33.3000,,,,,,,purchaseorder,,,,,,,,,,,,,,,55388,,,,,,,,,,,,,"{""method_title"":""Purchase Order""}"
2480,2480,,,,,,,,,4.5000,4.5000,,,28.1800,,,,28.1800,,,,,,,purchaseorder,,,,,,,,,,,,,,,55383,,,,,,,,,,,,,"{""method_title"":""Purchase Order""}"
2481,2481,,,,,,,,,4.5000,4.5000,,,28.4900,,,,28.4900,,,,,,,purchaseorder,,,,,,,,,,,,,,,55376,,,,,,,,,,,,,"{""method_title"":""Purchase Order""}"
2482,2482,,,,,,,,,4.5000,4.5000,,,28.4900,,,,28.4900,,,,,,,purchaseorder,,,,,,,,,,,,,,,55373,,,,,,,,,,,,,"{""method_title"":""Purchase Order""}"
2483,2483,,,,,,,,,4.5000,4.5000,,,33.3000,,,,33.3000,,,,,,,purchaseorder,,,,,,,,,,,,,,,55364,,,,,,,,,,,,,"{""method_title"":""Purchase Order""}"
2484,2484,,,,,,,,,4.5000,4.5000,,,29.3200,,,,29.3200,,,,,,,purchaseorder,,,,,,,,,,,,,,,55386,,,,,,,,,,,,,"{""method_title"":""Purchase Order""}"
2485,2485,,,,,,,,,4.5000,4.5000,,,36.7200,,,,36.7200,,,,,,,purchaseorder,,,,,,,,,,,,,,,55413,,,,,,,,,,,,,"{""method_title"":""Purchase Order""}"
2486,2486,,,,,,,,,4.9600,4.9600,,,63.4200,,,,63.4200,,,,,,,purchaseorder,,,,,,,,,,,,,,,17446,,,,,,,,,,,,,"{""method_title"":""Purchase Order""}"
2487,2487,,,,,,,,,4.5000,4.5000,,,29.3200,,,,29.3200,,,,,,,purchaseorder,,,,,,,,,,,,,,,55445,,,,,,,,,,,,,"{""method_title"":""Purchase Order""}"
2488,2488,,,,,,,,,3.2900,3.2900,,,12.5300,,,,12.5300,,,,,,,purchaseorder,,,,,,,,,,,,,,,55446,,,,,,,,,,,,,"{""method_title"":""Purchase Order""}"
2489,2489,,,,,,,,,4.5000,4.5000,,,29.3200,,,,29.3200,,,,,,,purchaseorder,,,,,,,,,,,,,,,55384,,,,,,,,,,,,,"{""method_title"":""Purchase Order""}"
2490,2490,,,,,,,,,4.5000,4.5000,,,28.1800,,,,28.1800,,,,,,,purchaseorder,,,,,,,,,,,,,,,55482,,,,,,,,,,,,,"{""method_title"":""Purchase Order""}"
2491,2491,,,,,,,,,4.5000,4.5000,,,28.4900,,,,28.4900,,,,,,,purchaseorder,,,,,,,,,,,,,,,55468,,,,,,,,,,,,,"{""method_title"":""Purchase Order""}"
2492,2492,,,,,,,,,4.5000,4.5000,,,29.3200,,,,29.3200,,,,,,,purchaseorder,,,,,,,,,,,,,,,55480,,,,,,,,,,,,,"{""method_title"":""Purchase Order""}"
2493,2493,,,,,,,,,0.0000,0.0000,,,77.1800,,,,77.1800,,,,,0,,purchaseorder,,,,,,,,,0,,,,,,td 9/12/22,0,,,,,,,,,,,,"{""method_title"":""Purchase Order""}"
2494,2494,,,,,,,,,4.5000,4.5000,,,28.4900,,,,28.4900,,,,,,,purchaseorder,,,,,,,,,,,,,,,55536,,,,,,,,,,,,,"{""method_title"":""Purchase Order""}"
2495,2495,,,,,,,,,4.5000,4.5000,,,29.8800,,,,29.8800,,,,,,,purchaseorder,,,,,,,,,,,,,,,55533,,,,,,,,,,,,,"{""method_title"":""Purchase Order""}"
2496,2496,,,,,,,,,4.5000,4.5000,,,28.4900,,,,28.4900,,,,,,,purchaseorder,,,,,,,,,,,,,,,55527,,,,,,,,,,,,,"{""method_title"":""Purchase Order""}"
2497,2497,,,,,,,,,4.5000,4.5000,,,29.8800,,,,29.8800,,,,,,,purchaseorder,,,,,,,,,,,,,,,55526,,,,,,,,,,,,,"{""method_title"":""Purchase Order""}"
2498,2498,,,,,,,,,4.5000,4.5000,,,29.8800,,,,29.8800,,,,,,,purchaseorder,,,,,,,,,,,,,,,55525,,,,,,,,,,,,,"{""method_title"":""Purchase Order""}"
2499,2499,,,,,,,,,4.5000,4.5000,,,28.4900,,,,28.4900,,,,,,,purchaseorder,,,,,,,,,,,,,,,55522,,,,,,,,,,,,,"{""method_title"":""Purchase Order""}"
2500,2500,,,,,,,,,4.5000,4.5000,,,29.3200,,,,29.3200,,,,,,,purchaseorder,,,,,,,,,,,,,,,55521,,,,,,,,,,,,,"{""method_title"":""Purchase Order""}"
2501,2501,,,,,,,,,4.5000,4.5000,,,28.4900,,,,28.4900,,,,,,,purchaseorder,,,,,,,,,,,,,,,55516,,,,,,,,,,,,,"{""method_title"":""Purchase Order""}"
2502,2502,,,,,,,,,4.5000,4.5000,,,28.4900,,,,28.4900,,,,,,,purchaseorder,,,,,,,,,,,,,,,55510,,,,,,,,,,,,,"{""method_title"":""Purchase Order""}"
2503,2503,,,,,,,,,4.5000,4.5000,,,68.0400,,,,68.0400,,,,,,,purchaseorder,,,,,,,,,,,,,,,55507,,,,,,,,,,,,,"{""method_title"":""Purchase Order""}"
2504,2504,,,,,,,,,4.5000,4.5000,,,33.3000,,,,33.3000,,,,,,,purchaseorder,,,,,,,,,,,,,,,55497,,,,,,,,,,,,,"{""method_title"":""Purchase Order""}"
2505,2505,,,,,,,,,4.5000,4.5000,,,29.8800,,,,29.8800,,,,,,,purchaseorder,,,,,,,,,,,,,,,55491,,,,,,,,,,,,,"{""method_title"":""Purchase Order""}"
2506,2506,,,,,,,,,4.5000,4.5000,,,36.7200,,,,36.7200,,,,,,,purchaseorder,,,,,,,,,,,,,,,55489,,,,,,,,,,,,,"{""method_title"":""Purchase Order""}"
2507,2507,,,,,,,,,4.5000,4.5000,,,60.6400,,,,60.6400,,,,,,,purchaseorder,,,,,,,,,,,,,,,55485,,,,,,,,,,,,,"{""method_title"":""Purchase Order""}"
2508,2508,,,,,,,,,0.0000,0.0000,,,25.9700,,,,25.9700,,,,,,,purchaseorder,,,,,,,,,,,,,,,td 12/12/22,,,,,,,,,,,,,"{""method_title"":""Purchase Order""}"
2509,2509,,,,,,,,,4.5000,4.5000,,,28.4900,,,,28.4900,,,,,,,purchaseorder,,,,,,,,,,,,,,,55543,,,,,,,,,,,,,"{""method_title"":""Purchase Order""}"
2510,2510,,,,,,,,,4.5000,4.5000,,,53.8200,,,,53.8200,,,,,,,purchaseorder,,,,,,,,,,,,,,,	55570,,,,,,,,,,,,,"{""method_title"":""Purchase Order""}"
2511,2511,,,,,,,,,4.5000,4.5000,,,36.7200,,,,36.7200,,,,,,,purchaseorder,,,,,,,,,,,,,,,	55568,,,,,,,,,,,,,"{""method_title"":""Purchase Order""}"
2512,2512,,,,,,,,,4.5000,4.5000,,,29.3200,,,,29.3200,,,,,,,purchaseorder,,,,,,,,,,,,,,,	55566,,,,,,,,,,,,,"{""method_title"":""Purchase Order""}"
2513,2513,,,,,,,,,4.5000,4.5000,,,29.3200,,,,29.3200,,,,,,,purchaseorder,,,,,,,,,,,,,,,55564,,,,,,,,,,,,,"{""method_title"":""Purchase Order""}"
2514,2514,,,,,,,,,4.5000,4.5000,,,56.6800,,,,56.6800,,,,,,,purchaseorder,,,,,,,,,,,,,,,55562,,,,,,,,,,,,,"{""method_title"":""Purchase Order""}"
2515,2515,,,,,,,,,0.0000,0.0000,,,38.8800,,,,38.8800,,,,,,,purchaseorder,,,,,,,,,,,,,,,td 13/12/22,,,,,,,,,,,,,"{""method_title"":""Purchase Order""}"
2516,2516,,,,,,,,,4.5000,4.5000,,,53.8200,,,,53.8200,,,,,,,purchaseorder,,,,,,,,,,,,,,,55592,,,,,,,,,,,,,"{""method_title"":""Purchase Order""}"
2517,2517,,,,,,,,,4.5000,4.5000,,,199.6800,,,,199.6800,,,,,,,purchaseorder,,,,,,,,,,,,,,,55591,,,,,,,,,,,,,"{""method_title"":""Purchase Order""}"
2518,2518,,,,,,,,,4.5000,4.5000,,,29.8800,,,,29.8800,,,,,,,purchaseorder,,,,,,,,,,,,,,,55641,,,,,,,,,,,,,"{""method_title"":""Purchase Order""}"
2519,2519,,,,,,,,,4.5000,4.5000,,,28.4900,,,,28.4900,,,,,,,purchaseorder,,,,,,,,,,,,,,,55639,,,,,,,,,,,,,"{""method_title"":""Purchase Order""}"
2520,2520,,,,,,,,,4.5000,4.5000,,,29.3200,,,,29.3200,,,,,,,purchaseorder,,,,,,,,,,,,,,,55637,,,,,,,,,,,,,"{""method_title"":""Purchase Order""}"
2521,2521,,,,,,,,,4.5000,4.5000,,,56.6800,,,,56.6800,,,,,,,purchaseorder,,,,,,,,,,,,,,,55618,,,,,,,,,,,,,"{""method_title"":""Purchase Order""}"
2522,2522,,,,,,,,,4.5000,4.5000,,,53.2300,,,,53.2300,,,,,,,purchaseorder,,,,,,,,,,,,,,,55616,,,,,,,,,,,,,"{""method_title"":""Purchase Order""}"
2523,2523,,,,,,,,,4.5000,4.5000,,,28.4900,,,,28.4900,,,,,,,purchaseorder,,,,,,,,,,,,,,,55615,,,,,,,,,,,,,"{""method_title"":""Purchase Order""}"
2524,2524,,,,,,,,,4.5000,4.5000,,,29.3200,,,,29.3200,,,,,,,purchaseorder,,,,,,,,,,,,,,,55627,,,,,,,,,,,,,"{""method_title"":""Purchase Order""}"
2525,2525,,,,,,,,,4.5000,4.5000,,,36.7200,,,,36.7200,,,,,,,purchaseorder,,,,,,,,,,,,,,,55664,,,,,,,,,,,,,"{""method_title"":""Purchase Order""}"
2526,2526,,,,,,,,,4.5000,4.5000,,,38.4400,,,,38.4400,,,,,,,purchaseorder,,,,,,,,,,,,,,,55662,,,,,,,,,,,,,"{""method_title"":""Purchase Order""}"
2527,2527,,,,,,,,,4.5000,4.5000,,,62.3800,,,,62.3800,,,,,,,purchaseorder,,,,,,,,,,,,,,,55670,,,,,,,,,,,,,"{""method_title"":""Purchase Order""}"
2528,2528,,,,,,,,,4.5000,4.5000,,,29.3200,,,,29.3200,,,,,,,purchaseorder,,,,,,,,,,,,,,,55667,,,,,,,,,,,,,"{""method_title"":""Purchase Order""}"
2529,2529,,,,,,,,,3.2900,3.2900,,,60.4700,,,,60.4700,,,,,0,,purchaseorder,,,,,,,,,0,,,,,,FC161222,0,,,,,,,,,,,,"{""method_title"":""Purchase Order""}"
2530,2530,,,,,,,,,4.5000,4.5000,,,28.4900,,,,28.4900,,,,,,,purchaseorder,,,,,,,,,,,,,,,55731,,,,,,,,,,,,,"{""method_title"":""Purchase Order""}"
2531,2531,,,,,,,,,4.5000,4.5000,,,29.3200,,,,29.3200,,,,,,,purchaseorder,,,,,,,,,,,,,,,55723,,,,,,,,,,,,,"{""method_title"":""Purchase Order""}"
2532,2532,,,,,,,,,4.5000,4.5000,,,29.8800,,,,29.8800,,,,,,,purchaseorder,,,,,,,,,,,,,,,55722,,,,,,,,,,,,,"{""method_title"":""Purchase Order""}"
2533,2533,,,,,,,,,4.5000,4.5000,,,29.8800,,,,29.8800,,,,,,,purchaseorder,,,,,,,,,,,,,,,55721,,,,,,,,,,,,,"{""method_title"":""Purchase Order""}"
2534,2534,,,,,,,,,4.5000,4.5000,,,29.8800,,,,29.8800,,,,,,,purchaseorder,,,,,,,,,,,,,,,55715,,,,,,,,,,,,,"{""method_title"":""Purchase Order""}"
2535,2535,,,,,,,,,4.5000,4.5000,,,29.3200,,,,29.3200,,,,,,,purchaseorder,,,,,,,,,,,,,,,	55701,,,,,,,,,,,,,"{""method_title"":""Purchase Order""}"
2536,2536,,,,,,,,,4.5000,4.5000,,,29.8800,,,,29.8800,,,,,,,purchaseorder,,,,,,,,,,,,,,,	55697,,,,,,,,,,,,,"{""method_title"":""Purchase Order""}"
2537,2537,,,,,,,,,4.5000,4.5000,,,29.3200,,,,29.3200,,,,,,,purchaseorder,,,,,,,,,,,,,,,	55695,,,,,,,,,,,,,"{""method_title"":""Purchase Order""}"
2538,2538,,,,,,,,,4.5000,4.5000,,,28.4900,,,,28.4900,,,,,,,purchaseorder,,,,,,,,,,,,,,,55691,,,,,,,,,,,,,"{""method_title"":""Purchase Order""}"
2539,2539,,,,,,,,,4.5000,4.5000,,,28.4900,,,,28.4900,,,,,,,purchaseorder,,,,,,,,,,,,,,,55690,,,,,,,,,,,,,"{""method_title"":""Purchase Order""}"
2540,2540,,,,,,,,,4.5000,4.5000,,,28.1800,,,,28.1800,,,,,,,purchaseorder,,,,,,,,,,,,,,,	55687,,,,,,,,,,,,,"{""method_title"":""Purchase Order""}"
2541,2541,,,,,,,,,4.5000,4.5000,,,74.8900,,,,74.8900,,,,,,,purchaseorder,,,,,,,,,,,,,,,	55676,,,,,,,,,,,,,"{""method_title"":""Purchase Order""}"
2542,2542,,,,,,,,,4.5000,4.5000,,,28.1800,,,,28.1800,,,,,,,purchaseorder,,,,,,,,,,,,,,,55764,,,,,,,,,,,,,"{""method_title"":""Purchase Order""}"
2543,2543,,,,,,,,,3.2900,3.2900,,,12.5300,,,,12.5300,,,,,,,purchaseorder,,,,,,,,,,,,,,,55760,,,,,,,,,,,,,"{""method_title"":""Purchase Order""}"
2544,2544,,,,,,,,,4.5000,4.5000,,,29.3200,,,,29.3200,,,,,,,purchaseorder,,,,,,,,,,,,,,,55753,,,,,,,,,,,,,"{""method_title"":""Purchase Order""}"
2545,2545,,,,,,,,,4.5000,4.5000,,,29.8800,,,,29.8800,,,,,,,purchaseorder,,,,,,,,,,,,,,,55750,,,,,,,,,,,,,"{""method_title"":""Purchase Order""}"
2546,2546,,,,,,,,,4.5000,4.5000,,,36.7200,,,,36.7200,,,,,,,purchaseorder,,,,,,,,,,,,,,,55742,,,,,,,,,,,,,"{""method_title"":""Purchase Order""}"
2547,2547,,,,,,,,,0.0000,0.0000,,,26.3300,,,,26.3300,,,,,0,,purchaseorder,,,,,,,,,0,,,,,,W3073,0,,,,,,,,,,,,"{""method_title"":""Purchase Order""}"
2548,2548,,,,,,,,,4.5000,4.5000,,,28.4900,,,,28.4900,,,,,,,purchaseorder,,,,,,,,,,,,,,,55776,,,,,,,,,,,,,"{""method_title"":""Purchase Order""}"
2549,2549,,,,,,,,,4.5000,4.5000,,,36.7200,,,,36.7200,,,,,,,purchaseorder,,,,,,,,,,,,,,,55774,,,,,,,,,,,,,"{""method_title"":""Purchase Order""}"
2550,2550,,,,,,,,,4.5000,4.5000,,,36.7200,,,,36.7200,,,,,,,purchaseorder,,,,,,,,,,,,,,,55772,,,,,,,,,,,,,"{""method_title"":""Purchase Order""}"
2551,2551,,,,,,,,,4.5000,4.5000,,,29.8800,,,,29.8800,,,,,,,purchaseorder,,,,,,,,,,,,,,,	55782,,,,,,,,,,,,,"{""method_title"":""Purchase Order""}"
2552,2552,,,,,,,,,4.5000,4.5000,,,29.8800,,,,29.8800,,,,,,,purchaseorder,,,,,,,,,,,,,,,55805,,,,,,,,,,,,,"{""method_title"":""Purchase Order""}"
2553,2553,,,,,,,,,4.5000,4.5000,,,28.4900,,,,28.4900,,,,,,,purchaseorder,,,,,,,,,,,,,,,55826,,,,,,,,,,,,,"{""method_title"":""Purchase Order""}"
2554,2554,,,,,,,,,3.2900,3.2900,,,13.6700,,,,13.6700,,,,,,,purchaseorder,,,,,,,,,,,,,,,mc09/cust/1596,,,,,,,,,,,,,"{""method_title"":""Purchase Order""}"
2555,2555,,,,,,,,,0.0000,0.0000,,,73.9800,,,,73.9800,,,,,,,purchaseorder,,,,,,,,,,,,,,,td 28/12/22,,,,,,,,,,,,,"{""method_title"":""Purchase Order""}"
2556,2556,,,,,,,,,4.5000,4.5000,,,56.6800,,,,56.6800,,,,,,,purchaseorder,,,,,,,,,,,,,,,55910,,,,,,,,,,,,,"{""method_title"":""Purchase Order""}"
2557,2557,,,,,,,,,3.2900,3.2900,,,12.5300,,,,12.5300,,,,,,,purchaseorder,,,,,,,,,,,,,,,	55909,,,,,,,,,,,,,"{""method_title"":""Purchase Order""}"
2558,2558,,,,,,,,,4.5000,4.5000,,,29.3200,,,,29.3200,,,,,,,purchaseorder,,,,,,,,,,,,,,,55902,,,,,,,,,,,,,"{""method_title"":""Purchase Order""}"
2559,2559,,,,,,,,,4.5000,4.5000,,,51.5800,,,,51.5800,,,,,,,purchaseorder,,,,,,,,,,,,,,,55900,,,,,,,,,,,,,"{""method_title"":""Purchase Order""}"
2560,2560,,,,,,,,,0.0000,0.0000,,,27.2600,,,,27.2600,,,,,,,purchaseorder,,,,,,,,,,,,,,,W3079,,,,,,,,,,,,,"{""method_title"":""Purchase Order""}"
2561,2561,,,,,,,,,4.5000,4.5000,,,62.3800,,,,62.3800,,,,,,,purchaseorder,,,,,,,,,,,,,,,55921,,,,,,,,,,,,,"{""method_title"":""Purchase Order""}"
2562,2562,,,,,,,,,4.5000,4.5000,,,29.3200,,,,29.3200,,,,,,,purchaseorder,,,,,,,,,,,,,,,55946,,,,,,,,,,,,,"{""method_title"":""Purchase Order""}"
2563,2563,,,,,,,,,4.5000,4.5000,,,28.4900,,,,28.4900,,,,,,,purchaseorder,,,,,,,,,,,,,,,	55943,,,,,,,,,,,,,"{""method_title"":""Purchase Order""}"
2564,2564,,,,,,,,,4.5000,4.5000,,,28.4900,,,,28.4900,,,,,,,purchaseorder,,,,,,,,,,,,,,,	55938,,,,,,,,,,,,,"{""method_title"":""Purchase Order""}"
2565,2565,,,,,,,,,4.5000,4.5000,,,28.4900,,,,28.4900,,,,,,,purchaseorder,,,,,,,,,,,,,,,	55936,,,,,,,,,,,,,"{""method_title"":""Purchase Order""}"
2566,2566,,,,,,,,,0.0000,0.0000,,,34.3200,,,,34.3200,,,,,,,purchaseorder,,,,,,,,,,,,,,,55446,,,,,,,,,,,,,"{""method_title"":""Purchase Order""}"
2567,2567,,,,,,,,,4.5000,4.5000,,,28.4900,,,,28.4900,,,,,,,purchaseorder,,,,,,,,,,,,,,,	56054,,,,,,,,,,,,,"{""method_title"":""Purchase Order""}"
2568,2568,,,,,,,,,4.5000,4.5000,,,29.8800,,,,29.8800,,,,,,,purchaseorder,,,,,,,,,,,,,,,56040,,,,,,,,,,,,,"{""method_title"":""Purchase Order""}"
2569,2569,,,,,,,,,4.5000,4.5000,,,28.4900,,,,28.4900,,,,,,,purchaseorder,,,,,,,,,,,,,,,	56035,,,,,,,,,,,,,"{""method_title"":""Purchase Order""}"
2570,2570,,,,,,,,,0.0000,0.0000,,,128.1800,,,,128.1800,,,,,,,purchaseorder,,,,,,,,,,,,,,,JB040123,,,,,,,,,,,,,"{""method_title"":""Purchase Order""}"
2571,2571,,,,,,,,,4.5000,4.5000,,,28.4900,,,,28.4900,,,,,,,purchaseorder,,,,,,,,,,,,,,,56059,,,,,,,,,,,,,"{""method_title"":""Purchase Order""}"
2572,2572,,,,,,,,,4.5000,4.5000,,,29.3200,,,,29.3200,,,,,,,purchaseorder,,,,,,,,,,,,,,,	56072,,,,,,,,,,,,,"{""method_title"":""Purchase Order""}"
2573,2573,,,,,,,,,0.0000,0.0000,,,412.6700,,,,412.6700,,,,,0,,purchaseorder,,,,,,,,,0,,,,,,stlw050123,0,,,,,,,,,,,,"{""method_title"":""Purchase Order""}"
2574,2574,,,,,,,,,4.5000,4.5000,,,28.4900,,,,28.4900,,,,,,,purchaseorder,,,,,,,,,,,,,,,56103,,,,,,,,,,,,,"{""method_title"":""Purchase Order""}"
2575,2575,,,,,,,,,4.5000,4.5000,,,53.8200,,,,53.8200,,,,,,,purchaseorder,,,,,,,,,,,,,,,56100,,,,,,,,,,,,,"{""method_title"":""Purchase Order""}"
2576,2576,,,,,,,,,3.2900,3.2900,,,21.1100,,,,21.1100,,,,,,,purchaseorder,,,,,,,,,,,,,,,56096,,,,,,,,,,,,,"{""method_title"":""Purchase Order""}"
2577,2577,,,,,,,,,4.5000,4.5000,,,53.2300,,,,53.2300,,,,,,,purchaseorder,,,,,,,,,,,,,,,56091,,,,,,,,,,,,,"{""method_title"":""Purchase Order""}"
2578,2578,,,,,,,,,4.5000,4.5000,,,36.7200,,,,36.7200,,,,,,,purchaseorder,,,,,,,,,,,,,,,56107,,,,,,,,,,,,,"{""method_title"":""Purchase Order""}"
2579,2579,,,,,,,,,0.0000,0.0000,,,98.6400,,,,98.6400,,,,,,,purchaseorder,,,,,,,,,,,,,,,Frankie060123,,,,,,,,,,,,,"{""method_title"":""Purchase Order""}"
2580,2580,,,,,,,,,4.5000,4.5000,,,29.3200,,,,29.3200,,,,,,,purchaseorder,,,,,,,,,,,,,,,56193,,,,,,,,,,,,,"{""method_title"":""Purchase Order""}"
2581,2581,,,,,,,,,4.5000,4.5000,,,28.4900,,,,28.4900,,,,,,,purchaseorder,,,,,,,,,,,,,,,56189,,,,,,,,,,,,,"{""method_title"":""Purchase Order""}"
2582,2582,,,,,,,,,4.5000,4.5000,,,80.5900,,,,80.5900,,,,,,,purchaseorder,,,,,,,,,,,,,,,56182,,,,,,,,,,,,,"{""method_title"":""Purchase Order""}"
2583,2583,,,,,,,,,4.5000,4.5000,,,52.1200,,,,52.1200,,,,,,,purchaseorder,,,,,,,,,,,,,,,56210,,,,,,,,,,,,,"{""method_title"":""Purchase Order""}"
2584,2584,,,,,,,,,4.5000,4.5000,,,62.3800,,,,62.3800,,,,,,,purchaseorder,,,,,,,,,,,,,,,56223,,,,,,,,,,,,,"{""method_title"":""Purchase Order""}"
2585,2585,,,,,,,,,0.0000,0.0000,,,38.8400,,,,38.8400,,,,,0,,purchaseorder,,,,,,,,,0,,,,,,td 10/1/23,0,,,,,,,,,,,,"{""method_title"":""Purchase Order""}"
2586,2586,,,,,,,,,4.5000,4.5000,,,29.3200,,,,29.3200,,,,,,,purchaseorder,,,,,,,,,,,,,,,56235,,,,,,,,,,,,,"{""method_title"":""Purchase Order""}"
2587,2587,,,,,,,,,4.5000,4.5000,,,28.4900,,,,28.4900,,,,,,,purchaseorder,,,,,,,,,,,,,,,56255,,,,,,,,,,,,,"{""method_title"":""Purchase Order""}"
2588,2588,,,,,,,,,4.5000,4.5000,,,36.7200,,,,36.7200,,,,,,,purchaseorder,,,,,,,,,,,,,,,56248,,,,,,,,,,,,,"{""method_title"":""Purchase Order""}"
2589,2589,,,,,,,,,4.5000,4.5000,,,33.3000,,,,33.3000,,,,,,,purchaseorder,,,,,,,,,,,,,,,56269,,,,,,,,,,,,,"{""method_title"":""Purchase Order""}"
2590,2590,,,,,,,,,4.5000,4.5000,,,52.1200,,,,52.1200,,,,,,,purchaseorder,,,,,,,,,,,,,,,56272,,,,,,,,,,,,,"{""method_title"":""Purchase Order""}"
2591,2591,,,,,,,,,4.5000,4.5000,,,36.7200,,,,36.7200,,,,,,,purchaseorder,,,,,,,,,,,,,,,56293,,,,,,,,,,,,,"{""method_title"":""Purchase Order""}"
2592,2592,,,,,,,,,0.0000,0.0000,,,361.0100,,,,361.0100,,,,,,,purchaseorder,,,,,,,,,,,,,,,FC13123,,,,,,,,,,,,,"{""method_title"":""Purchase Order""}"
2593,2593,,,,,,,,,3.2900,3.2900,,,12.5300,,,,12.5300,,,,,,,purchaseorder,,,,,,,,,,,,,,,	56365,,,,,,,,,,,,,"{""method_title"":""Purchase Order""}"
2594,2594,,,,,,,,,4.5000,4.5000,,,56.6800,,,,56.6800,,,,,,,purchaseorder,,,,,,,,,,,,,,,	56364,,,,,,,,,,,,,"{""method_title"":""Purchase Order""}"
2595,2595,,,,,,,,,4.5000,4.5000,,,28.4900,,,,28.4900,,,,,,,purchaseorder,,,,,,,,,,,,,,,	56354,,,,,,,,,,,,,"{""method_title"":""Purchase Order""}"
2596,2596,,,,,,,,,4.5000,4.5000,,,29.3200,,,,29.3200,,,,,,,purchaseorder,,,,,,,,,,,,,,,56343,,,,,,,,,,,,,"{""method_title"":""Purchase Order""}"
2597,2597,,,,,,,,,4.5000,4.5000,,,29.3200,,,,29.3200,,,,,,,purchaseorder,,,,,,,,,,,,,,,56341,,,,,,,,,,,,,"{""method_title"":""Purchase Order""}"
2598,2598,,,,,,,,,4.5000,4.5000,,,56.6800,,,,56.6800,,,,,,,purchaseorder,,,,,,,,,,,,,,,	56309,,,,,,,,,,,,,"{""method_title"":""Purchase Order""}"
2599,2599,,,,,,,,,4.5000,4.5000,,,28.1800,,,,28.1800,,,,,,,purchaseorder,,,,,,,,,,,,,,,56306,,,,,,,,,,,,,"{""method_title"":""Purchase Order""}"
2600,2600,,,,,,,,,4.5000,4.5000,,,29.8800,,,,29.8800,,,,,,,purchaseorder,,,,,,,,,,,,,,,	56305,,,,,,,,,,,,,"{""method_title"":""Purchase Order""}"
2601,2601,,,,,,,,,4.5000,4.5000,,,28.4900,,,,28.4900,,,,,,,purchaseorder,,,,,,,,,,,,,,,56399,,,,,,,,,,,,,"{""method_title"":""Purchase Order""}"
2602,2602,,,,,,,,,4.5000,4.5000,,,36.7200,,,,36.7200,,,,,,,purchaseorder,,,,,,,,,,,,,,,	56398,,,,,,,,,,,,,"{""method_title"":""Purchase Order""}"
2603,2603,,,,,,,,,4.5000,4.5000,,,28.4900,,,,28.4900,,,,,,,purchaseorder,,,,,,,,,,,,,,,56387,,,,,,,,,,,,,"{""method_title"":""Purchase Order""}"
2604,2604,,,,,,,,,4.5000,4.5000,,,29.3200,,,,29.3200,,,,,,,purchaseorder,,,,,,,,,,,,,,,56385,,,,,,,,,,,,,"{""method_title"":""Purchase Order""}"
2605,2605,,,,,,,,,0.0000,0.0000,,,116.9300,,,,116.9300,,,,,0,,purchaseorder,,,,,,,,,0,,,,,,td 17/1/23,0,,,,,,,,,,,,"{""method_title"":""Purchase Order""}"
2606,2606,,,,,,,,,4.5000,4.5000,,,29.8800,,,,29.8800,,,,,,,purchaseorder,,,,,,,,,,,,,,,56418,,,,,,,,,,,,,"{""method_title"":""Purchase Order""}"
2607,2607,,,,,,,,,4.5000,4.5000,,,56.6800,,,,56.6800,,,,,,,purchaseorder,,,,,,,,,,,,,,,56411,,,,,,,,,,,,,"{""method_title"":""Purchase Order""}"
2608,2608,,,,,,,,,4.5000,4.5000,,,29.3200,,,,29.3200,,,,,,,purchaseorder,,,,,,,,,,,,,,,56406,,,,,,,,,,,,,"{""method_title"":""Purchase Order""}"
2609,2609,,,,,,,,,0.0000,0.0000,,,60.4200,,,,60.4200,,,,,,,purchaseorder,,,,,,,,,,,,,,,td 18/1/23,,,,,,,,,,,,,"{""method_title"":""Purchase Order""}"
2610,2610,,,,,,,,,4.5000,4.5000,,,28.4900,,,,28.4900,,,,,,,purchaseorder,,,,,,,,,,,,,,,56441,,,,,,,,,,,,,"{""method_title"":""Purchase Order""}"
2611,2611,,,,,,,,,4.5000,4.5000,,,28.4900,,,,28.4900,,,,,,,purchaseorder,,,,,,,,,,,,,,,56449,,,,,,,,,,,,,"{""method_title"":""Purchase Order""}"
2612,2612,,,,,,,,,4.5000,4.5000,,,28.4900,,,,28.4900,,,,,,,purchaseorder,,,,,,,,,,,,,,,56448,,,,,,,,,,,,,"{""method_title"":""Purchase Order""}"
2613,2613,,,,,,,,,4.5000,4.5000,,,29.3200,,,,29.3200,,,,,,,purchaseorder,,,,,,,,,,,,,,,56477,,,,,,,,,,,,,"{""method_title"":""Purchase Order""}"
2614,2614,,,,,,,,,4.5000,4.5000,,,28.4900,,,,28.4900,,,,,,,purchaseorder,,,,,,,,,,,,,,,56465,,,,,,,,,,,,,"{""method_title"":""Purchase Order""}"
2615,2615,,,,,,,,,4.5000,4.5000,,,28.4900,,,,28.4900,,,,,,,purchaseorder,,,,,,,,,,,,,,,56464,,,,,,,,,,,,,"{""method_title"":""Purchase Order""}"
2616,2616,,,,,,,,,4.5000,4.5000,,,28.4900,,,,28.4900,,,,,,,purchaseorder,,,,,,,,,,,,,,,	56452,,,,,,,,,,,,,"{""method_title"":""Purchase Order""}"
2617,2617,,,,,,,,,3.2900,3.2900,,,12.5300,,,,12.5300,,,,,,,purchaseorder,,,,,,,,,,,,,,,56472,,,,,,,,,,,,,"{""method_title"":""Purchase Order""}"
2618,2618,,,,,,,,,0.0000,0.0000,,,38.8800,,,,38.8800,,,,,,,purchaseorder,,,,,,,,,,,,,,,td 20/1/23,,,,,,,,,,,,,"{""method_title"":""Purchase Order""}"
2619,2619,,,,,,,,,4.5000,4.5000,,,28.1800,,,,28.1800,,,,,,,purchaseorder,,,,,,,,,,,,,,,56488,,,,,,,,,,,,,"{""method_title"":""Purchase Order""}"
2620,2620,,,,,,,,,3.2900,3.2900,,,21.1100,,,,21.1100,,,,,,,purchaseorder,,,,,,,,,,,,,,,56489,,,,,,,,,,,,,"{""method_title"":""Purchase Order""}"
2621,2621,,,,,,,,,0.0000,0.0000,,,130.1500,,,,130.1500,,,,,0,,purchaseorder,,,,,,,,,0,,,,,,kay21012023,0,,,,,,,,,,,,"{""method_title"":""Purchase Order""}"
2622,2622,,,,,,,,,0.0000,0.0000,,,58.4600,,,,58.4600,,,,,,,purchaseorder,,,,,,,,,,,,,,,td 23/1/23,,,,,,,,,,,,,"{""method_title"":""Purchase Order""}"
2623,2623,,,,,,,,,4.5000,4.5000,,,100.5400,,,,100.5400,,,,,,,purchaseorder,,,,,,,,,,,,,,,56525,,,,,,,,,,,,,"{""method_title"":""Purchase Order""}"
2624,2624,,,,,,,,,4.5000,4.5000,,,33.3000,,,,33.3000,,,,,,,purchaseorder,,,,,,,,,,,,,,,56521,,,,,,,,,,,,,"{""method_title"":""Purchase Order""}"
2625,2625,,,,,,,,,4.5000,4.5000,,,29.8800,,,,29.8800,,,,,,,purchaseorder,,,,,,,,,,,,,,,56518,,,,,,,,,,,,,"{""method_title"":""Purchase Order""}"
2626,2626,,,,,,,,,4.5000,4.5000,,,28.1800,,,,28.1800,,,,,,,purchaseorder,,,,,,,,,,,,,,,	56510,,,,,,,,,,,,,"{""method_title"":""Purchase Order""}"
2627,2627,,,,,,,,,4.5000,4.5000,,,33.3000,,,,33.3000,,,,,,,purchaseorder,,,,,,,,,,,,,,,56499,,,,,,,,,,,,,"{""method_title"":""Purchase Order""}"
2628,2628,,,,,,,,,4.5000,4.5000,,,28.4900,,,,28.4900,,,,,,,purchaseorder,,,,,,,,,,,,,,,56550,,,,,,,,,,,,,"{""method_title"":""Purchase Order""}"
2629,2629,,,,,,,,,4.5000,4.5000,,,36.7200,,,,36.7200,,,,,,,purchaseorder,,,,,,,,,,,,,,,56543,,,,,,,,,,,,,"{""method_title"":""Purchase Order""}"
2630,2630,,,,,,,,,0.0000,0.0000,,,38.8800,,,,38.8800,,,,,0,,purchaseorder,,,,,,,,,0,,,,,,td 24/1/23,0,,,,,,,,,,,,"{""method_title"":""Purchase Order""}"
2631,2631,,,,,,,,,4.5000,4.5000,,,51.5800,,,,51.5800,,,,,,,purchaseorder,,,,,,,,,,,,,,,56582,,,,,,,,,,,,,"{""method_title"":""Purchase Order""}"
2632,2632,,,,,,,,,4.5000,4.5000,,,36.7200,,,,36.7200,,,,,,,purchaseorder,,,,,,,,,,,,,,,56581,,,,,,,,,,,,,"{""method_title"":""Purchase Order""}"
2633,2633,,,,,,,,,4.5000,4.5000,,,29.3200,,,,29.3200,,,,,,,purchaseorder,,,,,,,,,,,,,,,56578,,,,,,,,,,,,,"{""method_title"":""Purchase Order""}"
2634,2634,,,,,,,,,4.5000,4.5000,,,52.1200,,,,52.1200,,,,,,,purchaseorder,,,,,,,,,,,,,,,	56577,,,,,,,,,,,,,"{""method_title"":""Purchase Order""}"
2635,2635,,,,,,,,,4.5000,4.5000,,,29.8800,,,,29.8800,,,,,,,purchaseorder,,,,,,,,,,,,,,,	56560,,,,,,,,,,,,,"{""method_title"":""Purchase Order""}"
2636,2636,,,,,,,,,4.5000,4.5000,,,28.1800,,,,28.1800,,,,,,,purchaseorder,,,,,,,,,,,,,,,56596,,,,,,,,,,,,,"{""method_title"":""Purchase Order""}"
2637,2637,,,,,,,,,3.2900,3.2900,,,13.6700,,,,13.6700,,,,,,,purchaseorder,,,,,,,,,,,,,,,56606,,,,,,,,,,,,,"{""method_title"":""Purchase Order""}"
2638,2638,,,,,,,,,4.5000,4.5000,,,28.4900,,,,28.4900,,,,,,,purchaseorder,,,,,,,,,,,,,,,56593,,,,,,,,,,,,,"{""method_title"":""Purchase Order""}"
2639,2639,,,,,,,,,4.5000,4.5000,,,29.3200,,,,29.3200,,,,,,,purchaseorder,,,,,,,,,,,,,,,56589,,,,,,,,,,,,,"{""method_title"":""Purchase Order""}"
2640,2640,,,,,,,,,0.0000,0.0000,,,143.0000,,,,143.0000,,,,,,,purchaseorder,,,,,,,,,,,,,,,FC260123,,,,,,,,,,,,,"{""method_title"":""Purchase Order""}"
2641,2641,,,,,,,,,3.2900,3.2900,,,12.5300,,,,12.5300,,,,,,,purchaseorder,,,,,,,,,,,,,,,56634,,,,,,,,,,,,,"{""method_title"":""Purchase Order""}"
2642,2642,,,,,,,,,4.5000,4.5000,,,52.1200,,,,52.1200,,,,,,,purchaseorder,,,,,,,,,,,,,,,56630,,,,,,,,,,,,,"{""method_title"":""Purchase Order""}"
2643,2643,,,,,,,,,4.5000,4.5000,,,36.7200,,,,36.7200,,,,,,,purchaseorder,,,,,,,,,,,,,,,56624,,,,,,,,,,,,,"{""method_title"":""Purchase Order""}"
2644,2644,,,,,,,,,4.5000,4.5000,,,29.3200,,,,29.3200,,,,,,,purchaseorder,,,,,,,,,,,,,,,56709,,,,,,,,,,,,,"{""method_title"":""Purchase Order""}"
2645,2645,,,,,,,,,4.5000,4.5000,,,29.8800,,,,29.8800,,,,,,,purchaseorder,,,,,,,,,,,,,,,56697,,,,,,,,,,,,,"{""method_title"":""Purchase Order""}"
2646,2646,,,,,,,,,4.5000,4.5000,,,29.3200,,,,29.3200,,,,,,,purchaseorder,,,,,,,,,,,,,,,56690,,,,,,,,,,,,,"{""method_title"":""Purchase Order""}"
2647,2647,,,,,,,,,4.5000,4.5000,,,52.1200,,,,52.1200,,,,,,,purchaseorder,,,,,,,,,,,,,,,	56670,,,,,,,,,,,,,"{""method_title"":""Purchase Order""}"
2648,2648,,,,,,,,,4.5000,4.5000,,,36.7200,,,,36.7200,,,,,,,purchaseorder,,,,,,,,,,,,,,,	56656,,,,,,,,,,,,,"{""method_title"":""Purchase Order""}"
2649,2649,,,,,,,,,4.5000,4.5000,,,29.8800,,,,29.8800,,,,,,,purchaseorder,,,,,,,,,,,,,,,	56648,,,,,,,,,,,,,"{""method_title"":""Purchase Order""}"
2650,2650,,,,,,,,,4.5000,4.5000,,,36.7200,,,,36.7200,,,,,,,purchaseorder,,,,,,,,,,,,,,,56740,,,,,,,,,,,,,"{""method_title"":""Purchase Order""}"
2651,2651,,,,,,,,,4.5000,4.5000,,,28.4900,,,,28.4900,,,,,,,purchaseorder,,,,,,,,,,,,,,,	56726,,,,,,,,,,,,,"{""method_title"":""Purchase Order""}"
2652,2652,,,,,,,,,4.5000,4.5000,,,28.4900,,,,28.4900,,,,,,,purchaseorder,,,,,,,,,,,,,,,56723,,,,,,,,,,,,,"{""method_title"":""Purchase Order""}"
2653,2653,,,,,,,,,3.2900,3.2900,,,12.5300,,,,12.5300,,,,,,,purchaseorder,,,,,,,,,,,,,,,56779,,,,,,,,,,,,,"{""method_title"":""Purchase Order""}"
2654,2654,,,,,,,,,4.5000,4.5000,,,28.4900,,,,28.4900,,,,,,,purchaseorder,,,,,,,,,,,,,,,56776,,,,,,,,,,,,,"{""method_title"":""Purchase Order""}"
2655,2655,,,,,,,,,4.5000,4.5000,,,28.1800,,,,28.1800,,,,,,,purchaseorder,,,,,,,,,,,,,,,56761,,,,,,,,,,,,,"{""method_title"":""Purchase Order""}"
2656,2656,,,,,,,,,3.2900,3.2900,,,13.6700,,,,13.6700,,,,,,,purchaseorder,,,,,,,,,,,,,,,	56752,,,,,,,,,,,,,"{""method_title"":""Purchase Order""}"
2657,2657,,,,,,,,,4.5000,4.5000,,,29.3200,,,,29.3200,,,,,,,purchaseorder,,,,,,,,,,,,,,,56749,,,,,,,,,,,,,"{""method_title"":""Purchase Order""}"
2658,2658,,,,,,,,,4.5000,4.5000,,,53.8200,,,,53.8200,,,,,,,purchaseorder,,,,,,,,,,,,,,,56744,,,,,,,,,,,,,"{""method_title"":""Purchase Order""}"
2659,2659,,,,,,,,,4.5000,4.5000,,,36.7200,,,,36.7200,,,,,,,purchaseorder,,,,,,,,,,,,,,,	56809,,,,,,,,,,,,,"{""method_title"":""Purchase Order""}"
2660,2660,,,,,,,,,4.5000,4.5000,,,28.4900,,,,28.4900,,,,,,,purchaseorder,,,,,,,,,,,,,,,56791,,,,,,,,,,,,,"{""method_title"":""Purchase Order""}"
2661,2661,,,,,,,,,4.5000,4.5000,,,62.3800,,,,62.3800,,,,,,,purchaseorder,,,,,,,,,,,,,,,56833,,,,,,,,,,,,,"{""method_title"":""Purchase Order""}"
2662,2662,,,,,,,,,0.0000,0.0000,,,860.2800,,,,860.2800,,,,,,,purchaseorder,,,,,,,,,,,,,,,FC030223,,,,,,,,,,,,,"{""method_title"":""Purchase Order""}"
2663,2663,,,,,,,,,4.5000,4.5000,,,50.9500,,,,50.9500,,,,,,,purchaseorder,,,,,,,,,,,,,,,56917,,,,,,,,,,,,,"{""method_title"":""Purchase Order""}"
2664,2664,,,,,,,,,4.5000,4.5000,,,28.4900,,,,28.4900,,,,,,,purchaseorder,,,,,,,,,,,,,,,56899,,,,,,,,,,,,,"{""method_title"":""Purchase Order""}"
2665,2665,,,,,,,,,4.5000,4.5000,,,29.3200,,,,29.3200,,,,,,,purchaseorder,,,,,,,,,,,,,,,56898,,,,,,,,,,,,,"{""method_title"":""Purchase Order""}"
2666,2666,,,,,,,,,4.5000,4.5000,,,28.1800,,,,28.1800,,,,,,,purchaseorder,,,,,,,,,,,,,,,56875,,,,,,,,,,,,,"{""method_title"":""Purchase Order""}"
2667,2667,,,,,,,,,4.5000,4.5000,,,93.7000,,,,93.7000,,,,,,,purchaseorder,,,,,,,,,,,,,,,56957,,,,,,,,,,,,,"{""method_title"":""Purchase Order""}"
2668,2668,,,,,,,,,4.5000,4.5000,,,81.1600,,,,81.1600,,,,,,,purchaseorder,,,,,,,,,,,,,,,	56945,,,,,,,,,,,,,"{""method_title"":""Purchase Order""}"
2669,2669,,,,,,,,,4.5000,4.5000,,,28.4900,,,,28.4900,,,,,,,purchaseorder,,,,,,,,,,,,,,,56992,,,,,,,,,,,,,"{""method_title"":""Purchase Order""}"
2670,2670,,,,,,,,,4.5000,4.5000,,,36.7200,,,,36.7200,,,,,,,purchaseorder,,,,,,,,,,,,,,,56969,,,,,,,,,,,,,"{""method_title"":""Purchase Order""}"
2671,2671,,,,,,,,,0.0000,0.0000,,,48.6000,,,,48.6000,,,,,,,purchaseorder,,,,,,,,,,,,,,,56964,,,,,,,,,,,,,"{""method_title"":""Purchase Order""}"
2672,2672,,,,,,,,,4.5000,4.5000,,,36.7200,,,,36.7200,,,,,,,purchaseorder,,,,,,,,,,,,,,,57036,,,,,,,,,,,,,"{""method_title"":""Purchase Order""}"
2673,2673,,,,,,,,,4.5000,4.5000,,,53.8200,,,,53.8200,,,,,,,purchaseorder,,,,,,,,,,,,,,,57034,,,,,,,,,,,,,"{""method_title"":""Purchase Order""}"
2674,2674,,,,,,,,,4.5000,4.5000,,,33.3000,,,,33.3000,,,,,,,purchaseorder,,,,,,,,,,,,,,,57033,,,,,,,,,,,,,"{""method_title"":""Purchase Order""}"
2675,2675,,,,,,,,,4.5000,4.5000,,,29.8800,,,,29.8800,,,,,,,purchaseorder,,,,,,,,,,,,,,,	57019,,,,,,,,,,,,,"{""method_title"":""Purchase Order""}"
2676,2676,,,,,,,,,4.5000,4.5000,,,28.4900,,,,28.4900,,,,,,,purchaseorder,,,,,,,,,,,,,,,56997,,,,,,,,,,,,,"{""method_title"":""Purchase Order""}"
2677,2677,,,,,,,,,4.5000,4.5000,,,28.4900,,,,28.4900,,,,,,,purchaseorder,,,,,,,,,,,,,,,	56997,,,,,,,,,,,,,"{""method_title"":""Purchase Order""}"
2678,2678,,,,,,,,,4.5000,4.5000,,,28.4900,,,,28.4900,,,,,,,purchaseorder,,,,,,,,,,,,,,,57039,,,,,,,,,,,,,"{""method_title"":""Purchase Order""}"
2679,2679,,,,,,,,,0.0000,0.0000,,,64.9700,,,,64.9700,,,,,,,purchaseorder,,,,,,,,,,,,,,,td 13/2/23,,,,,,,,,,,,,"{""method_title"":""Purchase Order""}"
2680,2680,,,,,,,,,4.5000,4.5000,,,52.1200,,,,52.1200,,,,,,,purchaseorder,,,,,,,,,,,,,,,57138,,,,,,,,,,,,,"{""method_title"":""Purchase Order""}"
2681,2681,,,,,,,,,4.5000,4.5000,,,28.1800,,,,28.1800,,,,,,,purchaseorder,,,,,,,,,,,,,,,57193,,,,,,,,,,,,,"{""method_title"":""Purchase Order""}"
2682,2682,,,,,,,,,0.0000,0.0000,,,63.0100,,,,63.0100,,,,,,,purchaseorder,,,,,,,,,,,,,,,td 15/2/23,,,,,,,,,,,,,"{""method_title"":""Purchase Order""}"
2683,2683,,,,,,,,,4.5000,4.5000,,,54.3600,,,,54.3600,,,,,,,purchaseorder,,,,,,,,,,,,,,,57199,,,,,,,,,,,,,"{""method_title"":""Purchase Order""}"
2684,2684,,,,,,,,,4.5000,4.5000,,,52.1200,,,,52.1200,,,,,,,purchaseorder,,,,,,,,,,,,,,,	57200,,,,,,,,,,,,,"{""method_title"":""Purchase Order""}"
2685,2685,,,,,,,,,4.5000,4.5000,,,62.3800,,,,62.3800,,,,,,,purchaseorder,,,,,,,,,,,,,,,57229,,,,,,,,,,,,,"{""method_title"":""Purchase Order""}"
2686,2686,,,,,,,,,3.2900,3.2900,,,21.1100,,,,21.1100,,,,,,,purchaseorder,,,,,,,,,,,,,,,56472,,,,,,,,,,,,,"{""method_title"":""Purchase Order""}"
2687,2687,,,,,,,,,0.0000,0.0000,,,177.4800,,,,177.4800,,,,,,,purchaseorder,,,,,,,,,,,,,,,JB170223,,,,,,,,,,,,,"{""method_title"":""Purchase Order""}"
2688,2688,,,,,,,,,0.0000,0.0000,,,208.9000,,,,208.9000,,,,,,,purchaseorder,,,,,,,,,,,,,,,FC180223,,,,,,,,,,,,,"{""method_title"":""Purchase Order""}"
2689,2689,,,,,,,,,4.5000,4.5000,,,28.1800,,,,28.1800,,,,,,,purchaseorder,,,,,,,,,,,,,,,	57326,,,,,,,,,,,,,"{""method_title"":""Purchase Order""}"
2690,2690,,,,,,,,,4.5000,4.5000,,,29.3200,,,,29.3200,,,,,,,purchaseorder,,,,,,,,,,,,,,,57325,,,,,,,,,,,,,"{""method_title"":""Purchase Order""}"
2691,2691,,,,,,,,,4.5000,4.5000,,,56.6800,,,,56.6800,,,,,,,purchaseorder,,,,,,,,,,,,,,,	57307,,,,,,,,,,,,,"{""method_title"":""Purchase Order""}"
2692,2692,,,,,,,,,4.5000,4.5000,,,29.3200,,,,29.3200,,,,,,,purchaseorder,,,,,,,,,,,,,,,	57305,,,,,,,,,,,,,"{""method_title"":""Purchase Order""}"
2693,2693,,,,,,,,,4.5000,4.5000,,,38.4400,,,,38.4400,,,,,,,purchaseorder,,,,,,,,,,,,,,,57302,,,,,,,,,,,,,"{""method_title"":""Purchase Order""}"
2694,2694,,,,,,,,,4.5000,4.5000,,,119.3500,,,,119.3500,,,,,,,purchaseorder,,,,,,,,,,,,,,,	57299,,,,,,,,,,,,,"{""method_title"":""Purchase Order""}"
2695,2695,,,,,,,,,4.5000,4.5000,,,29.3200,,,,29.3200,,,,,,,purchaseorder,,,,,,,,,,,,,,,	57294,,,,,,,,,,,,,"{""method_title"":""Purchase Order""}"
2696,2696,,,,,,,,,4.5000,4.5000,,,29.8800,,,,29.8800,,,,,,,purchaseorder,,,,,,,,,,,,,,,57282,,,,,,,,,,,,,"{""method_title"":""Purchase Order""}"
2697,2697,,,,,,,,,4.5000,4.5000,,,28.1800,,,,28.1800,,,,,,,purchaseorder,,,,,,,,,,,,,,,57351,,,,,,,,,,,,,"{""method_title"":""Purchase Order""}"
2698,2698,,,,,,,,,4.5000,4.5000,,,29.3200,,,,29.3200,,,,,,,purchaseorder,,,,,,,,,,,,,,,57347,,,,,,,,,,,,,"{""method_title"":""Purchase Order""}"
2699,2699,,,,,,,,,4.5000,4.5000,,,28.4900,,,,28.4900,,,,,,,purchaseorder,,,,,,,,,,,,,,,57345,,,,,,,,,,,,,"{""method_title"":""Purchase Order""}"
2700,2700,,,,,,,,,4.5000,4.5000,,,28.4900,,,,28.4900,,,,,,,purchaseorder,,,,,,,,,,,,,,,	57370,,,,,,,,,,,,,"{""method_title"":""Purchase Order""}"
2701,2701,,,,,,,,,4.5000,4.5000,,,36.7200,,,,36.7200,,,,,,,purchaseorder,,,,,,,,,,,,,,,57361,,,,,,,,,,,,,"{""method_title"":""Purchase Order""}"
2702,2702,,,,,,,,,4.5000,4.5000,,,57.7800,,,,57.7800,,,,,,,purchaseorder,,,,,,,,,,,,,,,57376,,,,,,,,,,,,,"{""method_title"":""Purchase Order""}"
2703,2703,,,,,,,,,0.0000,0.0000,,,25.9700,,,,25.9700,,,,,,,purchaseorder,,,,,,,,,,,,,,,W3165,,,,,,,,,,,,,"{""method_title"":""Purchase Order""}"
2704,2704,,,,,,,,,0.0000,0.0000,,,44.0600,,,,44.0600,,,,,,,purchaseorder,,,,,,,,,,,,,,,	57390,,,,,,,,,,,,,"{""method_title"":""Purchase Order""}"
2705,2705,,,,,,,,,4.5000,4.5000,,,29.3200,,,,29.3200,,,,,,,purchaseorder,,,,,,,,,,,,,,,57406,,,,,,,,,,,,,"{""method_title"":""Purchase Order""}"
2706,2706,,,,,,,,,4.5000,4.5000,,,56.6800,,,,56.6800,,,,,,,purchaseorder,,,,,,,,,,,,,,,57441,,,,,,,,,,,,,"{""method_title"":""Purchase Order""}"
2707,2707,,,,,,,,,4.5000,4.5000,,,78.8800,,,,78.8800,,,,,,,purchaseorder,,,,,,,,,,,,,,,57439,,,,,,,,,,,,,"{""method_title"":""Purchase Order""}"
2708,2708,,,,,,,,,4.5000,4.5000,,,28.4900,,,,28.4900,,,,,,,purchaseorder,,,,,,,,,,,,,,,57447,,,,,,,,,,,,,"{""method_title"":""Purchase Order""}"
2709,2709,,,,,,,,,0.0000,0.0000,,,35.7100,,,,35.7100,,,,,0,,purchaseorder,,,,,,,,,0,,,,,,1-1092,0,,,,,,,,,,,,"{""method_title"":""Purchase Order""}"
2710,2710,,,,,,,,,0.0000,0.0000,,,0.0000,,,,0.0000,,,,,,,free,,,,,,,,,,,,,,,,,,,,,,,,,,,,"{""method_title"":""No Payment Information Required""}"
2711,2711,,,,,,,,,4.5000,4.5000,,,28.1800,,,,28.1800,,,,,,,purchaseorder,,,,,,,,,,,,,,,57462,,,,,,,,,,,,,"{""method_title"":""Purchase Order""}"
2712,2712,,,,,,,,,4.5000,4.5000,,,28.4900,,,,28.4900,,,,,,,purchaseorder,,,,,,,,,,,,,,,57458,,,,,,,,,,,,,"{""method_title"":""Purchase Order""}"
2713,2713,,,,,,,,,0.0000,0.0000,,,125.3900,,,,125.3900,,,,,,,purchaseorder,,,,,,,,,,,,,,,W3173,,,,,,,,,,,,,"{""method_title"":""Purchase Order""}"
2714,2714,,,,,,,,,0.0000,0.0000,,,71.2200,,,,71.2200,,,,,,,purchaseorder,,,,,,,,,,,,,,,Socks,,,,,,,,,,,,,"{""method_title"":""Purchase Order""}"
2715,2715,,,,,,,,,4.5000,4.5000,,,29.3200,,,,29.3200,,,,,,,purchaseorder,,,,,,,,,,,,,,,	57532,,,,,,,,,,,,,"{""method_title"":""Purchase Order""}"
2716,2716,,,,,,,,,4.5000,4.5000,,,58.3800,,,,58.3800,,,,,,,purchaseorder,,,,,,,,,,,,,,,57527,,,,,,,,,,,,,"{""method_title"":""Purchase Order""}"
2717,2717,,,,,,,,,4.5000,4.5000,,,28.1800,,,,28.1800,,,,,,,purchaseorder,,,,,,,,,,,,,,,	57517,,,,,,,,,,,,,"{""method_title"":""Purchase Order""}"
2718,2718,,,,,,,,,4.5000,4.5000,,,55.5400,,,,55.5400,,,,,,,purchaseorder,,,,,,,,,,,,,,,57512,,,,,,,,,,,,,"{""method_title"":""Purchase Order""}"
2719,2719,,,,,,,,,4.5000,4.5000,,,36.7200,,,,36.7200,,,,,,,purchaseorder,,,,,,,,,,,,,,,	57499,,,,,,,,,,,,,"{""method_title"":""Purchase Order""}"
2720,2720,,,,,,,,,4.5000,4.5000,,,29.8800,,,,29.8800,,,,,,,purchaseorder,,,,,,,,,,,,,,,57491,,,,,,,,,,,,,"{""method_title"":""Purchase Order""}"
2721,2721,,,,,,,,,4.5000,4.5000,,,56.6800,,,,56.6800,,,,,,,purchaseorder,,,,,,,,,,,,,,,	57481,,,,,,,,,,,,,"{""method_title"":""Purchase Order""}"
2722,2722,,,,,,,,,4.5000,4.5000,,,80.5900,,,,80.5900,,,,,,,purchaseorder,,,,,,,,,,,,,,,57474,,,,,,,,,,,,,"{""method_title"":""Purchase Order""}"
2723,2723,,,,,,,,,3.2900,3.2900,,,29.6900,,,,29.6900,,,,,,,purchaseorder,,,,,,,,,,,,,,,57472,,,,,,,,,,,,,"{""method_title"":""Purchase Order""}"
2724,2724,,,,,,,,,4.5000,4.5000,,,33.3000,,,,33.3000,,,,,,,purchaseorder,,,,,,,,,,,,,,,57470,,,,,,,,,,,,,"{""method_title"":""Purchase Order""}"
2725,2725,,,,,,,,,4.5000,4.5000,,,29.3200,,,,29.3200,,,,,,,purchaseorder,,,,,,,,,,,,,,,	57567,,,,,,,,,,,,,"{""method_title"":""Purchase Order""}"
2726,2726,,,,,,,,,4.5000,4.5000,,,62.3800,,,,62.3800,,,,,,,purchaseorder,,,,,,,,,,,,,,,57551,,,,,,,,,,,,,"{""method_title"":""Purchase Order""}"
2727,2727,,,,,,,,,4.9600,4.9600,,,57.6700,,,,57.6700,,,,,0,,purchaseorder,,,,,,,,,0,,,,,,111111,0,,,,,,,,,,,,"{""method_title"":""Purchase Order""}"
2728,2728,,,,,,,,,4.5000,4.5000,,,29.8800,,,,29.8800,,,,,,,purchaseorder,,,,,,,,,,,,,,,57620,,,,,,,,,,,,,"{""method_title"":""Purchase Order""}"
2729,2729,,,,,,,,,4.5000,4.5000,,,56.6800,,,,56.6800,,,,,,,purchaseorder,,,,,,,,,,,,,,,	57591,,,,,,,,,,,,,"{""method_title"":""Purchase Order""}"
2730,2730,,,,,,,,,4.5000,4.5000,,,28.1800,,,,28.1800,,,,,,,purchaseorder,,,,,,,,,,,,,,,57575,,,,,,,,,,,,,"{""method_title"":""Purchase Order""}"
2731,2731,,,,,,,,,4.5000,4.5000,,,53.8200,,,,53.8200,,,,,,,purchaseorder,,,,,,,,,,,,,,,57644,,,,,,,,,,,,,"{""method_title"":""Purchase Order""}"
2732,2732,,,,,,,,,4.5000,4.5000,,,102.2400,,,,102.2400,,,,,,,purchaseorder,,,,,,,,,,,,,,,57628,,,,,,,,,,,,,"{""method_title"":""Purchase Order""}"
2733,2733,,,,,,,,,0.0000,0.0000,,,55.2100,,,,55.2100,,,,,,,purchaseorder,,,,,,,,,,,,,,,W3183,,,,,,,,,,,,,"{""method_title"":""Purchase Order""}"
2734,2734,,,,,,,,,4.5000,4.5000,,,38.4400,,,,38.4400,,,,,,,purchaseorder,,,,,,,,,,,,,,,57714,,,,,,,,,,,,,"{""method_title"":""Purchase Order""}"
2735,2735,,,,,,,,,4.5000,4.5000,,,28.4900,,,,28.4900,,,,,,,purchaseorder,,,,,,,,,,,,,,,57711,,,,,,,,,,,,,"{""method_title"":""Purchase Order""}"
2736,2736,,,,,,,,,4.5000,4.5000,,,28.4900,,,,28.4900,,,,,,,purchaseorder,,,,,,,,,,,,,,,57703,,,,,,,,,,,,,"{""method_title"":""Purchase Order""}"
2737,2737,,,,,,,,,4.5000,4.5000,,,28.1800,,,,28.1800,,,,,,,purchaseorder,,,,,,,,,,,,,,,57702,,,,,,,,,,,,,"{""method_title"":""Purchase Order""}"
2738,2738,,,,,,,,,4.5000,4.5000,,,36.7200,,,,36.7200,,,,,,,purchaseorder,,,,,,,,,,,,,,,57693,,,,,,,,,,,,,"{""method_title"":""Purchase Order""}"
2739,2739,,,,,,,,,4.5000,4.5000,,,53.8200,,,,53.8200,,,,,,,purchaseorder,,,,,,,,,,,,,,,57687,,,,,,,,,,,,,"{""method_title"":""Purchase Order""}"
2740,2740,,,,,,,,,4.5000,4.5000,,,28.4900,,,,28.4900,,,,,,,purchaseorder,,,,,,,,,,,,,,,	57762,,,,,,,,,,,,,"{""method_title"":""Purchase Order""}"
2741,2741,,,,,,,,,4.5000,4.5000,,,36.7200,,,,36.7200,,,,,,,purchaseorder,,,,,,,,,,,,,,,	57745,,,,,,,,,,,,,"{""method_title"":""Purchase Order""}"
2742,2742,,,,,,,,,4.5000,4.5000,,,74.6600,,,,74.6600,,,,,,,purchaseorder,,,,,,,,,,,,,,,57783,,,,,,,,,,,,,"{""method_title"":""Purchase Order""}"
2743,2743,,,,,,,,,4.5000,4.5000,,,56.6800,,,,56.6800,,,,,,,purchaseorder,,,,,,,,,,,,,,,57815,,,,,,,,,,,,,"{""method_title"":""Purchase Order""}"
2744,2744,,,,,,,,,3.2900,3.2900,,,21.1100,,,,21.1100,,,,,,,purchaseorder,,,,,,,,,,,,,,,57895,,,,,,,,,,,,,"{""method_title"":""Purchase Order""}"
2745,2745,,,,,,,,,4.5000,4.5000,,,123.0100,,,,123.0100,,,,,,,purchaseorder,,,,,,,,,,,,,,,	57893,,,,,,,,,,,,,"{""method_title"":""Purchase Order""}"
2746,2746,,,,,,,,,4.5000,4.5000,,,28.4900,,,,28.4900,,,,,,,purchaseorder,,,,,,,,,,,,,,,57874,,,,,,,,,,,,,"{""method_title"":""Purchase Order""}"
2747,2747,,,,,,,,,4.5000,4.5000,,,29.8800,,,,29.8800,,,,,,,purchaseorder,,,,,,,,,,,,,,,57868,,,,,,,,,,,,,"{""method_title"":""Purchase Order""}"
2748,2748,,,,,,,,,4.5000,4.5000,,,28.4900,,,,28.4900,,,,,,,purchaseorder,,,,,,,,,,,,,,,57863,,,,,,,,,,,,,"{""method_title"":""Purchase Order""}"
2749,2749,,,,,,,,,4.5000,4.5000,,,28.4900,,,,28.4900,,,,,,,purchaseorder,,,,,,,,,,,,,,,57847,,,,,,,,,,,,,"{""method_title"":""Purchase Order""}"
2750,2750,,,,,,,,,4.5000,4.5000,,,28.1800,,,,28.1800,,,,,,,purchaseorder,,,,,,,,,,,,,,,57925,,,,,,,,,,,,,"{""method_title"":""Purchase Order""}"
2751,2751,,,,,,,,,4.5000,4.5000,,,28.1800,,,,28.1800,,,,,,,purchaseorder,,,,,,,,,,,,,,,57915,,,,,,,,,,,,,"{""method_title"":""Purchase Order""}"
2752,2752,,,,,,,,,0.0000,0.0000,,,56.5200,,,,56.5200,,,,,,,purchaseorder,,,,,,,,,,,,,,,td 13/3/23,,,,,,,,,,,,,"{""method_title"":""Purchase Order""}"
2753,2753,,,,,,,,,4.5000,4.5000,,,62.3800,,,,62.3800,,,,,,,purchaseorder,,,,,,,,,,,,,,,57942,,,,,,,,,,,,,"{""method_title"":""Purchase Order""}"
2754,2754,,,,,,,,,4.5000,4.5000,,,29.8800,,,,29.8800,,,,,,,purchaseorder,,,,,,,,,,,,,,,	57939,,,,,,,,,,,,,"{""method_title"":""Purchase Order""}"
2755,2755,,,,,,,,,4.5000,4.5000,,,28.1800,,,,28.1800,,,,,,,purchaseorder,,,,,,,,,,,,,,,57932,,,,,,,,,,,,,"{""method_title"":""Purchase Order""}"
2756,2756,,,,,,,,,0.0000,0.0000,,,61.7200,,,,61.7200,,,,,0,,purchaseorder,,,,,,,,,0,,,,,,1432023,0,,,,,,,,,,,,"{""method_title"":""Purchase Order""}"
2757,2757,,,,,,,,,4.5000,4.5000,,,29.3200,,,,29.3200,,,,,,,purchaseorder,,,,,,,,,,,,,,,57843,,,,,,,,,,,,,"{""method_title"":""Purchase Order""}"
2758,2758,,,,,,,,,4.5000,4.5000,,,28.1800,,,,28.1800,,,,,,,purchaseorder,,,,,,,,,,,,,,,57976,,,,,,,,,,,,,"{""method_title"":""Purchase Order""}"
2759,2759,,,,,,,,,4.5000,4.5000,,,28.1800,,,,28.1800,,,,,,,purchaseorder,,,,,,,,,,,,,,,57975,,,,,,,,,,,,,"{""method_title"":""Purchase Order""}"
2760,2760,,,,,,,,,4.5000,4.5000,,,56.6800,,,,56.6800,,,,,,,purchaseorder,,,,,,,,,,,,,,,57973,,,,,,,,,,,,,"{""method_title"":""Purchase Order""}"
2761,2761,,,,,,,,,4.5000,4.5000,,,28.4900,,,,28.4900,,,,,,,purchaseorder,,,,,,,,,,,,,,,57971,,,,,,,,,,,,,"{""method_title"":""Purchase Order""}"
2762,2762,,,,,,,,,4.5000,4.5000,,,36.7200,,,,36.7200,,,,,,,purchaseorder,,,,,,,,,,,,,,,57946,,,,,,,,,,,,,"{""method_title"":""Purchase Order""}"
2763,2763,,,,,,,,,4.5000,4.5000,,,29.8800,,,,29.8800,,,,,,,purchaseorder,,,,,,,,,,,,,,,	57945,,,,,,,,,,,,,"{""method_title"":""Purchase Order""}"
2764,2764,,,,,,,,,4.5000,4.5000,,,58.3800,,,,58.3800,,,,,,,purchaseorder,,,,,,,,,,,,,,,58006,,,,,,,,,,,,,"{""method_title"":""Purchase Order""}"
2765,2765,,,,,,,,,4.5000,4.5000,,,28.4900,,,,28.4900,,,,,,,purchaseorder,,,,,,,,,,,,,,,	58001,,,,,,,,,,,,,"{""method_title"":""Purchase Order""}"
2766,2766,,,,,,,,,0.0000,0.0000,,,115.6300,,,,115.6300,,,,,,,purchaseorder,,,,,,,,,,,,,,,kay18032023,,,,,,,,,,,,,"{""method_title"":""Purchase Order""}"
2767,2767,,,,,,,,,4.5000,4.5000,,,29.3200,,,,29.3200,,,,,,,purchaseorder,,,,,,,,,,,,,,,58095,,,,,,,,,,,,,"{""method_title"":""Purchase Order""}"
2768,2768,,,,,,,,,4.5000,4.5000,,,36.7200,,,,36.7200,,,,,,,purchaseorder,,,,,,,,,,,,,,,58094,,,,,,,,,,,,,"{""method_title"":""Purchase Order""}"
2769,2769,,,,,,,,,4.5000,4.5000,,,28.1800,,,,28.1800,,,,,,,purchaseorder,,,,,,,,,,,,,,,	58091,,,,,,,,,,,,,"{""method_title"":""Purchase Order""}"
2770,2770,,,,,,,,,0.0000,0.0000,,,176.0500,,,,176.0500,,,,,0,,purchaseorder,,,,,,,,,0,,,,,,Shopstock1,0,,,,,,,,,,,,"{""method_title"":""Purchase Order""}"
2771,2771,,,,,,,,,4.5000,4.5000,,,28.1800,,,,28.1800,,,,,,,purchaseorder,,,,,,,,,,,,,,,58071,,,,,,,,,,,,,"{""method_title"":""Purchase Order""}"
2772,2772,,,,,,,,,4.5000,4.5000,,,28.4900,,,,28.4900,,,,,,,purchaseorder,,,,,,,,,,,,,,,58066,,,,,,,,,,,,,"{""method_title"":""Purchase Order""}"
2773,2773,,,,,,,,,4.5000,4.5000,,,28.4900,,,,28.4900,,,,,,,purchaseorder,,,,,,,,,,,,,,,58057,,,,,,,,,,,,,"{""method_title"":""Purchase Order""}"
2774,2774,,,,,,,,,4.5000,4.5000,,,28.4900,,,,28.4900,,,,,,,purchaseorder,,,,,,,,,,,,,,,	58054,,,,,,,,,,,,,"{""method_title"":""Purchase Order""}"
2775,2775,,,,,,,,,4.5000,4.5000,,,76.0300,,,,76.0300,,,,,,,purchaseorder,,,,,,,,,,,,,,,58104,,,,,,,,,,,,,"{""method_title"":""Purchase Order""}"
2776,2776,,,,,,,,,0.0000,0.0000,,,116.9300,,,,116.9300,,,,,,,purchaseorder,,,,,,,,,,,,,,,td 21/3/23,,,,,,,,,,,,,"{""method_title"":""Purchase Order""}"
2777,2777,,,,,,,,,0.0000,0.0000,,,247.8500,,,,247.8500,,,,,0,,purchaseorder,,,,,,,,,0,,,,,,st210323,0,,,,,,,,,,,,"{""method_title"":""Purchase Order""}"
2778,2778,,,,,,,,,4.5000,4.5000,,,28.1800,,,,28.1800,,,,,,,purchaseorder,,,,,,,,,,,,,,,	58148,,,,,,,,,,,,,"{""method_title"":""Purchase Order""}"
2779,2779,,,,,,,,,4.5000,4.5000,,,56.6800,,,,56.6800,,,,,,,purchaseorder,,,,,,,,,,,,,,,	58125,,,,,,,,,,,,,"{""method_title"":""Purchase Order""}"
2780,2780,,,,,,,,,4.5000,4.5000,,,36.7200,,,,36.7200,,,,,,,purchaseorder,,,,,,,,,,,,,,,	58123,,,,,,,,,,,,,"{""method_title"":""Purchase Order""}"
2781,2781,,,,,,,,,4.5000,4.5000,,,56.6800,,,,56.6800,,,,,,,purchaseorder,,,,,,,,,,,,,,,	58121,,,,,,,,,,,,,"{""method_title"":""Purchase Order""}"
2782,2782,,,,,,,,,0.0000,0.0000,,,55.2100,,,,55.2100,,,,,,,purchaseorder,,,,,,,,,,,,,,,td 22/3/23,,,,,,,,,,,,,"{""method_title"":""Purchase Order""}"
2783,2783,,,,,,,,,4.5000,4.5000,,,51.5800,,,,51.5800,,,,,,,purchaseorder,,,,,,,,,,,,,,,58168,,,,,,,,,,,,,"{""method_title"":""Purchase Order""}"
2784,2784,,,,,,,,,4.5000,4.5000,,,56.6800,,,,56.6800,,,,,,,purchaseorder,,,,,,,,,,,,,,,57973,,,,,,,,,,,,,"{""method_title"":""Purchase Order""}"
2785,2785,,,,,,,,,4.5000,4.5000,,,50.9500,,,,50.9500,,,,,,,purchaseorder,,,,,,,,,,,,,,,58183,,,,,,,,,,,,,"{""method_title"":""Purchase Order""}"
2786,2786,,,,,,,,,4.5000,4.5000,,,56.6800,,,,56.6800,,,,,,,purchaseorder,,,,,,,,,,,,,,,58178,,,,,,,,,,,,,"{""method_title"":""Purchase Order""}"
2787,2787,,,,,,,,,4.5000,4.5000,,,36.7200,,,,36.7200,,,,,,,purchaseorder,,,,,,,,,,,,,,,	58197,,,,,,,,,,,,,"{""method_title"":""Purchase Order""}"
2788,2788,,,,,,,,,4.5000,4.5000,,,28.1800,,,,28.1800,,,,,,,purchaseorder,,,,,,,,,,,,,,,58194,,,,,,,,,,,,,"{""method_title"":""Purchase Order""}"
2789,2789,,,,,,,,,4.5000,4.5000,,,28.1800,,,,28.1800,,,,,,,purchaseorder,,,,,,,,,,,,,,,	58193,,,,,,,,,,,,,"{""method_title"":""Purchase Order""}"
2790,2790,,,,,,,,,4.5000,4.5000,,,29.8800,,,,29.8800,,,,,,,purchaseorder,,,,,,,,,,,,,,,	58190,,,,,,,,,,,,,"{""method_title"":""Purchase Order""}"
2791,2791,,,,,,,,,0.0000,0.0000,,,55.2100,,,,55.2100,,,,,,,purchaseorder,,,,,,,,,,,,,,,FC250323,,,,,,,,,,,,,"{""method_title"":""Purchase Order""}"
2792,2792,,,,,,,,,4.5000,4.5000,,,56.6800,,,,56.6800,,,,,,,purchaseorder,,,,,,,,,,,,,,,58263,,,,,,,,,,,,,"{""method_title"":""Purchase Order""}"
2793,2793,,,,,,,,,4.5000,4.5000,,,56.6800,,,,56.6800,,,,,,,purchaseorder,,,,,,,,,,,,,,,58254,,,,,,,,,,,,,"{""method_title"":""Purchase Order""}"
2794,2794,,,,,,,,,4.5000,4.5000,,,28.4900,,,,28.4900,,,,,,,purchaseorder,,,,,,,,,,,,,,,58229,,,,,,,,,,,,,"{""method_title"":""Purchase Order""}"
2795,2795,,,,,,,,,4.5000,4.5000,,,28.1800,,,,28.1800,,,,,,,purchaseorder,,,,,,,,,,,,,,,58212,,,,,,,,,,,,,"{""method_title"":""Purchase Order""}"
2796,2796,,,,,,,,,4.5000,4.5000,,,28.4900,,,,28.4900,,,,,,,purchaseorder,,,,,,,,,,,,,,,58208,,,,,,,,,,,,,"{""method_title"":""Purchase Order""}"
2797,2797,,,,,,,,,4.5000,4.5000,,,56.6800,,,,56.6800,,,,,,,purchaseorder,,,,,,,,,,,,,,,	58203,,,,,,,,,,,,,"{""method_title"":""Purchase Order""}"
2798,2798,,,,,,,,,4.5000,4.5000,,,58.3800,,,,58.3800,,,,,,,purchaseorder,,,,,,,,,,,,,,,58287,,,,,,,,,,,,,"{""method_title"":""Purchase Order""}"
2799,2799,,,,,,,,,4.5000,4.5000,,,62.3800,,,,62.3800,,,,,,,purchaseorder,,,,,,,,,,,,,,,58291,,,,,,,,,,,,,"{""method_title"":""Purchase Order""}"
2800,2800,,,,,,,,,0.0000,0.0000,,,80.3500,,,,80.3500,,,,,,,purchaseorder,,,,,,,,,,,,,,,JB280323,,,,,,,,,,,,,"{""method_title"":""Purchase Order""}"
2801,2801,,,,,,,,,4.5000,4.5000,,,56.6800,,,,56.6800,,,,,,,purchaseorder,,,,,,,,,,,,,,,58282,,,,,,,,,,,,,"{""method_title"":""Purchase Order""}"
2802,2802,,,,,,,,,4.5000,4.5000,,,52.4000,,,,52.4000,,,,,,,purchaseorder,,,,,,,,,,,,,,,	58299,,,,,,,,,,,,,"{""method_title"":""Purchase Order""}"
2803,2803,,,,,,,,,4.5000,4.5000,,,29.8800,,,,29.8800,,,,,,,purchaseorder,,,,,,,,,,,,,,,58311,,,,,,,,,,,,,"{""method_title"":""Purchase Order""}"
2804,2804,,,,,,,,,4.5000,4.5000,,,59.5000,,,,59.5000,,,,,,,purchaseorder,,,,,,,,,,,,,,, 58333,,,,,,,,,,,,,"{""method_title"":""Purchase Order""}"
2805,2805,,,,,,,,,0.0000,0.0000,,,351.4200,,,,351.4200,,,,,,,purchaseorder,,,,,,,,,,,,,,,FC300323,,,,,,,,,,,,,"{""method_title"":""Purchase Order""}"
2806,2806,,,,,,,,,0.0000,0.0000,,,259.7400,,,,259.7400,,,,,,,purchaseorder,,,,,,,,,,,,,,,JB300323,,,,,,,,,,,,,"{""method_title"":""Purchase Order""}"
2807,2807,,,,,,,,,4.5000,4.5000,,,29.8800,,,,29.8800,,,,,,,purchaseorder,,,,,,,,,,,,,,,58356,,,,,,,,,,,,,"{""method_title"":""Purchase Order""}"
2808,2808,,,,,,,,,4.5000,4.5000,,,28.1800,,,,28.1800,,,,,,,purchaseorder,,,,,,,,,,,,,,,58350,,,,,,,,,,,,,"{""method_title"":""Purchase Order""}"
2809,2809,,,,,,,,,4.5000,4.5000,,,28.1800,,,,28.1800,,,,,,,purchaseorder,,,,,,,,,,,,,,,58361,,,,,,,,,,,,,"{""method_title"":""Purchase Order""}"
2810,2810,,,,,,,,,0.0000,0.0000,,,172.1400,,,,172.1400,,,,,,,purchaseorder,,,,,,,,,,,,,,,FC010423,,,,,,,,,,,,,"{""method_title"":""Purchase Order""}"
2811,2811,,,,,,,,,4.5000,4.5000,,,28.4900,,,,28.4900,,,,,,,purchaseorder,,,,,,,,,,,,,,,21014,,,,,,,,,,,,,"{""method_title"":""Purchase Order""}"
2812,2812,,,,,,,,,4.5000,4.5000,,,58.3800,,,,58.3800,,,,,,,purchaseorder,,,,,,,,,,,,,,,21013,,,,,,,,,,,,,"{""method_title"":""Purchase Order""}"
2813,2813,,,,,,,,,4.5000,4.5000,,,36.7200,,,,36.7200,,,,,,,purchaseorder,,,,,,,,,,,,,,,21012,,,,,,,,,,,,,"{""method_title"":""Purchase Order""}"
2814,2814,,,,,,,,,4.5000,4.5000,,,62.3800,,,,62.3800,,,,,,,purchaseorder,,,,,,,,,,,,,,,21011,,,,,,,,,,,,,"{""method_title"":""Purchase Order""}"
2815,2815,,,,,,,,,4.5000,4.5000,,,52.1200,,,,52.1200,,,,,,,purchaseorder,,,,,,,,,,,,,,,21009,,,,,,,,,,,,,"{""method_title"":""Purchase Order""}"
2816,2816,,,,,,,,,4.5000,4.5000,,,28.1800,,,,28.1800,,,,,,,purchaseorder,,,,,,,,,,,,,,,21007,,,,,,,,,,,,,"{""method_title"":""Purchase Order""}"
2817,2817,,,,,,,,,4.5000,4.5000,,,79.4500,,,,79.4500,,,,,,,purchaseorder,,,,,,,,,,,,,,,21004,,,,,,,,,,,,,"{""method_title"":""Purchase Order""}"
2818,2818,,,,,,,,,4.5000,4.5000,,,28.1800,,,,28.1800,,,,,,,purchaseorder,,,,,,,,,,,,,,,20981,,,,,,,,,,,,,"{""method_title"":""Purchase Order""}"
2819,2819,,,,,,,,,4.5000,4.5000,,,53.8200,,,,53.8200,,,,,,,purchaseorder,,,,,,,,,,,,,,,58416,,,,,,,,,,,,,"{""method_title"":""Purchase Order""}"
2820,2820,,,,,,,,,4.5000,4.5000,,,29.8800,,,,29.8800,,,,,,,purchaseorder,,,,,,,,,,,,,,,58427,,,,,,,,,,,,,"{""method_title"":""Purchase Order""}"
2821,2821,,,,,,,,,3.2900,3.2900,,,29.6900,,,,29.6900,,,,,,,purchaseorder,,,,,,,,,,,,,,,58443,,,,,,,,,,,,,"{""method_title"":""Purchase Order""}"
2822,2822,,,,,,,,,4.5000,4.5000,,,62.3800,,,,62.3800,,,,,,,purchaseorder,,,,,,,,,,,,,,,	58465,,,,,,,,,,,,,"{""method_title"":""Purchase Order""}"
2823,2823,,,,,,,,,0.0000,0.0000,,,175.3900,,,,175.3900,,,,,,,purchaseorder,,,,,,,,,,,,,,,FC050423,,,,,,,,,,,,,"{""method_title"":""Purchase Order""}"
2824,2824,,,,,,,,,4.5000,4.5000,,,101.6800,,,,101.6800,,,,,,,purchaseorder,,,,,,,,,,,,,,,58462,,,,,,,,,,,,,"{""method_title"":""Purchase Order""}"
2825,2825,,,,,,,,,4.5000,4.5000,,,29.3200,,,,29.3200,,,,,,,purchaseorder,,,,,,,,,,,,,,,58457,,,,,,,,,,,,,"{""method_title"":""Purchase Order""}"
2826,2826,,,,,,,,,0.0000,0.0000,,,126.0200,,,,126.0200,,,,,,,purchaseorder,,,,,,,,,,,,,,,td 5/4/23,,,,,,,,,,,,,"{""method_title"":""Purchase Order""}"
2827,2827,,,,,,,,,4.5000,4.5000,,,77.7400,,,,77.7400,,,,,,,purchaseorder,,,,,,,,,,,,,,,58548,,,,,,,,,,,,,"{""method_title"":""Purchase Order""}"
2828,2828,,,,,,,,,4.5000,4.5000,,,29.8800,,,,29.8800,,,,,,,purchaseorder,,,,,,,,,,,,,,,58531,,,,,,,,,,,,,"{""method_title"":""Purchase Order""}"
2829,2829,,,,,,,,,4.5000,4.5000,,,28.4900,,,,28.4900,,,,,,,purchaseorder,,,,,,,,,,,,,,,	58530,,,,,,,,,,,,,"{""method_title"":""Purchase Order""}"
2830,2830,,,,,,,,,4.5000,4.5000,,,52.1200,,,,52.1200,,,,,,,purchaseorder,,,,,,,,,,,,,,,	58529,,,,,,,,,,,,,"{""method_title"":""Purchase Order""}"
2831,2831,,,,,,,,,4.5000,4.5000,,,28.1800,,,,28.1800,,,,,,,purchaseorder,,,,,,,,,,,,,,,58524,,,,,,,,,,,,,"{""method_title"":""Purchase Order""}"
2832,2832,,,,,,,,,4.5000,4.5000,,,52.1200,,,,52.1200,,,,,,,purchaseorder,,,,,,,,,,,,,,,58520,,,,,,,,,,,,,"{""method_title"":""Purchase Order""}"
2833,2833,,,,,,,,,4.5000,4.5000,,,52.1200,,,,52.1200,,,,,,,purchaseorder,,,,,,,,,,,,,,,58515,,,,,,,,,,,,,"{""method_title"":""Purchase Order""}"
2834,2834,,,,,,,,,4.5000,4.5000,,,29.3200,,,,29.3200,,,,,,,purchaseorder,,,,,,,,,,,,,,,58514,,,,,,,,,,,,,"{""method_title"":""Purchase Order""}"
2835,2835,,,,,,,,,4.5000,4.5000,,,29.3200,,,,29.3200,,,,,,,purchaseorder,,,,,,,,,,,,,,,58513,,,,,,,,,,,,,"{""method_title"":""Purchase Order""}"
2836,2836,,,,,,,,,3.2900,3.2900,,,21.1100,,,,21.1100,,,,,,,purchaseorder,,,,,,,,,,,,,,,	58511,,,,,,,,,,,,,"{""method_title"":""Purchase Order""}"
2837,2837,,,,,,,,,4.5000,4.5000,,,29.8800,,,,29.8800,,,,,,,purchaseorder,,,,,,,,,,,,,,,58506,,,,,,,,,,,,,"{""method_title"":""Purchase Order""}"
2838,2838,,,,,,,,,4.5000,4.5000,,,28.4900,,,,28.4900,,,,,,,purchaseorder,,,,,,,,,,,,,,,58504,,,,,,,,,,,,,"{""method_title"":""Purchase Order""}"
2839,2839,,,,,,,,,0.0000,0.0000,,,60.4200,,,,60.4200,,,,,0,,purchaseorder,,,,,,,,,0,,,,,,TB11042023,0,,,,,,,,,,,,"{""method_title"":""Purchase Order""}"
2840,2840,,,,,,,,,4.5000,4.5000,,,51.5800,,,,51.5800,,,,,,,purchaseorder,,,,,,,,,,,,,,,58614,,,,,,,,,,,,,"{""method_title"":""Purchase Order""}"
2841,2841,,,,,,,,,4.5000,4.5000,,,62.3800,,,,62.3800,,,,,,,purchaseorder,,,,,,,,,,,,,,,reeve,,,,,,,,,,,,,"{""method_title"":""Purchase Order""}"
2842,2842,,,,,,,,,4.5000,4.5000,,,29.3200,,,,29.3200,,,,,,,purchaseorder,,,,,,,,,,,,,,,58632,,,,,,,,,,,,,"{""method_title"":""Purchase Order""}"
2843,2843,,,,,,,,,0.0000,0.0000,,,120.8400,,,,120.8400,,,,,0,,purchaseorder,,,,,,,,,0,,,,,,Jillcolin,0,,,,,,,,,,,,"{""method_title"":""Purchase Order""}"
2844,2844,,,,,,,,,4.5000,4.5000,,,28.4900,,,,28.4900,,,,,,,purchaseorder,,,,,,,,,,,,,,,58678,,,,,,,,,,,,,"{""method_title"":""Purchase Order""}"
2845,2845,,,,,,,,,4.5000,4.5000,,,55.5400,,,,55.5400,,,,,,,purchaseorder,,,,,,,,,,,,,,,58556,,,,,,,,,,,,,"{""method_title"":""Purchase Order""}"
2846,2846,,,,,,,,,0.0000,0.0000,,,42.9000,,,,42.9000,,,,,,,purchaseorder,,,,,,,,,,,,,,,58683,,,,,,,,,,,,,"{""method_title"":""Purchase Order""}"
2847,2847,,,,,,,,,0.0000,0.0000,,,126.5000,,,,126.5000,,,,,,,purchaseorder,,,,,,,,,,,,,,,FC180423,,,,,,,,,,,,,"{""method_title"":""Purchase Order""}"
2848,2848,,,,,,,,,0.0000,0.0000,,,110.1600,,,,110.1600,,,,,0,,purchaseorder,,,,,,,,,0,,,,,,JB180423,0,,,,,,,,,,,,"{""method_title"":""Purchase Order""}"
2849,2849,,,,,,,,,4.5000,4.5000,,,29.3200,,,,29.3200,,,,,,,purchaseorder,,,,,,,,,,,,,,,58703,,,,,,,,,,,,,"{""method_title"":""Purchase Order""}"
2850,2850,,,,,,,,,4.5000,4.5000,,,28.4900,,,,28.4900,,,,,,,purchaseorder,,,,,,,,,,,,,,,58711,,,,,,,,,,,,,"{""method_title"":""Purchase Order""}"
2851,2851,,,,,,,,,4.5000,4.5000,,,52.1200,,,,52.1200,,,,,,,purchaseorder,,,,,,,,,,,,,,,58705,,,,,,,,,,,,,"{""method_title"":""Purchase Order""}"
2852,2852,,,,,,,,,4.5000,4.5000,,,29.8800,,,,29.8800,,,,,,,purchaseorder,,,,,,,,,,,,,,,58707,,,,,,,,,,,,,"{""method_title"":""Purchase Order""}"
2853,2853,,,,,,,,,0.0000,0.0000,,,75.3400,,,,75.3400,,,,,0,,purchaseorder,,,,,,,,,0,,,,,,FC200423,0,,,,,,,,,,,,"{""method_title"":""Purchase Order""}"
2854,2854,,,,,,,,,4.5000,4.5000,,,62.3800,,,,62.3800,,,,,,,purchaseorder,,,,,,,,,,,,,,,58738,,,,,,,,,,,,,"{""method_title"":""Purchase Order""}"
2855,2855,,,,,,,,,4.5000,4.5000,,,36.7200,,,,36.7200,,,,,,,purchaseorder,,,,,,,,,,,,,,,58734,,,,,,,,,,,,,"{""method_title"":""Purchase Order""}"
2856,2856,,,,,,,,,4.5000,4.5000,,,28.4900,,,,28.4900,,,,,,,purchaseorder,,,,,,,,,,,,,,,58733,,,,,,,,,,,,,"{""method_title"":""Purchase Order""}"
2857,2857,,,,,,,,,4.5000,4.5000,,,28.1800,,,,28.1800,,,,,,,purchaseorder,,,,,,,,,,,,,,,58795,,,,,,,,,,,,,"{""method_title"":""Purchase Order""}"
2858,2858,,,,,,,,,4.5000,4.5000,,,28.1800,,,,28.1800,,,,,,,purchaseorder,,,,,,,,,,,,,,, 58793,,,,,,,,,,,,,"{""method_title"":""Purchase Order""}"
2859,2859,,,,,,,,,4.5000,4.5000,,,56.6800,,,,56.6800,,,,,,,purchaseorder,,,,,,,,,,,,,,,58791,,,,,,,,,,,,,"{""method_title"":""Purchase Order""}"
2860,2860,,,,,,,,,0.0000,0.0000,,,90.7900,,,,90.7900,,,,,,,purchaseorder,,,,,,,,,,,,,,,JB240423,,,,,,,,,,,,,"{""method_title"":""Purchase Order""}"
2861,2861,,,,,,,,,4.5000,4.5000,,,28.4900,,,,28.4900,,,,,,,purchaseorder,,,,,,,,,,,,,,,58764,,,,,,,,,,,,,"{""method_title"":""Purchase Order""}"
2862,2862,,,,,,,,,4.5000,4.5000,,,52.1200,,,,52.1200,,,,,,,purchaseorder,,,,,,,,,,,,,,,58752,,,,,,,,,,,,,"{""method_title"":""Purchase Order""}"
2863,2863,,,,,,,,,4.5000,4.5000,,,56.6800,,,,56.6800,,,,,,,purchaseorder,,,,,,,,,,,,,,,58741,,,,,,,,,,,,,"{""method_title"":""Purchase Order""}"
2864,2864,,,,,,,,,4.5000,4.5000,,,53.8200,,,,53.8200,,,,,,,purchaseorder,,,,,,,,,,,,,,,58808,,,,,,,,,,,,,"{""method_title"":""Purchase Order""}"
2865,2865,,,,,,,,,4.5000,4.5000,,,53.8200,,,,53.8200,,,,,,,purchaseorder,,,,,,,,,,,,,,,58807,,,,,,,,,,,,,"{""method_title"":""Purchase Order""}"
2866,2866,,,,,,,,,4.5000,4.5000,,,54.9600,,,,54.9600,,,,,,,purchaseorder,,,,,,,,,,,,,,,58799,,,,,,,,,,,,,"{""method_title"":""Purchase Order""}"
2867,2867,,,,,,,,,4.5000,4.5000,,,28.4900,,,,28.4900,,,,,,,purchaseorder,,,,,,,,,,,,,,,58818,,,,,,,,,,,,,"{""method_title"":""Purchase Order""}"
2868,2868,,,,,,,,,4.5000,4.5000,,,36.7200,,,,36.7200,,,,,,,purchaseorder,,,,,,,,,,,,,,,MC01/020102805 ,,,,,,,,,,,,,"{""method_title"":""Purchase Order""}"
2869,2869,,,,,,,,,4.5000,4.5000,,,62.3800,,,,62.3800,,,,,,,purchaseorder,,,,,,,,,,,,,,,58750,,,,,,,,,,,,,"{""method_title"":""Purchase Order""}"
2870,2870,,,,,,,,,0.0000,0.0000,,,225.7200,,,,225.7200,,,,,,,purchaseorder,,,,,,,,,,,,,,,FC290423,,,,,,,,,,,,,"{""method_title"":""Purchase Order""}"
2871,2871,,,,,,,,,4.5000,4.5000,,,28.4900,,,,28.4900,,,,,,,purchaseorder,,,,,,,,,,,,,,,58879,,,,,,,,,,,,,"{""method_title"":""Purchase Order""}"
2872,2872,,,,,,,,,4.5000,4.5000,,,29.3200,,,,29.3200,,,,,,,purchaseorder,,,,,,,,,,,,,,,58881,,,,,,,,,,,,,"{""method_title"":""Purchase Order""}"
2873,2873,,,,,,,,,4.5000,4.5000,,,51.5800,,,,51.5800,,,,,,,purchaseorder,,,,,,,,,,,,,,,58897,,,,,,,,,,,,,"{""method_title"":""Purchase Order""}"
2874,2874,,,,,,,,,4.5000,4.5000,,,56.6800,,,,56.6800,,,,,,,purchaseorder,,,,,,,,,,,,,,,58910,,,,,,,,,,,,,"{""method_title"":""Purchase Order""}"
2875,2875,,,,,,,,,4.5000,4.5000,,,109.6600,,,,109.6600,,,,,,,purchaseorder,,,,,,,,,,,,,,,58911,,,,,,,,,,,,,"{""method_title"":""Purchase Order""}"
2876,2876,,,,,,,,,4.5000,4.5000,,,53.8200,,,,53.8200,,,,,,,purchaseorder,,,,,,,,,,,,,,,58914,,,,,,,,,,,,,"{""method_title"":""Purchase Order""}"
2877,2877,,,,,,,,,4.5000,4.5000,,,28.4900,,,,28.4900,,,,,,,purchaseorder,,,,,,,,,,,,,,,58924,,,,,,,,,,,,,"{""method_title"":""Purchase Order""}"
2878,2878,,,,,,,,,4.5000,4.5000,,,53.8200,,,,53.8200,,,,,,,purchaseorder,,,,,,,,,,,,,,,58914,,,,,,,,,,,,,"{""method_title"":""Purchase Order""}"
2879,2879,,,,,,,,,4.5000,4.5000,,,56.6800,,,,56.6800,,,,,,,purchaseorder,,,,,,,,,,,,,,,58895,,,,,,,,,,,,,"{""method_title"":""Purchase Order""}"
2880,2880,,,,,,,,,4.5000,4.5000,,,56.6800,,,,56.6800,,,,,,,purchaseorder,,,,,,,,,,,,,,,58900,,,,,,,,,,,,,"{""method_title"":""Purchase Order""}"
2881,2881,,,,,,,,,4.5000,4.5000,,,28.1800,,,,28.1800,,,,,,,purchaseorder,,,,,,,,,,,,,,,58951,,,,,,,,,,,,,"{""method_title"":""Purchase Order""}"
2882,2882,,,,,,,,,4.5000,4.5000,,,50.9500,,,,50.9500,,,,,,,purchaseorder,,,,,,,,,,,,,,,58942,,,,,,,,,,,,,"{""method_title"":""Purchase Order""}"
2883,2883,,,,,,,,,4.5000,4.5000,,,53.8200,,,,53.8200,,,,,,,purchaseorder,,,,,,,,,,,,,,,58939,,,,,,,,,,,,,"{""method_title"":""Purchase Order""}"
2884,2884,,,,,,,,,4.5000,4.5000,,,28.1800,,,,28.1800,,,,,,,purchaseorder,,,,,,,,,,,,,,,58935,,,,,,,,,,,,,"{""method_title"":""Purchase Order""}"
2885,2885,,,,,,,,,4.5000,4.5000,,,55.5400,,,,55.5400,,,,,,,purchaseorder,,,,,,,,,,,,,,,58556,,,,,,,,,,,,,"{""method_title"":""Purchase Order""}"
2886,2886,,,,,,,,,0.0000,0.0000,,,25.9700,,,,25.9700,,,,,,,purchaseorder,,,,,,,,,,,,,,,TB030523,,,,,,,,,,,,,"{""method_title"":""Purchase Order""}"
2887,2887,,,,,,,,,4.5000,4.5000,,,28.1800,,,,28.1800,,,,,,,purchaseorder,,,,,,,,,,,,,,,58978,,,,,,,,,,,,,"{""method_title"":""Purchase Order""}"
2888,2888,,,,,,,,,4.5000,4.5000,,,28.4900,,,,28.4900,,,,,,,purchaseorder,,,,,,,,,,,,,,,58961,,,,,,,,,,,,,"{""method_title"":""Purchase Order""}"
2889,2889,,,,,,,,,4.5000,4.5000,,,54.9600,,,,54.9600,,,,,,,purchaseorder,,,,,,,,,,,,,,,59003,,,,,,,,,,,,,"{""method_title"":""Purchase Order""}"
2890,2890,,,,,,,,,4.5000,4.5000,,,98.8300,,,,98.8300,,,,,,,purchaseorder,,,,,,,,,,,,,,,58997/58998,,,,,,,,,,,,,"{""method_title"":""Purchase Order""}"
2891,2891,,,,,,,,,0.0000,0.0000,,,60.4200,,,,60.4200,,,,,,,purchaseorder,,,,,,,,,,,,,,,FC050523,,,,,,,,,,,,,"{""method_title"":""Purchase Order""}"
2892,2892,,,,,,,,,4.5000,4.5000,,,28.4900,,,,28.4900,,,,,,,purchaseorder,,,,,,,,,,,,,,,59067,,,,,,,,,,,,,"{""method_title"":""Purchase Order""}"
2893,2893,,,,,,,,,4.5000,4.5000,,,33.3000,,,,33.3000,,,,,,,purchaseorder,,,,,,,,,,,,,,,59065,,,,,,,,,,,,,"{""method_title"":""Purchase Order""}"
2894,2894,,,,,,,,,4.5000,4.5000,,,28.4900,,,,28.4900,,,,,,,purchaseorder,,,,,,,,,,,,,,,59063,,,,,,,,,,,,,"{""method_title"":""Purchase Order""}"
2895,2895,,,,,,,,,4.5000,4.5000,,,28.4900,,,,28.4900,,,,,,,purchaseorder,,,,,,,,,,,,,,,59058,,,,,,,,,,,,,"{""method_title"":""Purchase Order""}"
2896,2896,,,,,,,,,4.5000,4.5000,,,28.4900,,,,28.4900,,,,,,,purchaseorder,,,,,,,,,,,,,,,59055,,,,,,,,,,,,,"{""method_title"":""Purchase Order""}"
2897,2897,,,,,,,,,4.5000,4.5000,,,52.1200,,,,52.1200,,,,,,,purchaseorder,,,,,,,,,,,,,,,59051,,,,,,,,,,,,,"{""method_title"":""Purchase Order""}"
2898,2898,,,,,,,,,4.5000,4.5000,,,28.4900,,,,28.4900,,,,,,,purchaseorder,,,,,,,,,,,,,,,59049,,,,,,,,,,,,,"{""method_title"":""Purchase Order""}"
2899,2899,,,,,,,,,4.5000,4.5000,,,52.1200,,,,52.1200,,,,,,,purchaseorder,,,,,,,,,,,,,,,59047,,,,,,,,,,,,,"{""method_title"":""Purchase Order""}"
2900,2900,,,,,,,,,4.5000,4.5000,,,52.1200,,,,52.1200,,,,,,,purchaseorder,,,,,,,,,,,,,,,59035,,,,,,,,,,,,,"{""method_title"":""Purchase Order""}"
2901,2901,,,,,,,,,4.5000,4.5000,,,73.7300,,,,73.7300,,,,,,,purchaseorder,,,,,,,,,,,,,,,59033,,,,,,,,,,,,,"{""method_title"":""Purchase Order""}"
2902,2902,,,,,,,,,4.5000,4.5000,,,28.4900,,,,28.4900,,,,,,,purchaseorder,,,,,,,,,,,,,,,59027,,,,,,,,,,,,,"{""method_title"":""Purchase Order""}"
2903,2903,,,,,,,,,4.5000,4.5000,,,56.6800,,,,56.6800,,,,,,,purchaseorder,,,,,,,,,,,,,,,59022,,,,,,,,,,,,,"{""method_title"":""Purchase Order""}"
2904,2904,,,,,,,,,4.5000,4.5000,,,52.1200,,,,52.1200,,,,,,,purchaseorder,,,,,,,,,,,,,,,59007,,,,,,,,,,,,,"{""method_title"":""Purchase Order""}"
2905,2905,,,,,,,,,4.5000,4.5000,,,28.4900,,,,28.4900,,,,,,,purchaseorder,,,,,,,,,,,,,,,59006,,,,,,,,,,,,,"{""method_title"":""Purchase Order""}"
2906,2906,,,,,,,,,4.5000,4.5000,,,29.3200,,,,29.3200,,,,,,,purchaseorder,,,,,,,,,,,,,,,59044,,,,,,,,,,,,,"{""method_title"":""Purchase Order""}"
2907,2907,,,,,,,,,4.5000,4.5000,,,28.4900,,,,28.4900,,,,,,,purchaseorder,,,,,,,,,,,,,,,58879,,,,,,,,,,,,,"{""method_title"":""Purchase Order""}"
2908,2908,,,,,,,,,4.5000,4.5000,,,56.6800,,,,56.6800,,,,,,,purchaseorder,,,,,,,,,,,,,,,58680,,,,,,,,,,,,,"{""method_title"":""Purchase Order""}"
2909,2909,,,,,,,,,4.5000,4.5000,,,53.8200,,,,53.8200,,,,,,,purchaseorder,,,,,,,,,,,,,,,59085,,,,,,,,,,,,,"{""method_title"":""Purchase Order""}"
2910,2910,,,,,,,,,4.5000,4.5000,,,52.1200,,,,52.1200,,,,,,,purchaseorder,,,,,,,,,,,,,,,59070,,,,,,,,,,,,,"{""method_title"":""Purchase Order""}"
2911,2911,,,,,,,,,0.0000,0.0000,,,214.9700,,,,214.9700,,,,,,,purchaseorder,,,,,,,,,,,,,,,FC100523,,,,,,,,,,,,,"{""method_title"":""Purchase Order""}"
2912,2912,,,,,,,,,4.5000,4.5000,,,58.3800,,,,58.3800,,,,,,,purchaseorder,,,,,,,,,,,,,,,59091,,,,,,,,,,,,,"{""method_title"":""Purchase Order""}"
2913,2913,,,,,,,,,0.0000,0.0000,,,157.8400,,,,157.8400,,,,,,,purchaseorder,,,,,,,,,,,,,,,JB1110523,,,,,,,,,,,,,"{""method_title"":""Purchase Order""}"
2914,2914,,,,,,,,,4.5000,4.5000,,,52.1200,,,,52.1200,,,,,,,purchaseorder,,,,,,,,,,,,,,,59106,,,,,,,,,,,,,"{""method_title"":""Purchase Order""}"
2915,2915,,,,,,,,,4.5000,4.5000,,,36.7200,,,,36.7200,,,,,,,purchaseorder,,,,,,,,,,,,,,,59124,,,,,,,,,,,,,"{""method_title"":""Purchase Order""}"
2916,2916,,,,,,,,,4.5000,4.5000,,,52.1200,,,,52.1200,,,,,,,purchaseorder,,,,,,,,,,,,,,,59114,,,,,,,,,,,,,"{""method_title"":""Purchase Order""}"
2917,2917,,,,,,,,,0.0000,0.0000,,,404.7200,,,,404.7200,,,,,0,,purchaseorder,,,,,,,,,0,,,,,,FC120523,0,,,,,,,,,,,,"{""method_title"":""Purchase Order""}"
2918,2918,,,,,,,,,0.0000,0.0000,,,239.6800,,,,239.6800,,,,,,,purchaseorder,,,,,,,,,,,,,,,FC130523,,,,,,,,,,,,,"{""method_title"":""Purchase Order""}"
2919,2919,,,,,,,,,4.5000,4.5000,,,51.5800,,,,51.5800,,,,,,,purchaseorder,,,,,,,,,,,,,,,59168,,,,,,,,,,,,,"{""method_title"":""Purchase Order""}"
2920,2920,,,,,,,,,4.5000,4.5000,,,36.7200,,,,36.7200,,,,,,,purchaseorder,,,,,,,,,,,,,,,59165,,,,,,,,,,,,,"{""method_title"":""Purchase Order""}"
2921,2921,,,,,,,,,4.5000,4.5000,,,28.4900,,,,28.4900,,,,,,,purchaseorder,,,,,,,,,,,,,,,59161,,,,,,,,,,,,,"{""method_title"":""Purchase Order""}"
2922,2922,,,,,,,,,4.5000,4.5000,,,52.1200,,,,52.1200,,,,,,,purchaseorder,,,,,,,,,,,,,,,59156,,,,,,,,,,,,,"{""method_title"":""Purchase Order""}"
2923,2923,,,,,,,,,4.5000,4.5000,,,28.4900,,,,28.4900,,,,,,,purchaseorder,,,,,,,,,,,,,,,59151,,,,,,,,,,,,,"{""method_title"":""Purchase Order""}"
2924,2924,,,,,,,,,4.5000,4.5000,,,28.1800,,,,28.1800,,,,,,,purchaseorder,,,,,,,,,,,,,,,59149,,,,,,,,,,,,,"{""method_title"":""Purchase Order""}"
2925,2925,,,,,,,,,4.5000,4.5000,,,59.5200,,,,59.5200,,,,,,,purchaseorder,,,,,,,,,,,,,,,59140,,,,,,,,,,,,,"{""method_title"":""Purchase Order""}"
2926,2926,,,,,,,,,4.5000,4.5000,,,29.8800,,,,29.8800,,,,,,,purchaseorder,,,,,,,,,,,,,,,59131,,,,,,,,,,,,,"{""method_title"":""Purchase Order""}"
2927,2927,,,,,,,,,4.5000,4.5000,,,28.1800,,,,28.1800,,,,,,,purchaseorder,,,,,,,,,,,,,,,59129,,,,,,,,,,,,,"{""method_title"":""Purchase Order""}"
2928,2928,,,,,,,,,4.5000,4.5000,,,59.5000,,,,59.5000,,,,,,,purchaseorder,,,,,,,,,,,,,,,59179,,,,,,,,,,,,,"{""method_title"":""Purchase Order""}"
2929,2929,,,,,,,,,4.5000,4.5000,,,28.1800,,,,28.1800,,,,,,,purchaseorder,,,,,,,,,,,,,,,59184,,,,,,,,,,,,,"{""method_title"":""Purchase Order""}"
2930,2930,,,,,,,,,0.0000,0.0000,,,91.5400,,,,91.5400,,,,,,,purchaseorder,,,,,,,,,,,,,,,JB160523,,,,,,,,,,,,,"{""method_title"":""Purchase Order""}"
2931,2931,,,,,,,,,4.5000,4.5000,,,28.1800,,,,28.1800,,,,,,,purchaseorder,,,,,,,,,,,,,,,59188,,,,,,,,,,,,,"{""method_title"":""Purchase Order""}"
2932,2932,,,,,,,,,4.5000,4.5000,,,29.3200,,,,29.3200,,,,,,,purchaseorder,,,,,,,,,,,,,,,59209,,,,,,,,,,,,,"{""method_title"":""Purchase Order""}"
2933,2933,,,,,,,,,4.5000,4.5000,,,53.8000,,,,53.8000,,,,,,,purchaseorder,,,,,,,,,,,,,,,59210,,,,,,,,,,,,,"{""method_title"":""Purchase Order""}"
2934,2934,,,,,,,,,4.5000,4.5000,,,28.1800,,,,28.1800,,,,,,,purchaseorder,,,,,,,,,,,,,,,59224,,,,,,,,,,,,,"{""method_title"":""Purchase Order""}"
2935,2935,,,,,,,,,4.5000,4.5000,,,53.2300,,,,53.2300,,,,,,,purchaseorder,,,,,,,,,,,,,,,59226,,,,,,,,,,,,,"{""method_title"":""Purchase Order""}"
2936,2936,,,,,,,,,3.2900,3.2900,,,12.5300,,,,12.5300,,,,,,,purchaseorder,,,,,,,,,,,,,,,59250,,,,,,,,,,,,,"{""method_title"":""Purchase Order""}"
2937,2937,,,,,,,,,4.5000,4.5000,,,38.4400,,,,38.4400,,,,,,,purchaseorder,,,,,,,,,,,,,,,59231,,,,,,,,,,,,,"{""method_title"":""Purchase Order""}"
2938,2938,,,,,,,,,4.5000,4.5000,,,53.8200,,,,53.8200,,,,,,,purchaseorder,,,,,,,,,,,,,,,59237,,,,,,,,,,,,,"{""method_title"":""Purchase Order""}"
2939,2939,,,,,,,,,4.5000,4.5000,,,28.1800,,,,28.1800,,,,,,,purchaseorder,,,,,,,,,,,,,,,59240,,,,,,,,,,,,,"{""method_title"":""Purchase Order""}"
2940,2940,,,,,,,,,4.5000,4.5000,,,28.1800,,,,28.1800,,,,,,,purchaseorder,,,,,,,,,,,,,,,59248,,,,,,,,,,,,,"{""method_title"":""Purchase Order""}"
2941,2941,,,,,,,,,4.5000,4.5000,,,29.3200,,,,29.3200,,,,,,,purchaseorder,,,,,,,,,,,,,,,59253,,,,,,,,,,,,,"{""method_title"":""Purchase Order""}"
2942,2942,,,,,,,,,4.5000,4.5000,,,53.8200,,,,53.8200,,,,,,,purchaseorder,,,,,,,,,,,,,,,58807,,,,,,,,,,,,,"{""method_title"":""Purchase Order""}"
2943,2943,,,,,,,,,4.5000,4.5000,,,28.1800,,,,28.1800,,,,,,,purchaseorder,,,,,,,,,,,,,,,59270,,,,,,,,,,,,,"{""method_title"":""Purchase Order""}"
2944,2944,,,,,,,,,4.5000,4.5000,,,36.7200,,,,36.7200,,,,,,,purchaseorder,,,,,,,,,,,,,,,59261,,,,,,,,,,,,,"{""method_title"":""Purchase Order""}"
2945,2945,,,,,,,,,4.5000,4.5000,,,28.4900,,,,28.4900,,,,,,,purchaseorder,,,,,,,,,,,,,,,59262,,,,,,,,,,,,,"{""method_title"":""Purchase Order""}"
2946,2946,,,,,,,,,4.5000,4.5000,,,87.5400,,,,87.5400,,,,,,,purchaseorder,,,,,,,,,,,,,,,59277,,,,,,,,,,,,,"{""method_title"":""Purchase Order""}"
2947,2947,,,,,,,,,4.5000,4.5000,,,28.1800,,,,28.1800,,,,,,,purchaseorder,,,,,,,,,,,,,,,59283,,,,,,,,,,,,,"{""method_title"":""Purchase Order""}"
2948,2948,,,,,,,,,4.5000,4.5000,,,28.1800,,,,28.1800,,,,,,,purchaseorder,,,,,,,,,,,,,,,59286,,,,,,,,,,,,,"{""method_title"":""Purchase Order""}"
2949,2949,,,,,,,,,4.5000,4.5000,,,28.4900,,,,28.4900,,,,,,,purchaseorder,,,,,,,,,,,,,,,59289,,,,,,,,,,,,,"{""method_title"":""Purchase Order""}"
2950,2950,,,,,,,,,4.5000,4.5000,,,36.7200,,,,36.7200,,,,,,,purchaseorder,,,,,,,,,,,,,,,59293,,,,,,,,,,,,,"{""method_title"":""Purchase Order""}"
2951,2951,,,,,,,,,4.5000,4.5000,,,29.3200,,,,29.3200,,,,,,,purchaseorder,,,,,,,,,,,,,,,59303,,,,,,,,,,,,,"{""method_title"":""Purchase Order""}"
2952,2952,,,,,,,,,4.5000,4.5000,,,53.8200,,,,53.8200,,,,,,,purchaseorder,,,,,,,,,,,,,,,59304,,,,,,,,,,,,,"{""method_title"":""Purchase Order""}"
2953,2953,,,,,,,,,4.5000,4.5000,,,56.6800,,,,56.6800,,,,,,,purchaseorder,,,,,,,,,,,,,,,59305,,,,,,,,,,,,,"{""method_title"":""Purchase Order""}"
2954,2954,,,,,,,,,4.5000,4.5000,,,36.7200,,,,36.7200,,,,,,,purchaseorder,,,,,,,,,,,,,,,59309,,,,,,,,,,,,,"{""method_title"":""Purchase Order""}"
2955,2955,,,,,,,,,4.5000,4.5000,,,28.1800,,,,28.1800,,,,,,,purchaseorder,,,,,,,,,,,,,,,59316,,,,,,,,,,,,,"{""method_title"":""Purchase Order""}"
2956,2956,,,,,,,,,4.5000,4.5000,,,59.5000,,,,59.5000,,,,,,,purchaseorder,,,,,,,,,,,,,,,59281,,,,,,,,,,,,,"{""method_title"":""Purchase Order""}"
2957,2957,,,,,,,,,0.0000,0.0000,,,106.5200,,,,106.5200,,,,,,,purchaseorder,,,,,,,,,,,,,,,td 23/5/23,,,,,,,,,,,,,"{""method_title"":""Purchase Order""}"
2958,2958,,,,,,,,,4.5000,4.5000,,,28.4900,,,,28.4900,,,,,,,purchaseorder,,,,,,,,,,,,,,,59330,,,,,,,,,,,,,"{""method_title"":""Purchase Order""}"
2959,2959,,,,,,,,,4.5000,4.5000,,,28.1800,,,,28.1800,,,,,,,purchaseorder,,,,,,,,,,,,,,,59351,,,,,,,,,,,,,"{""method_title"":""Purchase Order""}"
2960,2960,,,,,,,,,4.5000,4.5000,,,28.4900,,,,28.4900,,,,,,,purchaseorder,,,,,,,,,,,,,,,59058,,,,,,,,,,,,,"{""method_title"":""Purchase Order""}"
2961,2961,,,,,,,,,4.5000,4.5000,,,29.8800,,,,29.8800,,,,,,,purchaseorder,,,,,,,,,,,,,,,59377,,,,,,,,,,,,,"{""method_title"":""Purchase Order""}"
2962,2962,,,,,,,,,4.5000,4.5000,,,56.6800,,,,56.6800,,,,,,,purchaseorder,,,,,,,,,,,,,,,59373,,,,,,,,,,,,,"{""method_title"":""Purchase Order""}"
2963,2963,,,,,,,,,4.5000,4.5000,,,28.4900,,,,28.4900,,,,,,,purchaseorder,,,,,,,,,,,,,,,59372,,,,,,,,,,,,,"{""method_title"":""Purchase Order""}"
2964,2964,,,,,,,,,0.0000,0.0000,,,64.9700,,,,64.9700,,,,,,,purchaseorder,,,,,,,,,,,,,,,FC250523,,,,,,,,,,,,,"{""method_title"":""Purchase Order""}"
2965,2965,,,,,,,,,4.5000,4.5000,,,76.6000,,,,76.6000,,,,,,,purchaseorder,,,,,,,,,,,,,,,59385,,,,,,,,,,,,,"{""method_title"":""Purchase Order""}"
2966,2966,,,,,,,,,0.0000,0.0000,,,370.9600,,,,370.9600,,,,,,,purchaseorder,,,,,,,,,,,,,,,FC260523,,,,,,,,,,,,,"{""method_title"":""Purchase Order""}"
2967,2967,,,,,,,,,0.0000,0.0000,,,58.4600,,,,58.4600,,,,,,,purchaseorder,,,,,,,,,,,,,,,FC270523,,,,,,,,,,,,,"{""method_title"":""Purchase Order""}"
2968,2968,,,,,,,,,4.5000,4.5000,,,36.7200,,,,36.7200,,,,,,,purchaseorder,,,,,,,,,,,,,,,59445,,,,,,,,,,,,,"{""method_title"":""Purchase Order""}"
2969,2969,,,,,,,,,4.5000,4.5000,,,28.4900,,,,28.4900,,,,,,,purchaseorder,,,,,,,,,,,,,,,59444,,,,,,,,,,,,,"{""method_title"":""Purchase Order""}"
2970,2970,,,,,,,,,4.5000,4.5000,,,53.8200,,,,53.8200,,,,,,,purchaseorder,,,,,,,,,,,,,,,59439,,,,,,,,,,,,,"{""method_title"":""Purchase Order""}"
2971,2971,,,,,,,,,4.5000,4.5000,,,28.1800,,,,28.1800,,,,,,,purchaseorder,,,,,,,,,,,,,,,59414,,,,,,,,,,,,,"{""method_title"":""Purchase Order""}"
2972,2972,,,,,,,,,4.5000,4.5000,,,28.4900,,,,28.4900,,,,,,,purchaseorder,,,,,,,,,,,,,,,59403,,,,,,,,,,,,,"{""method_title"":""Purchase Order""}"
2973,2973,,,,,,,,,4.5000,4.5000,,,29.8800,,,,29.8800,,,,,,,purchaseorder,,,,,,,,,,,,,,,59392,,,,,,,,,,,,,"{""method_title"":""Purchase Order""}"
2974,2974,,,,,,,,,0.0000,0.0000,,,55.2100,,,,55.2100,,,,,,,purchaseorder,,,,,,,,,,,,,,,td 30/5/23,,,,,,,,,,,,,"{""method_title"":""Purchase Order""}"
2975,2975,,,,,,,,,0.0000,0.0000,,,58.4600,,,,58.4600,,,,,0,,purchaseorder,,,,,,,,,0,,,,,,td 31/5/23,0,,,,,,,,,,,,"{""method_title"":""Purchase Order""}"
2976,2976,,,,,,,,,4.5000,4.5000,,,28.4900,,,,28.4900,,,,,,,purchaseorder,,,,,,,,,,,,,,,59471,,,,,,,,,,,,,"{""method_title"":""Purchase Order""}"
2977,2977,,,,,,,,,4.5000,4.5000,,,28.4900,,,,28.4900,,,,,,,purchaseorder,,,,,,,,,,,,,,,59455,,,,,,,,,,,,,"{""method_title"":""Purchase Order""}"
2978,2978,,,,,,,,,0.0000,0.0000,,,55.2100,,,,55.2100,,,,,0,,purchaseorder,,,,,,,,,0,,,,,,Kelly,0,,,,,,,,,,,,"{""method_title"":""Purchase Order""}"
2979,2979,,,,,,,,,4.5000,4.5000,,,54.9600,,,,54.9600,,,,,,,purchaseorder,,,,,,,,,,,,,,,59429,,,,,,,,,,,,,"{""method_title"":""Purchase Order""}"
2980,2980,,,,,,,,,4.5000,4.5000,,,96.5000,,,,96.5000,,,,,,,purchaseorder,,,,,,,,,,,,,,,59479,,,,,,,,,,,,,"{""method_title"":""Purchase Order""}"
2981,2981,,,,,,,,,4.5000,4.5000,,,56.6800,,,,56.6800,,,,,,,purchaseorder,,,,,,,,,,,,,,,59440,,,,,,,,,,,,,"{""method_title"":""Purchase Order""}"
2982,2982,,,,,,,,,4.5000,4.5000,,,28.1800,,,,28.1800,,,,,,,purchaseorder,,,,,,,,,,,,,,,59505,,,,,,,,,,,,,"{""method_title"":""Purchase Order""}"
2983,2983,,,,,,,,,4.5000,4.5000,,,38.4400,,,,38.4400,,,,,,,purchaseorder,,,,,,,,,,,,,,,59499,,,,,,,,,,,,,"{""method_title"":""Purchase Order""}"
2984,2984,,,,,,,,,4.5000,4.5000,,,36.7200,,,,36.7200,,,,,,,purchaseorder,,,,,,,,,,,,,,,59495,,,,,,,,,,,,,"{""method_title"":""Purchase Order""}"
2985,2985,,,,,,,,,4.5000,4.5000,,,50.9500,,,,50.9500,,,,,,,purchaseorder,,,,,,,,,,,,,,,59494,,,,,,,,,,,,,"{""method_title"":""Purchase Order""}"
2986,2986,,,,,,,,,0.0000,0.0000,,,352.7400,,,,352.7400,,,,,,,purchaseorder,,,,,,,,,,,,,,,FC030623,,,,,,,,,,,,,"{""method_title"":""Purchase Order""}"
2987,2987,,,,,,,,,0.0000,0.0000,,,308.5800,,,,308.5800,,,,,,,purchaseorder,,,,,,,,,,,,,,,FC03/06/23,,,,,,,,,,,,,"{""method_title"":""Purchase Order""}"
2988,2988,,,,,,,,,4.5000,4.5000,,,53.8200,,,,53.8200,,,,,,,purchaseorder,,,,,,,,,,,,,,,59522,,,,,,,,,,,,,"{""method_title"":""Purchase Order""}"
2989,2989,,,,,,,,,4.5000,4.5000,,,28.1800,,,,28.1800,,,,,,,purchaseorder,,,,,,,,,,,,,,,59514,,,,,,,,,,,,,"{""method_title"":""Purchase Order""}"
2990,2990,,,,,,,,,4.5000,4.5000,,,53.2300,,,,53.2300,,,,,,,purchaseorder,,,,,,,,,,,,,,,59531,,,,,,,,,,,,,"{""method_title"":""Purchase Order""}"
2991,2991,,,,,,,,,4.5000,4.5000,,,98.8300,,,,98.8300,,,,,,,purchaseorder,,,,,,,,,,,,,,,59545,,,,,,,,,,,,,"{""method_title"":""Purchase Order""}"
2992,2992,,,,,,,,,4.5000,4.5000,,,28.4900,,,,28.4900,,,,,,,purchaseorder,,,,,,,,,,,,,,,59538,,,,,,,,,,,,,"{""method_title"":""Purchase Order""}"
2993,2993,,,,,,,,,0.0000,0.0000,,,56.5200,,,,56.5200,,,,,,,purchaseorder,,,,,,,,,,,,,,,kay07052022,,,,,,,,,,,,,"{""method_title"":""Purchase Order""}"
2994,2994,,,,,,,,,4.5000,4.5000,,,53.8200,,,,53.8200,,,,,,,purchaseorder,,,,,,,,,,,,,,,59571,,,,,,,,,,,,,"{""method_title"":""Purchase Order""}"
2995,2995,,,,,,,,,4.5000,4.5000,,,28.1800,,,,28.1800,,,,,,,purchaseorder,,,,,,,,,,,,,,,59559,,,,,,,,,,,,,"{""method_title"":""Purchase Order""}"
2996,2996,,,,,,,,,0.0000,0.0000,,,116.9300,,,,116.9300,,,,,,,purchaseorder,,,,,,,,,,,,,,,td 7/6/23,,,,,,,,,,,,,"{""method_title"":""Purchase Order""}"
2997,2997,,,,,,,,,4.5000,4.5000,,,28.4900,,,,28.4900,,,,,,,purchaseorder,,,,,,,,,,,,,,,59591,,,,,,,,,,,,,"{""method_title"":""Purchase Order""}"
2998,2998,,,,,,,,,0.0000,0.0000,,,94.0900,,,,94.0900,,,,,,,purchaseorder,,,,,,,,,,,,,,,FC080623,,,,,,,,,,,,,"{""method_title"":""Purchase Order""}"
2999,2999,,,,,,,,,0.0000,0.0000,,,53.2700,,,,53.2700,,,,,,,purchaseorder,,,,,,,,,,,,,,,td 12/6/23,,,,,,,,,,,,,"{""method_title"":""Purchase Order""}"
3000,3000,,,,,,,,,0.0000,0.0000,,,31.8100,,,,31.8100,,,,,,,purchaseorder,,,,,,,,,,,,,,,td 12/3/23,,,,,,,,,,,,,"{""method_title"":""Purchase Order""}"
3001,3001,,,,,,,,,0.0000,0.0000,,,51.9400,,,,51.9400,,,,,0,,purchaseorder,,,,,,,,,0,,,,,,CLUCAS,0,,,,,,,,,,,,"{""method_title"":""Purchase Order""}"
3002,3002,,,,,,,,,15.0000,15.0000,,,156.6600,,,,156.6600,,,,,,,purchaseorder,,,,,,,,,,,,,,,STOCK,,,,,,,,,,,,,"{""method_title"":""Purchase Order""}"
3003,3003,,,,,,,,,4.5000,4.5000,,,28.1800,,,,28.1800,,,,,,,purchaseorder,,,,,,,,,,,,,,,59637,,,,,,,,,,,,,"{""method_title"":""Purchase Order""}"
3004,3004,,,,,,,,,4.5000,4.5000,,,28.4900,,,,28.4900,,,,,,,purchaseorder,,,,,,,,,,,,,,,59623,,,,,,,,,,,,,"{""method_title"":""Purchase Order""}"
3005,3005,,,,,,,,,4.5000,4.5000,,,28.4900,,,,28.4900,,,,,,,purchaseorder,,,,,,,,,,,,,,,59622,,,,,,,,,,,,,"{""method_title"":""Purchase Order""}"
3006,3006,,,,,,,,,4.5000,4.5000,,,38.4400,,,,38.4400,,,,,,,purchaseorder,,,,,,,,,,,,,,,59611,,,,,,,,,,,,,"{""method_title"":""Purchase Order""}"
3007,3007,,,,,,,,,4.5000,4.5000,,,28.1800,,,,28.1800,,,,,,,purchaseorder,,,,,,,,,,,,,,,59648,,,,,,,,,,,,,"{""method_title"":""Purchase Order""}"
3008,3008,,,,,,,,,4.5000,4.5000,,,56.6800,,,,56.6800,,,,,,,purchaseorder,,,,,,,,,,,,,,,59649,,,,,,,,,,,,,"{""method_title"":""Purchase Order""}"
3009,3009,,,,,,,,,4.5000,4.5000,,,28.4900,,,,28.4900,,,,,,,purchaseorder,,,,,,,,,,,,,,,59650,,,,,,,,,,,,,"{""method_title"":""Purchase Order""}"
3010,3010,,,,,,,,,4.5000,4.5000,,,29.3200,,,,29.3200,,,,,,,purchaseorder,,,,,,,,,,,,,,,59664,,,,,,,,,,,,,"{""method_title"":""Purchase Order""}"
3011,3011,,,,,,,,,0.0000,0.0000,,,168.5300,,,,168.5300,,,,,,,purchaseorder,,,,,,,,,,,,,,,JB120623,,,,,,,,,,,,,"{""method_title"":""Purchase Order""}"
3012,3012,,,,,,,,,0.0000,0.0000,,,55.2100,,,,55.2100,,,,,,,purchaseorder,,,,,,,,,,,,,,,td 13/6/23,,,,,,,,,,,,,"{""method_title"":""Purchase Order""}"
3013,3013,,,,,,,,,0.0000,0.0000,,,58.4600,,,,58.4600,,,,,,,purchaseorder,,,,,,,,,,,,,,,td 13/6/23,,,,,,,,,,,,,"{""method_title"":""Purchase Order""}"
3014,3014,,,,,,,,,4.5000,4.5000,,,29.3200,,,,29.3200,,,,,,,purchaseorder,,,,,,,,,,,,,,,59670,,,,,,,,,,,,,"{""method_title"":""Purchase Order""}"
3015,3015,,,,,,,,,0.0000,0.0000,,,60.4200,,,,60.4200,,,,,,,purchaseorder,,,,,,,,,,,,,,,td 14/6/23,,,,,,,,,,,,,"{""method_title"":""Purchase Order""}"
3016,3016,,,,,,,,,4.5000,4.5000,,,50.9500,,,,50.9500,,,,,,,purchaseorder,,,,,,,,,,,,,,,59705,,,,,,,,,,,,,"{""method_title"":""Purchase Order""}"
3017,3017,,,,,,,,,4.5000,4.5000,,,29.8800,,,,29.8800,,,,,,,purchaseorder,,,,,,,,,,,,,,,59706,,,,,,,,,,,,,"{""method_title"":""Purchase Order""}"
3018,3018,,,,,,,,,4.5000,4.5000,,,52.1200,,,,52.1200,,,,,,,purchaseorder,,,,,,,,,,,,,,,59726,,,,,,,,,,,,,"{""method_title"":""Purchase Order""}"
3019,3019,,,,,,,,,4.5000,4.5000,,,28.1800,,,,28.1800,,,,,,,purchaseorder,,,,,,,,,,,,,,,59730,,,,,,,,,,,,,"{""method_title"":""Purchase Order""}"
3020,3020,,,,,,,,,4.5000,4.5000,,,28.1800,,,,28.1800,,,,,,,purchaseorder,,,,,,,,,,,,,,,59714,,,,,,,,,,,,,"{""method_title"":""Purchase Order""}"
3021,3021,,,,,,,,,4.5000,4.5000,,,76.6000,,,,76.6000,,,,,,,purchaseorder,,,,,,,,,,,,,,,59742,,,,,,,,,,,,,"{""method_title"":""Purchase Order""}"
3022,3022,,,,,,,,,4.5000,4.5000,,,52.6600,,,,52.6600,,,,,,,purchaseorder,,,,,,,,,,,,,,,59749,,,,,,,,,,,,,"{""method_title"":""Purchase Order""}"
3023,3023,,,,,,,,,4.5000,4.5000,,,56.6800,,,,56.6800,,,,,,,purchaseorder,,,,,,,,,,,,,,,59750,,,,,,,,,,,,,"{""method_title"":""Purchase Order""}"
3024,3024,,,,,,,,,4.5000,4.5000,,,28.1800,,,,28.1800,,,,,,,purchaseorder,,,,,,,,,,,,,,,59753,,,,,,,,,,,,,"{""method_title"":""Purchase Order""}"
3025,3025,,,,,,,,,4.5000,4.5000,,,28.4900,,,,28.4900,,,,,,,purchaseorder,,,,,,,,,,,,,,,59756,,,,,,,,,,,,,"{""method_title"":""Purchase Order""}"
3026,3026,,,,,,,,,4.5000,4.5000,,,28.1800,,,,28.1800,,,,,,,purchaseorder,,,,,,,,,,,,,,,59758,,,,,,,,,,,,,"{""method_title"":""Purchase Order""}"
3027,3027,,,,,,,,,4.5000,4.5000,,,52.1200,,,,52.1200,,,,,,,purchaseorder,,,,,,,,,,,,,,,59760,,,,,,,,,,,,,"{""method_title"":""Purchase Order""}"
3028,3028,,,,,,,,,4.5000,4.5000,,,28.4900,,,,28.4900,,,,,,,purchaseorder,,,,,,,,,,,,,,,59762,,,,,,,,,,,,,"{""method_title"":""Purchase Order""}"
3029,3029,,,,,,,,,4.5000,4.5000,,,28.4900,,,,28.4900,,,,,,,purchaseorder,,,,,,,,,,,,,,,59763,,,,,,,,,,,,,"{""method_title"":""Purchase Order""}"
3030,3030,,,,,,,,,3.2900,3.2900,,,154.3700,,,,154.3700,,,,,,,purchaseorder,,,,,,,,,,,,,,,st200623,,,,,,,,,,,,,"{""method_title"":""Purchase Order""}"
3031,3031,,,,,,,,,4.5000,4.5000,,,51.5800,,,,51.5800,,,,,,,purchaseorder,,,,,,,,,,,,,,,59793,,,,,,,,,,,,,"{""method_title"":""Purchase Order""}"
3032,3032,,,,,,,,,4.5000,4.5000,,,28.1800,,,,28.1800,,,,,,,purchaseorder,,,,,,,,,,,,,,,59800,,,,,,,,,,,,,"{""method_title"":""Purchase Order""}"
3033,3033,,,,,,,,,4.5000,4.5000,,,28.1800,,,,28.1800,,,,,,,purchaseorder,,,,,,,,,,,,,,,59789,,,,,,,,,,,,,"{""method_title"":""Purchase Order""}"
3034,3034,,,,,,,,,4.5000,4.5000,,,28.1800,,,,28.1800,,,,,,,purchaseorder,,,,,,,,,,,,,,,59821,,,,,,,,,,,,,"{""method_title"":""Purchase Order""}"
3035,3035,,,,,,,,,4.5000,4.5000,,,58.3800,,,,58.3800,,,,,,,purchaseorder,,,,,,,,,,,,,,,59825,,,,,,,,,,,,,"{""method_title"":""Purchase Order""}"
3036,3036,,,,,,,,,4.5000,4.5000,,,51.2600,,,,51.2600,,,,,,,purchaseorder,,,,,,,,,,,,,,,59829,,,,,,,,,,,,,"{""method_title"":""Purchase Order""}"
3037,3037,,,,,,,,,4.5000,4.5000,,,36.7200,,,,36.7200,,,,,,,purchaseorder,,,,,,,,,,,,,,,59831,,,,,,,,,,,,,"{""method_title"":""Purchase Order""}"
3038,3038,,,,,,,,,4.5000,4.5000,,,36.7200,,,,36.7200,,,,,,,purchaseorder,,,,,,,,,,,,,,,59837,,,,,,,,,,,,,"{""method_title"":""Purchase Order""}"
3039,3039,,,,,,,,,4.5000,4.5000,,,52.6600,,,,52.6600,,,,,,,purchaseorder,,,,,,,,,,,,,,,59749,,,,,,,,,,,,,"{""method_title"":""Purchase Order""}"
3040,3040,,,,,,,,,4.5000,4.5000,,,28.1800,,,,28.1800,,,,,,,purchaseorder,,,,,,,,,,,,,,,59827,,,,,,,,,,,,,"{""method_title"":""Purchase Order""}"
3041,3041,,,,,,,,,4.5000,4.5000,,,56.6800,,,,56.6800,,,,,,,purchaseorder,,,,,,,,,,,,,,,59649,,,,,,,,,,,,,"{""method_title"":""Purchase Order""}"
3042,3042,,,,,,,,,4.5000,4.5000,,,53.8200,,,,53.8200,,,,,,,purchaseorder,,,,,,,,,,,,,,,59864,,,,,,,,,,,,,"{""method_title"":""Purchase Order""}"
3043,3043,,,,,,,,,4.5000,4.5000,,,50.9500,,,,50.9500,,,,,,,purchaseorder,,,,,,,,,,,,,,,59866,,,,,,,,,,,,,"{""method_title"":""Purchase Order""}"
3044,3044,,,,,,,,,4.5000,4.5000,,,53.2300,,,,53.2300,,,,,,,purchaseorder,,,,,,,,,,,,,,,59870,,,,,,,,,,,,,"{""method_title"":""Purchase Order""}"
3045,3045,,,,,,,,,4.5000,4.5000,,,28.1800,,,,28.1800,,,,,,,purchaseorder,,,,,,,,,,,,,,,59877,,,,,,,,,,,,,"{""method_title"":""Purchase Order""}"
3046,3046,,,,,,,,,0.0000,0.0000,,,53.2700,,,,53.2700,,,,,,,purchaseorder,,,,,,,,,,,,,,,td 26/6/23,,,,,,,,,,,,,"{""method_title"":""Purchase Order""}"
3047,3047,,,,,,,,,4.5000,4.5000,,,29.8800,,,,29.8800,,,,,,,purchaseorder,,,,,,,,,,,,,,,59846,,,,,,,,,,,,,"{""method_title"":""Purchase Order""}"
3048,3048,,,,,,,,,4.5000,4.5000,,,28.4900,,,,28.4900,,,,,,,purchaseorder,,,,,,,,,,,,,,,59898,,,,,,,,,,,,,"{""method_title"":""Purchase Order""}"
3049,3049,,,,,,,,,4.5000,4.5000,,,52.1200,,,,52.1200,,,,,,,purchaseorder,,,,,,,,,,,,,,,59882,,,,,,,,,,,,,"{""method_title"":""Purchase Order""}"
3050,3050,,,,,,,,,4.5000,4.5000,,,62.3800,,,,62.3800,,,,,,,purchaseorder,,,,,,,,,,,,,,,59894,,,,,,,,,,,,,"{""method_title"":""Purchase Order""}"
3051,3051,,,,,,,,,0.0000,0.0000,,,294.8800,,,,294.8800,,,,,,,purchaseorder,,,,,,,,,,,,,,,td 27/6/23,,,,,,,,,,,,,"{""method_title"":""Purchase Order""}"
3052,3052,,,,,,,,,0.0000,0.0000,,,25.9700,,,,25.9700,,,,,,,purchaseorder,,,,,,,,,,,,,,,td 28/6/23,,,,,,,,,,,,,"{""method_title"":""Purchase Order""}"
3053,3053,,,,,,,,,4.5000,4.5000,,,29.3200,,,,29.3200,,,,,,,purchaseorder,,,,,,,,,,,,,,,59909,,,,,,,,,,,,,"{""method_title"":""Purchase Order""}"
3054,3054,,,,,,,,,4.5000,4.5000,,,29.3200,,,,29.3200,,,,,,,purchaseorder,,,,,,,,,,,,,,,59922,,,,,,,,,,,,,"{""method_title"":""Purchase Order""}"
3055,3055,,,,,,,,,4.5000,4.5000,,,28.1800,,,,28.1800,,,,,,,purchaseorder,,,,,,,,,,,,,,,59927,,,,,,,,,,,,,"{""method_title"":""Purchase Order""}"
3056,3056,,,,,,,,,4.5000,4.5000,,,28.4900,,,,28.4900,,,,,,,purchaseorder,,,,,,,,,,,,,,,59863,,,,,,,,,,,,,"{""method_title"":""Purchase Order""}"
3057,3057,,,,,,,,,0.0000,0.0000,,,505.9800,,,,505.9800,,,,,,,purchaseorder,,,,,,,,,,,,,,,FC290623,,,,,,,,,,,,,"{""method_title"":""Purchase Order""}"
3058,3058,,,,,,,,,4.5000,4.5000,,,36.7200,,,,36.7200,,,,,,,purchaseorder,,,,,,,,,,,,,,,59935,,,,,,,,,,,,,"{""method_title"":""Purchase Order""}"
3059,3059,,,,,,,,,4.5000,4.5000,,,29.8800,,,,29.8800,,,,,,,purchaseorder,,,,,,,,,,,,,,,59934,,,,,,,,,,,,,"{""method_title"":""Purchase Order""}"
3060,3060,,,,,,,,,4.5000,4.5000,,,28.1800,,,,28.1800,,,,,,,purchaseorder,,,,,,,,,,,,,,,59931,,,,,,,,,,,,,"{""method_title"":""Purchase Order""}"
3061,3061,,,,,,,,,4.5000,4.5000,,,52.1200,,,,52.1200,,,,,,,purchaseorder,,,,,,,,,,,,,,,59926,,,,,,,,,,,,,"{""method_title"":""Purchase Order""}"
3062,3062,,,,,,,,,4.5000,4.5000,,,33.3000,,,,33.3000,,,,,,,purchaseorder,,,,,,,,,,,,,,,59925,,,,,,,,,,,,,"{""method_title"":""Purchase Order""}"
3063,3063,,,,,,,,,0.0000,0.0000,,,56.5200,,,,56.5200,,,,,,,purchaseorder,,,,,,,,,,,,,,,FC300623,,,,,,,,,,,,,"{""method_title"":""Purchase Order""}"
3064,3064,,,,,,,,,4.5000,4.5000,,,28.1800,,,,28.1800,,,,,,,purchaseorder,,,,,,,,,,,,,,,59895,,,,,,,,,,,,,"{""method_title"":""Purchase Order""}"
3065,3065,,,,,,,,,4.5000,4.5000,,,28.1800,,,,28.1800,,,,,,,purchaseorder,,,,,,,,,,,,,,,59940,,,,,,,,,,,,,"{""method_title"":""Purchase Order""}"
3066,3066,,,,,,,,,4.5000,4.5000,,,33.3000,,,,33.3000,,,,,,,purchaseorder,,,,,,,,,,,,,,,59980,,,,,,,,,,,,,"{""method_title"":""Purchase Order""}"
3067,3067,,,,,,,,,4.5000,4.5000,,,51.2600,,,,51.2600,,,,,,,purchaseorder,,,,,,,,,,,,,,,59952,,,,,,,,,,,,,"{""method_title"":""Purchase Order""}"
3068,3068,,,,,,,,,4.5000,4.5000,,,28.4900,,,,28.4900,,,,,,,purchaseorder,,,,,,,,,,,,,,,59958,,,,,,,,,,,,,"{""method_title"":""Purchase Order""}"
3069,3069,,,,,,,,,4.5000,4.5000,,,28.4900,,,,28.4900,,,,,,,purchaseorder,,,,,,,,,,,,,,,59983,,,,,,,,,,,,,"{""method_title"":""Purchase Order""}"
3070,3070,,,,,,,,,4.5000,4.5000,,,28.4900,,,,28.4900,,,,,,,purchaseorder,,,,,,,,,,,,,,,59985,,,,,,,,,,,,,"{""method_title"":""Purchase Order""}"
3071,3071,,,,,,,,,0.0000,0.0000,,,55.2100,,,,55.2100,,,,,,,purchaseorder,,,,,,,,,,,,,,,td 3/7/23,,,,,,,,,,,,,"{""method_title"":""Purchase Order""}"
3072,3072,,,,,,,,,0.0000,0.0000,,,56.5200,,,,56.5200,,,,,,,purchaseorder,,,,,,,,,,,,,,,td 3/7/23,,,,,,,,,,,,,"{""method_title"":""Purchase Order""}"
3073,3073,,,,,,,,,4.5000,4.5000,,,54.9600,,,,54.9600,,,,,,,purchaseorder,,,,,,,,,,,,,,,60002,,,,,,,,,,,,,"{""method_title"":""Purchase Order""}"
3074,3074,,,,,,,,,4.5000,4.5000,,,28.1800,,,,28.1800,,,,,,,purchaseorder,,,,,,,,,,,,,,,59994,,,,,,,,,,,,,"{""method_title"":""Purchase Order""}"
3075,3075,,,,,,,,,0.0000,0.0000,,,176.1800,,,,176.1800,,,,,0,,purchaseorder,,,,,,,,,0,,,,,,stlw040723,0,,,,,,,,,,,,"{""method_title"":""Purchase Order""}"
3076,3076,,,,,,,,,4.5000,4.5000,,,28.1800,,,,28.1800,,,,,,,purchaseorder,,,,,,,,,,,,,,,60003,,,,,,,,,,,,,"{""method_title"":""Purchase Order""}"
3077,3077,,,,,,,,,4.5000,4.5000,,,36.7200,,,,36.7200,,,,,,,purchaseorder,,,,,,,,,,,,,,,60023,,,,,,,,,,,,,"{""method_title"":""Purchase Order""}"
3078,3078,,,,,,,,,4.5000,4.5000,,,28.4900,,,,28.4900,,,,,,,purchaseorder,,,,,,,,,,,,,,,60039,,,,,,,,,,,,,"{""method_title"":""Purchase Order""}"
3079,3079,,,,,,,,,0.0000,0.0000,,,53.2700,,,,53.2700,,,,,,,purchaseorder,,,,,,,,,,,,,,,Creer,,,,,,,,,,,,,"{""method_title"":""Purchase Order""}"
3080,3080,,,,,,,,,4.5000,4.5000,,,52.0900,,,,52.0900,,,,,,,purchaseorder,,,,,,,,,,,,,,,60057,,,,,,,,,,,,,"{""method_title"":""Purchase Order""}"
3081,3081,,,,,,,,,4.5000,4.5000,,,28.1800,,,,28.1800,,,,,,,purchaseorder,,,,,,,,,,,,,,,60106,,,,,,,,,,,,,"{""method_title"":""Purchase Order""}"
3082,3082,,,,,,,,,4.5000,4.5000,,,28.1800,,,,28.1800,,,,,,,purchaseorder,,,,,,,,,,,,,,,60110,,,,,,,,,,,,,"{""method_title"":""Purchase Order""}"
3083,3083,,,,,,,,,4.5000,4.5000,,,28.1800,,,,28.1800,,,,,,,purchaseorder,,,,,,,,,,,,,,,60113,,,,,,,,,,,,,"{""method_title"":""Purchase Order""}"
3084,3084,,,,,,,,,4.5000,4.5000,,,36.7200,,,,36.7200,,,,,,,purchaseorder,,,,,,,,,,,,,,,60097,,,,,,,,,,,,,"{""method_title"":""Purchase Order""}"
3085,3085,,,,,,,,,0.0000,0.0000,,,38.8800,,,,38.8800,,,,,,,purchaseorder,,,,,,,,,,,,,,,td 11/7/23,,,,,,,,,,,,,"{""method_title"":""Purchase Order""}"
3086,3086,,,,,,,,,0.0000,0.0000,,,58.4600,,,,58.4600,,,,,0,,purchaseorder,,,,,,,,,0,,,,,,TB 12/07/2023,0,,,,,,,,,,,,"{""method_title"":""Purchase Order""}"
3087,3087,,,,,,,,,4.5000,4.5000,,,98.8300,,,,98.8300,,,,,,,purchaseorder,,,,,,,,,,,,,,,60118,,,,,,,,,,,,,"{""method_title"":""Purchase Order""}"
3088,3088,,,,,,,,,4.5000,4.5000,,,28.4900,,,,28.4900,,,,,,,purchaseorder,,,,,,,,,,,,,,,60123,,,,,,,,,,,,,"{""method_title"":""Purchase Order""}"
3089,3089,,,,,,,,,0.0000,0.0000,,,231.8800,,,,231.8800,,,,,,,purchaseorder,,,,,,,,,,,,,,,JB120723,,,,,,,,,,,,,"{""method_title"":""Purchase Order""}"
3090,3090,,,,,,,,,4.5000,4.5000,,,62.3800,,,,62.3800,,,,,,,purchaseorder,,,,,,,,,,,,,,,60136,,,,,,,,,,,,,"{""method_title"":""Purchase Order""}"
3091,3091,,,,,,,,,4.5000,4.5000,,,28.4900,,,,28.4900,,,,,,,purchaseorder,,,,,,,,,,,,,,,60142,,,,,,,,,,,,,"{""method_title"":""Purchase Order""}"
3092,3092,,,,,,,,,4.5000,4.5000,,,28.4900,,,,28.4900,,,,,,,purchaseorder,,,,,,,,,,,,,,,60139,,,,,,,,,,,,,"{""method_title"":""Purchase Order""}"
3093,3093,,,,,,,,,4.5000,4.5000,,,29.8800,,,,29.8800,,,,,,,purchaseorder,,,,,,,,,,,,,,,60165,,,,,,,,,,,,,"{""method_title"":""Purchase Order""}"
3094,3094,,,,,,,,,4.5000,4.5000,,,53.8200,,,,53.8200,,,,,,,purchaseorder,,,,,,,,,,,,,,,60164,,,,,,,,,,,,,"{""method_title"":""Purchase Order""}"
3095,3095,,,,,,,,,4.5000,4.5000,,,28.4900,,,,28.4900,,,,,,,purchaseorder,,,,,,,,,,,,,,,60153,,,,,,,,,,,,,"{""method_title"":""Purchase Order""}"
3096,3096,,,,,,,,,0.0000,0.0000,,,249.4600,,,,249.4600,,,,,,,purchaseorder,,,,,,,,,,,,,,,FC150723,,,,,,,,,,,,,"{""method_title"":""Purchase Order""}"
3097,3097,,,,,,,,,4.5000,4.5000,,,100.5400,,,,100.5400,,,,,,,purchaseorder,,,,,,,,,,,,,,,60188,,,,,,,,,,,,,"{""method_title"":""Purchase Order""}"
3098,3098,,,,,,,,,4.5000,4.5000,,,28.1800,,,,28.1800,,,,,,,purchaseorder,,,,,,,,,,,,,,,60190,,,,,,,,,,,,,"{""method_title"":""Purchase Order""}"
3099,3099,,,,,,,,,4.5000,4.5000,,,62.3800,,,,62.3800,,,,,,,purchaseorder,,,,,,,,,,,,,,,60183,,,,,,,,,,,,,"{""method_title"":""Purchase Order""}"
3100,3100,,,,,,,,,4.5000,4.5000,,,29.3200,,,,29.3200,,,,,,,purchaseorder,,,,,,,,,,,,,,,60180,,,,,,,,,,,,,"{""method_title"":""Purchase Order""}"
3101,3101,,,,,,,,,4.5000,4.5000,,,68.0400,,,,68.0400,,,,,,,purchaseorder,,,,,,,,,,,,,,,60176,,,,,,,,,,,,,"{""method_title"":""Purchase Order""}"
3102,3102,,,,,,,,,4.5000,4.5000,,,28.1800,,,,28.1800,,,,,,,purchaseorder,,,,,,,,,,,,,,,60239,,,,,,,,,,,,,"{""method_title"":""Purchase Order""}"
3103,3103,,,,,,,,,4.5000,4.5000,,,28.4900,,,,28.4900,,,,,,,purchaseorder,,,,,,,,,,,,,,,60232,,,,,,,,,,,,,"{""method_title"":""Purchase Order""}"
3104,3104,,,,,,,,,4.5000,4.5000,,,53.8200,,,,53.8200,,,,,,,purchaseorder,,,,,,,,,,,,,,,60233,,,,,,,,,,,,,"{""method_title"":""Purchase Order""}"
3105,3105,,,,,,,,,3.2900,3.2900,,,12.3600,,,,12.3600,,,,,,,purchaseorder,,,,,,,,,,,,,,,60231,,,,,,,,,,,,,"{""method_title"":""Purchase Order""}"
3106,3106,,,,,,,,,0.0000,0.0000,,,38.8800,,,,38.8800,,,,,,,purchaseorder,,,,,,,,,,,,,,,td 18/7/ 23,,,,,,,,,,,,,"{""method_title"":""Purchase Order""}"
3107,3107,,,,,,,,,4.5000,4.5000,,,33.3000,,,,33.3000,,,,,,,purchaseorder,,,,,,,,,,,,,,,60254,,,,,,,,,,,,,"{""method_title"":""Purchase Order""}"
3108,3108,,,,,,,,,0.0000,0.0000,,,112.3600,,,,112.3600,,,,,0,,purchaseorder,,,,,,,,,0,,,,,,gawn,0,,,,,,,,,,,,"{""method_title"":""Purchase Order""}"
3109,3109,,,,,,,,,15.0000,15.0000,,,104.3900,,,,104.3900,,,,,,,purchaseorder,,,,,,,,,,,,,,,stock,,,,,,,,,,,,,"{""method_title"":""Purchase Order""}"
3110,3110,,,,,,,,,0.0000,0.0000,,,69.9100,,,,69.9100,,,,,0,,purchaseorder,,,,,,,,,0,,,,,,stock,0,,,,,,,,,,,,"{""method_title"":""Purchase Order""}"
3111,3111,,,,,,,,,4.5000,4.5000,,,29.3200,,,,29.3200,,,,,,,purchaseorder,,,,,,,,,,,,,,,60251,,,,,,,,,,,,,"{""method_title"":""Purchase Order""}"
3112,3112,,,,,,,,,4.5000,4.5000,,,29.3200,,,,29.3200,,,,,,,purchaseorder,,,,,,,,,,,,,,,60238,,,,,,,,,,,,,"{""method_title"":""Purchase Order""}"
3113,3113,,,,,,,,,4.5000,4.5000,,,28.1800,,,,28.1800,,,,,,,purchaseorder,,,,,,,,,,,,,,,60280,,,,,,,,,,,,,"{""method_title"":""Purchase Order""}"
3114,3114,,,,,,,,,4.5000,4.5000,,,29.3200,,,,29.3200,,,,,,,purchaseorder,,,,,,,,,,,,,,,60277,,,,,,,,,,,,,"{""method_title"":""Purchase Order""}"
3115,3115,,,,,,,,,4.5000,4.5000,,,110.8000,,,,110.8000,,,,,,,purchaseorder,,,,,,,,,,,,,,,60276,,,,,,,,,,,,,"{""method_title"":""Purchase Order""}"
3116,3116,,,,,,,,,4.5000,4.5000,,,28.1800,,,,28.1800,,,,,,,purchaseorder,,,,,,,,,,,,,,,60295,,,,,,,,,,,,,"{""method_title"":""Purchase Order""}"
3117,3117,,,,,,,,,4.5000,4.5000,,,28.1800,,,,28.1800,,,,,,,purchaseorder,,,,,,,,,,,,,,,60302,,,,,,,,,,,,,"{""method_title"":""Purchase Order""}"
3118,3118,,,,,,,,,4.5000,4.5000,,,28.4900,,,,28.4900,,,,,,,purchaseorder,,,,,,,,,,,,,,,60299,,,,,,,,,,,,,"{""method_title"":""Purchase Order""}"
3119,3119,,,,,,,,,4.5000,4.5000,,,28.4900,,,,28.4900,,,,,,,purchaseorder,,,,,,,,,,,,,,,60298,,,,,,,,,,,,,"{""method_title"":""Purchase Order""}"
3120,3120,,,,,,,,,4.5000,4.5000,,,28.1800,,,,28.1800,,,,,,,purchaseorder,,,,,,,,,,,,,,,60264,,,,,,,,,,,,,"{""method_title"":""Purchase Order""}"
3121,3121,,,,,,,,,0.0000,0.0000,,,377.5600,,,,377.5600,,,,,,,purchaseorder,,,,,,,,,,,,,,,JB220723,,,,,,,,,,,,,"{""method_title"":""Purchase Order""}"
3122,3122,,,,,,,,,4.5000,4.5000,,,104.5200,,,,104.5200,,,,,,,purchaseorder,,,,,,,,,,,,,,,60316,,,,,,,,,,,,,"{""method_title"":""Purchase Order""}"
3123,3123,,,,,,,,,4.5000,4.5000,,,28.4900,,,,28.4900,,,,,,,purchaseorder,,,,,,,,,,,,,,,60324,,,,,,,,,,,,,"{""method_title"":""Purchase Order""}"
3124,3124,,,,,,,,,4.5000,4.5000,,,29.8800,,,,29.8800,,,,,,,purchaseorder,,,,,,,,,,,,,,,60325,,,,,,,,,,,,,"{""method_title"":""Purchase Order""}"
3125,3125,,,,,,,,,4.5000,4.5000,,,36.7200,,,,36.7200,,,,,,,purchaseorder,,,,,,,,,,,,,,,60336,,,,,,,,,,,,,"{""method_title"":""Purchase Order""}"
3126,3126,,,,,,,,,4.5000,4.5000,,,52.0900,,,,52.0900,,,,,,,purchaseorder,,,,,,,,,,,,,,,60319,,,,,,,,,,,,,"{""method_title"":""Purchase Order""}"
3127,3127,,,,,,,,,4.5000,4.5000,,,28.1800,,,,28.1800,,,,,,,purchaseorder,,,,,,,,,,,,,,,60342,,,,,,,,,,,,,"{""method_title"":""Purchase Order""}"
3128,3128,,,,,,,,,4.5000,4.5000,,,54.9600,,,,54.9600,,,,,,,purchaseorder,,,,,,,,,,,,,,,60347,,,,,,,,,,,,,"{""method_title"":""Purchase Order""}"
3129,3129,,,,,,,,,4.5000,4.5000,,,28.4900,,,,28.4900,,,,,,,purchaseorder,,,,,,,,,,,,,,,60350,,,,,,,,,,,,,"{""method_title"":""Purchase Order""}"
3130,3130,,,,,,,,,4.5000,4.5000,,,28.4900,,,,28.4900,,,,,,,purchaseorder,,,,,,,,,,,,,,,60351,,,,,,,,,,,,,"{""method_title"":""Purchase Order""}"
3131,3131,,,,,,,,,4.5000,4.5000,,,29.3200,,,,29.3200,,,,,,,purchaseorder,,,,,,,,,,,,,,,60354,,,,,,,,,,,,,"{""method_title"":""Purchase Order""}"
3132,3132,,,,,,,,,4.5000,4.5000,,,28.4900,,,,28.4900,,,,,,,purchaseorder,,,,,,,,,,,,,,,60361,,,,,,,,,,,,,"{""method_title"":""Purchase Order""}"
3133,3133,,,,,,,,,4.5000,4.5000,,,59.5000,,,,59.5000,,,,,,,purchaseorder,,,,,,,,,,,,,,,60364,,,,,,,,,,,,,"{""method_title"":""Purchase Order""}"
3134,3134,,,,,,,,,4.5000,4.5000,,,28.4900,,,,28.4900,,,,,,,purchaseorder,,,,,,,,,,,,,,,60365,,,,,,,,,,,,,"{""method_title"":""Purchase Order""}"
3135,3135,,,,,,,,,4.5000,4.5000,,,28.4900,,,,28.4900,,,,,,,purchaseorder,,,,,,,,,,,,,,,60367,,,,,,,,,,,,,"{""method_title"":""Purchase Order""}"
3136,3136,,,,,,,,,4.5000,4.5000,,,36.7200,,,,36.7200,,,,,,,purchaseorder,,,,,,,,,,,,,,,60381,,,,,,,,,,,,,"{""method_title"":""Purchase Order""}"
3137,3137,,,,,,,,,4.5000,4.5000,,,28.1800,,,,28.1800,,,,,,,purchaseorder,,,,,,,,,,,,,,,60372,,,,,,,,,,,,,"{""method_title"":""Purchase Order""}"
3138,3138,,,,,,,,,4.5000,4.5000,,,28.4900,,,,28.4900,,,,,,,purchaseorder,,,,,,,,,,,,,,,60396,,,,,,,,,,,,,"{""method_title"":""Purchase Order""}"
3139,3139,,,,,,,,,4.5000,4.5000,,,52.1200,,,,52.1200,,,,,,,purchaseorder,,,,,,,,,,,,,,,60394,,,,,,,,,,,,,"{""method_title"":""Purchase Order""}"
3140,3140,,,,,,,,,4.5000,4.5000,,,28.4900,,,,28.4900,,,,,,,purchaseorder,,,,,,,,,,,,,,,60389,,,,,,,,,,,,,"{""method_title"":""Purchase Order""}"
3141,3141,,,,,,,,,4.5000,4.5000,,,28.4900,,,,28.4900,,,,,,,purchaseorder,,,,,,,,,,,,,,,60385,,,,,,,,,,,,,"{""method_title"":""Purchase Order""}"
3142,3142,,,,,,,,,4.5000,4.5000,,,52.1200,,,,52.1200,,,,,,,purchaseorder,,,,,,,,,,,,,,,60379,,,,,,,,,,,,,"{""method_title"":""Purchase Order""}"
3143,3143,,,,,,,,,0.0000,0.0000,,,31.8100,,,,31.8100,,,,,,,purchaseorder,,,,,,,,,,,,,,,td 25/7/23,,,,,,,,,,,,,"{""method_title"":""Purchase Order""}"
3144,3144,,,,,,,,,4.5000,4.5000,,,29.8800,,,,29.8800,,,,,,,purchaseorder,,,,,,,,,,,,,,,60418,,,,,,,,,,,,,"{""method_title"":""Purchase Order""}"
3145,3145,,,,,,,,,4.5000,4.5000,,,36.7200,,,,36.7200,,,,,,,purchaseorder,,,,,,,,,,,,,,,60422,,,,,,,,,,,,,"{""method_title"":""Purchase Order""}"
3146,3146,,,,,,,,,4.5000,4.5000,,,28.4900,,,,28.4900,,,,,,,purchaseorder,,,,,,,,,,,,,,,60425,,,,,,,,,,,,,"{""method_title"":""Purchase Order""}"
3147,3147,,,,,,,,,4.5000,4.5000,,,28.1800,,,,28.1800,,,,,,,purchaseorder,,,,,,,,,,,,,,,60432,,,,,,,,,,,,,"{""method_title"":""Purchase Order""}"
3148,3148,,,,,,,,,4.5000,4.5000,,,36.7200,,,,36.7200,,,,,,,purchaseorder,,,,,,,,,,,,,,,60435,,,,,,,,,,,,,"{""method_title"":""Purchase Order""}"
3149,3149,,,,,,,,,4.5000,4.5000,,,28.1800,,,,28.1800,,,,,,,purchaseorder,,,,,,,,,,,,,,,60450,,,,,,,,,,,,,"{""method_title"":""Purchase Order""}"
3150,3150,,,,,,,,,4.5000,4.5000,,,28.1800,,,,28.1800,,,,,,,purchaseorder,,,,,,,,,,,,,,,60447,,,,,,,,,,,,,"{""method_title"":""Purchase Order""}"
3151,3151,,,,,,,,,3.2900,3.2900,,,12.5300,,,,12.5300,,,,,,,purchaseorder,,,,,,,,,,,,,,,60457,,,,,,,,,,,,,"{""method_title"":""Purchase Order""}"
3152,3152,,,,,,,,,4.5000,4.5000,,,28.4900,,,,28.4900,,,,,,,purchaseorder,,,,,,,,,,,,,,,60463,,,,,,,,,,,,,"{""method_title"":""Purchase Order""}"
3153,3153,,,,,,,,,0.0000,0.0000,,,89.5800,,,,89.5800,,,,,,,purchaseorder,,,,,,,,,,,,,,,FC290723,,,,,,,,,,,,,"{""method_title"":""Purchase Order""}"
3154,3154,,,,,,,,,4.5000,4.5000,,,28.4900,,,,28.4900,,,,,,,purchaseorder,,,,,,,,,,,,,,,60485,,,,,,,,,,,,,"{""method_title"":""Purchase Order""}"
3155,3155,,,,,,,,,4.5000,4.5000,,,36.7200,,,,36.7200,,,,,,,purchaseorder,,,,,,,,,,,,,,,60498,,,,,,,,,,,,,"{""method_title"":""Purchase Order""}"
3156,3156,,,,,,,,,4.5000,4.5000,,,53.8200,,,,53.8200,,,,,,,purchaseorder,,,,,,,,,,,,,,,60521,,,,,,,,,,,,,"{""method_title"":""Purchase Order""}"
3157,3157,,,,,,,,,4.5000,4.5000,,,28.4900,,,,28.4900,,,,,,,purchaseorder,,,,,,,,,,,,,,,60523,,,,,,,,,,,,,"{""method_title"":""Purchase Order""}"
3158,3158,,,,,,,,,4.5000,4.5000,,,28.1800,,,,28.1800,,,,,,,purchaseorder,,,,,,,,,,,,,,,60524,,,,,,,,,,,,,"{""method_title"":""Purchase Order""}"
3159,3159,,,,,,,,,4.5000,4.5000,,,33.3000,,,,33.3000,,,,,,,purchaseorder,,,,,,,,,,,,,,,60526,,,,,,,,,,,,,"{""method_title"":""Purchase Order""}"
3160,3160,,,,,,,,,4.5000,4.5000,,,28.1800,,,,28.1800,,,,,,,purchaseorder,,,,,,,,,,,,,,,60548,,,,,,,,,,,,,"{""method_title"":""Purchase Order""}"
3161,3161,,,,,,,,,4.5000,4.5000,,,28.1800,,,,28.1800,,,,,,,purchaseorder,,,,,,,,,,,,,,,60546,,,,,,,,,,,,,"{""method_title"":""Purchase Order""}"
3162,3162,,,,,,,,,4.5000,4.5000,,,36.7200,,,,36.7200,,,,,,,purchaseorder,,,,,,,,,,,,,,,60544,,,,,,,,,,,,,"{""method_title"":""Purchase Order""}"
3163,3163,,,,,,,,,4.5000,4.5000,,,28.4900,,,,28.4900,,,,,,,purchaseorder,,,,,,,,,,,,,,,60538,,,,,,,,,,,,,"{""method_title"":""Purchase Order""}"
3164,3164,,,,,,,,,4.5000,4.5000,,,28.4900,,,,28.4900,,,,,,,purchaseorder,,,,,,,,,,,,,,,60556,,,,,,,,,,,,,"{""method_title"":""Purchase Order""}"
3165,3165,,,,,,,,,3.2900,3.2900,,,23.3900,,,,23.3900,,,,,0,,purchaseorder,,,,,,,,,0,,,,,,310723,0,,,,,,,,,,,,"{""method_title"":""Purchase Order""}"
3166,3166,,,,,,,,,4.5000,4.5000,,,51.5800,,,,51.5800,,,,,,,purchaseorder,,,,,,,,,,,,,,,60571,,,,,,,,,,,,,"{""method_title"":""Purchase Order""}"
3167,3167,,,,,,,,,4.5000,4.5000,,,28.1800,,,,28.1800,,,,,,,purchaseorder,,,,,,,,,,,,,,,60587,,,,,,,,,,,,,"{""method_title"":""Purchase Order""}"
3168,3168,,,,,,,,,4.5000,4.5000,,,28.1800,,,,28.1800,,,,,,,purchaseorder,,,,,,,,,,,,,,,60608,,,,,,,,,,,,,"{""method_title"":""Purchase Order""}"
3169,3169,,,,,,,,,4.5000,4.5000,,,53.8200,,,,53.8200,,,,,,,purchaseorder,,,,,,,,,,,,,,,60601,,,,,,,,,,,,,"{""method_title"":""Purchase Order""}"
3170,3170,,,,,,,,,4.5000,4.5000,,,29.8800,,,,29.8800,,,,,,,purchaseorder,,,,,,,,,,,,,,,60622,,,,,,,,,,,,,"{""method_title"":""Purchase Order""}"
3171,3171,,,,,,,,,4.5000,4.5000,,,29.8800,,,,29.8800,,,,,,,purchaseorder,,,,,,,,,,,,,,,60627,,,,,,,,,,,,,"{""method_title"":""Purchase Order""}"
3172,3172,,,,,,,,,4.5000,4.5000,,,28.1800,,,,28.1800,,,,,,,purchaseorder,,,,,,,,,,,,,,,60661,,,,,,,,,,,,,"{""method_title"":""Purchase Order""}"
3173,3173,,,,,,,,,4.5000,4.5000,,,28.4900,,,,28.4900,,,,,,,purchaseorder,,,,,,,,,,,,,,,60656,,,,,,,,,,,,,"{""method_title"":""Purchase Order""}"
3174,3174,,,,,,,,,4.5000,4.5000,,,28.4900,,,,28.4900,,,,,,,purchaseorder,,,,,,,,,,,,,,,60650,,,,,,,,,,,,,"{""method_title"":""Purchase Order""}"
3175,3175,,,,,,,,,4.5000,4.5000,,,28.4900,,,,28.4900,,,,,,,purchaseorder,,,,,,,,,,,,,,,60649,,,,,,,,,,,,,"{""method_title"":""Purchase Order""}"
3176,3176,,,,,,,,,4.5000,4.5000,,,28.4900,,,,28.4900,,,,,,,purchaseorder,,,,,,,,,,,,,,,60643,,,,,,,,,,,,,"{""method_title"":""Purchase Order""}"
3177,3177,,,,,,,,,0.0000,0.0000,,,412.5100,,,,412.5100,,,,,,,purchaseorder,,,,,,,,,,,,,,,FC04/08/23,,,,,,,,,,,,,"{""method_title"":""Purchase Order""}"
3178,3178,,,,,,,,,4.5000,4.5000,,,59.8100,,,,59.8100,,,,,,,purchaseorder,,,,,,,,,,,,,,,60681,,,,,,,,,,,,,"{""method_title"":""Purchase Order""}"
3179,3179,,,,,,,,,4.5000,4.5000,,,29.3200,,,,29.3200,,,,,,,purchaseorder,,,,,,,,,,,,,,,60635,,,,,,,,,,,,,"{""method_title"":""Purchase Order""}"
3180,3180,,,,,,,,,15.0000,15.0000,,,209.2600,,,,209.2600,,,,,0,,purchaseorder,,,,,,,,,0,,,,,,STOCK,0,,,,,,,,,,,,"{""method_title"":""Purchase Order""}"
3181,3181,,,,,,,,,4.5000,4.5000,,,28.4900,,,,28.4900,,,,,,,purchaseorder,,,,,,,,,,,,,,,60697,,,,,,,,,,,,,"{""method_title"":""Purchase Order""}"
3182,3182,,,,,,,,,4.5000,4.5000,,,28.4900,,,,28.4900,,,,,,,purchaseorder,,,,,,,,,,,,,,,60741,,,,,,,,,,,,,"{""method_title"":""Purchase Order""}"
3183,3183,,,,,,,,,4.5000,4.5000,,,36.7200,,,,36.7200,,,,,,,purchaseorder,,,,,,,,,,,,,,,60742,,,,,,,,,,,,,"{""method_title"":""Purchase Order""}"
3184,3184,,,,,,,,,4.5000,4.5000,,,28.1800,,,,28.1800,,,,,,,purchaseorder,,,,,,,,,,,,,,,60731,,,,,,,,,,,,,"{""method_title"":""Purchase Order""}"
3185,3185,,,,,,,,,4.5000,4.5000,,,36.7200,,,,36.7200,,,,,,,purchaseorder,,,,,,,,,,,,,,,60726,,,,,,,,,,,,,"{""method_title"":""Purchase Order""}"
3186,3186,,,,,,,,,4.5000,4.5000,,,97.1300,,,,97.1300,,,,,,,purchaseorder,,,,,,,,,,,,,,,60721,,,,,,,,,,,,,"{""method_title"":""Purchase Order""}"
3187,3187,,,,,,,,,4.5000,4.5000,,,29.3200,,,,29.3200,,,,,,,purchaseorder,,,,,,,,,,,,,,,60714,,,,,,,,,,,,,"{""method_title"":""Purchase Order""}"
3188,3188,,,,,,,,,4.5000,4.5000,,,29.3200,,,,29.3200,,,,,,,purchaseorder,,,,,,,,,,,,,,,60702,,,,,,,,,,,,,"{""method_title"":""Purchase Order""}"
3189,3189,,,,,,,,,0.0000,0.0000,,,34.3200,,,,34.3200,,,,,,,purchaseorder,,,,,,,,,,,,,,,60720,,,,,,,,,,,,,"{""method_title"":""Purchase Order""}"
3190,3190,,,,,,,,,4.5000,4.5000,,,51.2600,,,,51.2600,,,,,,,purchaseorder,,,,,,,,,,,,,,,60740,,,,,,,,,,,,,"{""method_title"":""Purchase Order""}"
3191,3191,,,,,,,,,4.5000,4.5000,,,28.1800,,,,28.1800,,,,,,,purchaseorder,,,,,,,,,,,,,,,60703,,,,,,,,,,,,,"{""method_title"":""Purchase Order""}"
3192,3192,,,,,,,,,0.0000,0.0000,,,31.8100,,,,31.8100,,,,,,,purchaseorder,,,,,,,,,,,,,,,td 7/8/23,,,,,,,,,,,,,"{""method_title"":""Purchase Order""}"
3193,3193,,,,,,,,,0.0000,0.0000,,,63.6200,,,,63.6200,,,,,0,,purchaseorder,,,,,,,,,0,,,,,,TB,0,,,,,,,,,,,,"{""method_title"":""Purchase Order""}"
3194,3194,,,,,,,,,0.0000,0.0000,,,53.2700,,,,53.2700,,,,,,,purchaseorder,,,,,,,,,,,,,,,TB,,,,,,,,,,,,,"{""method_title"":""Purchase Order""}"
3195,3195,,,,,,,,,4.5000,4.5000,,,29.8800,,,,29.8800,,,,,,,purchaseorder,,,,,,,,,,,,,,,60746,,,,,,,,,,,,,"{""method_title"":""Purchase Order""}"
3196,3196,,,,,,,,,4.5000,4.5000,,,28.4900,,,,28.4900,,,,,,,purchaseorder,,,,,,,,,,,,,,,60780,,,,,,,,,,,,,"{""method_title"":""Purchase Order""}"
3197,3197,,,,,,,,,4.5000,4.5000,,,28.4900,,,,28.4900,,,,,,,purchaseorder,,,,,,,,,,,,,,,60805,,,,,,,,,,,,,"{""method_title"":""Purchase Order""}"
3198,3198,,,,,,,,,4.5000,4.5000,,,29.8800,,,,29.8800,,,,,,,purchaseorder,,,,,,,,,,,,,,,60812,,,,,,,,,,,,,"{""method_title"":""Purchase Order""}"
3199,3199,,,,,,,,,4.5000,4.5000,,,36.7200,,,,36.7200,,,,,,,purchaseorder,,,,,,,,,,,,,,,60845,,,,,,,,,,,,,"{""method_title"":""Purchase Order""}"
3200,3200,,,,,,,,,4.5000,4.5000,,,29.8800,,,,29.8800,,,,,,,purchaseorder,,,,,,,,,,,,,,,60834,,,,,,,,,,,,,"{""method_title"":""Purchase Order""}"
3201,3201,,,,,,,,,4.5000,4.5000,,,28.4900,,,,28.4900,,,,,,,purchaseorder,,,,,,,,,,,,,,,60832,,,,,,,,,,,,,"{""method_title"":""Purchase Order""}"
3202,3202,,,,,,,,,4.5000,4.5000,,,36.7200,,,,36.7200,,,,,,,purchaseorder,,,,,,,,,,,,,,,60828,,,,,,,,,,,,,"{""method_title"":""Purchase Order""}"
3203,3203,,,,,,,,,4.5000,4.5000,,,28.4900,,,,28.4900,,,,,,,purchaseorder,,,,,,,,,,,,,,,60824,,,,,,,,,,,,,"{""method_title"":""Purchase Order""}"
3204,3204,,,,,,,,,4.5000,4.5000,,,28.4900,,,,28.4900,,,,,,,purchaseorder,,,,,,,,,,,,,,,60820,,,,,,,,,,,,,"{""method_title"":""Purchase Order""}"
3205,3205,,,,,,,,,4.5000,4.5000,,,53.8200,,,,53.8200,,,,,,,purchaseorder,,,,,,,,,,,,,,,60601,,,,,,,,,,,,,"{""method_title"":""Purchase Order""}"
3206,3206,,,,,,,,,4.5000,4.5000,,,29.8800,,,,29.8800,,,,,,,purchaseorder,,,,,,,,,,,,,,,60858,,,,,,,,,,,,,"{""method_title"":""Purchase Order""}"
3207,3207,,,,,,,,,4.5000,4.5000,,,29.8800,,,,29.8800,,,,,,,purchaseorder,,,,,,,,,,,,,,,60863,,,,,,,,,,,,,"{""method_title"":""Purchase Order""}"
3208,3208,,,,,,,,,4.5000,4.5000,,,29.8800,,,,29.8800,,,,,,,purchaseorder,,,,,,,,,,,,,,,60891,,,,,,,,,,,,,"{""method_title"":""Purchase Order""}"
3209,3209,,,,,,,,,4.5000,4.5000,,,52.4000,,,,52.4000,,,,,,,purchaseorder,,,,,,,,,,,,,,,60873,,,,,,,,,,,,,"{""method_title"":""Purchase Order""}"
3210,3210,,,,,,,,,4.5000,4.5000,,,33.3000,,,,33.3000,,,,,,,purchaseorder,,,,,,,,,,,,,,,60924,,,,,,,,,,,,,"{""method_title"":""Purchase Order""}"
3211,3211,,,,,,,,,4.5000,4.5000,,,29.3200,,,,29.3200,,,,,,,purchaseorder,,,,,,,,,,,,,,,60909,,,,,,,,,,,,,"{""method_title"":""Purchase Order""}"
3212,3212,,,,,,,,,4.5000,4.5000,,,54.9600,,,,54.9600,,,,,,,purchaseorder,,,,,,,,,,,,,,,60916,,,,,,,,,,,,,"{""method_title"":""Purchase Order""}"
3213,3213,,,,,,,,,4.5000,4.5000,,,28.4900,,,,28.4900,,,,,,,purchaseorder,,,,,,,,,,,,,,,60929,,,,,,,,,,,,,"{""method_title"":""Purchase Order""}"
3214,3214,,,,,,,,,0.0000,0.0000,,,122.0900,,,,122.0900,,,,,0,,purchaseorder,,,,,,,,,0,,,,,,TB,0,,,,,,,,,,,,"{""method_title"":""Purchase Order""}"
3215,3215,,,,,,,,,4.5000,4.5000,,,28.1800,,,,28.1800,,,,,,,purchaseorder,,,,,,,,,,,,,,,60932,,,,,,,,,,,,,"{""method_title"":""Purchase Order""}"
3216,3216,,,,,,,,,4.5000,4.5000,,,28.4900,,,,28.4900,,,,,,,purchaseorder,,,,,,,,,,,,,,,60937,,,,,,,,,,,,,"{""method_title"":""Purchase Order""}"
3217,3217,,,,,,,,,4.5000,4.5000,,,28.4900,,,,28.4900,,,,,,,purchaseorder,,,,,,,,,,,,,,,60940,,,,,,,,,,,,,"{""method_title"":""Purchase Order""}"
3218,3218,,,,,,,,,4.5000,4.5000,,,29.8800,,,,29.8800,,,,,,,purchaseorder,,,,,,,,,,,,,,,60944,,,,,,,,,,,,,"{""method_title"":""Purchase Order""}"
3219,3219,,,,,,,,,0.0000,0.0000,,,25.9700,,,,25.9700,,,,,,,purchaseorder,,,,,,,,,,,,,,,JB170823,,,,,,,,,,,,,"{""method_title"":""Purchase Order""}"
3220,3220,,,,,,,,,0.0000,0.0000,,,38.8800,,,,38.8800,,,,,,,purchaseorder,,,,,,,,,,,,,,,TD 17/8/23,,,,,,,,,,,,,"{""method_title"":""Purchase Order""}"
3221,3221,,,,,,,,,0.0000,0.0000,,,60.4200,,,,60.4200,,,,,,,purchaseorder,,,,,,,,,,,,,,,GS170823,,,,,,,,,,,,,"{""method_title"":""Purchase Order""}"
3222,3222,,,,,,,,,4.5000,4.5000,,,98.8300,,,,98.8300,,,,,,,purchaseorder,,,,,,,,,,,,,,,60976,,,,,,,,,,,,,"{""method_title"":""Purchase Order""}"
3223,3223,,,,,,,,,4.5000,4.5000,,,74.8900,,,,74.8900,,,,,,,purchaseorder,,,,,,,,,,,,,,,60961,,,,,,,,,,,,,"{""method_title"":""Purchase Order""}"
3224,3224,,,,,,,,,4.5000,4.5000,,,28.4900,,,,28.4900,,,,,,,purchaseorder,,,,,,,,,,,,,,,60997,,,,,,,,,,,,,"{""method_title"":""Purchase Order""}"
3225,3225,,,,,,,,,4.5000,4.5000,,,29.3200,,,,29.3200,,,,,,,purchaseorder,,,,,,,,,,,,,,,61009,,,,,,,,,,,,,"{""method_title"":""Purchase Order""}"
3226,3226,,,,,,,,,3.2900,3.2900,,,33.1100,,,,33.1100,,,,,,,purchaseorder,,,,,,,,,,,,,,,61016,,,,,,,,,,,,,"{""method_title"":""Purchase Order""}"
3227,3227,,,,,,,,,4.5000,4.5000,,,29.3200,,,,29.3200,,,,,,,purchaseorder,,,,,,,,,,,,,,,61013,,,,,,,,,,,,,"{""method_title"":""Purchase Order""}"
3228,3228,,,,,,,,,4.5000,4.5000,,,62.3800,,,,62.3800,,,,,,,purchaseorder,,,,,,,,,,,,,,,61041,,,,,,,,,,,,,"{""method_title"":""Purchase Order""}"
3229,3229,,,,,,,,,4.5000,4.5000,,,56.6800,,,,56.6800,,,,,,,purchaseorder,,,,,,,,,,,,,,,61040,,,,,,,,,,,,,"{""method_title"":""Purchase Order""}"
3230,3230,,,,,,,,,0.0000,0.0000,,,74.6900,,,,74.6900,,,,,,,purchaseorder,,,,,,,,,,,,,,,td 22/8/23,,,,,,,,,,,,,"{""method_title"":""Purchase Order""}"
3231,3231,,,,,,,,,4.5000,4.5000,,,28.4900,,,,28.4900,,,,,,,purchaseorder,,,,,,,,,,,,,,,61071,,,,,,,,,,,,,"{""method_title"":""Purchase Order""}"
3232,3232,,,,,,,,,4.5000,4.5000,,,52.1200,,,,52.1200,,,,,,,purchaseorder,,,,,,,,,,,,,,,61067,,,,,,,,,,,,,"{""method_title"":""Purchase Order""}"
3233,3233,,,,,,,,,4.5000,4.5000,,,36.7200,,,,36.7200,,,,,,,purchaseorder,,,,,,,,,,,,,,,61066,,,,,,,,,,,,,"{""method_title"":""Purchase Order""}"
3234,3234,,,,,,,,,4.5000,4.5000,,,36.7200,,,,36.7200,,,,,,,purchaseorder,,,,,,,,,,,,,,,61061,,,,,,,,,,,,,"{""method_title"":""Purchase Order""}"
3235,3235,,,,,,,,,4.5000,4.5000,,,54.3600,,,,54.3600,,,,,,,purchaseorder,,,,,,,,,,,,,,,61082,,,,,,,,,,,,,"{""method_title"":""Purchase Order""}"
3236,3236,,,,,,,,,4.5000,4.5000,,,28.4900,,,,28.4900,,,,,,,purchaseorder,,,,,,,,,,,,,,,61086,,,,,,,,,,,,,"{""method_title"":""Purchase Order""}"
3237,3237,,,,,,,,,0.0000,0.0000,,,64.9700,,,,64.9700,,,,,,,purchaseorder,,,,,,,,,,,,,,,kay24082023,,,,,,,,,,,,,"{""method_title"":""Purchase Order""}"
3238,3238,,,,,,,,,0.0000,0.0000,,,58.4600,,,,58.4600,,,,,0,,purchaseorder,,,,,,,,,0,,,,,,TB 252023,0,,,,,,,,,,,,"{""method_title"":""Purchase Order""}"
3239,3239,,,,,,,,,0.0000,0.0000,,,31.8100,,,,31.8100,,,,,,,purchaseorder,,,,,,,,,,,,,,,W3510,,,,,,,,,,,,,"{""method_title"":""Purchase Order""}"
3240,3240,,,,,,,,,4.5000,4.5000,,,28.4900,,,,28.4900,,,,,,,purchaseorder,,,,,,,,,,,,,,,61149,,,,,,,,,,,,,"{""method_title"":""Purchase Order""}"
3241,3241,,,,,,,,,4.5000,4.5000,,,28.1800,,,,28.1800,,,,,,,purchaseorder,,,,,,,,,,,,,,,61144,,,,,,,,,,,,,"{""method_title"":""Purchase Order""}"
3242,3242,,,,,,,,,4.5000,4.5000,,,28.1800,,,,28.1800,,,,,,,purchaseorder,,,,,,,,,,,,,,,61138,,,,,,,,,,,,,"{""method_title"":""Purchase Order""}"
3243,3243,,,,,,,,,4.5000,4.5000,,,28.4900,,,,28.4900,,,,,,,purchaseorder,,,,,,,,,,,,,,,61135,,,,,,,,,,,,,"{""method_title"":""Purchase Order""}"
3244,3244,,,,,,,,,4.5000,4.5000,,,52.1200,,,,52.1200,,,,,,,purchaseorder,,,,,,,,,,,,,,,61131,,,,,,,,,,,,,"{""method_title"":""Purchase Order""}"
3245,3245,,,,,,,,,4.5000,4.5000,,,28.4900,,,,28.4900,,,,,,,purchaseorder,,,,,,,,,,,,,,,61114,,,,,,,,,,,,,"{""method_title"":""Purchase Order""}"
3246,3246,,,,,,,,,4.5000,4.5000,,,53.8200,,,,53.8200,,,,,,,purchaseorder,,,,,,,,,,,,,,,61112,,,,,,,,,,,,,"{""method_title"":""Purchase Order""}"
3247,3247,,,,,,,,,4.5000,4.5000,,,28.4900,,,,28.4900,,,,,,,purchaseorder,,,,,,,,,,,,,,,61110,,,,,,,,,,,,,"{""method_title"":""Purchase Order""}"
3248,3248,,,,,,,,,4.5000,4.5000,,,62.3800,,,,62.3800,,,,,,,purchaseorder,,,,,,,,,,,,,,,61105,,,,,,,,,,,,,"{""method_title"":""Purchase Order""}"
3249,3249,,,,,,,,,4.5000,4.5000,,,28.4900,,,,28.4900,,,,,,,purchaseorder,,,,,,,,,,,,,,,61156,,,,,,,,,,,,,"{""method_title"":""Purchase Order""}"
3250,3250,,,,,,,,,4.5000,4.5000,,,29.8800,,,,29.8800,,,,,,,purchaseorder,,,,,,,,,,,,,,,61158,,,,,,,,,,,,,"{""method_title"":""Purchase Order""}"
3251,3251,,,,,,,,,0.0000,0.0000,,,58.4600,,,,58.4600,,,,,0,,purchaseorder,,,,,,,,,0,,,,,,TB2023,0,,,,,,,,,,,,"{""method_title"":""Purchase Order""}"
3252,3252,,,,,,,,,4.5000,4.5000,,,58.3800,,,,58.3800,,,,,,,purchaseorder,,,,,,,,,,,,,,,61175,,,,,,,,,,,,,"{""method_title"":""Purchase Order""}"
3253,3253,,,,,,,,,4.5000,4.5000,,,28.4900,,,,28.4900,,,,,,,purchaseorder,,,,,,,,,,,,,,,61179,,,,,,,,,,,,,"{""method_title"":""Purchase Order""}"
3254,3254,,,,,,,,,4.5000,4.5000,,,28.1800,,,,28.1800,,,,,,,purchaseorder,,,,,,,,,,,,,,,61176,,,,,,,,,,,,,"{""method_title"":""Purchase Order""}"
3255,3255,,,,,,,,,4.5000,4.5000,,,56.6800,,,,56.6800,,,,,,,purchaseorder,,,,,,,,,,,,,,,61192,,,,,,,,,,,,,"{""method_title"":""Purchase Order""}"
3256,3256,,,,,,,,,4.5000,4.5000,,,28.1800,,,,28.1800,,,,,,,purchaseorder,,,,,,,,,,,,,,,61185,,,,,,,,,,,,,"{""method_title"":""Purchase Order""}"
3257,3257,,,,,,,,,4.5000,4.5000,,,28.4900,,,,28.4900,,,,,,,purchaseorder,,,,,,,,,,,,,,,61198,,,,,,,,,,,,,"{""method_title"":""Purchase Order""}"
3258,3258,,,,,,,,,4.5000,4.5000,,,28.4900,,,,28.4900,,,,,,,purchaseorder,,,,,,,,,,,,,,,61201,,,,,,,,,,,,,"{""method_title"":""Purchase Order""}"
3259,3259,,,,,,,,,4.5000,4.5000,,,28.4900,,,,28.4900,,,,,,,purchaseorder,,,,,,,,,,,,,,,61206,,,,,,,,,,,,,"{""method_title"":""Purchase Order""}"
3260,3260,,,,,,,,,0.0000,0.0000,,,61.7200,,,,61.7200,,,,,,,purchaseorder,,,,,,,,,,,,,,,W3519,,,,,,,,,,,,,"{""method_title"":""Purchase Order""}"
3261,3261,,,,,,,,,4.5000,4.5000,,,28.1800,,,,28.1800,,,,,,,purchaseorder,,,,,,,,,,,,,,,61272,,,,,,,,,,,,,"{""method_title"":""Purchase Order""}"
3262,3262,,,,,,,,,4.5000,4.5000,,,28.1800,,,,28.1800,,,,,,,purchaseorder,,,,,,,,,,,,,,,61270,,,,,,,,,,,,,"{""method_title"":""Purchase Order""}"
3263,3263,,,,,,,,,4.5000,4.5000,,,28.1800,,,,28.1800,,,,,,,purchaseorder,,,,,,,,,,,,,,,61267,,,,,,,,,,,,,"{""method_title"":""Purchase Order""}"
3264,3264,,,,,,,,,4.5000,4.5000,,,28.4900,,,,28.4900,,,,,,,purchaseorder,,,,,,,,,,,,,,,61266,,,,,,,,,,,,,"{""method_title"":""Purchase Order""}"
3265,3265,,,,,,,,,4.5000,4.5000,,,28.4900,,,,28.4900,,,,,,,purchaseorder,,,,,,,,,,,,,,,61263,,,,,,,,,,,,,"{""method_title"":""Purchase Order""}"
3266,3266,,,,,,,,,4.5000,4.5000,,,29.8800,,,,29.8800,,,,,,,purchaseorder,,,,,,,,,,,,,,,61261,,,,,,,,,,,,,"{""method_title"":""Purchase Order""}"
3267,3267,,,,,,,,,4.5000,4.5000,,,36.7200,,,,36.7200,,,,,,,purchaseorder,,,,,,,,,,,,,,,61249,,,,,,,,,,,,,"{""method_title"":""Purchase Order""}"
3268,3268,,,,,,,,,4.5000,4.5000,,,153.5200,,,,153.5200,,,,,,,purchaseorder,,,,,,,,,,,,,,,61248,,,,,,,,,,,,,"{""method_title"":""Purchase Order""}"
3269,3269,,,,,,,,,4.5000,4.5000,,,68.0400,,,,68.0400,,,,,,,purchaseorder,,,,,,,,,,,,,,,61235,,,,,,,,,,,,,"{""method_title"":""Purchase Order""}"
3270,3270,,,,,,,,,4.5000,4.5000,,,28.4900,,,,28.4900,,,,,,,purchaseorder,,,,,,,,,,,,,,,61228,,,,,,,,,,,,,"{""method_title"":""Purchase Order""}"
3271,3271,,,,,,,,,4.5000,4.5000,,,62.3800,,,,62.3800,,,,,,,purchaseorder,,,,,,,,,,,,,,,61094,,,,,,,,,,,,,"{""method_title"":""Purchase Order""}"
3272,3272,,,,,,,,,4.5000,4.5000,,,28.4900,,,,28.4900,,,,,,,purchaseorder,,,,,,,,,,,,,,,61225,,,,,,,,,,,,,"{""method_title"":""Purchase Order""}"
3273,3273,,,,,,,,,0.0000,0.0000,,,73.8400,,,,73.8400,,,,,,,purchaseorder,,,,,,,,,,,,,,,JB040923,,,,,,,,,,,,,"{""method_title"":""Purchase Order""}"
3274,3274,,,,,,,,,4.5000,4.5000,,,56.6800,,,,56.6800,,,,,,,purchaseorder,,,,,,,,,,,,,,,61219,,,,,,,,,,,,,"{""method_title"":""Purchase Order""}"
3275,3275,,,,,,,,,4.5000,4.5000,,,28.4900,,,,28.4900,,,,,,,purchaseorder,,,,,,,,,,,,,,,61262,,,,,,,,,,,,,"{""method_title"":""Purchase Order""}"
3276,3276,,,,,,,,,4.5000,4.5000,,,29.3200,,,,29.3200,,,,,,,purchaseorder,,,,,,,,,,,,,,,61286,,,,,,,,,,,,,"{""method_title"":""Purchase Order""}"
3277,3277,,,,,,,,,4.5000,4.5000,,,28.4900,,,,28.4900,,,,,,,purchaseorder,,,,,,,,,,,,,,,61283,,,,,,,,,,,,,"{""method_title"":""Purchase Order""}"
3278,3278,,,,,,,,,4.5000,4.5000,,,28.4900,,,,28.4900,,,,,,,purchaseorder,,,,,,,,,,,,,,,61292,,,,,,,,,,,,,"{""method_title"":""Purchase Order""}"
3279,3279,,,,,,,,,4.5000,4.5000,,,29.3200,,,,29.3200,,,,,,,purchaseorder,,,,,,,,,,,,,,,61321,,,,,,,,,,,,,"{""method_title"":""Purchase Order""}"
3280,3280,,,,,,,,,4.5000,4.5000,,,36.7200,,,,36.7200,,,,,,,purchaseorder,,,,,,,,,,,,,,,61303,,,,,,,,,,,,,"{""method_title"":""Purchase Order""}"
3281,3281,,,,,,,,,4.5000,4.5000,,,29.3200,,,,29.3200,,,,,,,purchaseorder,,,,,,,,,,,,,,,61309,,,,,,,,,,,,,"{""method_title"":""Purchase Order""}"
3282,3282,,,,,,,,,4.5000,4.5000,,,28.4900,,,,28.4900,,,,,,,purchaseorder,,,,,,,,,,,,,,,61333,,,,,,,,,,,,,"{""method_title"":""Purchase Order""}"
3283,3283,,,,,,,,,4.5000,4.5000,,,52.1200,,,,52.1200,,,,,,,purchaseorder,,,,,,,,,,,,,,,61339,,,,,,,,,,,,,"{""method_title"":""Purchase Order""}"
3284,3284,,,,,,,,,4.5000,4.5000,,,53.8200,,,,53.8200,,,,,,,purchaseorder,,,,,,,,,,,,,,,61352,,,,,,,,,,,,,"{""method_title"":""Purchase Order""}"
3285,3285,,,,,,,,,4.5000,4.5000,,,28.4900,,,,28.4900,,,,,,,purchaseorder,,,,,,,,,,,,,,,61359,,,,,,,,,,,,,"{""method_title"":""Purchase Order""}"
3286,3286,,,,,,,,,4.5000,4.5000,,,29.3200,,,,29.3200,,,,,,,purchaseorder,,,,,,,,,,,,,,,61373,,,,,,,,,,,,,"{""method_title"":""Purchase Order""}"
3287,3287,,,,,,,,,4.5000,4.5000,,,28.4900,,,,28.4900,,,,,,,purchaseorder,,,,,,,,,,,,,,,61368,,,,,,,,,,,,,"{""method_title"":""Purchase Order""}"
3288,3288,,,,,,,,,4.5000,4.5000,,,33.3000,,,,33.3000,,,,,,,purchaseorder,,,,,,,,,,,,,,,61374,,,,,,,,,,,,,"{""method_title"":""Purchase Order""}"
3289,3289,,,,,,,,,4.5000,4.5000,,,77.1500,,,,77.1500,,,,,,,purchaseorder,,,,,,,,,,,,,,,61343,,,,,,,,,,,,,"{""method_title"":""Purchase Order""}"
3290,3290,,,,,,,,,0.0000,0.0000,,,35.7100,,,,35.7100,,,,,,,purchaseorder,,,,,,,,,,,,,,,W3535,,,,,,,,,,,,,"{""method_title"":""Purchase Order""}"
3291,3291,,,,,,,,,4.5000,4.5000,,,28.4900,,,,28.4900,,,,,,,purchaseorder,,,,,,,,,,,,,,,61443,,,,,,,,,,,,,"{""method_title"":""Purchase Order""}"
3292,3292,,,,,,,,,4.5000,4.5000,,,28.4900,,,,28.4900,,,,,,,purchaseorder,,,,,,,,,,,,,,,61440,,,,,,,,,,,,,"{""method_title"":""Purchase Order""}"
3293,3293,,,,,,,,,4.5000,4.5000,,,28.1800,,,,28.1800,,,,,,,purchaseorder,,,,,,,,,,,,,,,61439,,,,,,,,,,,,,"{""method_title"":""Purchase Order""}"
3294,3294,,,,,,,,,4.5000,4.5000,,,28.4900,,,,28.4900,,,,,,,purchaseorder,,,,,,,,,,,,,,,61435,,,,,,,,,,,,,"{""method_title"":""Purchase Order""}"
3295,3295,,,,,,,,,4.5000,4.5000,,,36.7200,,,,36.7200,,,,,,,purchaseorder,,,,,,,,,,,,,,,61425,,,,,,,,,,,,,"{""method_title"":""Purchase Order""}"
3296,3296,,,,,,,,,4.5000,4.5000,,,28.1800,,,,28.1800,,,,,,,purchaseorder,,,,,,,,,,,,,,,61419,,,,,,,,,,,,,"{""method_title"":""Purchase Order""}"
3297,3297,,,,,,,,,4.5000,4.5000,,,28.1800,,,,28.1800,,,,,,,purchaseorder,,,,,,,,,,,,,,,61418,,,,,,,,,,,,,"{""method_title"":""Purchase Order""}"
3298,3298,,,,,,,,,4.5000,4.5000,,,36.7200,,,,36.7200,,,,,,,purchaseorder,,,,,,,,,,,,,,,61408,,,,,,,,,,,,,"{""method_title"":""Purchase Order""}"
3299,3299,,,,,,,,,4.5000,4.5000,,,33.3000,,,,33.3000,,,,,,,purchaseorder,,,,,,,,,,,,,,,61404,,,,,,,,,,,,,"{""method_title"":""Purchase Order""}"
3300,3300,,,,,,,,,4.5000,4.5000,,,28.1800,,,,28.1800,,,,,,,purchaseorder,,,,,,,,,,,,,,,61402,,,,,,,,,,,,,"{""method_title"":""Purchase Order""}"
3301,3301,,,,,,,,,4.5000,4.5000,,,28.1800,,,,28.1800,,,,,,,purchaseorder,,,,,,,,,,,,,,,61400,,,,,,,,,,,,,"{""method_title"":""Purchase Order""}"
3302,3302,,,,,,,,,4.5000,4.5000,,,56.6800,,,,56.6800,,,,,,,purchaseorder,,,,,,,,,,,,,,,61399,,,,,,,,,,,,,"{""method_title"":""Purchase Order""}"
3303,3303,,,,,,,,,4.5000,4.5000,,,33.3000,,,,33.3000,,,,,,,purchaseorder,,,,,,,,,,,,,,,61398,,,,,,,,,,,,,"{""method_title"":""Purchase Order""}"
3304,3304,,,,,,,,,4.5000,4.5000,,,36.7200,,,,36.7200,,,,,,,purchaseorder,,,,,,,,,,,,,,,61397,,,,,,,,,,,,,"{""method_title"":""Purchase Order""}"
3305,3305,,,,,,,,,4.5000,4.5000,,,28.4900,,,,28.4900,,,,,,,purchaseorder,,,,,,,,,,,,,,,61396,,,,,,,,,,,,,"{""method_title"":""Purchase Order""}"
3306,3306,,,,,,,,,4.5000,4.5000,,,28.1800,,,,28.1800,,,,,,,purchaseorder,,,,,,,,,,,,,,,61389,,,,,,,,,,,,,"{""method_title"":""Purchase Order""}"
3307,3307,,,,,,,,,0.0000,0.0000,,,74.6900,,,,74.6900,,,,,,,purchaseorder,,,,,,,,,,,,,,,td 11/9/23,,,,,,,,,,,,,"{""method_title"":""Purchase Order""}"
3308,3308,,,,,,,,,4.5000,4.5000,,,28.4900,,,,28.4900,,,,,,,purchaseorder,,,,,,,,,,,,,,,61483,,,,,,,,,,,,,"{""method_title"":""Purchase Order""}"
3309,3309,,,,,,,,,4.5000,4.5000,,,28.4900,,,,28.4900,,,,,,,purchaseorder,,,,,,,,,,,,,,,61465,,,,,,,,,,,,,"{""method_title"":""Purchase Order""}"
3310,3310,,,,,,,,,0.0000,0.0000,,,38.8800,,,,38.8800,,,,,,,purchaseorder,,,,,,,,,,,,,,,td  12/9/23,,,,,,,,,,,,,"{""method_title"":""Purchase Order""}"
3311,3311,,,,,,,,,4.5000,4.5000,,,62.3800,,,,62.3800,,,,,,,purchaseorder,,,,,,,,,,,,,,,61515,,,,,,,,,,,,,"{""method_title"":""Purchase Order""}"
3312,3312,,,,,,,,,4.5000,4.5000,,,28.1800,,,,28.1800,,,,,,,purchaseorder,,,,,,,,,,,,,,,61509,,,,,,,,,,,,,"{""method_title"":""Purchase Order""}"
3313,3313,,,,,,,,,4.5000,4.5000,,,28.4900,,,,28.4900,,,,,,,purchaseorder,,,,,,,,,,,,,,,61494,,,,,,,,,,,,,"{""method_title"":""Purchase Order""}"
3314,3314,,,,,,,,,4.5000,4.5000,,,28.4900,,,,28.4900,,,,,,,purchaseorder,,,,,,,,,,,,,,,61499,,,,,,,,,,,,,"{""method_title"":""Purchase Order""}"
3315,3315,,,,,,,,,0.0000,0.0000,,,53.2700,,,,53.2700,,,,,,,purchaseorder,,,,,,,,,,,,,,,td 13/9/23,,,,,,,,,,,,,"{""method_title"":""Purchase Order""}"
3316,3316,,,,,,,,,4.5000,4.5000,,,28.1800,,,,28.1800,,,,,,,purchaseorder,,,,,,,,,,,,,,,61540,,,,,,,,,,,,,"{""method_title"":""Purchase Order""}"
3317,3317,,,,,,,,,4.5000,4.5000,,,28.4900,,,,28.4900,,,,,,,purchaseorder,,,,,,,,,,,,,,,61525,,,,,,,,,,,,,"{""method_title"":""Purchase Order""}"
3318,3318,,,,,,,,,4.5000,4.5000,,,28.4900,,,,28.4900,,,,,,,purchaseorder,,,,,,,,,,,,,,,61584,,,,,,,,,,,,,"{""method_title"":""Purchase Order""}"
3319,3319,,,,,,,,,4.5000,4.5000,,,107.9500,,,,107.9500,,,,,,,purchaseorder,,,,,,,,,,,,,,,61580,,,,,,,,,,,,,"{""method_title"":""Purchase Order""}"
3320,3320,,,,,,,,,4.5000,4.5000,,,28.1800,,,,28.1800,,,,,,,purchaseorder,,,,,,,,,,,,,,,61578,,,,,,,,,,,,,"{""method_title"":""Purchase Order""}"
3321,3321,,,,,,,,,4.5000,4.5000,,,28.1800,,,,28.1800,,,,,,,purchaseorder,,,,,,,,,,,,,,,61566,,,,,,,,,,,,,"{""method_title"":""Purchase Order""}"
3322,3322,,,,,,,,,4.5000,4.5000,,,28.4900,,,,28.4900,,,,,,,purchaseorder,,,,,,,,,,,,,,,61557,,,,,,,,,,,,,"{""method_title"":""Purchase Order""}"
3323,3323,,,,,,,,,3.2900,3.2900,,,64.3700,,,,64.3700,,,,,,,purchaseorder,,,,,,,,,,,,,,,Frankie150923,,,,,,,,,,,,,"{""method_title"":""Purchase Order""}"
3324,3324,,,,,,,,,4.5000,4.5000,,,52.1200,,,,52.1200,,,,,,,purchaseorder,,,,,,,,,,,,,,,61378,,,,,,,,,,,,,"{""method_title"":""Purchase Order""}"
3325,3325,,,,,,,,,4.5000,4.5000,,,36.7200,,,,36.7200,,,,,,,purchaseorder,,,,,,,,,,,,,,,61385,,,,,,,,,,,,,"{""method_title"":""Purchase Order""}"
3326,3326,,,,,,,,,0.0000,0.0000,,,58.4600,,,,58.4600,,,,,,,purchaseorder,,,,,,,,,,,,,,,Frankie160923,,,,,,,,,,,,,"{""method_title"":""Purchase Order""}"
3327,3327,,,,,,,,,4.5000,4.5000,,,28.4900,,,,28.4900,,,,,,,purchaseorder,,,,,,,,,,,,,,,61645,,,,,,,,,,,,,"{""method_title"":""Purchase Order""}"
3328,3328,,,,,,,,,4.5000,4.5000,,,28.4900,,,,28.4900,,,,,,,purchaseorder,,,,,,,,,,,,,,,61636,,,,,,,,,,,,,"{""method_title"":""Purchase Order""}"
3329,3329,,,,,,,,,3.2900,3.2900,,,12.5300,,,,12.5300,,,,,,,purchaseorder,,,,,,,,,,,,,,,61630,,,,,,,,,,,,,"{""method_title"":""Purchase Order""}"
3330,3330,,,,,,,,,4.5000,4.5000,,,29.8800,,,,29.8800,,,,,,,purchaseorder,,,,,,,,,,,,,,,61628,,,,,,,,,,,,,"{""method_title"":""Purchase Order""}"
3331,3331,,,,,,,,,4.5000,4.5000,,,28.1800,,,,28.1800,,,,,,,purchaseorder,,,,,,,,,,,,,,,61627,,,,,,,,,,,,,"{""method_title"":""Purchase Order""}"
3332,3332,,,,,,,,,4.5000,4.5000,,,29.8800,,,,29.8800,,,,,,,purchaseorder,,,,,,,,,,,,,,,61622,,,,,,,,,,,,,"{""method_title"":""Purchase Order""}"
3333,3333,,,,,,,,,4.5000,4.5000,,,28.1800,,,,28.1800,,,,,,,purchaseorder,,,,,,,,,,,,,,,61621,,,,,,,,,,,,,"{""method_title"":""Purchase Order""}"
3334,3334,,,,,,,,,4.5000,4.5000,,,28.1800,,,,28.1800,,,,,,,purchaseorder,,,,,,,,,,,,,,,61619,,,,,,,,,,,,,"{""method_title"":""Purchase Order""}"
3335,3335,,,,,,,,,4.5000,4.5000,,,28.1800,,,,28.1800,,,,,,,purchaseorder,,,,,,,,,,,,,,,61618,,,,,,,,,,,,,"{""method_title"":""Purchase Order""}"
3336,3336,,,,,,,,,4.5000,4.5000,,,36.7200,,,,36.7200,,,,,,,purchaseorder,,,,,,,,,,,,,,,61507,,,,,,,,,,,,,"{""method_title"":""Purchase Order""}"
3337,3337,,,,,,,,,4.5000,4.5000,,,50.9500,,,,50.9500,,,,,,,purchaseorder,,,,,,,,,,,,,,,61616,,,,,,,,,,,,,"{""method_title"":""Purchase Order""}"
3338,3338,,,,,,,,,4.5000,4.5000,,,28.1800,,,,28.1800,,,,,,,purchaseorder,,,,,,,,,,,,,,,61613,,,,,,,,,,,,,"{""method_title"":""Purchase Order""}"
3339,3339,,,,,,,,,4.5000,4.5000,,,28.4900,,,,28.4900,,,,,,,purchaseorder,,,,,,,,,,,,,,,61612,,,,,,,,,,,,,"{""method_title"":""Purchase Order""}"
3340,3340,,,,,,,,,4.5000,4.5000,,,28.1800,,,,28.1800,,,,,,,purchaseorder,,,,,,,,,,,,,,,61608,,,,,,,,,,,,,"{""method_title"":""Purchase Order""}"
3341,3341,,,,,,,,,4.5000,4.5000,,,28.4900,,,,28.4900,,,,,,,purchaseorder,,,,,,,,,,,,,,,61606,,,,,,,,,,,,,"{""method_title"":""Purchase Order""}"
3342,3342,,,,,,,,,4.5000,4.5000,,,36.7200,,,,36.7200,,,,,,,purchaseorder,,,,,,,,,,,,,,,61604,,,,,,,,,,,,,"{""method_title"":""Purchase Order""}"
3343,3343,,,,,,,,,4.5000,4.5000,,,28.1800,,,,28.1800,,,,,,,purchaseorder,,,,,,,,,,,,,,,61601,,,,,,,,,,,,,"{""method_title"":""Purchase Order""}"
3344,3344,,,,,,,,,4.5000,4.5000,,,28.4900,,,,28.4900,,,,,,,purchaseorder,,,,,,,,,,,,,,,61596,,,,,,,,,,,,,"{""method_title"":""Purchase Order""}"
3345,3345,,,,,,,,,0.0000,0.0000,,,0.0000,,,,0.0000,,,,,,,free,,,,,,,,,,,,,,,,,,,,,,,,,,,,"{""method_title"":""No Payment Information Required""}"
3346,3346,,,,,,,,,4.5000,4.5000,,,28.4900,,,,28.4900,,,,,,,purchaseorder,,,,,,,,,,,,,,,61589,,,,,,,,,,,,,"{""method_title"":""Purchase Order""}"
3347,3347,,,,,,,,,4.5000,4.5000,,,28.1800,,,,28.1800,,,,,,,purchaseorder,,,,,,,,,,,,,,,61588,,,,,,,,,,,,,"{""method_title"":""Purchase Order""}"
3348,3348,,,,,,,,,3.2900,3.2900,,,12.5300,,,,12.5300,,,,,,,purchaseorder,,,,,,,,,,,,,,,61681,,,,,,,,,,,,,"{""method_title"":""Purchase Order""}"
3349,3349,,,,,,,,,4.5000,4.5000,,,28.1800,,,,28.1800,,,,,,,purchaseorder,,,,,,,,,,,,,,,61679,,,,,,,,,,,,,"{""method_title"":""Purchase Order""}"
3350,3350,,,,,,,,,4.5000,4.5000,,,28.4900,,,,28.4900,,,,,,,purchaseorder,,,,,,,,,,,,,,,61678,,,,,,,,,,,,,"{""method_title"":""Purchase Order""}"
3351,3351,,,,,,,,,4.5000,4.5000,,,28.4900,,,,28.4900,,,,,,,purchaseorder,,,,,,,,,,,,,,,61674,,,,,,,,,,,,,"{""method_title"":""Purchase Order""}"
3352,3352,,,,,,,,,4.5000,4.5000,,,28.4900,,,,28.4900,,,,,,,purchaseorder,,,,,,,,,,,,,,,61664,,,,,,,,,,,,,"{""method_title"":""Purchase Order""}"
3353,3353,,,,,,,,,0.0000,0.0000,,,0.0000,,,,0.0000,,,,,,,free,,,,,,,,,,,,,,,,,,,,,,,,,,,,"{""method_title"":""No Payment Information Required""}"
3354,3354,,,,,,,,,0.0000,0.0000,,,0.0000,,,,0.0000,,,,,,,free,,,,,,,,,,,,,,,,,,,,,,,,,,,,"{""method_title"":""No Payment Information Required""}"
3355,3355,,,,,,,,,0.0000,0.0000,,,0.0000,,,,0.0000,,,,,,,free,,,,,,,,,,,,,,,,,,,,,,,,,,,,"{""method_title"":""No Payment Information Required""}"
3356,3356,,,,,,,,,4.5000,4.5000,,,36.7200,,,,36.7200,,,,,,,purchaseorder,,,,,,,,,,,,,,,61397,,,,,,,,,,,,,"{""method_title"":""Purchase Order""}"
3357,3357,,,,,,,,,4.5000,4.5000,,,28.1800,,,,28.1800,,,,,,,purchaseorder,,,,,,,,,,,,,,,61722,,,,,,,,,,,,,"{""method_title"":""Purchase Order""}"
3358,3358,,,,,,,,,4.5000,4.5000,,,28.4900,,,,28.4900,,,,,,,purchaseorder,,,,,,,,,,,,,,,61720,,,,,,,,,,,,,"{""method_title"":""Purchase Order""}"
3359,3359,,,,,,,,,4.5000,4.5000,,,28.1800,,,,28.1800,,,,,,,purchaseorder,,,,,,,,,,,,,,,61718,,,,,,,,,,,,,"{""method_title"":""Purchase Order""}"
3360,3360,,,,,,,,,4.5000,4.5000,,,28.4900,,,,28.4900,,,,,,,purchaseorder,,,,,,,,,,,,,,,61714,,,,,,,,,,,,,"{""method_title"":""Purchase Order""}"
3361,3361,,,,,,,,,4.5000,4.5000,,,56.6800,,,,56.6800,,,,,,,purchaseorder,,,,,,,,,,,,,,,61704,,,,,,,,,,,,,"{""method_title"":""Purchase Order""}"
3362,3362,,,,,,,,,4.5000,4.5000,,,53.8200,,,,53.8200,,,,,,,purchaseorder,,,,,,,,,,,,,,,61703,,,,,,,,,,,,,"{""method_title"":""Purchase Order""}"
3363,3363,,,,,,,,,4.5000,4.5000,,,28.4900,,,,28.4900,,,,,,,purchaseorder,,,,,,,,,,,,,,,61698,,,,,,,,,,,,,"{""method_title"":""Purchase Order""}"
3364,3364,,,,,,,,,4.5000,4.5000,,,53.8000,,,,53.8000,,,,,,,purchaseorder,,,,,,,,,,,,,,,61693,,,,,,,,,,,,,"{""method_title"":""Purchase Order""}"
3365,3365,,,,,,,,,4.5000,4.5000,,,36.7200,,,,36.7200,,,,,,,purchaseorder,,,,,,,,,,,,,,,61760,,,,,,,,,,,,,"{""method_title"":""Purchase Order""}"
3366,3366,,,,,,,,,4.5000,4.5000,,,28.1800,,,,28.1800,,,,,,,purchaseorder,,,,,,,,,,,,,,,61755,,,,,,,,,,,,,"{""method_title"":""Purchase Order""}"
3367,3367,,,,,,,,,4.5000,4.5000,,,54.9600,,,,54.9600,,,,,,,purchaseorder,,,,,,,,,,,,,,,61746,,,,,,,,,,,,,"{""method_title"":""Purchase Order""}"
3368,3368,,,,,,,,,4.5000,4.5000,,,102.2400,,,,102.2400,,,,,,,purchaseorder,,,,,,,,,,,,,,,61775/61776,,,,,,,,,,,,,"{""method_title"":""Purchase Order""}"
3369,3369,,,,,,,,,4.5000,4.5000,,,28.1800,,,,28.1800,,,,,,,purchaseorder,,,,,,,,,,,,,,,61774,,,,,,,,,,,,,"{""method_title"":""Purchase Order""}"
3370,3370,,,,,,,,,4.5000,4.5000,,,28.4900,,,,28.4900,,,,,,,purchaseorder,,,,,,,,,,,,,,,61772,,,,,,,,,,,,,"{""method_title"":""Purchase Order""}"
3371,3371,,,,,,,,,4.5000,4.5000,,,36.7200,,,,36.7200,,,,,,,purchaseorder,,,,,,,,,,,,,,,61397,,,,,,,,,,,,,"{""method_title"":""Purchase Order""}"
3372,3372,,,,,,,,,0.0000,0.0000,,,122.7500,,,,122.7500,,,,,,,purchaseorder,,,,,,,,,,,,,,,FC230923,,,,,,,,,,,,,"{""method_title"":""Purchase Order""}"
3373,3373,,,,,,,,,0.0000,0.0000,,,194.9000,,,,194.9000,,,,,,,purchaseorder,,,,,,,,,,,,,,,FC230923,,,,,,,,,,,,,"{""method_title"":""Purchase Order""}"
3374,3374,,,,,,,,,4.5000,4.5000,,,62.3800,,,,62.3800,,,,,,,purchaseorder,,,,,,,,,,,,,,,61745,,,,,,,,,,,,,"{""method_title"":""Purchase Order""}"
3375,3375,,,,,,,,,4.5000,4.5000,,,28.4900,,,,28.4900,,,,,,,purchaseorder,,,,,,,,,,,,,,,61835,,,,,,,,,,,,,"{""method_title"":""Purchase Order""}"
3376,3376,,,,,,,,,4.5000,4.5000,,,28.4900,,,,28.4900,,,,,,,purchaseorder,,,,,,,,,,,,,,,61823,,,,,,,,,,,,,"{""method_title"":""Purchase Order""}"
3377,3377,,,,,,,,,4.5000,4.5000,,,29.3200,,,,29.3200,,,,,,,purchaseorder,,,,,,,,,,,,,,,61819,,,,,,,,,,,,,"{""method_title"":""Purchase Order""}"
3378,3378,,,,,,,,,4.5000,4.5000,,,28.1800,,,,28.1800,,,,,,,purchaseorder,,,,,,,,,,,,,,,61814,,,,,,,,,,,,,"{""method_title"":""Purchase Order""}"
3379,3379,,,,,,,,,4.5000,4.5000,,,29.8800,,,,29.8800,,,,,,,purchaseorder,,,,,,,,,,,,,,,61786,,,,,,,,,,,,,"{""method_title"":""Purchase Order""}"
3380,3380,,,,,,,,,4.5000,4.5000,,,29.8800,,,,29.8800,,,,,,,purchaseorder,,,,,,,,,,,,,,,61784,,,,,,,,,,,,,"{""method_title"":""Purchase Order""}"
3381,3381,,,,,,,,,0.0000,0.0000,,,60.4200,,,,60.4200,,,,,,,purchaseorder,,,,,,,,,,,,,,,td 25/9/23,,,,,,,,,,,,,"{""method_title"":""Purchase Order""}"
3382,3382,,,,,,,,,4.5000,4.5000,,,52.4000,,,,52.4000,,,,,,,purchaseorder,,,,,,,,,,,,,,,61855,,,,,,,,,,,,,"{""method_title"":""Purchase Order""}"
3383,3383,,,,,,,,,4.5000,4.5000,,,29.8800,,,,29.8800,,,,,,,purchaseorder,,,,,,,,,,,,,,,61854,,,,,,,,,,,,,"{""method_title"":""Purchase Order""}"
3384,3384,,,,,,,,,4.5000,4.5000,,,28.4900,,,,28.4900,,,,,,,purchaseorder,,,,,,,,,,,,,,,61850,,,,,,,,,,,,,"{""method_title"":""Purchase Order""}"
3385,3385,,,,,,,,,4.5000,4.5000,,,28.4900,,,,28.4900,,,,,,,purchaseorder,,,,,,,,,,,,,,,61888,,,,,,,,,,,,,"{""method_title"":""Purchase Order""}"
3386,3386,,,,,,,,,4.5000,4.5000,,,28.4900,,,,28.4900,,,,,,,purchaseorder,,,,,,,,,,,,,,,61872,,,,,,,,,,,,,"{""method_title"":""Purchase Order""}"
3387,3387,,,,,,,,,4.5000,4.5000,,,28.4900,,,,28.4900,,,,,,,purchaseorder,,,,,,,,,,,,,,,61911,,,,,,,,,,,,,"{""method_title"":""Purchase Order""}"
3388,3388,,,,,,,,,4.5000,4.5000,,,28.4900,,,,28.4900,,,,,,,purchaseorder,,,,,,,,,,,,,,,61908,,,,,,,,,,,,,"{""method_title"":""Purchase Order""}"
3389,3389,,,,,,,,,3.2900,3.2900,,,62.4100,,,,62.4100,,,,,0,,purchaseorder,,,,,,,,,0,,,,,,FC300923,0,,,,,,,,,,,,"{""method_title"":""Purchase Order""}"
3390,3390,,,,,,,,,3.2900,3.2900,,,12.5300,,,,12.5300,,,,,,,purchaseorder,,,,,,,,,,,,,,,61962,,,,,,,,,,,,,"{""method_title"":""Purchase Order""}"
3391,3391,,,,,,,,,4.5000,4.5000,,,28.1800,,,,28.1800,,,,,,,purchaseorder,,,,,,,,,,,,,,,61948,,,,,,,,,,,,,"{""method_title"":""Purchase Order""}"
3392,3392,,,,,,,,,4.5000,4.5000,,,28.1800,,,,28.1800,,,,,,,purchaseorder,,,,,,,,,,,,,,,61946,,,,,,,,,,,,,"{""method_title"":""Purchase Order""}"
3393,3393,,,,,,,,,4.5000,4.5000,,,29.3200,,,,29.3200,,,,,,,purchaseorder,,,,,,,,,,,,,,,61996,,,,,,,,,,,,,"{""method_title"":""Purchase Order""}"
3394,3394,,,,,,,,,4.5000,4.5000,,,52.4000,,,,52.4000,,,,,,,purchaseorder,,,,,,,,,,,,,,,61990,,,,,,,,,,,,,"{""method_title"":""Purchase Order""}"
3395,3395,,,,,,,,,4.5000,4.5000,,,29.8800,,,,29.8800,,,,,,,purchaseorder,,,,,,,,,,,,,,,61986,,,,,,,,,,,,,"{""method_title"":""Purchase Order""}"
3396,3396,,,,,,,,,4.5000,4.5000,,,29.3200,,,,29.3200,,,,,,,purchaseorder,,,,,,,,,,,,,,,62001,,,,,,,,,,,,,"{""method_title"":""Purchase Order""}"
3397,3397,,,,,,,,,0.0000,0.0000,,,504.0100,,,,504.0100,,,,,,,purchaseorder,,,,,,,,,,,,,,,FC031023,,,,,,,,,,,,,"{""method_title"":""Purchase Order""}"
3398,3398,,,,,,,,,4.5000,4.5000,,,28.4900,,,,28.4900,,,,,,,purchaseorder,,,,,,,,,,,,,,,61888,,,,,,,,,,,,,"{""method_title"":""Purchase Order""}"
3399,3399,,,,,,,,,4.5000,4.5000,,,56.6800,,,,56.6800,,,,,,,purchaseorder,,,,,,,,,,,,,,,62012,,,,,,,,,,,,,"{""method_title"":""Purchase Order""}"
3400,3400,,,,,,,,,4.5000,4.5000,,,28.1800,,,,28.1800,,,,,,,purchaseorder,,,,,,,,,,,,,,,62011,,,,,,,,,,,,,"{""method_title"":""Purchase Order""}"
3401,3401,,,,,,,,,4.5000,4.5000,,,28.4900,,,,28.4900,,,,,,,purchaseorder,,,,,,,,,,,,,,,62007,,,,,,,,,,,,,"{""method_title"":""Purchase Order""}"
3402,3402,,,,,,,,,0.0000,0.0000,,,26.3300,,,,26.3300,,,,,,,purchaseorder,,,,,,,,,,,,,,,FC041023,,,,,,,,,,,,,"{""method_title"":""Purchase Order""}"
3403,3403,,,,,,,,,4.5000,4.5000,,,29.8800,,,,29.8800,,,,,,,purchaseorder,,,,,,,,,,,,,,,61628,,,,,,,,,,,,,"{""method_title"":""Purchase Order""}"
3404,3404,,,,,,,,,4.5000,4.5000,,,28.1800,,,,28.1800,,,,,,,purchaseorder,,,,,,,,,,,,,,,62040,,,,,,,,,,,,,"{""method_title"":""Purchase Order""}"
3405,3405,,,,,,,,,4.5000,4.5000,,,28.1800,,,,28.1800,,,,,,,purchaseorder,,,,,,,,,,,,,,,62038,,,,,,,,,,,,,"{""method_title"":""Purchase Order""}"
3406,3406,,,,,,,,,4.5000,4.5000,,,36.7200,,,,36.7200,,,,,,,purchaseorder,,,,,,,,,,,,,,,62035,,,,,,,,,,,,,"{""method_title"":""Purchase Order""}"
3407,3407,,,,,,,,,4.5000,4.5000,,,28.4900,,,,28.4900,,,,,,,purchaseorder,,,,,,,,,,,,,,,62034,,,,,,,,,,,,,"{""method_title"":""Purchase Order""}"
3408,3408,,,,,,,,,4.5000,4.5000,,,28.4900,,,,28.4900,,,,,,,purchaseorder,,,,,,,,,,,,,,,62031,,,,,,,,,,,,,"{""method_title"":""Purchase Order""}"
3409,3409,,,,,,,,,4.5000,4.5000,,,62.3800,,,,62.3800,,,,,,,purchaseorder,,,,,,,,,,,,,,,62022,,,,,,,,,,,,,"{""method_title"":""Purchase Order""}"
3410,3410,,,,,,,,,0.0000,0.0000,,,175.3900,,,,175.3900,,,,,,,purchaseorder,,,,,,,,,,,,,,,GS051023,,,,,,,,,,,,,"{""method_title"":""Purchase Order""}"
3411,3411,,,,,,,,,4.5000,4.5000,,,113.6500,,,,113.6500,,,,,,,purchaseorder,,,,,,,,,,,,,,,61898,,,,,,,,,,,,,"{""method_title"":""Purchase Order""}"
3412,3412,,,,,,,,,4.5000,4.5000,,,56.6800,,,,56.6800,,,,,,,purchaseorder,,,,,,,,,,,,,,,61480,,,,,,,,,,,,,"{""method_title"":""Purchase Order""}"
3413,3413,,,,,,,,,4.5000,4.5000,,,53.8200,,,,53.8200,,,,,,,purchaseorder,,,,,,,,,,,,,,,60491,,,,,,,,,,,,,"{""method_title"":""Purchase Order""}"
3414,3414,,,,,,,,,4.5000,4.5000,,,53.8200,,,,53.8200,,,,,,,purchaseorder,,,,,,,,,,,,,,,60831,,,,,,,,,,,,,"{""method_title"":""Purchase Order""}"
3415,3415,,,,,,,,,4.5000,4.5000,,,28.4900,,,,28.4900,,,,,,,purchaseorder,,,,,,,,,,,,,,,62055,,,,,,,,,,,,,"{""method_title"":""Purchase Order""}"
3416,3416,,,,,,,,,4.5000,4.5000,,,28.4900,,,,28.4900,,,,,,,purchaseorder,,,,,,,,,,,,,,,62053,,,,,,,,,,,,,"{""method_title"":""Purchase Order""}"
3417,3417,,,,,,,,,4.5000,4.5000,,,102.2400,,,,102.2400,,,,,,,purchaseorder,,,,,,,,,,,,,,,61775,,,,,,,,,,,,,"{""method_title"":""Purchase Order""}"
3418,3418,,,,,,,,,4.5000,4.5000,,,28.1800,,,,28.1800,,,,,,,purchaseorder,,,,,,,,,,,,,,,62097,,,,,,,,,,,,,"{""method_title"":""Purchase Order""}"
3419,3419,,,,,,,,,4.5000,4.5000,,,28.4900,,,,28.4900,,,,,,,purchaseorder,,,,,,,,,,,,,,,62078,,,,,,,,,,,,,"{""method_title"":""Purchase Order""}"
3420,3420,,,,,,,,,4.5000,4.5000,,,36.7200,,,,36.7200,,,,,,,purchaseorder,,,,,,,,,,,,,,,62076,,,,,,,,,,,,,"{""method_title"":""Purchase Order""}"
3421,3421,,,,,,,,,4.5000,4.5000,,,56.6800,,,,56.6800,,,,,,,purchaseorder,,,,,,,,,,,,,,,62075,,,,,,,,,,,,,"{""method_title"":""Purchase Order""}"
3422,3422,,,,,,,,,4.5000,4.5000,,,37.0700,,,,37.0700,,,,,,,purchaseorder,,,,,,,,,,,,,,,62082,,,,,,,,,,,,,"{""method_title"":""Purchase Order""}"
3423,3423,,,,,,,,,0.0000,0.0000,,,118.8800,,,,118.8800,,,,,,,purchaseorder,,,,,,,,,,,,,,,td 9/10/23,,,,,,,,,,,,,"{""method_title"":""Purchase Order""}"
3424,3424,,,,,,,,,4.5000,4.5000,,,56.6800,,,,56.6800,,,,,,,purchaseorder,,,,,,,,,,,,,,,62058,,,,,,,,,,,,,"{""method_title"":""Purchase Order""}"
3425,3425,,,,,,,,,4.5000,4.5000,,,29.8800,,,,29.8800,,,,,,,purchaseorder,,,,,,,,,,,,,,,62106,,,,,,,,,,,,,"{""method_title"":""Purchase Order""}"
3426,3426,,,,,,,,,4.5000,4.5000,,,36.7200,,,,36.7200,,,,,,,purchaseorder,,,,,,,,,,,,,,,62105,,,,,,,,,,,,,"{""method_title"":""Purchase Order""}"
3427,3427,,,,,,,,,4.5000,4.5000,,,28.1800,,,,28.1800,,,,,,,purchaseorder,,,,,,,,,,,,,,,62098,,,,,,,,,,,,,"{""method_title"":""Purchase Order""}"
3428,3428,,,,,,,,,4.5000,4.5000,,,54.9600,,,,54.9600,,,,,,,purchaseorder,,,,,,,,,,,,,,,62103,,,,,,,,,,,,,"{""method_title"":""Purchase Order""}"
3429,3429,,,,,,,,,4.5000,4.5000,,,28.1800,,,,28.1800,,,,,,,purchaseorder,,,,,,,,,,,,,,,61859,,,,,,,,,,,,,"{""method_title"":""Purchase Order""}"
3430,3430,,,,,,,,,4.5000,4.5000,,,50.9500,,,,50.9500,,,,,,,purchaseorder,,,,,,,,,,,,,,,62120,,,,,,,,,,,,,"{""method_title"":""Purchase Order""}"
3431,3431,,,,,,,,,0.0000,0.0000,,,60.4200,,,,60.4200,,,,,,,purchaseorder,,,,,,,,,,,,,,,fc121023,,,,,,,,,,,,,"{""method_title"":""Purchase Order""}"
3432,3432,,,,,,,,,4.5000,4.5000,,,58.3800,,,,58.3800,,,,,,,purchaseorder,,,,,,,,,,,,,,,62169,,,,,,,,,,,,,"{""method_title"":""Purchase Order""}"
3433,3433,,,,,,,,,0.0000,0.0000,,,55.2100,,,,55.2100,,,,,,,purchaseorder,,,,,,,,,,,,,,,GS141023,,,,,,,,,,,,,"{""method_title"":""Purchase Order""}"
3434,3434,,,,,,,,,0.0000,0.0000,,,169.5600,,,,169.5600,,,,,,,purchaseorder,,,,,,,,,,,,,,,td 16/10/23,,,,,,,,,,,,,"{""method_title"":""Purchase Order""}"
3435,3435,,,,,,,,,4.5000,4.5000,,,28.4900,,,,28.4900,,,,,,,purchaseorder,,,,,,,,,,,,,,,62191,,,,,,,,,,,,,"{""method_title"":""Purchase Order""}"
3436,3436,,,,,,,,,4.5000,4.5000,,,50.9500,,,,50.9500,,,,,,,purchaseorder,,,,,,,,,,,,,,,62190,,,,,,,,,,,,,"{""method_title"":""Purchase Order""}"
3437,3437,,,,,,,,,4.5000,4.5000,,,36.7200,,,,36.7200,,,,,,,purchaseorder,,,,,,,,,,,,,,,62175,,,,,,,,,,,,,"{""method_title"":""Purchase Order""}"
3438,3438,,,,,,,,,4.5000,4.5000,,,28.1800,,,,28.1800,,,,,,,purchaseorder,,,,,,,,,,,,,,,62193,,,,,,,,,,,,,"{""method_title"":""Purchase Order""}"
3439,3439,,,,,,,,,0.0000,0.0000,,,53.2700,,,,53.2700,,,,,,,purchaseorder,,,,,,,,,,,,,,,tcd 16/10/23,,,,,,,,,,,,,"{""method_title"":""Purchase Order""}"
3440,3440,,,,,,,,,4.5000,4.5000,,,51.5800,,,,51.5800,,,,,,,purchaseorder,,,,,,,,,,,,,,,62217,,,,,,,,,,,,,"{""method_title"":""Purchase Order""}"
3441,3441,,,,,,,,,0.0000,0.0000,,,46.3200,,,,46.3200,,,,,,,purchaseorder,,,,,,,,,,,,,,,td 17/10/23,,,,,,,,,,,,,"{""method_title"":""Purchase Order""}"
3442,3442,,,,,,,,,4.5000,4.5000,,,36.7200,,,,36.7200,,,,,,,purchaseorder,,,,,,,,,,,,,,,62228,,,,,,,,,,,,,"{""method_title"":""Purchase Order""}"
3443,3443,,,,,,,,,0.0000,0.0000,,,152.5800,,,,152.5800,,,,,,,purchaseorder,,,,,,,,,,,,,,,JB191023,,,,,,,,,,,,,"{""method_title"":""Purchase Order""}"
3444,3444,,,,,,,,,4.5000,4.5000,,,29.8800,,,,29.8800,,,,,,,purchaseorder,,,,,,,,,,,,,,,62257,,,,,,,,,,,,,"{""method_title"":""Purchase Order""}"
3445,3445,,,,,,,,,0.0000,0.0000,,,58.4600,,,,58.4600,,,,,,,purchaseorder,,,,,,,,,,,,,,,FC211023,,,,,,,,,,,,,"{""method_title"":""Purchase Order""}"
3446,3446,,,,,,,,,4.5000,4.5000,,,62.3800,,,,62.3800,,,,,,,purchaseorder,,,,,,,,,,,,,,,62299,,,,,,,,,,,,,"{""method_title"":""Purchase Order""}"
3447,3447,,,,,,,,,4.5000,4.5000,,,29.3200,,,,29.3200,,,,,,,purchaseorder,,,,,,,,,,,,,,,62279,,,,,,,,,,,,,"{""method_title"":""Purchase Order""}"
3448,3448,,,,,,,,,4.5000,4.5000,,,52.1200,,,,52.1200,,,,,,,purchaseorder,,,,,,,,,,,,,,,62313,,,,,,,,,,,,,"{""method_title"":""Purchase Order""}"
3449,3449,,,,,,,,,4.5000,4.5000,,,28.4900,,,,28.4900,,,,,,,purchaseorder,,,,,,,,,,,,,,,62312,,,,,,,,,,,,,"{""method_title"":""Purchase Order""}"
3450,3450,,,,,,,,,4.5000,4.5000,,,28.4900,,,,28.4900,,,,,,,purchaseorder,,,,,,,,,,,,,,,62311,,,,,,,,,,,,,"{""method_title"":""Purchase Order""}"
3451,3451,,,,,,,,,4.5000,4.5000,,,28.1800,,,,28.1800,,,,,,,purchaseorder,,,,,,,,,,,,,,,62327,,,,,,,,,,,,,"{""method_title"":""Purchase Order""}"
3452,3452,,,,,,,,,4.5000,4.5000,,,54.3600,,,,54.3600,,,,,,,purchaseorder,,,,,,,,,,,,,,,62319,,,,,,,,,,,,,"{""method_title"":""Purchase Order""}"
3453,3453,,,,,,,,,4.5000,4.5000,,,29.3200,,,,29.3200,,,,,,,purchaseorder,,,,,,,,,,,,,,,62316,,,,,,,,,,,,,"{""method_title"":""Purchase Order""}"
3454,3454,,,,,,,,,0.0000,0.0000,,,58.4600,,,,58.4600,,,,,,,purchaseorder,,,,,,,,,,,,,,,td 30/10/23,,,,,,,,,,,,,"{""method_title"":""Purchase Order""}"
3455,3455,,,,,,,,,4.5000,4.5000,,,28.4900,,,,28.4900,,,,,,,purchaseorder,,,,,,,,,,,,,,,62380,,,,,,,,,,,,,"{""method_title"":""Purchase Order""}"
3456,3456,,,,,,,,,4.5000,4.5000,,,28.4900,,,,28.4900,,,,,,,purchaseorder,,,,,,,,,,,,,,,62377,,,,,,,,,,,,,"{""method_title"":""Purchase Order""}"
3457,3457,,,,,,,,,4.5000,4.5000,,,52.1200,,,,52.1200,,,,,,,purchaseorder,,,,,,,,,,,,,,,62368,,,,,,,,,,,,,"{""method_title"":""Purchase Order""}"
3458,3458,,,,,,,,,4.5000,4.5000,,,29.3200,,,,29.3200,,,,,,,purchaseorder,,,,,,,,,,,,,,,62364,,,,,,,,,,,,,"{""method_title"":""Purchase Order""}"
3459,3459,,,,,,,,,4.5000,4.5000,,,29.8800,,,,29.8800,,,,,,,purchaseorder,,,,,,,,,,,,,,,62359,,,,,,,,,,,,,"{""method_title"":""Purchase Order""}"
3460,3460,,,,,,,,,4.5000,4.5000,,,53.2300,,,,53.2300,,,,,,,purchaseorder,,,,,,,,,,,,,,,62351,,,,,,,,,,,,,"{""method_title"":""Purchase Order""}"
3461,3461,,,,,,,,,4.5000,4.5000,,,29.8800,,,,29.8800,,,,,,,purchaseorder,,,,,,,,,,,,,,,62349,,,,,,,,,,,,,"{""method_title"":""Purchase Order""}"
3462,3462,,,,,,,,,0.0000,0.0000,,,204.5500,,,,204.5500,,,,,,,purchaseorder,,,,,,,,,,,,,,,TB312023,,,,,,,,,,,,,"{""method_title"":""Purchase Order""}"
3463,3463,,,,,,,,,4.5000,4.5000,,,36.7200,,,,36.7200,,,,,,,purchaseorder,,,,,,,,,,,,,,,62401,,,,,,,,,,,,,"{""method_title"":""Purchase Order""}"
3464,3464,,,,,,,,,4.5000,4.5000,,,29.8800,,,,29.8800,,,,,,,purchaseorder,,,,,,,,,,,,,,,62399,,,,,,,,,,,,,"{""method_title"":""Purchase Order""}"
3465,3465,,,,,,,,,4.5000,4.5000,,,76.9100,,,,76.9100,,,,,,,purchaseorder,,,,,,,,,,,,,,,62398,,,,,,,,,,,,,"{""method_title"":""Purchase Order""}"
3466,3466,,,,,,,,,4.5000,4.5000,,,28.4900,,,,28.4900,,,,,,,purchaseorder,,,,,,,,,,,,,,,62420,,,,,,,,,,,,,"{""method_title"":""Purchase Order""}"
3467,3467,,,,,,,,,0.0000,0.0000,,,230.5200,,,,230.5200,,,,,,,purchaseorder,,,,,,,,,,,,,,,stlw021123,,,,,,,,,,,,,"{""method_title"":""Purchase Order""}"
3468,3468,,,,,,,,,4.5000,4.5000,,,28.4900,,,,28.4900,,,,,,,purchaseorder,,,,,,,,,,,,,,,62441,,,,,,,,,,,,,"{""method_title"":""Purchase Order""}"
3469,3469,,,,,,,,,4.5000,4.5000,,,28.4900,,,,28.4900,,,,,,,purchaseorder,,,,,,,,,,,,,,,62450,,,,,,,,,,,,,"{""method_title"":""Purchase Order""}"
3470,3470,,,,,,,,,3.2900,3.2900,,,62.4100,,,,62.4100,,,,,0,,purchaseorder,,,,,,,,,0,,,,,,FC031123,0,,,,,,,,,,,,"{""method_title"":""Purchase Order""}"
3471,3471,,,,,,,,,4.5000,4.5000,,,28.4900,,,,28.4900,,,,,,,purchaseorder,,,,,,,,,,,,,,,62487,,,,,,,,,,,,,"{""method_title"":""Purchase Order""}"
3472,3472,,,,,,,,,4.5000,4.5000,,,68.0400,,,,68.0400,,,,,,,purchaseorder,,,,,,,,,,,,,,,62486,,,,,,,,,,,,,"{""method_title"":""Purchase Order""}"
3473,3473,,,,,,,,,4.5000,4.5000,,,29.8800,,,,29.8800,,,,,,,purchaseorder,,,,,,,,,,,,,,,62475,,,,,,,,,,,,,"{""method_title"":""Purchase Order""}"
3474,3474,,,,,,,,,4.5000,4.5000,,,28.1800,,,,28.1800,,,,,,,purchaseorder,,,,,,,,,,,,,,,62473,,,,,,,,,,,,,"{""method_title"":""Purchase Order""}"
3475,3475,,,,,,,,,4.5000,4.5000,,,28.1800,,,,28.1800,,,,,,,purchaseorder,,,,,,,,,,,,,,,62494,,,,,,,,,,,,,"{""method_title"":""Purchase Order""}"
3476,3476,,,,,,,,,0.0000,0.0000,,,125.8900,,,,125.8900,,,,,,,purchaseorder,,,,,,,,,,,,,,,JB071123,,,,,,,,,,,,,"{""method_title"":""Purchase Order""}"
3477,3477,,,,,,,,,0.0000,0.0000,,,55.2100,,,,55.2100,,,,,,,purchaseorder,,,,,,,,,,,,,,,td 7/11/23,,,,,,,,,,,,,"{""method_title"":""Purchase Order""}"
3478,3478,,,,,,,,,4.5000,4.5000,,,28.1800,,,,28.1800,,,,,,,purchaseorder,,,,,,,,,,,,,,,62534,,,,,,,,,,,,,"{""method_title"":""Purchase Order""}"
3479,3479,,,,,,,,,4.5000,4.5000,,,28.4900,,,,28.4900,,,,,,,purchaseorder,,,,,,,,,,,,,,,62542,,,,,,,,,,,,,"{""method_title"":""Purchase Order""}"
3480,3480,,,,,,,,,0.0000,0.0000,,,160.3200,,,,160.3200,,,,,,,purchaseorder,,,,,,,,,,,,,,,FC111123,,,,,,,,,,,,,"{""method_title"":""Purchase Order""}"
3481,3481,,,,,,,,,4.5000,4.5000,,,62.3800,,,,62.3800,,,,,,,purchaseorder,,,,,,,,,,,,,,,62581,,,,,,,,,,,,,"{""method_title"":""Purchase Order""}"
3482,3482,,,,,,,,,4.5000,4.5000,,,50.9500,,,,50.9500,,,,,,,purchaseorder,,,,,,,,,,,,,,,62580,,,,,,,,,,,,,"{""method_title"":""Purchase Order""}"
3483,3483,,,,,,,,,4.5000,4.5000,,,36.7200,,,,36.7200,,,,,,,purchaseorder,,,,,,,,,,,,,,,62571,,,,,,,,,,,,,"{""method_title"":""Purchase Order""}"
3484,3484,,,,,,,,,4.5000,4.5000,,,36.7200,,,,36.7200,,,,,,,purchaseorder,,,,,,,,,,,,,,,62566,,,,,,,,,,,,,"{""method_title"":""Purchase Order""}"
3485,3485,,,,,,,,,4.5000,4.5000,,,29.3200,,,,29.3200,,,,,,,purchaseorder,,,,,,,,,,,,,,,62564,,,,,,,,,,,,,"{""method_title"":""Purchase Order""}"
3486,3486,,,,,,,,,0.0000,0.0000,,,154.5500,,,,154.5500,,,,,,,purchaseorder,,,,,,,,,,,,,,,td 13/11/23,,,,,,,,,,,,,"{""method_title"":""Purchase Order""}"
3487,3487,,,,,,,,,4.5000,4.5000,,,54.3600,,,,54.3600,,,,,,,purchaseorder,,,,,,,,,,,,,,,62583,,,,,,,,,,,,,"{""method_title"":""Purchase Order""}"
3488,3488,,,,,,,,,4.5000,4.5000,,,28.1800,,,,28.1800,,,,,,,purchaseorder,,,,,,,,,,,,,,,61577,,,,,,,,,,,,,"{""method_title"":""Purchase Order""}"
3489,3489,,,,,,,,,0.0000,0.0000,,,58.4600,,,,58.4600,,,,,,,purchaseorder,,,,,,,,,,,,,,,td 14/11/23,,,,,,,,,,,,,"{""method_title"":""Purchase Order""}"
3490,3490,,,,,,,,,4.5000,4.5000,,,28.4900,,,,28.4900,,,,,,,purchaseorder,,,,,,,,,,,,,,,62601,,,,,,,,,,,,,"{""method_title"":""Purchase Order""}"
3491,3491,,,,,,,,,4.5000,4.5000,,,33.3000,,,,33.3000,,,,,,,purchaseorder,,,,,,,,,,,,,,,62617,,,,,,,,,,,,,"{""method_title"":""Purchase Order""}"
3492,3492,,,,,,,,,4.5000,4.5000,,,28.4900,,,,28.4900,,,,,,,purchaseorder,,,,,,,,,,,,,,,62608,,,,,,,,,,,,,"{""method_title"":""Purchase Order""}"
3493,3493,,,,,,,,,3.2900,3.2900,,,31.2100,,,,31.2100,,,,,0,,purchaseorder,,,,,,,,,0,,,,,,RM16610,0,,,,,,,,,,,,"{""method_title"":""Purchase Order""}"
3494,3494,,,,,,,,,0.0000,0.0000,,,352.1000,,,,352.1000,,,,,,,purchaseorder,,,,,,,,,,,,,,,FC161123,,,,,,,,,,,,,"{""method_title"":""Purchase Order""}"
3495,3495,,,,,,,,,4.5000,4.5000,,,28.4900,,,,28.4900,,,,,,,purchaseorder,,,,,,,,,,,,,,,62622,,,,,,,,,,,,,"{""method_title"":""Purchase Order""}"
3496,3496,,,,,,,,,4.5000,4.5000,,,36.7200,,,,36.7200,,,,,,,purchaseorder,,,,,,,,,,,,,,,63631,,,,,,,,,,,,,"{""method_title"":""Purchase Order""}"
3497,3497,,,,,,,,,0.0000,0.0000,,,129.9400,,,,129.9400,,,,,,,purchaseorder,,,,,,,,,,,,,,,FC171123,,,,,,,,,,,,,"{""method_title"":""Purchase Order""}"
3498,3498,,,,,,,,,4.5000,4.5000,,,36.7200,,,,36.7200,,,,,,,purchaseorder,,,,,,,,,,,,,,,62624,,,,,,,,,,,,,"{""method_title"":""Purchase Order""}"
3499,3499,,,,,,,,,4.5000,4.5000,,,29.3200,,,,29.3200,,,,,,,purchaseorder,,,,,,,,,,,,,,,62596,,,,,,,,,,,,,"{""method_title"":""Purchase Order""}"
3500,3500,,,,,,,,,4.5000,4.5000,,,28.4900,,,,28.4900,,,,,,,purchaseorder,,,,,,,,,,,,,,,62647,,,,,,,,,,,,,"{""method_title"":""Purchase Order""}"
3501,3501,,,,,,,,,4.5000,4.5000,,,28.4900,,,,28.4900,,,,,,,purchaseorder,,,,,,,,,,,,,,,62660,,,,,,,,,,,,,"{""method_title"":""Purchase Order""}"
3502,3502,,,,,,,,,4.5000,4.5000,,,28.4900,,,,28.4900,,,,,,,purchaseorder,,,,,,,,,,,,,,,62663,,,,,,,,,,,,,"{""method_title"":""Purchase Order""}"
3503,3503,,,,,,,,,4.5000,4.5000,,,29.8800,,,,29.8800,,,,,,,purchaseorder,,,,,,,,,,,,,,,62665,,,,,,,,,,,,,"{""method_title"":""Purchase Order""}"
3504,3504,,,,,,,,,4.5000,4.5000,,,113.6400,,,,113.6400,,,,,,,purchaseorder,,,,,,,,,,,,,,,62672,,,,,,,,,,,,,"{""method_title"":""Purchase Order""}"
3505,3505,,,,,,,,,4.5000,4.5000,,,28.4900,,,,28.4900,,,,,,,purchaseorder,,,,,,,,,,,,,,,62677,,,,,,,,,,,,,"{""method_title"":""Purchase Order""}"
3506,3506,,,,,,,,,4.5000,4.5000,,,28.4900,,,,28.4900,,,,,,,purchaseorder,,,,,,,,,,,,,,,62645,,,,,,,,,,,,,"{""method_title"":""Purchase Order""}"
3507,3507,,,,,,,,,4.5000,4.5000,,,28.1800,,,,28.1800,,,,,,,purchaseorder,,,,,,,,,,,,,,,61577,,,,,,,,,,,,,"{""method_title"":""Purchase Order""}"
3508,3508,,,,,,,,,4.5000,4.5000,,,28.4900,,,,28.4900,,,,,,,purchaseorder,,,,,,,,,,,,,,,62441,,,,,,,,,,,,,"{""method_title"":""Purchase Order""}"
3509,3509,,,,,,,,,0.0000,0.0000,,,60.4200,,,,60.4200,,,,,,,purchaseorder,,,,,,,,,,,,,,,td 20/11/23,,,,,,,,,,,,,"{""method_title"":""Purchase Order""}"
3510,3510,,,,,,,,,4.5000,4.5000,,,56.6800,,,,56.6800,,,,,,,purchaseorder,,,,,,,,,,,,,,,62688,,,,,,,,,,,,,"{""method_title"":""Purchase Order""}"
3511,3511,,,,,,,,,4.5000,4.5000,,,28.4900,,,,28.4900,,,,,,,purchaseorder,,,,,,,,,,,,,,,62693,,,,,,,,,,,,,"{""method_title"":""Purchase Order""}"
3512,3512,,,,,,,,,4.5000,4.5000,,,33.3000,,,,33.3000,,,,,,,purchaseorder,,,,,,,,,,,,,,,62714,,,,,,,,,,,,,"{""method_title"":""Purchase Order""}"
3513,3513,,,,,,,,,4.5000,4.5000,,,28.1800,,,,28.1800,,,,,,,purchaseorder,,,,,,,,,,,,,,,62711,,,,,,,,,,,,,"{""method_title"":""Purchase Order""}"
3514,3514,,,,,,,,,4.5000,4.5000,,,36.7200,,,,36.7200,,,,,,,purchaseorder,,,,,,,,,,,,,,,62710,,,,,,,,,,,,,"{""method_title"":""Purchase Order""}"
3515,3515,,,,,,,,,4.5000,4.5000,,,29.3200,,,,29.3200,,,,,,,purchaseorder,,,,,,,,,,,,,,,62709,,,,,,,,,,,,,"{""method_title"":""Purchase Order""}"
3516,3516,,,,,,,,,4.5000,4.5000,,,29.3200,,,,29.3200,,,,,,,purchaseorder,,,,,,,,,,,,,,,62708,,,,,,,,,,,,,"{""method_title"":""Purchase Order""}"
3517,3517,,,,,,,,,4.5000,4.5000,,,36.7200,,,,36.7200,,,,,,,purchaseorder,,,,,,,,,,,,,,,62705,,,,,,,,,,,,,"{""method_title"":""Purchase Order""}"
3518,3518,,,,,,,,,4.5000,4.5000,,,51.5800,,,,51.5800,,,,,,,purchaseorder,,,,,,,,,,,,,,,62697,,,,,,,,,,,,,"{""method_title"":""Purchase Order""}"
3519,3519,,,,,,,,,4.5000,4.5000,,,91.1300,,,,91.1300,,,,,,,purchaseorder,,,,,,,,,,,,,,,62746,,,,,,,,,,,,,"{""method_title"":""Purchase Order""}"
3520,3520,,,,,,,,,4.5000,4.5000,,,28.4900,,,,28.4900,,,,,,,purchaseorder,,,,,,,,,,,,,,,62745,,,,,,,,,,,,,"{""method_title"":""Purchase Order""}"
3521,3521,,,,,,,,,4.5000,4.5000,,,29.3200,,,,29.3200,,,,,,,purchaseorder,,,,,,,,,,,,,,,62744,,,,,,,,,,,,,"{""method_title"":""Purchase Order""}"
3522,3522,,,,,,,,,4.5000,4.5000,,,36.7200,,,,36.7200,,,,,,,purchaseorder,,,,,,,,,,,,,,,62742,,,,,,,,,,,,,"{""method_title"":""Purchase Order""}"
3523,3523,,,,,,,,,4.5000,4.5000,,,29.8800,,,,29.8800,,,,,,,purchaseorder,,,,,,,,,,,,,,,62740,,,,,,,,,,,,,"{""method_title"":""Purchase Order""}"
3524,3524,,,,,,,,,4.5000,4.5000,,,54.9600,,,,54.9600,,,,,,,purchaseorder,,,,,,,,,,,,,,,62751,,,,,,,,,,,,,"{""method_title"":""Purchase Order""}"
3525,3525,,,,,,,,,4.5000,4.5000,,,28.1800,,,,28.1800,,,,,,,purchaseorder,,,,,,,,,,,,,,,62787,,,,,,,,,,,,,"{""method_title"":""Purchase Order""}"
3526,3526,,,,,,,,,4.5000,4.5000,,,29.8800,,,,29.8800,,,,,,,purchaseorder,,,,,,,,,,,,,,,62786,,,,,,,,,,,,,"{""method_title"":""Purchase Order""}"
3527,3527,,,,,,,,,4.5000,4.5000,,,33.3000,,,,33.3000,,,,,,,purchaseorder,,,,,,,,,,,,,,,62780,,,,,,,,,,,,,"{""method_title"":""Purchase Order""}"
3528,3528,,,,,,,,,4.5000,4.5000,,,28.1800,,,,28.1800,,,,,,,purchaseorder,,,,,,,,,,,,,,,62771,,,,,,,,,,,,,"{""method_title"":""Purchase Order""}"
3529,3529,,,,,,,,,4.5000,4.5000,,,36.7200,,,,36.7200,,,,,,,purchaseorder,,,,,,,,,,,,,,,62768,,,,,,,,,,,,,"{""method_title"":""Purchase Order""}"
3530,3530,,,,,,,,,4.5000,4.5000,,,28.4900,,,,28.4900,,,,,,,purchaseorder,,,,,,,,,,,,,,,62762,,,,,,,,,,,,,"{""method_title"":""Purchase Order""}"
3531,3531,,,,,,,,,4.5000,4.5000,,,28.4900,,,,28.4900,,,,,,,purchaseorder,,,,,,,,,,,,,,,62760,,,,,,,,,,,,,"{""method_title"":""Purchase Order""}"
3532,3532,,,,,,,,,4.5000,4.5000,,,53.2300,,,,53.2300,,,,,,,purchaseorder,,,,,,,,,,,,,,,62754,,,,,,,,,,,,,"{""method_title"":""Purchase Order""}"
3533,3533,,,,,,,,,0.0000,0.0000,,,60.4200,,,,60.4200,,,,,,,purchaseorder,,,,,,,,,,,,,,,td 28/11/23,,,,,,,,,,,,,"{""method_title"":""Purchase Order""}"
3534,3534,,,,,,,,,4.5000,4.5000,,,36.7200,,,,36.7200,,,,,,,purchaseorder,,,,,,,,,,,,,,,62831,,,,,,,,,,,,,"{""method_title"":""Purchase Order""}"
3535,3535,,,,,,,,,4.5000,4.5000,,,36.7200,,,,36.7200,,,,,,,purchaseorder,,,,,,,,,,,,,,,62826,,,,,,,,,,,,,"{""method_title"":""Purchase Order""}"
3536,3536,,,,,,,,,4.5000,4.5000,,,29.3200,,,,29.3200,,,,,,,purchaseorder,,,,,,,,,,,,,,,62827,,,,,,,,,,,,,"{""method_title"":""Purchase Order""}"
3537,3537,,,,,,,,,4.5000,4.5000,,,33.3000,,,,33.3000,,,,,,,purchaseorder,,,,,,,,,,,,,,,62830,,,,,,,,,,,,,"{""method_title"":""Purchase Order""}"
3538,3538,,,,,,,,,4.5000,4.5000,,,36.7200,,,,36.7200,,,,,,,purchaseorder,,,,,,,,,,,,,,,62842,,,,,,,,,,,,,"{""method_title"":""Purchase Order""}"
3539,3539,,,,,,,,,4.5000,4.5000,,,36.7200,,,,36.7200,,,,,,,purchaseorder,,,,,,,,,,,,,,,62842,,,,,,,,,,,,,"{""method_title"":""Purchase Order""}"
3540,3540,,,,,,,,,4.5000,4.5000,,,29.3200,,,,29.3200,,,,,,,purchaseorder,,,,,,,,,,,,,,,62839,,,,,,,,,,,,,"{""method_title"":""Purchase Order""}"
3541,3541,,,,,,,,,4.5000,4.5000,,,36.7200,,,,36.7200,,,,,,,purchaseorder,,,,,,,,,,,,,,,62838,,,,,,,,,,,,,"{""method_title"":""Purchase Order""}"
3542,3542,,,,,,,,,4.5000,4.5000,,,28.4900,,,,28.4900,,,,,,,purchaseorder,,,,,,,,,,,,,,,62837,,,,,,,,,,,,,"{""method_title"":""Purchase Order""}"
3543,3543,,,,,,,,,4.5000,4.5000,,,36.7200,,,,36.7200,,,,,,,purchaseorder,,,,,,,,,,,,,,,62869,,,,,,,,,,,,,"{""method_title"":""Purchase Order""}"
3544,3544,,,,,,,,,4.5000,4.5000,,,28.4900,,,,28.4900,,,,,,,purchaseorder,,,,,,,,,,,,,,,62865,,,,,,,,,,,,,"{""method_title"":""Purchase Order""}"
3545,3545,,,,,,,,,4.5000,4.5000,,,28.4900,,,,28.4900,,,,,,,purchaseorder,,,,,,,,,,,,,,,62863,,,,,,,,,,,,,"{""method_title"":""Purchase Order""}"
3546,3546,,,,,,,,,4.5000,4.5000,,,29.3200,,,,29.3200,,,,,,,purchaseorder,,,,,,,,,,,,,,,62862,,,,,,,,,,,,,"{""method_title"":""Purchase Order""}"
3547,3547,,,,,,,,,4.5000,4.5000,,,29.8800,,,,29.8800,,,,,,,purchaseorder,,,,,,,,,,,,,,,62859,,,,,,,,,,,,,"{""method_title"":""Purchase Order""}"
3548,3548,,,,,,,,,4.5000,4.5000,,,56.6800,,,,56.6800,,,,,,,purchaseorder,,,,,,,,,,,,,,,62858,,,,,,,,,,,,,"{""method_title"":""Purchase Order""}"
3549,3549,,,,,,,,,4.5000,4.5000,,,36.7200,,,,36.7200,,,,,,,purchaseorder,,,,,,,,,,,,,,,62849,,,,,,,,,,,,,"{""method_title"":""Purchase Order""}"
3550,3550,,,,,,,,,4.5000,4.5000,,,29.3200,,,,29.3200,,,,,,,purchaseorder,,,,,,,,,,,,,,,62848,,,,,,,,,,,,,"{""method_title"":""Purchase Order""}"
3551,3551,,,,,,,,,4.5000,4.5000,,,28.4900,,,,28.4900,,,,,,,purchaseorder,,,,,,,,,,,,,,,62844,,,,,,,,,,,,,"{""method_title"":""Purchase Order""}"
3552,3552,,,,,,,,,4.5000,4.5000,,,29.8800,,,,29.8800,,,,,,,purchaseorder,,,,,,,,,,,,,,,62843,,,,,,,,,,,,,"{""method_title"":""Purchase Order""}"
3553,3553,,,,,,,,,4.5000,4.5000,,,56.6800,,,,56.6800,,,,,,,purchaseorder,,,,,,,,,,,,,,,62758,,,,,,,,,,,,,"{""method_title"":""Purchase Order""}"
3554,3554,,,,,,,,,4.5000,4.5000,,,68.0400,,,,68.0400,,,,,,,purchaseorder,,,,,,,,,,,,,,,62876,,,,,,,,,,,,,"{""method_title"":""Purchase Order""}"
3555,3555,,,,,,,,,4.5000,4.5000,,,29.3200,,,,29.3200,,,,,,,purchaseorder,,,,,,,,,,,,,,,62881,,,,,,,,,,,,,"{""method_title"":""Purchase Order""}"
3556,3556,,,,,,,,,4.5000,4.5000,,,36.7200,,,,36.7200,,,,,,,purchaseorder,,,,,,,,,,,,,,,62892,,,,,,,,,,,,,"{""method_title"":""Purchase Order""}"
3557,3557,,,,,,,,,4.5000,4.5000,,,28.4900,,,,28.4900,,,,,,,purchaseorder,,,,,,,,,,,,,,,62889,,,,,,,,,,,,,"{""method_title"":""Purchase Order""}"
3558,3558,,,,,,,,,4.5000,4.5000,,,28.4900,,,,28.4900,,,,,,,purchaseorder,,,,,,,,,,,,,,,62888,,,,,,,,,,,,,"{""method_title"":""Purchase Order""}"
3559,3559,,,,,,,,,4.5000,4.5000,,,36.7200,,,,36.7200,,,,,,,purchaseorder,,,,,,,,,,,,,,,62897,,,,,,,,,,,,,"{""method_title"":""Purchase Order""}"
3560,3560,,,,,,,,,4.5000,4.5000,,,28.1800,,,,28.1800,,,,,,,purchaseorder,,,,,,,,,,,,,,,62913,,,,,,,,,,,,,"{""method_title"":""Purchase Order""}"
3561,3561,,,,,,,,,4.5000,4.5000,,,36.7200,,,,36.7200,,,,,,,purchaseorder,,,,,,,,,,,,,,,62911,,,,,,,,,,,,,"{""method_title"":""Purchase Order""}"
3562,3562,,,,,,,,,4.5000,4.5000,,,36.7200,,,,36.7200,,,,,,,purchaseorder,,,,,,,,,,,,,,,62907,,,,,,,,,,,,,"{""method_title"":""Purchase Order""}"
3563,3563,,,,,,,,,4.5000,4.5000,,,29.8800,,,,29.8800,,,,,,,purchaseorder,,,,,,,,,,,,,,,62903,,,,,,,,,,,,,"{""method_title"":""Purchase Order""}"
3564,3564,,,,,,,,,4.5000,4.5000,,,52.1200,,,,52.1200,,,,,,,purchaseorder,,,,,,,,,,,,,,,62901,,,,,,,,,,,,,"{""method_title"":""Purchase Order""}"
3565,3565,,,,,,,,,4.5000,4.5000,,,29.8800,,,,29.8800,,,,,,,purchaseorder,,,,,,,,,,,,,,,62899,,,,,,,,,,,,,"{""method_title"":""Purchase Order""}"
3566,3566,,,,,,,,,4.5000,4.5000,,,59.8100,,,,59.8100,,,,,,,purchaseorder,,,,,,,,,,,,,,,62937,,,,,,,,,,,,,"{""method_title"":""Purchase Order""}"
3567,3567,,,,,,,,,4.5000,4.5000,,,29.3200,,,,29.3200,,,,,,,purchaseorder,,,,,,,,,,,,,,,62936,,,,,,,,,,,,,"{""method_title"":""Purchase Order""}"
3568,3568,,,,,,,,,4.5000,4.5000,,,36.7200,,,,36.7200,,,,,,,purchaseorder,,,,,,,,,,,,,,,62929,,,,,,,,,,,,,"{""method_title"":""Purchase Order""}"
3569,3569,,,,,,,,,4.5000,4.5000,,,28.4900,,,,28.4900,,,,,,,purchaseorder,,,,,,,,,,,,,,,62928,,,,,,,,,,,,,"{""method_title"":""Purchase Order""}"
3570,3570,,,,,,,,,4.5000,4.5000,,,36.7200,,,,36.7200,,,,,,,purchaseorder,,,,,,,,,,,,,,,62924,,,,,,,,,,,,,"{""method_title"":""Purchase Order""}"
3571,3571,,,,,,,,,4.5000,4.5000,,,29.8800,,,,29.8800,,,,,,,purchaseorder,,,,,,,,,,,,,,,62959,,,,,,,,,,,,,"{""method_title"":""Purchase Order""}"
3572,3572,,,,,,,,,0.0000,0.0000,,,161.7500,,,,161.7500,,,,,,,purchaseorder,,,,,,,,,,,,,,,td 6/12/23,,,,,,,,,,,,,"{""method_title"":""Purchase Order""}"
3573,3573,,,,,,,,,4.5000,4.5000,,,36.7200,,,,36.7200,,,,,,,purchaseorder,,,,,,,,,,,,,,,62742,,,,,,,,,,,,,"{""method_title"":""Purchase Order""}"
3574,3574,,,,,,,,,4.5000,4.5000,,,28.4900,,,,28.4900,,,,,,,purchaseorder,,,,,,,,,,,,,,,62969,,,,,,,,,,,,,"{""method_title"":""Purchase Order""}"
3575,3575,,,,,,,,,4.5000,4.5000,,,36.7200,,,,36.7200,,,,,,,purchaseorder,,,,,,,,,,,,,,,62973,,,,,,,,,,,,,"{""method_title"":""Purchase Order""}"
3576,3576,,,,,,,,,0.0000,0.0000,,,263.0200,,,,263.0200,,,,,,,purchaseorder,,,,,,,,,,,,,,,FC091223,,,,,,,,,,,,,"{""method_title"":""Purchase Order""}"
3577,3577,,,,,,,,,4.5000,4.5000,,,28.4900,,,,28.4900,,,,,,,purchaseorder,,,,,,,,,,,,,,,62984,,,,,,,,,,,,,"{""method_title"":""Purchase Order""}"
3578,3578,,,,,,,,,4.5000,4.5000,,,28.4900,,,,28.4900,,,,,,,purchaseorder,,,,,,,,,,,,,,,62986,,,,,,,,,,,,,"{""method_title"":""Purchase Order""}"
3579,3579,,,,,,,,,4.5000,4.5000,,,36.7200,,,,36.7200,,,,,,,purchaseorder,,,,,,,,,,,,,,,63002,,,,,,,,,,,,,"{""method_title"":""Purchase Order""}"
3580,3580,,,,,,,,,4.5000,4.5000,,,28.4900,,,,28.4900,,,,,,,purchaseorder,,,,,,,,,,,,,,,63008,,,,,,,,,,,,,"{""method_title"":""Purchase Order""}"
3581,3581,,,,,,,,,4.5000,4.5000,,,68.0400,,,,68.0400,,,,,,,purchaseorder,,,,,,,,,,,,,,,63009,,,,,,,,,,,,,"{""method_title"":""Purchase Order""}"
3582,3582,,,,,,,,,4.5000,4.5000,,,36.7200,,,,36.7200,,,,,,,purchaseorder,,,,,,,,,,,,,,,63013,,,,,,,,,,,,,"{""method_title"":""Purchase Order""}"
3583,3583,,,,,,,,,4.5000,4.5000,,,29.8800,,,,29.8800,,,,,,,purchaseorder,,,,,,,,,,,,,,,63016,,,,,,,,,,,,,"{""method_title"":""Purchase Order""}"
3584,3584,,,,,,,,,4.5000,4.5000,,,28.4900,,,,28.4900,,,,,,,purchaseorder,,,,,,,,,,,,,,,63017,,,,,,,,,,,,,"{""method_title"":""Purchase Order""}"
3585,3585,,,,,,,,,4.5000,4.5000,,,36.7200,,,,36.7200,,,,,,,purchaseorder,,,,,,,,,,,,,,,63020,,,,,,,,,,,,,"{""method_title"":""Purchase Order""}"
3586,3586,,,,,,,,,4.5000,4.5000,,,36.7200,,,,36.7200,,,,,,,purchaseorder,,,,,,,,,,,,,,,63022,,,,,,,,,,,,,"{""method_title"":""Purchase Order""}"
3587,3587,,,,,,,,,4.5000,4.5000,,,36.7200,,,,36.7200,,,,,,,purchaseorder,,,,,,,,,,,,,,,63023,,,,,,,,,,,,,"{""method_title"":""Purchase Order""}"
3588,3588,,,,,,,,,4.5000,4.5000,,,36.7200,,,,36.7200,,,,,,,purchaseorder,,,,,,,,,,,,,,,63024,,,,,,,,,,,,,"{""method_title"":""Purchase Order""}"
3589,3589,,,,,,,,,4.5000,4.5000,,,29.3200,,,,29.3200,,,,,,,purchaseorder,,,,,,,,,,,,,,,63025,,,,,,,,,,,,,"{""method_title"":""Purchase Order""}"
3590,3590,,,,,,,,,4.5000,4.5000,,,28.1800,,,,28.1800,,,,,,,purchaseorder,,,,,,,,,,,,,,,63027,,,,,,,,,,,,,"{""method_title"":""Purchase Order""}"
3591,3591,,,,,,,,,4.5000,4.5000,,,28.4900,,,,28.4900,,,,,,,purchaseorder,,,,,,,,,,,,,,,63028,,,,,,,,,,,,,"{""method_title"":""Purchase Order""}"
3592,3592,,,,,,,,,4.5000,4.5000,,,39.0400,,,,39.0400,,,,,,,purchaseorder,,,,,,,,,,,,,,,63036,,,,,,,,,,,,,"{""method_title"":""Purchase Order""}"
3593,3593,,,,,,,,,0.0000,0.0000,,,58.4600,,,,58.4600,,,,,0,,purchaseorder,,,,,,,,,0,,,,,,GRITHIS ,0,,,,,,,,,,,,"{""method_title"":""Purchase Order""}"
3594,3594,,,,,,,,,0.0000,0.0000,,,60.4200,,,,60.4200,,,,,,,purchaseorder,,,,,,,,,,,,,,,td 11/12/23,,,,,,,,,,,,,"{""method_title"":""Purchase Order""}"
3595,3595,,,,,,,,,0.0000,0.0000,,,126.0200,,,,126.0200,,,,,,,purchaseorder,,,,,,,,,,,,,,,td/11/12/23,,,,,,,,,,,,,"{""method_title"":""Purchase Order""}"
3596,3596,,,,,,,,,4.5000,4.5000,,,28.4900,,,,28.4900,,,,,,,purchaseorder,,,,,,,,,,,,,,,63042,,,,,,,,,,,,,"{""method_title"":""Purchase Order""}"
3597,3597,,,,,,,,,4.5000,4.5000,,,28.4900,,,,28.4900,,,,,,,purchaseorder,,,,,,,,,,,,,,,63043,,,,,,,,,,,,,"{""method_title"":""Purchase Order""}"
3598,3598,,,,,,,,,4.5000,4.5000,,,36.7200,,,,36.7200,,,,,,,purchaseorder,,,,,,,,,,,,,,,63044,,,,,,,,,,,,,"{""method_title"":""Purchase Order""}"
3599,3599,,,,,,,,,4.5000,4.5000,,,53.2300,,,,53.2300,,,,,,,purchaseorder,,,,,,,,,,,,,,,63051,,,,,,,,,,,,,"{""method_title"":""Purchase Order""}"
3600,3600,,,,,,,,,4.5000,4.5000,,,36.7200,,,,36.7200,,,,,,,purchaseorder,,,,,,,,,,,,,,,63055,,,,,,,,,,,,,"{""method_title"":""Purchase Order""}"
3601,3601,,,,,,,,,4.5000,4.5000,,,29.8800,,,,29.8800,,,,,,,purchaseorder,,,,,,,,,,,,,,,63059,,,,,,,,,,,,,"{""method_title"":""Purchase Order""}"
3602,3602,,,,,,,,,3.2900,3.2900,,,20.7700,,,,20.7700,,,,,,,purchaseorder,,,,,,,,,,,,,,,63060,,,,,,,,,,,,,"{""method_title"":""Purchase Order""}"
3603,3603,,,,,,,,,4.5000,4.5000,,,36.7200,,,,36.7200,,,,,,,purchaseorder,,,,,,,,,,,,,,,63062,,,,,,,,,,,,,"{""method_title"":""Purchase Order""}"
3604,3604,,,,,,,,,4.5000,4.5000,,,36.7200,,,,36.7200,,,,,,,purchaseorder,,,,,,,,,,,,,,,63063,,,,,,,,,,,,,"{""method_title"":""Purchase Order""}"
3605,3605,,,,,,,,,4.5000,4.5000,,,28.4900,,,,28.4900,,,,,,,purchaseorder,,,,,,,,,,,,,,,63066,,,,,,,,,,,,,"{""method_title"":""Purchase Order""}"
3606,3606,,,,,,,,,4.5000,4.5000,,,28.4900,,,,28.4900,,,,,,,purchaseorder,,,,,,,,,,,,,,,63053,,,,,,,,,,,,,"{""method_title"":""Purchase Order""}"
3607,3607,,,,,,,,,0.0000,0.0000,,,48.6000,,,,48.6000,,,,,,,purchaseorder,,,,,,,,,,,,,,,td 13/12/23,,,,,,,,,,,,,"{""method_title"":""Purchase Order""}"
3608,3608,,,,,,,,,4.5000,4.5000,,,28.4900,,,,28.4900,,,,,,,purchaseorder,,,,,,,,,,,,,,,63075,,,,,,,,,,,,,"{""method_title"":""Purchase Order""}"
3609,3609,,,,,,,,,4.5000,4.5000,,,28.1800,,,,28.1800,,,,,,,purchaseorder,,,,,,,,,,,,,,,63083,,,,,,,,,,,,,"{""method_title"":""Purchase Order""}"
3610,3610,,,,,,,,,4.5000,4.5000,,,28.4900,,,,28.4900,,,,,,,purchaseorder,,,,,,,,,,,,,,,63072,,,,,,,,,,,,,"{""method_title"":""Purchase Order""}"
3611,3611,,,,,,,,,4.5000,4.5000,,,29.3200,,,,29.3200,,,,,,,purchaseorder,,,,,,,,,,,,,,,63082,,,,,,,,,,,,,"{""method_title"":""Purchase Order""}"
3612,3612,,,,,,,,,4.5000,4.5000,,,36.7200,,,,36.7200,,,,,,,purchaseorder,,,,,,,,,,,,,,,63096,,,,,,,,,,,,,"{""method_title"":""Purchase Order""}"
3613,3613,,,,,,,,,4.5000,4.5000,,,28.4900,,,,28.4900,,,,,,,purchaseorder,,,,,,,,,,,,,,,63097,,,,,,,,,,,,,"{""method_title"":""Purchase Order""}"
3614,3614,,,,,,,,,4.5000,4.5000,,,51.5800,,,,51.5800,,,,,,,purchaseorder,,,,,,,,,,,,,,,63101,,,,,,,,,,,,,"{""method_title"":""Purchase Order""}"
3615,3615,,,,,,,,,4.5000,4.5000,,,29.3200,,,,29.3200,,,,,,,purchaseorder,,,,,,,,,,,,,,,63100,,,,,,,,,,,,,"{""method_title"":""Purchase Order""}"
3616,3616,,,,,,,,,4.5000,4.5000,,,28.4900,,,,28.4900,,,,,,,purchaseorder,,,,,,,,,,,,,,,63103,,,,,,,,,,,,,"{""method_title"":""Purchase Order""}"
3617,3617,,,,,,,,,0.0000,0.0000,,,144.8500,,,,144.8500,,,,,,,purchaseorder,,,,,,,,,,,,,,,FC161223,,,,,,,,,,,,,"{""method_title"":""Purchase Order""}"
3618,3618,,,,,,,,,3.2900,3.2900,,,39.6600,,,,39.6600,,,,,,,purchaseorder,,,,,,,,,,,,,,,W3718,,,,,,,,,,,,,"{""method_title"":""Purchase Order""}"
3619,3619,,,,,,,,,4.5000,4.5000,,,33.3000,,,,33.3000,,,,,,,purchaseorder,,,,,,,,,,,,,,,63116,,,,,,,,,,,,,"{""method_title"":""Purchase Order""}"
3620,3620,,,,,,,,,4.5000,4.5000,,,29.3200,,,,29.3200,,,,,,,purchaseorder,,,,,,,,,,,,,,,63111,,,,,,,,,,,,,"{""method_title"":""Purchase Order""}"
3621,3621,,,,,,,,,4.5000,4.5000,,,28.4900,,,,28.4900,,,,,,,purchaseorder,,,,,,,,,,,,,,,63114,,,,,,,,,,,,,"{""method_title"":""Purchase Order""}"
3622,3622,,,,,,,,,4.5000,4.5000,,,28.4900,,,,28.4900,,,,,,,purchaseorder,,,,,,,,,,,,,,,63115,,,,,,,,,,,,,"{""method_title"":""Purchase Order""}"
3623,3623,,,,,,,,,4.5000,4.5000,,,38.4400,,,,38.4400,,,,,,,purchaseorder,,,,,,,,,,,,,,,63122,,,,,,,,,,,,,"{""method_title"":""Purchase Order""}"
3624,3624,,,,,,,,,3.2900,3.2900,,,23.3900,,,,23.3900,,,,,,,purchaseorder,,,,,,,,,,,,,,,63132,,,,,,,,,,,,,"{""method_title"":""Purchase Order""}"
3625,3625,,,,,,,,,4.5000,4.5000,,,83.7200,,,,83.7200,,,,,,,purchaseorder,,,,,,,,,,,,,,,63136,,,,,,,,,,,,,"{""method_title"":""Purchase Order""}"
3626,3626,,,,,,,,,4.5000,4.5000,,,56.6800,,,,56.6800,,,,,,,purchaseorder,,,,,,,,,,,,,,,63154,,,,,,,,,,,,,"{""method_title"":""Purchase Order""}"
3627,3627,,,,,,,,,4.5000,4.5000,,,28.4900,,,,28.4900,,,,,,,purchaseorder,,,,,,,,,,,,,,,62969,,,,,,,,,,,,,"{""method_title"":""Purchase Order""}"
3628,3628,,,,,,,,,4.5000,4.5000,,,29.3200,,,,29.3200,,,,,,,purchaseorder,,,,,,,,,,,,,,,63171,,,,,,,,,,,,,"{""method_title"":""Purchase Order""}"
3629,3629,,,,,,,,,4.5000,4.5000,,,36.7200,,,,36.7200,,,,,,,purchaseorder,,,,,,,,,,,,,,,63198,,,,,,,,,,,,,"{""method_title"":""Purchase Order""}"
3630,3630,,,,,,,,,4.5000,4.5000,,,28.1800,,,,28.1800,,,,,,,purchaseorder,,,,,,,,,,,,,,,63202,,,,,,,,,,,,,"{""method_title"":""Purchase Order""}"
3631,3631,,,,,,,,,4.5000,4.5000,,,36.7200,,,,36.7200,,,,,,,purchaseorder,,,,,,,,,,,,,,,63204,,,,,,,,,,,,,"{""method_title"":""Purchase Order""}"
3632,3632,,,,,,,,,4.5000,4.5000,,,28.4900,,,,28.4900,,,,,,,purchaseorder,,,,,,,,,,,,,,,63211,,,,,,,,,,,,,"{""method_title"":""Purchase Order""}"
3633,3633,,,,,,,,,4.5000,4.5000,,,28.4900,,,,28.4900,,,,,,,purchaseorder,,,,,,,,,,,,,,,63103,,,,,,,,,,,,,"{""method_title"":""Purchase Order""}"
3634,3634,,,,,,,,,4.5000,4.5000,,,36.7200,,,,36.7200,,,,,,,purchaseorder,,,,,,,,,,,,,,,62826,,,,,,,,,,,,,"{""method_title"":""Purchase Order""}"
3635,3635,,,,,,,,,4.5000,4.5000,,,36.7200,,,,36.7200,,,,,,,purchaseorder,,,,,,,,,,,,,,,63217,,,,,,,,,,,,,"{""method_title"":""Purchase Order""}"
3636,3636,,,,,,,,,4.5000,4.5000,,,29.8800,,,,29.8800,,,,,,,purchaseorder,,,,,,,,,,,,,,,63059,,,,,,,,,,,,,"{""method_title"":""Purchase Order""}"
3637,3637,,,,,,,,,4.5000,4.5000,,,36.7200,,,,36.7200,,,,,,,purchaseorder,,,,,,,,,,,,,,,63226,,,,,,,,,,,,,"{""method_title"":""Purchase Order""}"
3638,3638,,,,,,,,,4.5000,4.5000,,,78.0500,,,,78.0500,,,,,,,purchaseorder,,,,,,,,,,,,,,,63240,,,,,,,,,,,,,"{""method_title"":""Purchase Order""}"
3639,3639,,,,,,,,,4.5000,4.5000,,,29.8800,,,,29.8800,,,,,,,purchaseorder,,,,,,,,,,,,,,,63250,,,,,,,,,,,,,"{""method_title"":""Purchase Order""}"
3640,3640,,,,,,,,,4.5000,4.5000,,,28.1800,,,,28.1800,,,,,,,purchaseorder,,,,,,,,,,,,,,,63255,,,,,,,,,,,,,"{""method_title"":""Purchase Order""}"
3641,3641,,,,,,,,,4.5000,4.5000,,,107.9500,,,,107.9500,,,,,,,purchaseorder,,,,,,,,,,,,,,,63248,,,,,,,,,,,,,"{""method_title"":""Purchase Order""}"
3642,3642,,,,,,,,,4.5000,4.5000,,,56.6800,,,,56.6800,,,,,,,purchaseorder,,,,,,,,,,,,,,,63249,,,,,,,,,,,,,"{""method_title"":""Purchase Order""}"
3643,3643,,,,,,,,,4.5000,4.5000,,,36.7200,,,,36.7200,,,,,,,purchaseorder,,,,,,,,,,,,,,,63260,,,,,,,,,,,,,"{""method_title"":""Purchase Order""}"
3644,3644,,,,,,,,,4.5000,4.5000,,,36.7200,,,,36.7200,,,,,,,purchaseorder,,,,,,,,,,,,,,,63259,,,,,,,,,,,,,"{""method_title"":""Purchase Order""}"
3645,3645,,,,,,,,,4.5000,4.5000,,,36.7200,,,,36.7200,,,,,,,purchaseorder,,,,,,,,,,,,,,,63265,,,,,,,,,,,,,"{""method_title"":""Purchase Order""}"
3646,3646,,,,,,,,,0.0000,0.0000,,,49.9000,,,,49.9000,,,,,,,purchaseorder,,,,,,,,,,,,,,,JB030124,,,,,,,,,,,,,"{""method_title"":""Purchase Order""}"
3647,3647,,,,,,,,,0.0000,0.0000,,,110.4200,,,,110.4200,,,,,,,purchaseorder,,,,,,,,,,,,,,,td 3/1/24,,,,,,,,,,,,,"{""method_title"":""Purchase Order""}"
3648,3648,,,,,,,,,0.0000,0.0000,,,177.3500,,,,177.3500,,,,,,,purchaseorder,,,,,,,,,,,,,,,FC040124,,,,,,,,,,,,,"{""method_title"":""Purchase Order""}"
3649,3649,,,,,,,,,4.5000,4.5000,,,28.4900,,,,28.4900,,,,,,,purchaseorder,,,,,,,,,,,,,,,63164,,,,,,,,,,,,,"{""method_title"":""Purchase Order""}"
3650,3650,,,,,,,,,4.5000,4.5000,,,28.4900,,,,28.4900,,,,,,,purchaseorder,,,,,,,,,,,,,,,63299,,,,,,,,,,,,,"{""method_title"":""Purchase Order""}"
3651,3651,,,,,,,,,4.5000,4.5000,,,56.6800,,,,56.6800,,,,,,,purchaseorder,,,,,,,,,,,,,,,63305,,,,,,,,,,,,,"{""method_title"":""Purchase Order""}"
3652,3652,,,,,,,,,0.0000,0.0000,,,57.0600,,,,57.0600,,,,,,,purchaseorder,,,,,,,,,,,,,,,FC060124,,,,,,,,,,,,,"{""method_title"":""Purchase Order""}"
3653,3653,,,,,,,,,4.5000,4.5000,,,28.4900,,,,28.4900,,,,,,,purchaseorder,,,,,,,,,,,,,,,63337,,,,,,,,,,,,,"{""method_title"":""Purchase Order""}"
3654,3654,,,,,,,,,4.5000,4.5000,,,28.4900,,,,28.4900,,,,,,,purchaseorder,,,,,,,,,,,,,,,63326,,,,,,,,,,,,,"{""method_title"":""Purchase Order""}"
3655,3655,,,,,,,,,4.5000,4.5000,,,28.4900,,,,28.4900,,,,,,,purchaseorder,,,,,,,,,,,,,,,63314,,,,,,,,,,,,,"{""method_title"":""Purchase Order""}"
3656,3656,,,,,,,,,4.5000,4.5000,,,36.7200,,,,36.7200,,,,,,,purchaseorder,,,,,,,,,,,,,,,63333,,,,,,,,,,,,,"{""method_title"":""Purchase Order""}"
3657,3657,,,,,,,,,4.5000,4.5000,,,86.8600,,,,86.8600,,,,,,,purchaseorder,,,,,,,,,,,,,,,63319,,,,,,,,,,,,,"{""method_title"":""Purchase Order""}"
3658,3658,,,,,,,,,4.5000,4.5000,,,62.3800,,,,62.3800,,,,,,,purchaseorder,,,,,,,,,,,,,,,63322,,,,,,,,,,,,,"{""method_title"":""Purchase Order""}"
3659,3659,,,,,,,,,4.5000,4.5000,,,28.1800,,,,28.1800,,,,,,,purchaseorder,,,,,,,,,,,,,,,63325,,,,,,,,,,,,,"{""method_title"":""Purchase Order""}"
3660,3660,,,,,,,,,4.5000,4.5000,,,28.1800,,,,28.1800,,,,,,,purchaseorder,,,,,,,,,,,,,,,63336,,,,,,,,,,,,,"{""method_title"":""Purchase Order""}"
3661,3661,,,,,,,,,4.5000,4.5000,,,36.7200,,,,36.7200,,,,,,,purchaseorder,,,,,,,,,,,,,,,63340,,,,,,,,,,,,,"{""method_title"":""Purchase Order""}"
3662,3662,,,,,,,,,4.5000,4.5000,,,28.1800,,,,28.1800,,,,,,,purchaseorder,,,,,,,,,,,,,,,63353,,,,,,,,,,,,,"{""method_title"":""Purchase Order""}"
3663,3663,,,,,,,,,4.5000,4.5000,,,36.7200,,,,36.7200,,,,,,,purchaseorder,,,,,,,,,,,,,,,63358,,,,,,,,,,,,,"{""method_title"":""Purchase Order""}"
3664,3664,,,,,,,,,4.5000,4.5000,,,36.7200,,,,36.7200,,,,,,,purchaseorder,,,,,,,,,,,,,,,63324,,,,,,,,,,,,,"{""method_title"":""Purchase Order""}"
3665,3665,,,,,,,,,4.5000,4.5000,,,29.8800,,,,29.8800,,,,,,,purchaseorder,,,,,,,,,,,,,,,63385,,,,,,,,,,,,,"{""method_title"":""Purchase Order""}"
3666,3666,,,,,,,,,4.5000,4.5000,,,28.4900,,,,28.4900,,,,,,,purchaseorder,,,,,,,,,,,,,,,63115,,,,,,,,,,,,,"{""method_title"":""Purchase Order""}"
3667,3667,,,,,,,,,0.0000,0.0000,,,87.0000,,,,87.0000,,,,,0,,purchaseorder,,,,,,,,,0,,,,,,JB100124,0,,,,,,,,,,,,"{""method_title"":""Purchase Order""}"
3668,3668,,,,,,,,,4.5000,4.5000,,,29.8800,,,,29.8800,,,,,,,purchaseorder,,,,,,,,,,,,,,,63392,,,,,,,,,,,,,"{""method_title"":""Purchase Order""}"
3669,3669,,,,,,,,,4.5000,4.5000,,,36.7200,,,,36.7200,,,,,,,purchaseorder,,,,,,,,,,,,,,,63403,,,,,,,,,,,,,"{""method_title"":""Purchase Order""}"
3670,3670,,,,,,,,,3.2900,3.2900,,,25.3000,,,,25.3000,,,,,,,purchaseorder,,,,,,,,,,,,,,,63400,,,,,,,,,,,,,"{""method_title"":""Purchase Order""}"
3671,3671,,,,,,,,,4.5000,4.5000,,,55.1200,,,,55.1200,,,,,,,purchaseorder,,,,,,,,,,,,,,,63421,,,,,,,,,,,,,"{""method_title"":""Purchase Order""}"
3672,3672,,,,,,,,,4.5000,4.5000,,,28.1800,,,,28.1800,,,,,,,purchaseorder,,,,,,,,,,,,,,,63409,,,,,,,,,,,,,"{""method_title"":""Purchase Order""}"
3673,3673,,,,,,,,,4.5000,4.5000,,,28.1800,,,,28.1800,,,,,,,purchaseorder,,,,,,,,,,,,,,,63404,,,,,,,,,,,,,"{""method_title"":""Purchase Order""}"
3674,3674,,,,,,,,,3.2900,3.2900,,,39.6600,,,,39.6600,,,,,,,purchaseorder,,,,,,,,,,,,,,,W3755,,,,,,,,,,,,,"{""method_title"":""Purchase Order""}"
3675,3675,,,,,,,,,4.5000,4.5000,,,33.3000,,,,33.3000,,,,,,,purchaseorder,,,,,,,,,,,,,,,63436,,,,,,,,,,,,,"{""method_title"":""Purchase Order""}"
3676,3676,,,,,,,,,4.5000,4.5000,,,28.1800,,,,28.1800,,,,,,,purchaseorder,,,,,,,,,,,,,,,62954,,,,,,,,,,,,,"{""method_title"":""Purchase Order""}"
3677,3677,,,,,,,,,4.5000,4.5000,,,36.7200,,,,36.7200,,,,,,,purchaseorder,,,,,,,,,,,,,,,63444,,,,,,,,,,,,,"{""method_title"":""Purchase Order""}"
3678,3678,,,,,,,,,4.5000,4.5000,,,28.4900,,,,28.4900,,,,,,,purchaseorder,,,,,,,,,,,,,,,63448,,,,,,,,,,,,,"{""method_title"":""Purchase Order""}"
3679,3679,,,,,,,,,4.5000,4.5000,,,36.7200,,,,36.7200,,,,,,,purchaseorder,,,,,,,,,,,,,,,63461,,,,,,,,,,,,,"{""method_title"":""Purchase Order""}"
3680,3680,,,,,,,,,0.0000,0.0000,,,177.3500,,,,177.3500,,,,,,,purchaseorder,,,,,,,,,,,,,,,FC170124,,,,,,,,,,,,,"{""method_title"":""Purchase Order""}"
3681,3681,,,,,,,,,4.5000,4.5000,,,29.3200,,,,29.3200,,,,,,,purchaseorder,,,,,,,,,,,,,,,63477,,,,,,,,,,,,,"{""method_title"":""Purchase Order""}"
3682,3682,,,,,,,,,4.5000,4.5000,,,53.8200,,,,53.8200,,,,,,,purchaseorder,,,,,,,,,,,,,,,63480,,,,,,,,,,,,,"{""method_title"":""Purchase Order""}"
3683,3683,,,,,,,,,4.5000,4.5000,,,29.3200,,,,29.3200,,,,,,,purchaseorder,,,,,,,,,,,,,,,63486,,,,,,,,,,,,,"{""method_title"":""Purchase Order""}"
3684,3684,,,,,,,,,4.5000,4.5000,,,28.4900,,,,28.4900,,,,,,,purchaseorder,,,,,,,,,,,,,,,63075,,,,,,,,,,,,,"{""method_title"":""Purchase Order""}"
3685,3685,,,,,,,,,4.5000,4.5000,,,36.7200,,,,36.7200,,,,,,,purchaseorder,,,,,,,,,,,,,,,63204,,,,,,,,,,,,,"{""method_title"":""Purchase Order""}"
3686,3686,,,,,,,,,3.2900,3.2900,,,62.4100,,,,62.4100,,,,,0,,purchaseorder,,,,,,,,,0,,,,,,FC190124,0,,,,,,,,,,,,"{""method_title"":""Purchase Order""}"
3687,3687,,,,,,,,,4.5000,4.5000,,,36.7200,,,,36.7200,,,,,,,purchaseorder,,,,,,,,,,,,,,,63509,,,,,,,,,,,,,"{""method_title"":""Purchase Order""}"
3688,3688,,,,,,,,,4.5000,4.5000,,,39.0400,,,,39.0400,,,,,,,purchaseorder,,,,,,,,,,,,,,,63510,,,,,,,,,,,,,"{""method_title"":""Purchase Order""}"
3689,3689,,,,,,,,,4.5000,4.5000,,,28.4900,,,,28.4900,,,,,,,purchaseorder,,,,,,,,,,,,,,,63514,,,,,,,,,,,,,"{""method_title"":""Purchase Order""}"
3690,3690,,,,,,,,,4.5000,4.5000,,,36.7200,,,,36.7200,,,,,,,purchaseorder,,,,,,,,,,,,,,,63524,,,,,,,,,,,,,"{""method_title"":""Purchase Order""}"
3691,3691,,,,,,,,,4.5000,4.5000,,,28.4900,,,,28.4900,,,,,,,purchaseorder,,,,,,,,,,,,,,,63528,,,,,,,,,,,,,"{""method_title"":""Purchase Order""}"
3692,3692,,,,,,,,,4.5000,4.5000,,,36.7200,,,,36.7200,,,,,,,purchaseorder,,,,,,,,,,,,,,,63538,,,,,,,,,,,,,"{""method_title"":""Purchase Order""}"
3693,3693,,,,,,,,,4.5000,4.5000,,,28.1800,,,,28.1800,,,,,,,purchaseorder,,,,,,,,,,,,,,,63545,,,,,,,,,,,,,"{""method_title"":""Purchase Order""}"
3694,3694,,,,,,,,,4.5000,4.5000,,,82.2700,,,,82.2700,,,,,,,purchaseorder,,,,,,,,,,,,,,,63552,,,,,,,,,,,,,"{""method_title"":""Purchase Order""}"
3695,3695,,,,,,,,,0.0000,0.0000,,,84.9700,,,,84.9700,,,,,,,purchaseorder,,,,,,,,,,,,,,,td 23/1/24,,,,,,,,,,,,,"{""method_title"":""Purchase Order""}"
3696,3696,,,,,,,,,4.5000,4.5000,,,28.1800,,,,28.1800,,,,,,,purchaseorder,,,,,,,,,,,,,,,63574,,,,,,,,,,,,,"{""method_title"":""Purchase Order""}"
3697,3697,,,,,,,,,4.5000,4.5000,,,56.6800,,,,56.6800,,,,,,,purchaseorder,,,,,,,,,,,,,,,63577,,,,,,,,,,,,,"{""method_title"":""Purchase Order""}"
3698,3698,,,,,,,,,4.5000,4.5000,,,28.4900,,,,28.4900,,,,,,,purchaseorder,,,,,,,,,,,,,,,63584,,,,,,,,,,,,,"{""method_title"":""Purchase Order""}"
3699,3699,,,,,,,,,0.0000,0.0000,,,67.3400,,,,67.3400,,,,,,,purchaseorder,,,,,,,,,,,,,,,td 24/1/24,,,,,,,,,,,,,"{""method_title"":""Purchase Order""}"
3700,3700,,,,,,,,,4.5000,4.5000,,,56.6800,,,,56.6800,,,,,,,purchaseorder,,,,,,,,,,,,,,,63549,,,,,,,,,,,,,"{""method_title"":""Purchase Order""}"
3701,3701,,,,,,,,,4.5000,4.5000,,,56.6800,,,,56.6800,,,,,,,purchaseorder,,,,,,,,,,,,,,,63556,,,,,,,,,,,,,"{""method_title"":""Purchase Order""}"
3702,3702,,,,,,,,,4.5000,4.5000,,,36.7200,,,,36.7200,,,,,,,purchaseorder,,,,,,,,,,,,,,,63602,,,,,,,,,,,,,"{""method_title"":""Purchase Order""}"
3703,3703,,,,,,,,,0.0000,0.0000,,,61.9600,,,,61.9600,,,,,0,,purchaseorder,,,,,,,,,0,,,,,,shopstock,0,,,,,,,,,,,,"{""method_title"":""Purchase Order""}"
3704,3704,,,,,,,,,4.5000,4.5000,,,50.9500,,,,50.9500,,,,,,,purchaseorder,,,,,,,,,,,,,,,63606,,,,,,,,,,,,,"{""method_title"":""Purchase Order""}"
3705,3705,,,,,,,,,4.5000,4.5000,,,28.4900,,,,28.4900,,,,,,,purchaseorder,,,,,,,,,,,,,,,63619,,,,,,,,,,,,,"{""method_title"":""Purchase Order""}"
3706,3706,,,,,,,,,4.5000,4.5000,,,54.9600,,,,54.9600,,,,,,,purchaseorder,,,,,,,,,,,,,,,63620,,,,,,,,,,,,,"{""method_title"":""Purchase Order""}"
3707,3707,,,,,,,,,4.5000,4.5000,,,28.4900,,,,28.4900,,,,,,,purchaseorder,,,,,,,,,,,,,,,63626,,,,,,,,,,,,,"{""method_title"":""Purchase Order""}"
3708,3708,,,,,,,,,4.5000,4.5000,,,28.4900,,,,28.4900,,,,,,,purchaseorder,,,,,,,,,,,,,,,63630,,,,,,,,,,,,,"{""method_title"":""Purchase Order""}"
3709,3709,,,,,,,,,0.0000,0.0000,,,60.4200,,,,60.4200,,,,,0,,purchaseorder,,,,,,,,,0,,,,,,GS290124,0,,,,,,,,,,,,"{""method_title"":""Purchase Order""}"
3710,3710,,,,,,,,,3.2900,3.2900,,,156.5000,,,,156.5000,,,,,0,,purchaseorder,,,,,,,,,0,,,,,,stlw290124,0,,,,,,,,,,,,"{""method_title"":""Purchase Order""}"
3711,3711,,,,,,,,,4.5000,4.5000,,,28.4900,,,,28.4900,,,,,,,purchaseorder,,,,,,,,,,,,,,,63642,,,,,,,,,,,,,"{""method_title"":""Purchase Order""}"
3712,3712,,,,,,,,,0.0000,0.0000,,,55.2100,,,,55.2100,,,,,0,,purchaseorder,,,,,,,,,0,,,,,,GS29124,0,,,,,,,,,,,,"{""method_title"":""Purchase Order""}"
3713,3713,,,,,,,,,0.0000,0.0000,,,61.7200,,,,61.7200,,,,,0,,purchaseorder,,,,,,,,,0,,,,,,1-1848,0,,,,,,,,,,,,"{""method_title"":""Purchase Order""}"
3714,3714,,,,,,,,,0.0000,0.0000,,,60.4200,,,,60.4200,,,,,,,purchaseorder,,,,,,,,,,,,,,,td 30/1/24,,,,,,,,,,,,,"{""method_title"":""Purchase Order""}"
3715,3715,,,,,,,,,4.5000,4.5000,,,58.3800,,,,58.3800,,,,,,,purchaseorder,,,,,,,,,,,,,,,63673,,,,,,,,,,,,,"{""method_title"":""Purchase Order""}"
3716,3716,,,,,,,,,4.5000,4.5000,,,36.7200,,,,36.7200,,,,,,,purchaseorder,,,,,,,,,,,,,,,63675,,,,,,,,,,,,,"{""method_title"":""Purchase Order""}"
3717,3717,,,,,,,,,4.5000,4.5000,,,28.1800,,,,28.1800,,,,,,,purchaseorder,,,,,,,,,,,,,,,63696,,,,,,,,,,,,,"{""method_title"":""Purchase Order""}"
3718,3718,,,,,,,,,0.0000,0.0000,,,55.2100,,,,55.2100,,,,,,,purchaseorder,,,,,,,,,,,,,,,W3804,,,,,,,,,,,,,"{""method_title"":""Purchase Order""}"
3719,3719,,,,,,,,,0.0000,0.0000,,,55.1300,,,,55.1300,,,,,,,purchaseorder,,,,,,,,,,,,,,,JB030224,,,,,,,,,,,,,"{""method_title"":""Purchase Order""}"
3720,3720,,,,,,,,,0.0000,0.0000,,,38.8800,,,,38.8800,,,,,,,purchaseorder,,,,,,,,,,,,,,,td 3/2/24,,,,,,,,,,,,,"{""method_title"":""Purchase Order""}"
3721,3721,,,,,,,,,4.5000,4.5000,,,33.3000,,,,33.3000,,,,,,,purchaseorder,,,,,,,,,,,,,,,63713,,,,,,,,,,,,,"{""method_title"":""Purchase Order""}"
3722,3722,,,,,,,,,4.5000,4.5000,,,56.6800,,,,56.6800,,,,,,,purchaseorder,,,,,,,,,,,,,,,63549,,,,,,,,,,,,,"{""method_title"":""Purchase Order""}"
3723,3723,,,,,,,,,3.2900,3.2900,,,11.0600,,,,11.0600,,,,,,,purchaseorder,,,,,,,,,,,,,,,63724,,,,,,,,,,,,,"{""method_title"":""Purchase Order""}"
3724,3724,,,,,,,,,4.5000,4.5000,,,36.7200,,,,36.7200,,,,,,,purchaseorder,,,,,,,,,,,,,,,63731,,,,,,,,,,,,,"{""method_title"":""Purchase Order""}"
3725,3725,,,,,,,,,4.5000,4.5000,,,29.8800,,,,29.8800,,,,,,,purchaseorder,,,,,,,,,,,,,,,63755,,,,,,,,,,,,,"{""method_title"":""Purchase Order""}"
3726,3726,,,,,,,,,4.5000,4.5000,,,33.3000,,,,33.3000,,,,,,,purchaseorder,,,,,,,,,,,,,,,63713 - Exchange,,,,,,,,,,,,,"{""method_title"":""Purchase Order""}"
3727,3727,,,,,,,,,4.5000,4.5000,,,53.8200,,,,53.8200,,,,,,,purchaseorder,,,,,,,,,,,,,,,63778,,,,,,,,,,,,,"{""method_title"":""Purchase Order""}"
3728,3728,,,,,,,,,0.0000,0.0000,,,120.8400,,,,120.8400,,,,,0,,purchaseorder,,,,,,,,,0,,,,,,GS10224,0,,,,,,,,,,,,"{""method_title"":""Purchase Order""}"
3729,3729,,,,,,,,,4.5000,4.5000,,,29.3200,,,,29.3200,,,,,,,purchaseorder,,,,,,,,,,,,,,,63801,,,,,,,,,,,,,"{""method_title"":""Purchase Order""}"
3730,3730,,,,,,,,,4.5000,4.5000,,,28.4900,,,,28.4900,,,,,,,purchaseorder,,,,,,,,,,,,,,,63805,,,,,,,,,,,,,"{""method_title"":""Purchase Order""}"
3731,3731,,,,,,,,,4.5000,4.5000,,,53.8200,,,,53.8200,,,,,,,purchaseorder,,,,,,,,,,,,,,,63818,,,,,,,,,,,,,"{""method_title"":""Purchase Order""}"
3732,3732,,,,,,,,,4.5000,4.5000,,,29.3200,,,,29.3200,,,,,,,purchaseorder,,,,,,,,,,,,,,,63832,,,,,,,,,,,,,"{""method_title"":""Purchase Order""}"
3733,3733,,,,,,,,,0.0000,0.0000,,,53.0000,,,,53.0000,,,,,,,purchaseorder,,,,,,,,,,,,,,,td 12/2/24,,,,,,,,,,,,,"{""method_title"":""Purchase Order""}"
3734,3734,,,,,,,,,4.5000,4.5000,,,61.2000,,,,61.2000,,,,,,,purchaseorder,,,,,,,,,,,,,,,63850,,,,,,,,,,,,,"{""method_title"":""Purchase Order""}"
3735,3735,,,,,,,,,0.0000,0.0000,,,38.8800,,,,38.8800,,,,,,,purchaseorder,,,,,,,,,,,,,,,td 13/2/24,,,,,,,,,,,,,"{""method_title"":""Purchase Order""}"
3736,3736,,,,,,,,,4.5000,4.5000,,,36.7200,,,,36.7200,,,,,,,purchaseorder,,,,,,,,,,,,,,,63862,,,,,,,,,,,,,"{""method_title"":""Purchase Order""}"
3737,3737,,,,,,,,,3.2900,3.2900,,,33.1100,,,,33.1100,,,,,,,purchaseorder,,,,,,,,,,,,,,,63883,,,,,,,,,,,,,"{""method_title"":""Purchase Order""}"
3738,3738,,,,,,,,,15.0000,15.0000,,,194.6000,,,,194.6000,,,,,0,,purchaseorder,,,,,,,,,0,,,,,,MIKE/SHOP,0,,,,,,,,,,,,"{""method_title"":""Purchase Order""}"
3739,3739,,,,,,,,,4.5000,4.5000,,,29.3200,,,,29.3200,,,,,,,purchaseorder,,,,,,,,,,,,,,,63888,,,,,,,,,,,,,"{""method_title"":""Purchase Order""}"
3740,3740,,,,,,,,,4.5000,4.5000,,,56.6800,,,,56.6800,,,,,,,purchaseorder,,,,,,,,,,,,,,,63902,,,,,,,,,,,,,"{""method_title"":""Purchase Order""}"
3741,3741,,,,,,,,,4.5000,4.5000,,,46.4400,,,,46.4400,,,,,,,purchaseorder,,,,,,,,,,,,,,,63903,,,,,,,,,,,,,"{""method_title"":""Purchase Order""}"
3742,3742,,,,,,,,,4.5000,4.5000,,,51.5800,,,,51.5800,,,,,,,purchaseorder,,,,,,,,,,,,,,,63907,,,,,,,,,,,,,"{""method_title"":""Purchase Order""}"
3743,3743,,,,,,,,,4.5000,4.5000,,,28.4900,,,,28.4900,,,,,,,purchaseorder,,,,,,,,,,,,,,,63913,,,,,,,,,,,,,"{""method_title"":""Purchase Order""}"
3744,3744,,,,,,,,,3.2900,3.2900,,,18.1800,,,,18.1800,,,,,,,purchaseorder,,,,,,,,,,,,,,,63912,,,,,,,,,,,,,"{""method_title"":""Purchase Order""}"
3745,3745,,,,,,,,,0.0000,0.0000,,,38.8800,,,,38.8800,,,,,,,purchaseorder,,,,,,,,,,,,,,,td 19/2/24,,,,,,,,,,,,,"{""method_title"":""Purchase Order""}"
3746,3746,,,,,,,,,4.5000,4.5000,,,28.4900,,,,28.4900,,,,,,,purchaseorder,,,,,,,,,,,,,,,63920,,,,,,,,,,,,,"{""method_title"":""Purchase Order""}"
3747,3747,,,,,,,,,3.2900,3.2900,,,33.1100,,,,33.1100,,,,,,,purchaseorder,,,,,,,,,,,,,,,63932,,,,,,,,,,,,,"{""method_title"":""Purchase Order""}"
3748,3748,,,,,,,,,0.0000,0.0000,,,116.9300,,,,116.9300,,,,,,,purchaseorder,,,,,,,,,,,,,,,td 20/2/24,,,,,,,,,,,,,"{""method_title"":""Purchase Order""}"
3749,3749,,,,,,,,,0.0000,0.0000,,,107.1400,,,,107.1400,,,,,0,,purchaseorder,,,,,,,,,0,,,,,,sams,0,,,,,,,,,,,,"{""method_title"":""Purchase Order""}"
3750,3750,,,,,,,,,4.5000,4.5000,,,36.7200,,,,36.7200,,,,,,,purchaseorder,,,,,,,,,,,,,,,63953,,,,,,,,,,,,,"{""method_title"":""Purchase Order""}"
3751,3751,,,,,,,,,4.5000,4.5000,,,59.5200,,,,59.5200,,,,,,,purchaseorder,,,,,,,,,,,,,,,63952,,,,,,,,,,,,,"{""method_title"":""Purchase Order""}"
3752,3752,,,,,,,,,0.0000,0.0000,,,134.9900,,,,134.9900,,,,,0,,purchaseorder,,,,,,,,,0,,,,,,JB220224,0,,,,,,,,,,,,"{""method_title"":""Purchase Order""}"
3753,3753,,,,,,,,,4.5000,4.5000,,,28.4900,,,,28.4900,,,,,,,purchaseorder,,,,,,,,,,,,,,,63977,,,,,,,,,,,,,"{""method_title"":""Purchase Order""}"
3754,3754,,,,,,,,,0.0000,0.0000,,,58.4600,,,,58.4600,,,,,,,purchaseorder,,,,,,,,,,,,,,,GS230224,,,,,,,,,,,,,"{""method_title"":""Purchase Order""}"
3755,3755,,,,,,,,,4.5000,4.5000,,,68.0400,,,,68.0400,,,,,,,purchaseorder,,,,,,,,,,,,,,,63995,,,,,,,,,,,,,"{""method_title"":""Purchase Order""}"
3756,3756,,,,,,,,,4.5000,4.5000,,,28.4900,,,,28.4900,,,,,,,purchaseorder,,,,,,,,,,,,,,,63997,,,,,,,,,,,,,"{""method_title"":""Purchase Order""}"
3757,3757,,,,,,,,,3.2900,3.2900,,,90.5800,,,,90.5800,,,,,0,,purchaseorder,,,,,,,,,0,,,,,,stlw260224,0,,,,,,,,,,,,"{""method_title"":""Purchase Order""}"
3758,3758,,,,,,,,,4.5000,4.5000,,,29.8800,,,,29.8800,,,,,,,purchaseorder,,,,,,,,,,,,,,,64028,,,,,,,,,,,,,"{""method_title"":""Purchase Order""}"
3759,3759,,,,,,,,,4.5000,4.5000,,,29.8800,,,,29.8800,,,,,,,purchaseorder,,,,,,,,,,,,,,,64027,,,,,,,,,,,,,"{""method_title"":""Purchase Order""}"
3760,3760,,,,,,,,,0.0000,0.0000,,,64.9700,,,,64.9700,,,,,,,purchaseorder,,,,,,,,,,,,,,,td 27/2/24,,,,,,,,,,,,,"{""method_title"":""Purchase Order""}"
3761,3761,,,,,,,,,4.5000,4.5000,,,28.4900,,,,28.4900,,,,,,,purchaseorder,,,,,,,,,,,,,,,64040,,,,,,,,,,,,,"{""method_title"":""Purchase Order""}"
3762,3762,,,,,,,,,4.5000,4.5000,,,51.5800,,,,51.5800,,,,,,,purchaseorder,,,,,,,,,,,,,,,64048,,,,,,,,,,,,,"{""method_title"":""Purchase Order""}"
3763,3763,,,,,,,,,0.0000,0.0000,,,115.6300,,,,115.6300,,,,,,,purchaseorder,,,,,,,,,,,,,,,td28/2/24,,,,,,,,,,,,,"{""method_title"":""Purchase Order""}"
3764,3764,,,,,,,,,4.5000,4.5000,,,28.4900,,,,28.4900,,,,,,,purchaseorder,,,,,,,,,,,,,,,64132,,,,,,,,,,,,,"{""method_title"":""Purchase Order""}"
3765,3765,,,,,,,,,4.5000,4.5000,,,51.5800,,,,51.5800,,,,,,,purchaseorder,,,,,,,,,,,,,,,64136,,,,,,,,,,,,,"{""method_title"":""Purchase Order""}"
3766,3766,,,,,,,,,4.5000,4.5000,,,28.4900,,,,28.4900,,,,,,,purchaseorder,,,,,,,,,,,,,,,64146,,,,,,,,,,,,,"{""method_title"":""Purchase Order""}"
3767,3767,,,,,,,,,4.5000,4.5000,,,59.5200,,,,59.5200,,,,,,,purchaseorder,,,,,,,,,,,,,,,64164,,,,,,,,,,,,,"{""method_title"":""Purchase Order""}"
3768,3768,,,,,,,,,4.5000,4.5000,,,28.1800,,,,28.1800,,,,,,,purchaseorder,,,,,,,,,,,,,,,64174,,,,,,,,,,,,,"{""method_title"":""Purchase Order""}"
3769,3769,,,,,,,,,0.0000,0.0000,,,58.4600,,,,58.4600,,,,,,,purchaseorder,,,,,,,,,,,,,,,td 11/3/24,,,,,,,,,,,,,"{""method_title"":""Purchase Order""}"
3770,3770,,,,,,,,,4.5000,4.5000,,,205.3600,,,,205.3600,,,,,,,purchaseorder,,,,,,,,,,,,,,,64193,,,,,,,,,,,,,"{""method_title"":""Purchase Order""}"
3771,3771,,,,,,,,,4.5000,4.5000,,,28.4900,,,,28.4900,,,,,,,purchaseorder,,,,,,,,,,,,,,,64191,,,,,,,,,,,,,"{""method_title"":""Purchase Order""}"
3772,3772,,,,,,,,,4.5000,4.5000,,,28.1800,,,,28.1800,,,,,,,purchaseorder,,,,,,,,,,,,,,,64182,,,,,,,,,,,,,"{""method_title"":""Purchase Order""}"
3773,3773,,,,,,,,,4.5000,4.5000,,,28.1800,,,,28.1800,,,,,,,purchaseorder,,,,,,,,,,,,,,,64202,,,,,,,,,,,,,"{""method_title"":""Purchase Order""}"
3774,3774,,,,,,,,,0.0000,0.0000,,,127.2500,,,,127.2500,,,,,,,purchaseorder,,,,,,,,,,,,,,,td 12//3/24,,,,,,,,,,,,,"{""method_title"":""Purchase Order""}"
3775,3775,,,,,,,,,0.0000,0.0000,,,71.4200,,,,71.4200,,,,,,,purchaseorder,,,,,,,,,,,,,,,W3897,,,,,,,,,,,,,"{""method_title"":""Purchase Order""}"
3776,3776,,,,,,,,,4.5000,4.5000,,,28.4900,,,,28.4900,,,,,,,purchaseorder,,,,,,,,,,,,,,,64211,,,,,,,,,,,,,"{""method_title"":""Purchase Order""}"
3777,3777,,,,,,,,,4.5000,4.5000,,,28.1800,,,,28.1800,,,,,,,purchaseorder,,,,,,,,,,,,,,,64223,,,,,,,,,,,,,"{""method_title"":""Purchase Order""}"
3778,3778,,,,,,,,,4.5000,4.5000,,,28.4900,,,,28.4900,,,,,,,purchaseorder,,,,,,,,,,,,,,,64232,,,,,,,,,,,,,"{""method_title"":""Purchase Order""}"
3779,3779,,,,,,,,,4.5000,4.5000,,,28.1800,,,,28.1800,,,,,,,purchaseorder,,,,,,,,,,,,,,,64250,,,,,,,,,,,,,"{""method_title"":""Purchase Order""}"
3780,3780,,,,,,,,,0.0000,0.0000,,,60.9100,,,,60.9100,,,,,,,purchaseorder,,,,,,,,,,,,,,,td 18/3/24,,,,,,,,,,,,,"{""method_title"":""Purchase Order""}"
3781,3781,,,,,,,,,4.5000,4.5000,,,28.4900,,,,28.4900,,,,,,,purchaseorder,,,,,,,,,,,,,,,64263,,,,,,,,,,,,,"{""method_title"":""Purchase Order""}"
3782,3782,,,,,,,,,4.5000,4.5000,,,54.3600,,,,54.3600,,,,,,,purchaseorder,,,,,,,,,,,,,,,64276,,,,,,,,,,,,,"{""method_title"":""Purchase Order""}"
3783,3783,,,,,,,,,4.5000,4.5000,,,28.1800,,,,28.1800,,,,,,,purchaseorder,,,,,,,,,,,,,,,64281,,,,,,,,,,,,,"{""method_title"":""Purchase Order""}"
3784,3784,,,,,,,,,0.0000,0.0000,,,58.4600,,,,58.4600,,,,,,,purchaseorder,,,,,,,,,,,,,,,td 19/3/24,,,,,,,,,,,,,"{""method_title"":""Purchase Order""}"
3785,3785,,,,,,,,,4.5000,4.5000,,,28.1800,,,,28.1800,,,,,,,purchaseorder,,,,,,,,,,,,,,,64294,,,,,,,,,,,,,"{""method_title"":""Purchase Order""}"
3786,3786,,,,,,,,,4.5000,4.5000,,,33.3000,,,,33.3000,,,,,,,purchaseorder,,,,,,,,,,,,,,,64292,,,,,,,,,,,,,"{""method_title"":""Purchase Order""}"
3787,3787,,,,,,,,,4.5000,4.5000,,,90.2800,,,,90.2800,,,,,,,purchaseorder,,,,,,,,,,,,,,,64296,,,,,,,,,,,,,"{""method_title"":""Purchase Order""}"
3788,3788,,,,,,,,,4.5000,4.5000,,,28.1800,,,,28.1800,,,,,,,purchaseorder,,,,,,,,,,,,,,,64301,,,,,,,,,,,,,"{""method_title"":""Purchase Order""}"
3789,3789,,,,,,,,,4.5000,4.5000,,,56.6800,,,,56.6800,,,,,,,purchaseorder,,,,,,,,,,,,,,,64165,,,,,,,,,,,,,"{""method_title"":""Purchase Order""}"
3790,3790,,,,,,,,,0.0000,0.0000,,,116.0400,,,,116.0400,,,,,,,purchaseorder,,,,,,,,,,,,,,,JB210324,,,,,,,,,,,,,"{""method_title"":""Purchase Order""}"
3791,3791,,,,,,,,,0.0000,0.0000,,,129.9400,,,,129.9400,,,,,,,purchaseorder,,,,,,,,,,,,,,,FC210324,,,,,,,,,,,,,"{""method_title"":""Purchase Order""}"
3792,3792,,,,,,,,,4.5000,4.5000,,,36.7200,,,,36.7200,,,,,,,purchaseorder,,,,,,,,,,,,,,,64311,,,,,,,,,,,,,"{""method_title"":""Purchase Order""}"
3793,3793,,,,,,,,,4.5000,4.5000,,,28.4900,,,,28.4900,,,,,,,purchaseorder,,,,,,,,,,,,,,,64312,,,,,,,,,,,,,"{""method_title"":""Purchase Order""}"
3794,3794,,,,,,,,,4.5000,4.5000,,,28.1800,,,,28.1800,,,,,,,purchaseorder,,,,,,,,,,,,,,,64315,,,,,,,,,,,,,"{""method_title"":""Purchase Order""}"
3795,3795,,,,,,,,,4.5000,4.5000,,,28.4900,,,,28.4900,,,,,,,purchaseorder,,,,,,,,,,,,,,,64320,,,,,,,,,,,,,"{""method_title"":""Purchase Order""}"
3796,3796,,,,,,,,,4.5000,4.5000,,,28.4900,,,,28.4900,,,,,,,purchaseorder,,,,,,,,,,,,,,,64319,,,,,,,,,,,,,"{""method_title"":""Purchase Order""}"
3797,3797,,,,,,,,,4.5000,4.5000,,,52.1200,,,,52.1200,,,,,,,purchaseorder,,,,,,,,,,,,,,,64330,,,,,,,,,,,,,"{""method_title"":""Purchase Order""}"
3798,3798,,,,,,,,,4.5000,4.5000,,,52.1200,,,,52.1200,,,,,,,purchaseorder,,,,,,,,,,,,,,,64333,,,,,,,,,,,,,"{""method_title"":""Purchase Order""}"
3799,3799,,,,,,,,,4.5000,4.5000,,,54.9600,,,,54.9600,,,,,,,purchaseorder,,,,,,,,,,,,,,,64334,,,,,,,,,,,,,"{""method_title"":""Purchase Order""}"
3800,3800,,,,,,,,,4.5000,4.5000,,,36.7200,,,,36.7200,,,,,,,purchaseorder,,,,,,,,,,,,,,,64335,,,,,,,,,,,,,"{""method_title"":""Purchase Order""}"
3801,3801,,,,,,,,,4.5000,4.5000,,,36.7200,,,,36.7200,,,,,,,purchaseorder,,,,,,,,,,,,,,,64342,,,,,,,,,,,,,"{""method_title"":""Purchase Order""}"
3802,3802,,,,,,,,,4.5000,4.5000,,,36.7200,,,,36.7200,,,,,,,purchaseorder,,,,,,,,,,,,,,,64343,,,,,,,,,,,,,"{""method_title"":""Purchase Order""}"
3803,3803,,,,,,,,,4.5000,4.5000,,,56.6800,,,,56.6800,,,,,,,purchaseorder,,,,,,,,,,,,,,,64344,,,,,,,,,,,,,"{""method_title"":""Purchase Order""}"
3804,3804,,,,,,,,,4.5000,4.5000,,,63.7900,,,,63.7900,,,,,,,purchaseorder,,,,,,,,,,,,,,,64348,,,,,,,,,,,,,"{""method_title"":""Purchase Order""}"
3805,3805,,,,,,,,,4.5000,4.5000,,,33.3000,,,,33.3000,,,,,,,purchaseorder,,,,,,,,,,,,,,,64292,,,,,,,,,,,,,"{""method_title"":""Purchase Order""}"
3806,3806,,,,,,,,,4.5000,4.5000,,,107.9500,,,,107.9500,,,,,,,purchaseorder,,,,,,,,,,,,,,,64367,,,,,,,,,,,,,"{""method_title"":""Purchase Order""}"
3807,3807,,,,,,,,,4.5000,4.5000,,,28.1800,,,,28.1800,,,,,,,purchaseorder,,,,,,,,,,,,,,,64370,,,,,,,,,,,,,"{""method_title"":""Purchase Order""}"
3808,3808,,,,,,,,,4.5000,4.5000,,,36.7200,,,,36.7200,,,,,,,purchaseorder,,,,,,,,,,,,,,,64383,,,,,,,,,,,,,"{""method_title"":""Purchase Order""}"
3809,3809,,,,,,,,,4.5000,4.5000,,,28.4900,,,,28.4900,,,,,,,purchaseorder,,,,,,,,,,,,,,,64388,,,,,,,,,,,,,"{""method_title"":""Purchase Order""}"
3810,3810,,,,,,,,,4.5000,4.5000,,,87.1700,,,,87.1700,,,,,,,purchaseorder,,,,,,,,,,,,,,,64395,,,,,,,,,,,,,"{""method_title"":""Purchase Order""}"
3811,3811,,,,,,,,,4.5000,4.5000,,,28.1800,,,,28.1800,,,,,,,purchaseorder,,,,,,,,,,,,,,,64402,,,,,,,,,,,,,"{""method_title"":""Purchase Order""}"
3812,3812,,,,,,,,,4.5000,4.5000,,,76.9100,,,,76.9100,,,,,,,purchaseorder,,,,,,,,,,,,,,,64403,,,,,,,,,,,,,"{""method_title"":""Purchase Order""}"
3813,3813,,,,,,,,,4.5000,4.5000,,,36.7200,,,,36.7200,,,,,,,purchaseorder,,,,,,,,,,,,,,,64405,,,,,,,,,,,,,"{""method_title"":""Purchase Order""}"
3814,3814,,,,,,,,,0.0000,0.0000,,,56.5200,,,,56.5200,,,,,,,purchaseorder,,,,,,,,,,,,,,,FC280324,,,,,,,,,,,,,"{""method_title"":""Purchase Order""}"
3815,3815,,,,,,,,,0.0000,0.0000,,,116.9300,,,,116.9300,,,,,,,purchaseorder,,,,,,,,,,,,,,,JB280324,,,,,,,,,,,,,"{""method_title"":""Purchase Order""}"
3816,3816,,,,,,,,,4.5000,4.5000,,,36.7200,,,,36.7200,,,,,,,purchaseorder,,,,,,,,,,,,,,,64410,,,,,,,,,,,,,"{""method_title"":""Purchase Order""}"
3817,3817,,,,,,,,,4.5000,4.5000,,,29.3200,,,,29.3200,,,,,,,purchaseorder,,,,,,,,,,,,,,,64425,,,,,,,,,,,,,"{""method_title"":""Purchase Order""}"
3818,3818,,,,,,,,,4.5000,4.5000,,,28.4900,,,,28.4900,,,,,,,purchaseorder,,,,,,,,,,,,,,,64427,,,,,,,,,,,,,"{""method_title"":""Purchase Order""}"
3819,3819,,,,,,,,,4.5000,4.5000,,,56.6800,,,,56.6800,,,,,,,purchaseorder,,,,,,,,,,,,,,,64437,,,,,,,,,,,,,"{""method_title"":""Purchase Order""}"
3820,3820,,,,,,,,,4.5000,4.5000,,,62.3800,,,,62.3800,,,,,,,purchaseorder,,,,,,,,,,,,,,,64438,,,,,,,,,,,,,"{""method_title"":""Purchase Order""}"
3821,3821,,,,,,,,,4.5000,4.5000,,,28.1800,,,,28.1800,,,,,,,purchaseorder,,,,,,,,,,,,,,,64439,,,,,,,,,,,,,"{""method_title"":""Purchase Order""}"
3822,3822,,,,,,,,,15.0000,15.0000,,,242.6800,,,,242.6800,,,,,0,,purchaseorder,,,,,,,,,0,,,,,,shoes,0,,,,,,,,,,,,"{""method_title"":""Purchase Order""}"
3823,3823,,,,,,,,,0.0000,0.0000,,,89.5800,,,,89.5800,,,,,,,purchaseorder,,,,,,,,,,,,,,,td 3/4/24,,,,,,,,,,,,,"{""method_title"":""Purchase Order""}"
3824,3824,,,,,,,,,4.5000,4.5000,,,28.4900,,,,28.4900,,,,,,,purchaseorder,,,,,,,,,,,,,,,64456,,,,,,,,,,,,,"{""method_title"":""Purchase Order""}"
3825,3825,,,,,,,,,4.5000,4.5000,,,54.9600,,,,54.9600,,,,,,,purchaseorder,,,,,,,,,,,,,,,64458,,,,,,,,,,,,,"{""method_title"":""Purchase Order""}"
3826,3826,,,,,,,,,3.2900,3.2900,,,88.2100,,,,88.2100,,,,,,,purchaseorder,,,,,,,,,,,,,,,stlw040424,,,,,,,,,,,,,"{""method_title"":""Purchase Order""}"
3827,3827,,,,,,,,,4.5000,4.5000,,,29.3200,,,,29.3200,,,,,,,purchaseorder,,,,,,,,,,,,,,,64474,,,,,,,,,,,,,"{""method_title"":""Purchase Order""}"
3828,3828,,,,,,,,,4.5000,4.5000,,,36.7200,,,,36.7200,,,,,,,purchaseorder,,,,,,,,,,,,,,,64466,,,,,,,,,,,,,"{""method_title"":""Purchase Order""}"
3829,3829,,,,,,,,,4.5000,4.5000,,,28.1800,,,,28.1800,,,,,,,purchaseorder,,,,,,,,,,,,,,,64465,,,,,,,,,,,,,"{""method_title"":""Purchase Order""}"
3830,3830,,,,,,,,,0.0000,0.0000,,,58.4600,,,,58.4600,,,,,,,purchaseorder,,,,,,,,,,,,,,,FC060424,,,,,,,,,,,,,"{""method_title"":""Purchase Order""}"
3831,3831,,,,,,,,,0.0000,0.0000,,,58.4600,,,,58.4600,,,,,,,purchaseorder,,,,,,,,,,,,,,,FC060424,,,,,,,,,,,,,"{""method_title"":""Purchase Order""}"
3832,3832,,,,,,,,,4.5000,4.5000,,,56.6800,,,,56.6800,,,,,,,purchaseorder,,,,,,,,,,,,,,,64488,,,,,,,,,,,,,"{""method_title"":""Purchase Order""}"
3833,3833,,,,,,,,,4.5000,4.5000,,,29.8800,,,,29.8800,,,,,,,purchaseorder,,,,,,,,,,,,,,,64511,,,,,,,,,,,,,"{""method_title"":""Purchase Order""}"
3834,3834,,,,,,,,,4.5000,4.5000,,,28.1800,,,,28.1800,,,,,,,purchaseorder,,,,,,,,,,,,,,,64510,,,,,,,,,,,,,"{""method_title"":""Purchase Order""}"
3835,3835,,,,,,,,,4.5000,4.5000,,,52.1200,,,,52.1200,,,,,,,purchaseorder,,,,,,,,,,,,,,,64459,,,,,,,,,,,,,"{""method_title"":""Purchase Order""}"
3836,3836,,,,,,,,,0.0000,0.0000,,,112.9000,,,,112.9000,,,,,,,purchaseorder,,,,,,,,,,,,,,,JB090424,,,,,,,,,,,,,"{""method_title"":""Purchase Order""}"
3837,3837,,,,,,,,,4.5000,4.5000,,,28.1800,,,,28.1800,,,,,,,purchaseorder,,,,,,,,,,,,,,,64543,,,,,,,,,,,,,"{""method_title"":""Purchase Order""}"
3838,3838,,,,,,,,,4.5000,4.5000,,,29.3200,,,,29.3200,,,,,,,purchaseorder,,,,,,,,,,,,,,,64545,,,,,,,,,,,,,"{""method_title"":""Purchase Order""}"
3839,3839,,,,,,,,,4.5000,4.5000,,,28.1800,,,,28.1800,,,,,,,purchaseorder,,,,,,,,,,,,,,,64465 - replacement Size,,,,,,,,,,,,,"{""method_title"":""Purchase Order""}"
3840,3840,,,,,,,,,4.5000,4.5000,,,58.3800,,,,58.3800,,,,,,,purchaseorder,,,,,,,,,,,,,,,64546,,,,,,,,,,,,,"{""method_title"":""Purchase Order""}"
3841,3841,,,,,,,,,0.0000,0.0000,,,283.2400,,,,283.2400,,,,,,,purchaseorder,,,,,,,,,,,,,,,FC120424,,,,,,,,,,,,,"{""method_title"":""Purchase Order""}"
3842,3842,,,,,,,,,4.5000,4.5000,,,52.0900,,,,52.0900,,,,,,,purchaseorder,,,,,,,,,,,,,,,64561,,,,,,,,,,,,,"{""method_title"":""Purchase Order""}"
3843,3843,,,,,,,,,0.0000,0.0000,,,62.1400,,,,62.1400,,,,,,,purchaseorder,,,,,,,,,,,,,,,FC120424,,,,,,,,,,,,,"{""method_title"":""Purchase Order""}"
3844,3844,,,,,,,,,4.5000,4.5000,,,28.4900,,,,28.4900,,,,,,,purchaseorder,,,,,,,,,,,,,,,64572,,,,,,,,,,,,,"{""method_title"":""Purchase Order""}"
3845,3845,,,,,,,,,4.5000,4.5000,,,52.1200,,,,52.1200,,,,,,,purchaseorder,,,,,,,,,,,,,,,64591,,,,,,,,,,,,,"{""method_title"":""Purchase Order""}"
3846,3846,,,,,,,,,4.5000,4.5000,,,53.8200,,,,53.8200,,,,,,,purchaseorder,,,,,,,,,,,,,,,64614,,,,,,,,,,,,,"{""method_title"":""Purchase Order""}"
3847,3847,,,,,,,,,4.5000,4.5000,,,28.4900,,,,28.4900,,,,,,,purchaseorder,,,,,,,,,,,,,,,64618,,,,,,,,,,,,,"{""method_title"":""Purchase Order""}"
3848,3848,,,,,,,,,4.5000,4.5000,,,28.4900,,,,28.4900,,,,,,,purchaseorder,,,,,,,,,,,,,,,64629,,,,,,,,,,,,,"{""method_title"":""Purchase Order""}"
3849,3849,,,,,,,,,4.5000,4.5000,,,53.8200,,,,53.8200,,,,,,,purchaseorder,,,,,,,,,,,,,,,64461,,,,,,,,,,,,,"{""method_title"":""Purchase Order""}"
3850,3850,,,,,,,,,4.5000,4.5000,,,52.1200,,,,52.1200,,,,,,,purchaseorder,,,,,,,,,,,,,,,64646,,,,,,,,,,,,,"{""method_title"":""Purchase Order""}"
3851,3851,,,,,,,,,4.5000,4.5000,,,52.1200,,,,52.1200,,,,,,,purchaseorder,,,,,,,,,,,,,,,64653,,,,,,,,,,,,,"{""method_title"":""Purchase Order""}"
3852,3852,,,,,,,,,4.5000,4.5000,,,53.8200,,,,53.8200,,,,,,,purchaseorder,,,,,,,,,,,,,,,64673,,,,,,,,,,,,,"{""method_title"":""Purchase Order""}"
3853,3853,,,,,,,,,4.5000,4.5000,,,36.7200,,,,36.7200,,,,,,,purchaseorder,,,,,,,,,,,,,,,64671,,,,,,,,,,,,,"{""method_title"":""Purchase Order""}"
3854,3854,,,,,,,,,0.0000,0.0000,,,64.9400,,,,64.9400,,,,,,,purchaseorder,,,,,,,,,,,,,,,FC220424,,,,,,,,,,,,,"{""method_title"":""Purchase Order""}"
3855,3855,,,,,,,,,0.0000,0.0000,,,175.3900,,,,175.3900,,,,,,,purchaseorder,,,,,,,,,,,,,,,FC220424,,,,,,,,,,,,,"{""method_title"":""Purchase Order""}"
3856,3856,,,,,,,,,0.0000,0.0000,,,71.7600,,,,71.7600,,,,,,,purchaseorder,,,,,,,,,,,,,,,JB230424,,,,,,,,,,,,,"{""method_title"":""Purchase Order""}"
3857,3857,,,,,,,,,0.0000,0.0000,,,189.7400,,,,189.7400,,,,,0,,purchaseorder,,,,,,,,,0,,,,,,td 23/4/24,0,,,,,,,,,,,,"{""method_title"":""Purchase Order""}"
3858,3858,,,,,,,,,4.5000,4.5000,,,56.6800,,,,56.6800,,,,,,,purchaseorder,,,,,,,,,,,,,,,64710,,,,,,,,,,,,,"{""method_title"":""Purchase Order""}"
3859,3859,,,,,,,,,0.0000,0.0000,,,63.6200,,,,63.6200,,,,,0,,purchaseorder,,,,,,,,,0,,,,,,STOCK April 2024,0,,,,,,,,,,,,"{""method_title"":""Purchase Order""}"
3860,3860,,,,,,,,,0.0000,0.0000,,,56.5200,,,,56.5200,,,,,,,purchaseorder,,,,,,,,,,,,,,,td 24/4/24,,,,,,,,,,,,,"{""method_title"":""Purchase Order""}"
3861,3861,,,,,,,,,4.5000,4.5000,,,29.8800,,,,29.8800,,,,,,,purchaseorder,,,,,,,,,,,,,,,64725,,,,,,,,,,,,,"{""method_title"":""Purchase Order""}"
3862,3862,,,,,,,,,4.5000,4.5000,,,107.9500,,,,107.9500,,,,,,,purchaseorder,,,,,,,,,,,,,,,64732,,,,,,,,,,,,,"{""method_title"":""Purchase Order""}"
3863,3863,,,,,,,,,4.5000,4.5000,,,28.4900,,,,28.4900,,,,,,,purchaseorder,,,,,,,,,,,,,,,64735,,,,,,,,,,,,,"{""method_title"":""Purchase Order""}"
3864,3864,,,,,,,,,4.5000,4.5000,,,52.1200,,,,52.1200,,,,,,,purchaseorder,,,,,,,,,,,,,,,64755,,,,,,,,,,,,,"{""method_title"":""Purchase Order""}"
3865,3865,,,,,,,,,4.5000,4.5000,,,52.1200,,,,52.1200,,,,,,,purchaseorder,,,,,,,,,,,,,,,64756,,,,,,,,,,,,,"{""method_title"":""Purchase Order""}"
3866,3866,,,,,,,,,4.5000,4.5000,,,28.1800,,,,28.1800,,,,,,,purchaseorder,,,,,,,,,,,,,,,64774,,,,,,,,,,,,,"{""method_title"":""Purchase Order""}"
3867,3867,,,,,,,,,4.5000,4.5000,,,85.1400,,,,85.1400,,,,,,,purchaseorder,,,,,,,,,,,,,,,64775,,,,,,,,,,,,,"{""method_title"":""Purchase Order""}"
3868,3868,,,,,,,,,4.5000,4.5000,,,56.6800,,,,56.6800,,,,,,,purchaseorder,,,,,,,,,,,,,,,64527,,,,,,,,,,,,,"{""method_title"":""Purchase Order""}"
3869,3869,,,,,,,,,0.0000,0.0000,,,158.3400,,,,158.3400,,,,,0,,purchaseorder,,,,,,,,,0,,,,,,td 30/4/24,0,,,,,,,,,,,,"{""method_title"":""Purchase Order""}"
3870,3870,,,,,,,,,4.5000,4.5000,,,54.9600,,,,54.9600,,,,,,,purchaseorder,,,,,,,,,,,,,,,64820,,,,,,,,,,,,,"{""method_title"":""Purchase Order""}"
3871,3871,,,,,,,,,0.0000,0.0000,,,84.4100,,,,84.4100,,,,,,,purchaseorder,,,,,,,,,,,,,,,JB020524,,,,,,,,,,,,,"{""method_title"":""Purchase Order""}"
3872,3872,,,,,,,,,4.5000,4.5000,,,53.8200,,,,53.8200,,,,,,,purchaseorder,,,,,,,,,,,,,,,64834,,,,,,,,,,,,,"{""method_title"":""Purchase Order""}"
3873,3873,,,,,,,,,4.5000,4.5000,,,28.1800,,,,28.1800,,,,,,,purchaseorder,,,,,,,,,,,,,,,64835,,,,,,,,,,,,,"{""method_title"":""Purchase Order""}"
3874,3874,,,,,,,,,0.0000,0.0000,,,110.4200,,,,110.4200,,,,,,,purchaseorder,,,,,,,,,,,,,,,td 7/5/24,,,,,,,,,,,,,"{""method_title"":""Purchase Order""}"
3875,3875,,,,,,,,,4.5000,4.5000,,,56.6800,,,,56.6800,,,,,,,purchaseorder,,,,,,,,,,,,,,,64867,,,,,,,,,,,,,"{""method_title"":""Purchase Order""}"
3876,3876,,,,,,,,,4.5000,4.5000,,,61.2000,,,,61.2000,,,,,,,purchaseorder,,,,,,,,,,,,,,,64871,,,,,,,,,,,,,"{""method_title"":""Purchase Order""}"
3877,3877,,,,,,,,,4.5000,4.5000,,,52.1200,,,,52.1200,,,,,,,purchaseorder,,,,,,,,,,,,,,,64873,,,,,,,,,,,,,"{""method_title"":""Purchase Order""}"
3878,3878,,,,,,,,,4.5000,4.5000,,,52.1200,,,,52.1200,,,,,,,purchaseorder,,,,,,,,,,,,,,,64878,,,,,,,,,,,,,"{""method_title"":""Purchase Order""}"
3879,3879,,,,,,,,,4.5000,4.5000,,,28.4900,,,,28.4900,,,,,,,purchaseorder,,,,,,,,,,,,,,,64915,,,,,,,,,,,,,"{""method_title"":""Purchase Order""}"
3880,3880,,,,,,,,,4.5000,4.5000,,,36.7200,,,,36.7200,,,,,,,purchaseorder,,,,,,,,,,,,,,,64912,,,,,,,,,,,,,"{""method_title"":""Purchase Order""}"
3881,3881,,,,,,,,,4.5000,4.5000,,,36.7200,,,,36.7200,,,,,,,purchaseorder,,,,,,,,,,,,,,,64902,,,,,,,,,,,,,"{""method_title"":""Purchase Order""}"
3882,3882,,,,,,,,,4.5000,4.5000,,,28.1800,,,,28.1800,,,,,,,purchaseorder,,,,,,,,,,,,,,,64926,,,,,,,,,,,,,"{""method_title"":""Purchase Order""}"
3883,3883,,,,,,,,,4.5000,4.5000,,,36.7200,,,,36.7200,,,,,,,purchaseorder,,,,,,,,,,,,,,,64927,,,,,,,,,,,,,"{""method_title"":""Purchase Order""}"
3884,3884,,,,,,,,,4.5000,4.5000,,,29.8800,,,,29.8800,,,,,,,purchaseorder,,,,,,,,,,,,,,,64933,,,,,,,,,,,,,"{""method_title"":""Purchase Order""}"
3885,3885,,,,,,,,,4.5000,4.5000,,,36.7200,,,,36.7200,,,,,,,purchaseorder,,,,,,,,,,,,,,,64937,,,,,,,,,,,,,"{""method_title"":""Purchase Order""}"
3886,3886,,,,,,,,,0.0000,0.0000,,,86.3200,,,,86.3200,,,,,,,purchaseorder,,,,,,,,,,,,,,,td 14/5/24,,,,,,,,,,,,,"{""method_title"":""Purchase Order""}"
3887,3887,,,,,,,,,4.5000,4.5000,,,52.1200,,,,52.1200,,,,,,,purchaseorder,,,,,,,,,,,,,,,64936,,,,,,,,,,,,,"{""method_title"":""Purchase Order""}"
3888,3888,,,,,,,,,4.5000,4.5000,,,56.1600,,,,56.1600,,,,,,,purchaseorder,,,,,,,,,,,,,,,64932,,,,,,,,,,,,,"{""method_title"":""Purchase Order""}"
3889,3889,,,,,,,,,4.5000,4.5000,,,53.8200,,,,53.8200,,,,,,,purchaseorder,,,,,,,,,,,,,,,64949,,,,,,,,,,,,,"{""method_title"":""Purchase Order""}"
3890,3890,,,,,,,,,0.0000,0.0000,,,74.7000,,,,74.7000,,,,,,,purchaseorder,,,,,,,,,,,,,,,td 15/5/24,,,,,,,,,,,,,"{""method_title"":""Purchase Order""}"
3891,3891,,,,,,,,,4.5000,4.5000,,,52.1200,,,,52.1200,,,,,,,purchaseorder,,,,,,,,,,,,,,,64953,,,,,,,,,,,,,"{""method_title"":""Purchase Order""}"
3892,3892,,,,,,,,,4.5000,4.5000,,,29.8800,,,,29.8800,,,,,,,purchaseorder,,,,,,,,,,,,,,,64955,,,,,,,,,,,,,"{""method_title"":""Purchase Order""}"
3893,3893,,,,,,,,,4.5000,4.5000,,,82.8600,,,,82.8600,,,,,,,purchaseorder,,,,,,,,,,,,,,,64962,,,,,,,,,,,,,"{""method_title"":""Purchase Order""}"
3894,3894,,,,,,,,,4.5000,4.5000,,,28.1800,,,,28.1800,,,,,,,purchaseorder,,,,,,,,,,,,,,,64964,,,,,,,,,,,,,"{""method_title"":""Purchase Order""}"
3895,3895,,,,,,,,,4.5000,4.5000,,,53.8200,,,,53.8200,,,,,,,purchaseorder,,,,,,,,,,,,,,,65969,,,,,,,,,,,,,"{""method_title"":""Purchase Order""}"
3896,3896,,,,,,,,,4.5000,4.5000,,,36.7200,,,,36.7200,,,,,,,purchaseorder,,,,,,,,,,,,,,,65977,,,,,,,,,,,,,"{""method_title"":""Purchase Order""}"
3897,3897,,,,,,,,,4.5000,4.5000,,,29.8800,,,,29.8800,,,,,,,purchaseorder,,,,,,,,,,,,,,,65985,,,,,,,,,,,,,"{""method_title"":""Purchase Order""}"
3898,3898,,,,,,,,,4.5000,4.5000,,,53.8200,,,,53.8200,,,,,,,purchaseorder,,,,,,,,,,,,,,,65988,,,,,,,,,,,,,"{""method_title"":""Purchase Order""}"
3899,3899,,,,,,,,,0.0000,0.0000,,,186.4800,,,,186.4800,,,,,,,purchaseorder,,,,,,,,,,,,,,,td 20/5/24,,,,,,,,,,,,,"{""method_title"":""Purchase Order""}"
3900,3900,,,,,,,,,4.5000,4.5000,,,28.1800,,,,28.1800,,,,,,,purchaseorder,,,,,,,,,,,,,,,66002,,,,,,,,,,,,,"{""method_title"":""Purchase Order""}"
3901,3901,,,,,,,,,0.0000,0.0000,,,110.4200,,,,110.4200,,,,,,,purchaseorder,,,,,,,,,,,,,,,td 21/5/24,,,,,,,,,,,,,"{""method_title"":""Purchase Order""}"
3902,3902,,,,,,,,,4.5000,4.5000,,,36.7200,,,,36.7200,,,,,,,purchaseorder,,,,,,,,,,,,,,,66014,,,,,,,,,,,,,"{""method_title"":""Purchase Order""}"
3903,3903,,,,,,,,,4.5000,4.5000,,,28.4900,,,,28.4900,,,,,,,purchaseorder,,,,,,,,,,,,,,,66016,,,,,,,,,,,,,"{""method_title"":""Purchase Order""}"
3904,3904,,,,,,,,,0.0000,0.0000,,,253.3700,,,,253.3700,,,,,,,purchaseorder,,,,,,,,,,,,,,,td 22/5/24,,,,,,,,,,,,,"{""method_title"":""Purchase Order""}"
3905,3905,,,,,,,,,4.5000,4.5000,,,62.3800,,,,62.3800,,,,,,,purchaseorder,,,,,,,,,,,,,,,66030,,,,,,,,,,,,,"{""method_title"":""Purchase Order""}"
3906,3906,,,,,,,,,0.0000,0.0000,,,57.0600,,,,57.0600,,,,,,,purchaseorder,,,,,,,,,,,,,,,FC230524,,,,,,,,,,,,,"{""method_title"":""Purchase Order""}"
3907,3907,,,,,,,,,4.5000,4.5000,,,28.4900,,,,28.4900,,,,,,,purchaseorder,,,,,,,,,,,,,,,66038,,,,,,,,,,,,,"{""method_title"":""Purchase Order""}"
3908,3908,,,,,,,,,4.5000,4.5000,,,28.1800,,,,28.1800,,,,,,,purchaseorder,,,,,,,,,,,,,,,66036,,,,,,,,,,,,,"{""method_title"":""Purchase Order""}"
3909,3909,,,,,,,,,0.0000,0.0000,,,44.0600,,,,44.0600,,,,,,,purchaseorder,,,,,,,,,,,,,,,FC240524,,,,,,,,,,,,,"{""method_title"":""Purchase Order""}"
3910,3910,,,,,,,,,4.5000,4.5000,,,28.1800,,,,28.1800,,,,,,,purchaseorder,,,,,,,,,,,,,,,66068,,,,,,,,,,,,,"{""method_title"":""Purchase Order""}"
3911,3911,,,,,,,,,4.5000,4.5000,,,54.9600,,,,54.9600,,,,,,,purchaseorder,,,,,,,,,,,,,,,66062,,,,,,,,,,,,,"{""method_title"":""Purchase Order""}"
3912,3912,,,,,,,,,4.5000,4.5000,,,36.7200,,,,36.7200,,,,,,,purchaseorder,,,,,,,,,,,,,,,66041,,,,,,,,,,,,,"{""method_title"":""Purchase Order""}"
3913,3913,,,,,,,,,0.0000,0.0000,,,116.9300,,,,116.9300,,,,,,,purchaseorder,,,,,,,,,,,,,,,td 29/5/24,,,,,,,,,,,,,"{""method_title"":""Purchase Order""}"
3914,3914,,,,,,,,,4.5000,4.5000,,,53.8200,,,,53.8200,,,,,,,purchaseorder,,,,,,,,,,,,,,,66092,,,,,,,,,,,,,"{""method_title"":""Purchase Order""}"
3915,3915,,,,,,,,,3.2900,3.2900,,,59.1600,,,,59.1600,,,,,0,,purchaseorder,,,,,,,,,0,,,,,,FC300524,0,,,,,,,,,,,,"{""method_title"":""Purchase Order""}"
3916,3916,,,,,,,,,0.0000,0.0000,,,58.4600,,,,58.4600,,,,,,,purchaseorder,,,,,,,,,,,,,,,WR-PO-20240601-0001,,,,,,,,,,,,,"{""method_title"":""Purchase Order""}"
3917,3917,,,,,,,,,4.5000,4.5000,,,56.6800,,,,56.6800,,,,,,,purchaseorder,,,,,,,,,,,,,,,66108,,,,,,,,,,,,,"{""method_title"":""Purchase Order""}"
3918,3918,,,,,,,,,0.0000,0.0000,,,58.4600,,,,58.4600,,,,,,,purchaseorder,,,,,,,,,,,,,,,td4/6/24,,,,,,,,,,,,,"{""method_title"":""Purchase Order""}"
3919,3919,,,,,,,,,4.5000,4.5000,,,28.4900,,,,28.4900,,,,,,,purchaseorder,,,,,,,,,,,,,,,66128,,,,,,,,,,,,,"{""method_title"":""Purchase Order""}"
3920,3920,,,,,,,,,4.5000,4.5000,,,56.6800,,,,56.6800,,,,,,,purchaseorder,,,,,,,,,,,,,,,66126,,,,,,,,,,,,,"{""method_title"":""Purchase Order""}"
3921,3921,,,,,,,,,0.0000,0.0000,,,25.9700,,,,25.9700,,,,,,,purchaseorder,,,,,,,,,,,,,,,WR-PO-20240607-0001,,,,,,,,,,,,,"{""method_title"":""Purchase Order""}"
3922,3922,,,,,,,,,0.0000,0.0000,,,57.1700,,,,57.1700,,,,,,,purchaseorder,,,,,,,,,,,,,,,FC070624,,,,,,,,,,,,,"{""method_title"":""Purchase Order""}"
3923,3923,,,,,,,,,4.5000,4.5000,,,53.8200,,,,53.8200,,,,,,,purchaseorder,,,,,,,,,,,,,,,66162,,,,,,,,,,,,,"{""method_title"":""Purchase Order""}"
3924,3924,,,,,,,,,4.5000,4.5000,,,62.3800,,,,62.3800,,,,,,,purchaseorder,,,,,,,,,,,,,,,66164,,,,,,,,,,,,,"{""method_title"":""Purchase Order""}"
3925,3925,,,,,,,,,4.5000,4.5000,,,28.4900,,,,28.4900,,,,,,,purchaseorder,,,,,,,,,,,,,,,66168,,,,,,,,,,,,,"{""method_title"":""Purchase Order""}"
3926,3926,,,,,,,,,4.5000,4.5000,,,58.3800,,,,58.3800,,,,,,,purchaseorder,,,,,,,,,,,,,,,66184,,,,,,,,,,,,,"{""method_title"":""Purchase Order""}"
3927,3927,,,,,,,,,4.5000,4.5000,,,36.7200,,,,36.7200,,,,,,,purchaseorder,,,,,,,,,,,,,,,66014 - new size,,,,,,,,,,,,,"{""method_title"":""Purchase Order""}"
3928,3928,,,,,,,,,4.5000,4.5000,,,28.4900,,,,28.4900,,,,,,,purchaseorder,,,,,,,,,,,,,,,66222,,,,,,,,,,,,,"{""method_title"":""Purchase Order""}"
3929,3929,,,,,,,,,3.2900,3.2900,,,33.1100,,,,33.1100,,,,,,,purchaseorder,,,,,,,,,,,,,,,fc150624,,,,,,,,,,,,,"{""method_title"":""Purchase Order""}"
3930,3930,,,,,,,,,0.0000,0.0000,,,26.3300,,,,26.3300,,,,,,,purchaseorder,,,,,,,,,,,,,,,td 17/6/24,,,,,,,,,,,,,"{""method_title"":""Purchase Order""}"
3931,3931,,,,,,,,,4.5000,4.5000,,,28.1800,,,,28.1800,,,,,,,purchaseorder,,,,,,,,,,,,,,,67234,,,,,,,,,,,,,"{""method_title"":""Purchase Order""}"
3932,3932,,,,,,,,,4.5000,4.5000,,,28.4900,,,,28.4900,,,,,,,purchaseorder,,,,,,,,,,,,,,,67238,,,,,,,,,,,,,"{""method_title"":""Purchase Order""}"
3933,3933,,,,,,,,,4.5000,4.5000,,,28.1800,,,,28.1800,,,,,,,purchaseorder,,,,,,,,,,,,,,,67242,,,,,,,,,,,,,"{""method_title"":""Purchase Order""}"
3934,3934,,,,,,,,,4.5000,4.5000,,,33.3000,,,,33.3000,,,,,,,purchaseorder,,,,,,,,,,,,,,,67271,,,,,,,,,,,,,"{""method_title"":""Purchase Order""}"
3935,3935,,,,,,,,,0.0000,0.0000,,,99.3400,,,,99.3400,,,,,0,,purchaseorder,,,,,,,,,0,,,,,,STOCK & SARAH,0,,,,,,,,,,,,"{""method_title"":""Purchase Order""}"
3936,3936,,,,,,,,,0.0000,0.0000,,,53.2700,,,,53.2700,,,,,0,,purchaseorder,,,,,,,,,0,,,,,,FC200624,0,,,,,,,,,,,,"{""method_title"":""Purchase Order""}"
3937,3937,,,,,,,,,4.5000,4.5000,,,53.8200,,,,53.8200,,,,,,,purchaseorder,,,,,,,,,,,,,,,67282,,,,,,,,,,,,,"{""method_title"":""Purchase Order""}"
3938,3938,,,,,,,,,4.5000,4.5000,,,36.7200,,,,36.7200,,,,,,,purchaseorder,,,,,,,,,,,,,,,67283,,,,,,,,,,,,,"{""method_title"":""Purchase Order""}"
3939,3939,,,,,,,,,4.5000,4.5000,,,50.9500,,,,50.9500,,,,,,,purchaseorder,,,,,,,,,,,,,,,67298,,,,,,,,,,,,,"{""method_title"":""Purchase Order""}"
3940,3940,,,,,,,,,4.5000,4.5000,,,52.1200,,,,52.1200,,,,,,,purchaseorder,,,,,,,,,,,,,,,66198,,,,,,,,,,,,,"{""method_title"":""Purchase Order""}"
3941,3941,,,,,,,,,4.5000,4.5000,,,29.3200,,,,29.3200,,,,,,,purchaseorder,,,,,,,,,,,,,,,67299,,,,,,,,,,,,,"{""method_title"":""Purchase Order""}"
3942,3942,,,,,,,,,4.5000,4.5000,,,52.1200,,,,52.1200,,,,,,,purchaseorder,,,,,,,,,,,,,,,67310,,,,,,,,,,,,,"{""method_title"":""Purchase Order""}"
3943,3943,,,,,,,,,4.5000,4.5000,,,36.7200,,,,36.7200,,,,,,,purchaseorder,,,,,,,,,,,,,,,67311,,,,,,,,,,,,,"{""method_title"":""Purchase Order""}"
3944,3944,,,,,,,,,4.5000,4.5000,,,28.1800,,,,28.1800,,,,,,,purchaseorder,,,,,,,,,,,,,,,67315,,,,,,,,,,,,,"{""method_title"":""Purchase Order""}"
3945,3945,,,,,,,,,4.5000,4.5000,,,52.1200,,,,52.1200,,,,,,,purchaseorder,,,,,,,,,,,,,,,67341,,,,,,,,,,,,,"{""method_title"":""Purchase Order""}"
3946,3946,,,,,,,,,4.5000,4.5000,,,28.4900,,,,28.4900,,,,,,,purchaseorder,,,,,,,,,,,,,,,67332,,,,,,,,,,,,,"{""method_title"":""Purchase Order""}"
3947,3947,,,,,,,,,4.5000,4.5000,,,56.6800,,,,56.6800,,,,,,,purchaseorder,,,,,,,,,,,,,,,67327,,,,,,,,,,,,,"{""method_title"":""Purchase Order""}"
3948,3948,,,,,,,,,4.5000,4.5000,,,56.6800,,,,56.6800,,,,,,,purchaseorder,,,,,,,,,,,,,,,67343,,,,,,,,,,,,,"{""method_title"":""Purchase Order""}"
3949,3949,,,,,,,,,0.0000,0.0000,,,55.2100,,,,55.2100,,,,,,,purchaseorder,,,,,,,,,,,,,,,WR-PO-20240625-0001,,,,,,,,,,,,,"{""method_title"":""Purchase Order""}"
3950,3950,,,,,,,,,0.0000,0.0000,,,216.9600,,,,216.9600,,,,,0,,purchaseorder,,,,,,,,,0,,,,,,td 26/6/24,0,,,,,,,,,,,,"{""method_title"":""Purchase Order""}"
3951,3951,,,,,,,,,4.5000,4.5000,,,38.4400,,,,38.4400,,,,,,,purchaseorder,,,,,,,,,,,,,,,67362,,,,,,,,,,,,,"{""method_title"":""Purchase Order""}"
3952,3952,,,,,,,,,4.5000,4.5000,,,36.7200,,,,36.7200,,,,,,,purchaseorder,,,,,,,,,,,,,,,67363,,,,,,,,,,,,,"{""method_title"":""Purchase Order""}"
3953,3953,,,,,,,,,4.5000,4.5000,,,36.7200,,,,36.7200,,,,,,,purchaseorder,,,,,,,,,,,,,,,67380,,,,,,,,,,,,,"{""method_title"":""Purchase Order""}"
3954,3954,,,,,,,,,4.5000,4.5000,,,56.6800,,,,56.6800,,,,,,,purchaseorder,,,,,,,,,,,,,,,67392,,,,,,,,,,,,,"{""method_title"":""Purchase Order""}"
3955,3955,,,,,,,,,4.5000,4.5000,,,28.1800,,,,28.1800,,,,,,,purchaseorder,,,,,,,,,,,,,,,67387,,,,,,,,,,,,,"{""method_title"":""Purchase Order""}"
3956,3956,,,,,,,,,4.5000,4.5000,,,36.7200,,,,36.7200,,,,,,,purchaseorder,,,,,,,,,,,,,,,67403,,,,,,,,,,,,,"{""method_title"":""Purchase Order""}"
3957,3957,,,,,,,,,4.5000,4.5000,,,52.1200,,,,52.1200,,,,,,,purchaseorder,,,,,,,,,,,,,,,67431,,,,,,,,,,,,,"{""method_title"":""Purchase Order""}"
3958,3958,,,,,,,,,0.0000,0.0000,,,53.2700,,,,53.2700,,,,,,,purchaseorder,,,,,,,,,,,,,,,WR-PO-20240704-0001,,,,,,,,,,,,,"{""method_title"":""Purchase Order""}"
3959,3959,,,,,,,,,4.5000,4.5000,,,50.9500,,,,50.9500,,,,,,,purchaseorder,,,,,,,,,,,,,,,67434,,,,,,,,,,,,,"{""method_title"":""Purchase Order""}"
3960,3960,,,,,,,,,4.5000,4.5000,,,28.1800,,,,28.1800,,,,,,,purchaseorder,,,,,,,,,,,,,,,67453,,,,,,,,,,,,,"{""method_title"":""Purchase Order""}"
3961,3961,,,,,,,,,4.5000,4.5000,,,36.7200,,,,36.7200,,,,,,,purchaseorder,,,,,,,,,,,,,,,67466,,,,,,,,,,,,,"{""method_title"":""Purchase Order""}"
3962,3962,,,,,,,,,4.5000,4.5000,,,28.1800,,,,28.1800,,,,,,,purchaseorder,,,,,,,,,,,,,,,67440,,,,,,,,,,,,,"{""method_title"":""Purchase Order""}"
3963,3963,,,,,,,,,4.5000,4.5000,,,53.8200,,,,53.8200,,,,,,,purchaseorder,,,,,,,,,,,,,,,64459,,,,,,,,,,,,,"{""method_title"":""Purchase Order""}"
3964,3964,,,,,,,,,0.0000,0.0000,,,53.2700,,,,53.2700,,,,,0,,purchaseorder,,,,,,,,,0,,,,,,Pat ,0,,,,,,,,,,,,"{""method_title"":""Purchase Order""}"
3965,3965,,,,,,,,,4.5000,4.5000,,,52.1200,,,,52.1200,,,,,,,purchaseorder,,,,,,,,,,,,,,,67310,,,,,,,,,,,,,"{""method_title"":""Purchase Order""}"
3966,3966,,,,,,,,,4.5000,4.5000,,,28.4900,,,,28.4900,,,,,,,purchaseorder,,,,,,,,,,,,,,,67488,,,,,,,,,,,,,"{""method_title"":""Purchase Order""}"
3967,3967,,,,,,,,,4.5000,4.5000,,,28.4900,,,,28.4900,,,,,,,purchaseorder,,,,,,,,,,,,,,,67493,,,,,,,,,,,,,"{""method_title"":""Purchase Order""}"
3968,3968,,,,,,,,,0.0000,0.0000,,,80.2100,,,,80.2100,,,,,,,purchaseorder,,,,,,,,,,,,,,,10/07/24,,,,,,,,,,,,,"{""method_title"":""Purchase Order""}"
3969,3969,,,,,,,,,0.0000,0.0000,,,95.4000,,,,95.4000,,,,,,,purchaseorder,,,,,,,,,,,,,,,td 10/7/24,,,,,,,,,,,,,"{""method_title"":""Purchase Order""}"
3970,3970,,,,,,,,,4.5000,4.5000,,,56.6800,,,,56.6800,,,,,,,purchaseorder,,,,,,,,,,,,,,,67499,,,,,,,,,,,,,"{""method_title"":""Purchase Order""}"
3971,3971,,,,,,,,,4.5000,4.5000,,,28.4900,,,,28.4900,,,,,,,purchaseorder,,,,,,,,,,,,,,,67508,,,,,,,,,,,,,"{""method_title"":""Purchase Order""}"
3972,3972,,,,,,,,,4.5000,4.5000,,,28.4900,,,,28.4900,,,,,,,purchaseorder,,,,,,,,,,,,,,,67536,,,,,,,,,,,,,"{""method_title"":""Purchase Order""}"
3973,3973,,,,,,,,,3.2900,3.2900,,,23.3900,,,,23.3900,,,,,0,,purchaseorder,,,,,,,,,0,,,,,,TB2024,0,,,,,,,,,,,,"{""method_title"":""Purchase Order""}"
3974,3974,,,,,,,,,4.5000,4.5000,,,28.4900,,,,28.4900,,,,,,,purchaseorder,,,,,,,,,,,,,,,67550,,,,,,,,,,,,,"{""method_title"":""Purchase Order""}"
3975,3975,,,,,,,,,4.5000,4.5000,,,28.4900,,,,28.4900,,,,,,,purchaseorder,,,,,,,,,,,,,,,67551,,,,,,,,,,,,,"{""method_title"":""Purchase Order""}"
3976,3976,,,,,,,,,4.5000,4.5000,,,28.4900,,,,28.4900,,,,,,,purchaseorder,,,,,,,,,,,,,,,67552,,,,,,,,,,,,,"{""method_title"":""Purchase Order""}"
3977,3977,,,,,,,,,4.5000,4.5000,,,53.8200,,,,53.8200,,,,,,,purchaseorder,,,,,,,,,,,,,,,67554,,,,,,,,,,,,,"{""method_title"":""Purchase Order""}"
3978,3978,,,,,,,,,4.5000,4.5000,,,53.8200,,,,53.8200,,,,,,,purchaseorder,,,,,,,,,,,,,,,67555,,,,,,,,,,,,,"{""method_title"":""Purchase Order""}"
3979,3979,,,,,,,,,0.0000,0.0000,,,230.2300,,,,230.2300,,,,,,,purchaseorder,,,,,,,,,,,,,,,st160724,,,,,,,,,,,,,"{""method_title"":""Purchase Order""}"
3980,3980,,,,,,,,,4.5000,4.5000,,,102.2400,,,,102.2400,,,,,,,purchaseorder,,,,,,,,,,,,,,,67565,,,,,,,,,,,,,"{""method_title"":""Purchase Order""}"
3981,3981,,,,,,,,,4.5000,4.5000,,,33.3000,,,,33.3000,,,,,,,purchaseorder,,,,,,,,,,,,,,,67558,,,,,,,,,,,,,"{""method_title"":""Purchase Order""}"
3982,3982,,,,,,,,,4.5000,4.5000,,,36.7200,,,,36.7200,,,,,,,purchaseorder,,,,,,,,,,,,,,,67573,,,,,,,,,,,,,"{""method_title"":""Purchase Order""}"
3983,3983,,,,,,,,,4.5000,4.5000,,,29.8800,,,,29.8800,,,,,,,purchaseorder,,,,,,,,,,,,,,,67576,,,,,,,,,,,,,"{""method_title"":""Purchase Order""}"
3984,3984,,,,,,,,,0.0000,0.0000,,,127.9000,,,,127.9000,,,,,,,purchaseorder,,,,,,,,,,,,,,,24384,,,,,,,,,,,,,"{""method_title"":""Purchase Order""}"
3985,3985,,,,,,,,,4.5000,4.5000,,,52.1200,,,,52.1200,,,,,,,purchaseorder,,,,,,,,,,,,,,,67577,,,,,,,,,,,,,"{""method_title"":""Purchase Order""}"
3986,3986,,,,,,,,,4.5000,4.5000,,,56.6800,,,,56.6800,,,,,,,purchaseorder,,,,,,,,,,,,,,,67586,,,,,,,,,,,,,"{""method_title"":""Purchase Order""}"
3987,3987,,,,,,,,,4.5000,4.5000,,,29.8800,,,,29.8800,,,,,,,purchaseorder,,,,,,,,,,,,,,,67595,,,,,,,,,,,,,"{""method_title"":""Purchase Order""}"
3988,3988,,,,,,,,,4.5000,4.5000,,,28.1800,,,,28.1800,,,,,,,purchaseorder,,,,,,,,,,,,,,,67603,,,,,,,,,,,,,"{""method_title"":""Purchase Order""}"
3989,3989,,,,,,,,,4.5000,4.5000,,,29.8800,,,,29.8800,,,,,,,purchaseorder,,,,,,,,,,,,,,,67604,,,,,,,,,,,,,"{""method_title"":""Purchase Order""}"
3990,3990,,,,,,,,,4.5000,4.5000,,,29.8800,,,,29.8800,,,,,,,purchaseorder,,,,,,,,,,,,,,,67613,,,,,,,,,,,,,"{""method_title"":""Purchase Order""}"
3991,3991,,,,,,,,,4.5000,4.5000,,,158.6500,,,,158.6500,,,,,,,purchaseorder,,,,,,,,,,,,,,,67620,,,,,,,,,,,,,"{""method_title"":""Purchase Order""}"
3992,3992,,,,,,,,,0.0000,0.0000,,,38.8800,,,,38.8800,,,,,,,purchaseorder,,,,,,,,,,,,,,,td 23/7/24,,,,,,,,,,,,,"{""method_title"":""Purchase Order""}"
3993,3993,,,,,,,,,4.5000,4.5000,,,29.3200,,,,29.3200,,,,,,,purchaseorder,,,,,,,,,,,,,,,67627,,,,,,,,,,,,,"{""method_title"":""Purchase Order""}"
3994,3994,,,,,,,,,4.5000,4.5000,,,56.0800,,,,56.0800,,,,,,,purchaseorder,,,,,,,,,,,,,,,67631,,,,,,,,,,,,,"{""method_title"":""Purchase Order""}"
3995,3995,,,,,,,,,4.5000,4.5000,,,28.1800,,,,28.1800,,,,,,,purchaseorder,,,,,,,,,,,,,,,67638,,,,,,,,,,,,,"{""method_title"":""Purchase Order""}"
3996,3996,,,,,,,,,4.5000,4.5000,,,28.4900,,,,28.4900,,,,,,,purchaseorder,,,,,,,,,,,,,,,67650,,,,,,,,,,,,,"{""method_title"":""Purchase Order""}"
3997,3997,,,,,,,,,4.5000,4.5000,,,56.6800,,,,56.6800,,,,,,,purchaseorder,,,,,,,,,,,,,,,67651,,,,,,,,,,,,,"{""method_title"":""Purchase Order""}"
3998,3998,,,,,,,,,4.5000,4.5000,,,55.5400,,,,55.5400,,,,,,,purchaseorder,,,,,,,,,,,,,,,67664,,,,,,,,,,,,,"{""method_title"":""Purchase Order""}"
3999,3999,,,,,,,,,4.5000,4.5000,,,28.4900,,,,28.4900,,,,,,,purchaseorder,,,,,,,,,,,,,,,67685,,,,,,,,,,,,,"{""method_title"":""Purchase Order""}"
4000,4000,,,,,,,,,4.5000,4.5000,,,28.1800,,,,28.1800,,,,,,,purchaseorder,,,,,,,,,,,,,,,67698,,,,,,,,,,,,,"{""method_title"":""Purchase Order""}"
4001,4001,,,,,,,,,4.5000,4.5000,,,54.9600,,,,54.9600,,,,,,,purchaseorder,,,,,,,,,,,,,,,67689,,,,,,,,,,,,,"{""method_title"":""Purchase Order""}"
4002,4002,,,,,,,,,4.5000,4.5000,,,52.1200,,,,52.1200,,,,,,,purchaseorder,,,,,,,,,,,,,,,67714,,,,,,,,,,,,,"{""method_title"":""Purchase Order""}"
4003,4003,,,,,,,,,4.5000,4.5000,,,52.1200,,,,52.1200,,,,,,,purchaseorder,,,,,,,,,,,,,,,67711,,,,,,,,,,,,,"{""method_title"":""Purchase Order""}"
4004,4004,,,,,,,,,4.5000,4.5000,,,28.4900,,,,28.4900,,,,,,,purchaseorder,,,,,,,,,,,,,,,67709,,,,,,,,,,,,,"{""method_title"":""Purchase Order""}"
4005,4005,,,,,,,,,4.5000,4.5000,,,28.1800,,,,28.1800,,,,,,,purchaseorder,,,,,,,,,,,,,,,67722,,,,,,,,,,,,,"{""method_title"":""Purchase Order""}"
4006,4006,,,,,,,,,4.5000,4.5000,,,28.4900,,,,28.4900,,,,,,,purchaseorder,,,,,,,,,,,,,,,67718,,,,,,,,,,,,,"{""method_title"":""Purchase Order""}"
4007,4007,,,,,,,,,0.0000,0.0000,,,58.4600,,,,58.4600,,,,,,,purchaseorder,,,,,,,,,,,,,,,WR-PO-20240801-0001,,,,,,,,,,,,,"{""method_title"":""Purchase Order""}"
4008,4008,,,,,,,,,0.0000,0.0000,,,27.9100,,,,27.9100,,,,,,,purchaseorder,,,,,,,,,,,,,,,WR-PO-20240801-0002,,,,,,,,,,,,,"{""method_title"":""Purchase Order""}"
4009,4009,,,,,,,,,0.0000,0.0000,,,420.3500,,,,420.3500,,,,,,,purchaseorder,,,,,,,,,,,,,,,FC020824,,,,,,,,,,,,,"{""method_title"":""Purchase Order""}"
4010,4010,,,,,,,,,0.0000,0.0000,,,55.2100,,,,55.2100,,,,,,,purchaseorder,,,,,,,,,,,,,,,FC030824,,,,,,,,,,,,,"{""method_title"":""Purchase Order""}"
4011,4011,,,,,,,,,4.5000,4.5000,,,55.5400,,,,55.5400,,,,,,,purchaseorder,,,,,,,,,,,,,,,67746,,,,,,,,,,,,,"{""method_title"":""Purchase Order""}"
4012,4012,,,,,,,,,4.5000,4.5000,,,52.1200,,,,52.1200,,,,,,,purchaseorder,,,,,,,,,,,,,,,67763,,,,,,,,,,,,,"{""method_title"":""Purchase Order""}"
4013,4013,,,,,,,,,4.5000,4.5000,,,28.4900,,,,28.4900,,,,,,,purchaseorder,,,,,,,,,,,,,,,67536,,,,,,,,,,,,,"{""method_title"":""Purchase Order""}"
4014,4014,,,,,,,,,4.5000,4.5000,,,52.1200,,,,52.1200,,,,,,,purchaseorder,,,,,,,,,,,,,,,67780,,,,,,,,,,,,,"{""method_title"":""Purchase Order""}"
4015,4015,,,,,,,,,4.5000,4.5000,,,28.1800,,,,28.1800,,,,,,,purchaseorder,,,,,,,,,,,,,,,67781,,,,,,,,,,,,,"{""method_title"":""Purchase Order""}"
4016,4016,,,,,,,,,4.5000,4.5000,,,85.1400,,,,85.1400,,,,,,,purchaseorder,,,,,,,,,,,,,,,67801,,,,,,,,,,,,,"{""method_title"":""Purchase Order""}"
4017,4017,,,,,,,,,4.5000,4.5000,,,62.3800,,,,62.3800,,,,,,,purchaseorder,,,,,,,,,,,,,,,67818,,,,,,,,,,,,,"{""method_title"":""Purchase Order""}"
4018,4018,,,,,,,,,0.0000,0.0000,,,58.4600,,,,58.4600,,,,,0,,purchaseorder,,,,,,,,,0,,,,,,Pimperton - 09/08/2024,0,,,,,,,,,,,,"{""method_title"":""Purchase Order""}"
4019,4019,,,,,,,,,4.5000,4.5000,,,36.7200,,,,36.7200,,,,,,,purchaseorder,,,,,,,,,,,,,,,67850,,,,,,,,,,,,,"{""method_title"":""Purchase Order""}"
4020,4020,,,,,,,,,4.5000,4.5000,,,52.1200,,,,52.1200,,,,,,,purchaseorder,,,,,,,,,,,,,,,67838,,,,,,,,,,,,,"{""method_title"":""Purchase Order""}"
4021,4021,,,,,,,,,0.0000,0.0000,,,140.9500,,,,140.9500,,,,,0,,purchaseorder,,,,,,,,,0,,,,,,mike ,0,,,,,,,,,,,,"{""method_title"":""Purchase Order""}"
4022,4022,,,,,,,,,4.5000,4.5000,,,53.8200,,,,53.8200,,,,,,,purchaseorder,,,,,,,,,,,,,,,67869,,,,,,,,,,,,,"{""method_title"":""Purchase Order""}"
4023,4023,,,,,,,,,4.5000,4.5000,,,36.7200,,,,36.7200,,,,,,,purchaseorder,,,,,,,,,,,,,,,67878,,,,,,,,,,,,,"{""method_title"":""Purchase Order""}"
4024,4024,,,,,,,,,4.5000,4.5000,,,28.1800,,,,28.1800,,,,,,,purchaseorder,,,,,,,,,,,,,,,67882,,,,,,,,,,,,,"{""method_title"":""Purchase Order""}"
4025,4025,,,,,,,,,0.0000,0.0000,,,38.8800,,,,38.8800,,,,,0,,purchaseorder,,,,,,,,,0,,,,,,mike ,0,,,,,,,,,,,,"{""method_title"":""Purchase Order""}"
4026,4026,,,,,,,,,4.5000,4.5000,,,28.4900,,,,28.4900,,,,,,,purchaseorder,,,,,,,,,,,,,,,67889,,,,,,,,,,,,,"{""method_title"":""Purchase Order""}"
4027,4027,,,,,,,,,4.5000,4.5000,,,68.0400,,,,68.0400,,,,,,,purchaseorder,,,,,,,,,,,,,,,67890,,,,,,,,,,,,,"{""method_title"":""Purchase Order""}"
4028,4028,,,,,,,,,4.5000,4.5000,,,28.4900,,,,28.4900,,,,,,,purchaseorder,,,,,,,,,,,,,,,67903,,,,,,,,,,,,,"{""method_title"":""Purchase Order""}"
4029,4029,,,,,,,,,4.5000,4.5000,,,28.1800,,,,28.1800,,,,,,,purchaseorder,,,,,,,,,,,,,,,67897,,,,,,,,,,,,,"{""method_title"":""Purchase Order""}"
4030,4030,,,,,,,,,0.0000,0.0000,,,430.1800,,,,430.1800,,,,,0,,purchaseorder,,,,,,,,,0,,,,,,td 17/8/24,0,,,,,,,,,,,,"{""method_title"":""Purchase Order""}"
4031,4031,,,,,,,,,4.5000,4.5000,,,52.1200,,,,52.1200,,,,,,,purchaseorder,,,,,,,,,,,,,,,67935,,,,,,,,,,,,,"{""method_title"":""Purchase Order""}"
4032,4032,,,,,,,,,4.5000,4.5000,,,28.4900,,,,28.4900,,,,,,,purchaseorder,,,,,,,,,,,,,,,67931,,,,,,,,,,,,,"{""method_title"":""Purchase Order""}"
4033,4033,,,,,,,,,4.5000,4.5000,,,53.8200,,,,53.8200,,,,,,,purchaseorder,,,,,,,,,,,,,,,67925,,,,,,,,,,,,,"{""method_title"":""Purchase Order""}"
4034,4034,,,,,,,,,4.5000,4.5000,,,28.4900,,,,28.4900,,,,,,,purchaseorder,,,,,,,,,,,,,,,67914,,,,,,,,,,,,,"{""method_title"":""Purchase Order""}"
4035,4035,,,,,,,,,4.5000,4.5000,,,36.7200,,,,36.7200,,,,,,,purchaseorder,,,,,,,,,,,,,,,67937,,,,,,,,,,,,,"{""method_title"":""Purchase Order""}"
4036,4036,,,,,,,,,0.0000,0.0000,,,120.8400,,,,120.8400,,,,,0,,purchaseorder,,,,,,,,,0,,,,,,MIKE /SHOP,0,,,,,,,,,,,,"{""method_title"":""Purchase Order""}"
4037,4037,,,,,,,,,0.0000,0.0000,,,159.0600,,,,159.0600,,,,,0,,purchaseorder,,,,,,,,,0,,,,,,td 20/8/24,0,,,,,,,,,,,,"{""method_title"":""Purchase Order""}"
4038,4038,,,,,,,,,0.0000,0.0000,,,122.7500,,,,122.7500,,,,,0,,purchaseorder,,,,,,,,,0,,,,,,TB2024,0,,,,,,,,,,,,"{""method_title"":""Purchase Order""}"
4039,4039,,,,,,,,,4.5000,4.5000,,,29.3200,,,,29.3200,,,,,,,purchaseorder,,,,,,,,,,,,,,,67969,,,,,,,,,,,,,"{""method_title"":""Purchase Order""}"
4040,4040,,,,,,,,,4.5000,4.5000,,,36.7200,,,,36.7200,,,,,,,purchaseorder,,,,,,,,,,,,,,,67974,,,,,,,,,,,,,"{""method_title"":""Purchase Order""}"
4041,4041,,,,,,,,,4.5000,4.5000,,,56.6800,,,,56.6800,,,,,,,purchaseorder,,,,,,,,,,,,,,,67973,,,,,,,,,,,,,"{""method_title"":""Purchase Order""}"
4042,4042,,,,,,,,,4.5000,4.5000,,,36.7200,,,,36.7200,,,,,,,purchaseorder,,,,,,,,,,,,,,,67989,,,,,,,,,,,,,"{""method_title"":""Purchase Order""}"
4043,4043,,,,,,,,,4.5000,4.5000,,,28.1800,,,,28.1800,,,,,,,purchaseorder,,,,,,,,,,,,,,,67993,,,,,,,,,,,,,"{""method_title"":""Purchase Order""}"
4044,4044,,,,,,,,,4.5000,4.5000,,,28.1800,,,,28.1800,,,,,,,purchaseorder,,,,,,,,,,,,,,,67994,,,,,,,,,,,,,"{""method_title"":""Purchase Order""}"
4045,4045,,,,,,,,,4.5000,4.5000,,,168.9100,,,,168.9100,,,,,,,purchaseorder,,,,,,,,,,,,,,,68005,,,,,,,,,,,,,"{""method_title"":""Purchase Order""}"
4046,4046,,,,,,,,,4.5000,4.5000,,,52.1200,,,,52.1200,,,,,,,purchaseorder,,,,,,,,,,,,,,,68016,,,,,,,,,,,,,"{""method_title"":""Purchase Order""}"
4047,4047,,,,,,,,,4.5000,4.5000,,,28.1800,,,,28.1800,,,,,,,purchaseorder,,,,,,,,,,,,,,,68024,,,,,,,,,,,,,"{""method_title"":""Purchase Order""}"
4048,4048,,,,,,,,,4.5000,4.5000,,,130.8000,,,,130.8000,,,,,,,purchaseorder,,,,,,,,,,,,,,,68028,,,,,,,,,,,,,"{""method_title"":""Purchase Order""}"
4049,4049,,,,,,,,,0.0000,0.0000,,,64.9700,,,,64.9700,,,,,,,purchaseorder,,,,,,,,,,,,,,,oxley,,,,,,,,,,,,,"{""method_title"":""Purchase Order""}"
4050,4050,,,,,,,,,4.5000,4.5000,,,52.1200,,,,52.1200,,,,,,,purchaseorder,,,,,,,,,,,,,,,68070,,,,,,,,,,,,,"{""method_title"":""Purchase Order""}"
4051,4051,,,,,,,,,4.5000,4.5000,,,36.7200,,,,36.7200,,,,,,,purchaseorder,,,,,,,,,,,,,,,68061,,,,,,,,,,,,,"{""method_title"":""Purchase Order""}"
4052,4052,,,,,,,,,4.5000,4.5000,,,36.7200,,,,36.7200,,,,,,,purchaseorder,,,,,,,,,,,,,,,68066,,,,,,,,,,,,,"{""method_title"":""Purchase Order""}"
4053,4053,,,,,,,,,4.5000,4.5000,,,53.8200,,,,53.8200,,,,,,,purchaseorder,,,,,,,,,,,,,,,68085,,,,,,,,,,,,,"{""method_title"":""Purchase Order""}"
4054,4054,,,,,,,,,4.5000,4.5000,,,28.4900,,,,28.4900,,,,,,,purchaseorder,,,,,,,,,,,,,,,68091,,,,,,,,,,,,,"{""method_title"":""Purchase Order""}"
4055,4055,,,,,,,,,4.5000,4.5000,,,55.5400,,,,55.5400,,,,,,,purchaseorder,,,,,,,,,,,,,,,68079,,,,,,,,,,,,,"{""method_title"":""Purchase Order""}"
4056,4056,,,,,,,,,4.5000,4.5000,,,28.1800,,,,28.1800,,,,,,,purchaseorder,,,,,,,,,,,,,,,68089,,,,,,,,,,,,,"{""method_title"":""Purchase Order""}"
4057,4057,,,,,,,,,0.0000,0.0000,,,64.9700,,,,64.9700,,,,,0,,purchaseorder,,,,,,,,,0,,,,,,oxley,0,,,,,,,,,,,,"{""method_title"":""Purchase Order""}"
4058,4058,,,,,,,,,0.0000,0.0000,,,97.4300,,,,97.4300,,,,,0,,purchaseorder,,,,,,,,,0,,,,,,stock-merriott,0,,,,,,,,,,,,"{""method_title"":""Purchase Order""}"
4059,4059,,,,,,,,,4.5000,4.5000,,,56.6800,,,,56.6800,,,,,,,purchaseorder,,,,,,,,,,,,,,,68102,,,,,,,,,,,,,"{""method_title"":""Purchase Order""}"
4060,4060,,,,,,,,,4.5000,4.5000,,,28.4900,,,,28.4900,,,,,,,purchaseorder,,,,,,,,,,,,,,,68108,,,,,,,,,,,,,"{""method_title"":""Purchase Order""}"
4061,4061,,,,,,,,,4.5000,4.5000,,,36.7200,,,,36.7200,,,,,,,purchaseorder,,,,,,,,,,,,,,,68114,,,,,,,,,,,,,"{""method_title"":""Purchase Order""}"
4062,4062,,,,,,,,,0.0000,0.0000,,,457.3400,,,,457.3400,,,,,,,purchaseorder,,,,,,,,,,,,,,,FC060924,,,,,,,,,,,,,"{""method_title"":""Purchase Order""}"
4063,4063,,,,,,,,,0.0000,0.0000,,,276.0600,,,,276.0600,,,,,,,purchaseorder,,,,,,,,,,,,,,,FC070924,,,,,,,,,,,,,"{""method_title"":""Purchase Order""}"
4064,4064,,,,,,,,,0.0000,0.0000,,,58.4600,,,,58.4600,,,,,,,purchaseorder,,,,,,,,,,,,,,,496340,,,,,,,,,,,,,"{""method_title"":""Purchase Order""}"
4065,4065,,,,,,,,,0.0000,0.0000,,,63.0100,,,,63.0100,,,,,0,,purchaseorder,,,,,,,,,0,,,,,,td 9/9/24,0,,,,,,,,,,,,"{""method_title"":""Purchase Order""}"
4066,4066,,,,,,,,,4.5000,4.5000,,,28.1800,,,,28.1800,,,,,,,purchaseorder,,,,,,,,,,,,,,,105610,,,,,,,,,,,,,"{""method_title"":""Purchase Order""}"
4067,4067,,,,,,,,,0.0000,0.0000,,,61.7200,,,,61.7200,,,,,,,purchaseorder,,,,,,,,,,,,,,,td 10/9/24,,,,,,,,,,,,,"{""method_title"":""Purchase Order""}"
4068,4068,,,,,,,,,4.5000,4.5000,,,28.4900,,,,28.4900,,,,,,,purchaseorder,,,,,,,,,,,,,,,106110,,,,,,,,,,,,,"{""method_title"":""Purchase Order""}"
4069,4069,,,,,,,,,0.0000,0.0000,,,55.2100,,,,55.2100,,,,,,,purchaseorder,,,,,,,,,,,,,,,td 11/9/24,,,,,,,,,,,,,"{""method_title"":""Purchase Order""}"
4070,4070,,,,,,,,,4.5000,4.5000,,,36.7200,,,,36.7200,,,,,,,purchaseorder,,,,,,,,,,,,,,,68138,,,,,,,,,,,,,"{""method_title"":""Purchase Order""}"
4071,4071,,,,,,,,,4.5000,4.5000,,,29.3200,,,,29.3200,,,,,,,purchaseorder,,,,,,,,,,,,,,,109010,,,,,,,,,,,,,"{""method_title"":""Purchase Order""}"
4072,4072,,,,,,,,,0.0000,0.0000,,,51.8400,,,,51.8400,,,,,,,purchaseorder,,,,,,,,,,,,,,,109110,,,,,,,,,,,,,"{""method_title"":""Purchase Order""}"
4073,4073,,,,,,,,,4.5000,4.5000,,,28.4900,,,,28.4900,,,,,,,purchaseorder,,,,,,,,,,,,,,,68108,,,,,,,,,,,,,"{""method_title"":""Purchase Order""}"
4074,4074,,,,,,,,,4.5000,4.5000,,,36.7200,,,,36.7200,,,,,,,purchaseorder,,,,,,,,,,,,,,,112610,,,,,,,,,,,,,"{""method_title"":""Purchase Order""}"
4075,4075,,,,,,,,,0.0000,0.0000,,,692.4800,,,,692.4800,,,,,,,purchaseorder,,,,,,,,,,,,,,,FC190924,,,,,,,,,,,,,"{""method_title"":""Purchase Order""}"
4076,4076,,,,,,,,,4.5000,4.5000,,,28.1800,,,,28.1800,,,,,,,purchaseorder,,,,,,,,,,,,,,,#112910,,,,,,,,,,,,,"{""method_title"":""Purchase Order""}"
4077,4077,,,,,,,,,4.5000,4.5000,,,28.1800,,,,28.1800,,,,,,,purchaseorder,,,,,,,,,,,,,,,113610,,,,,,,,,,,,,"{""method_title"":""Purchase Order""}"
4078,4078,,,,,,,,,0.0000,0.0000,,,123.4300,,,,123.4300,,,,,,,purchaseorder,,,,,,,,,,,,,,,Merriott,,,,,,,,,,,,,"{""method_title"":""Purchase Order""}"
4079,4079,,,,,,,,,0.0000,0.0000,,,198.7300,,,,198.7300,,,,,,,purchaseorder,,,,,,,,,,,,,,,st230924,,,,,,,,,,,,,"{""method_title"":""Purchase Order""}"
4080,4080,,,,,,,,,0.0000,0.0000,,,35.7100,,,,35.7100,,,,,,,purchaseorder,,,,,,,,,,,,,,,WR-PO-20240923-0001,,,,,,,,,,,,,"{""method_title"":""Purchase Order""}"
4081,4081,,,,,,,,,0.0000,0.0000,,,129.9400,,,,129.9400,,,,,0,,purchaseorder,,,,,,,,,0,,,,,,kay24092024,0,,,,,,,,,,,,"{""method_title"":""Purchase Order""}"
4082,4082,,,,,,,,,0.0000,0.0000,,,55.2100,,,,55.2100,,,,,,,purchaseorder,,,,,,,,,,,,,,,FC280924,,,,,,,,,,,,,"{""method_title"":""Purchase Order""}"
4083,4083,,,,,,,,,0.0000,0.0000,,,165.6400,,,,165.6400,,,,,0,,purchaseorder,,,,,,,,,0,,,,,,FC280924,0,,,,,,,,,,,,"{""method_title"":""Purchase Order""}"
4084,4084,,,,,,,,,0.0000,0.0000,,,64.9800,,,,64.9800,,,,,,,purchaseorder,,,,,,,,,,,,,,,R.M.,,,,,,,,,,,,,"{""method_title"":""Purchase Order""}"
4085,4085,,,,,,,,,4.5000,4.5000,,,56.6800,,,,56.6800,,,,,,,purchaseorder,,,,,,,,,,,,,,,120110,,,,,,,,,,,,,"{""method_title"":""Purchase Order""}"
4086,4086,,,,,,,,,0.0000,0.0000,,,63.6200,,,,63.6200,,,,,,,purchaseorder,,,,,,,,,,,,,,,td 1/10/24,,,,,,,,,,,,,"{""method_title"":""Purchase Order""}"
4087,4087,,,,,,,,,0.0000,0.0000,,,35.7100,,,,35.7100,,,,,,,purchaseorder,,,,,,,,,,,,,,,WR-PO-20241001-0001,,,,,,,,,,,,,"{""method_title"":""Purchase Order""}"
4088,4088,,,,,,,,,0.0000,0.0000,,,155.5200,,,,155.5200,,,,,,,purchaseorder,,,,,,,,,,,,,,,24553,,,,,,,,,,,,,"{""method_title"":""Purchase Order""}"
4089,4089,,,,,,,,,4.5000,4.5000,,,28.4900,,,,28.4900,,,,,,,purchaseorder,,,,,,,,,,,,,,,121610,,,,,,,,,,,,,"{""method_title"":""Purchase Order""}"
4090,4090,,,,,,,,,0.0000,0.0000,,,35.7100,,,,35.7100,,,,,0,,purchaseorder,,,,,,,,,0,,,,,,Ruth,0,,,,,,,,,,,,"{""method_title"":""Purchase Order""}"
4091,4091,,,,,,,,,0.0000,0.0000,,,60.4200,,,,60.4200,,,,,0,,purchaseorder,,,,,,,,,0,,,,,,FC051024,0,,,,,,,,,,,,"{""method_title"":""Purchase Order""}"
4092,4092,,,,,,,,,4.5000,4.5000,,,28.1800,,,,28.1800,,,,,,,purchaseorder,,,,,,,,,,,,,,,124710,,,,,,,,,,,,,"{""method_title"":""Purchase Order""}"
4093,4093,,,,,,,,,4.5000,4.5000,,,54.3600,,,,54.3600,,,,,,,purchaseorder,,,,,,,,,,,,,,,124610,,,,,,,,,,,,,"{""method_title"":""Purchase Order""}"
4094,4094,,,,,,,,,0.0000,0.0000,,,41.4700,,,,41.4700,,,,,,,purchaseorder,,,,,,,,,,,,,,,td 7/10/24,,,,,,,,,,,,,"{""method_title"":""Purchase Order""}"
4095,4095,,,,,,,,,0.0000,0.0000,,,60.4200,,,,60.4200,,,,,,,purchaseorder,,,,,,,,,,,,,,,denise Gallop,,,,,,,,,,,,,"{""method_title"":""Purchase Order""}"
4096,4096,,,,,,,,,4.5000,4.5000,,,29.8800,,,,29.8800,,,,,,,purchaseorder,,,,,,,,,,,,,,,125710,,,,,,,,,,,,,"{""method_title"":""Purchase Order""}"
4097,4097,,,,,,,,,4.5000,4.5000,,,28.4900,,,,28.4900,,,,,,,purchaseorder,,,,,,,,,,,,,,,127310,,,,,,,,,,,,,"{""method_title"":""Purchase Order""}"
4098,4098,,,,,,,,,0.0000,0.0000,,,107.5100,,,,107.5100,,,,,,,purchaseorder,,,,,,,,,,,,,,,td 9/10/24,,,,,,,,,,,,,"{""method_title"":""Purchase Order""}"
4099,4099,,,,,,,,,0.0000,0.0000,,,55.2100,,,,55.2100,,,,,,,purchaseorder,,,,,,,,,,,,,,,WR-PO-20241010-0001,,,,,,,,,,,,,"{""method_title"":""Purchase Order""}"
4100,4100,,,,,,,,,0.0000,0.0000,,,87.6800,,,,87.6800,,,,,0,,purchaseorder,,,,,,,,,0,,,,,,MIKE - SHOP,0,,,,,,,,,,,,"{""method_title"":""Purchase Order""}"
4101,4101,,,,,,,,,4.5000,4.5000,,,36.7200,,,,36.7200,,,,,,,purchaseorder,,,,,,,,,,,,,,,127910,,,,,,,,,,,,,"{""method_title"":""Purchase Order""}"
4102,4102,,,,,,,,,0.0000,0.0000,,,35.7100,,,,35.7100,,,,,,,purchaseorder,,,,,,,,,,,,,,,WR-PO-20241010-0002,,,,,,,,,,,,,"{""method_title"":""Purchase Order""}"
4103,4103,,,,,,,,,4.5000,4.5000,,,29.8800,,,,29.8800,,,,,,,purchaseorder,,,,,,,,,,,,,,,125710,,,,,,,,,,,,,"{""method_title"":""Purchase Order""}"
4104,4104,,,,,,,,,0.0000,0.0000,,,121.4900,,,,121.4900,,,,,,,purchaseorder,,,,,,,,,,,,,,,TB2024,,,,,,,,,,,,,"{""method_title"":""Purchase Order""}"
4105,4105,,,,,,,,,0.0000,0.0000,,,58.4600,,,,58.4600,,,,,,,purchaseorder,,,,,,,,,,,,,,,FC111024,,,,,,,,,,,,,"{""method_title"":""Purchase Order""}"
4106,4106,,,,,,,,,0.0000,0.0000,,,153.9000,,,,153.9000,,,,,,,purchaseorder,,,,,,,,,,,,,,,FC121024,,,,,,,,,,,,,"{""method_title"":""Purchase Order""}"
4107,4107,,,,,,,,,4.5000,4.5000,,,53.8200,,,,53.8200,,,,,,,purchaseorder,,,,,,,,,,,,,,,129910,,,,,,,,,,,,,"{""method_title"":""Purchase Order""}"
4108,4108,,,,,,,,,0.0000,0.0000,,,471.6200,,,,471.6200,,,,,0,,purchaseorder,,,,,,,,,0,,,,,,TB20/24,0,,,,,,,,,,,,"{""method_title"":""Purchase Order""}"
4109,4109,,,,,,,,,0.0000,0.0000,,,244.9100,,,,244.9100,,,,,,,purchaseorder,,,,,,,,,,,,,,,td 15/10/24,,,,,,,,,,,,,"{""method_title"":""Purchase Order""}"
4110,4110,,,,,,,,,0.0000,0.0000,,,35.7100,,,,35.7100,,,,,,,purchaseorder,,,,,,,,,,,,,,,WR-PO-20241015-0001,,,,,,,,,,,,,"{""method_title"":""Purchase Order""}"
4111,4111,,,,,,,,,4.5000,4.5000,,,36.7200,,,,36.7200,,,,,,,purchaseorder,,,,,,,,,,,,,,,133610,,,,,,,,,,,,,"{""method_title"":""Purchase Order""}"
4112,4112,,,,,,,,,4.5000,4.5000,,,29.3200,,,,29.3200,,,,,,,purchaseorder,,,,,,,,,,,,,,,134610,,,,,,,,,,,,,"{""method_title"":""Purchase Order""}"
4113,4113,,,,,,,,,4.5000,4.5000,,,28.1800,,,,28.1800,,,,,,,purchaseorder,,,,,,,,,,,,,,,134910,,,,,,,,,,,,,"{""method_title"":""Purchase Order""}"
4114,4114,,,,,,,,,0.0000,0.0000,,,173.9200,,,,173.9200,,,,,,,purchaseorder,,,,,,,,,,,,,,,FC191024,,,,,,,,,,,,,"{""method_title"":""Purchase Order""}"
4115,4115,,,,,,,,,0.0000,0.0000,,,27.2600,,,,27.2600,,,,,0,,purchaseorder,,,,,,,,,0,,,,,,sullivan,0,,,,,,,,,,,,"{""method_title"":""Purchase Order""}"
4116,4116,,,,,,,,,0.0000,0.0000,,,80.5700,,,,80.5700,,,,,0,,purchaseorder,,,,,,,,,0,,,,,,21/10/2024 - Shop Stock,0,,,,,,,,,,,,"{""method_title"":""Purchase Order""}"
4117,4117,,,,,,,,,0.0000,0.0000,,,56.5200,,,,56.5200,,,,,,,purchaseorder,,,,,,,,,,,,,,,td 21/10/24,,,,,,,,,,,,,"{""method_title"":""Purchase Order""}"
4118,4118,,,,,,,,,0.0000,0.0000,,,154.5400,,,,154.5400,,,,,,,purchaseorder,,,,,,,,,,,,,,,td 22/10/24,,,,,,,,,,,,,"{""method_title"":""Purchase Order""}"
4119,4119,,,,,,,,,0.0000,0.0000,,,35.7100,,,,35.7100,,,,,,,purchaseorder,,,,,,,,,,,,,,,WR-PO-20241024-0001,,,,,,,,,,,,,"{""method_title"":""Purchase Order""}"
4120,4120,,,,,,,,,0.0000,0.0000,,,58.4600,,,,58.4600,,,,,,,purchaseorder,,,,,,,,,,,,,,,td 24/10/24,,,,,,,,,,,,,"{""method_title"":""Purchase Order""}"
4121,4121,,,,,,,,,0.0000,0.0000,,,120.8400,,,,120.8400,,,,,0,,purchaseorder,,,,,,,,,0,,,,,,BALLARAGH ROAD,0,,,,,,,,,,,,"{""method_title"":""Purchase Order""}"
4122,4122,,,,,,,,,0.0000,0.0000,,,111.7300,,,,111.7300,,,,,0,,purchaseorder,,,,,,,,,0,,,,,,2491,0,,,,,,,,,,,,"{""method_title"":""Purchase Order""}"
4123,4123,,,,,,,,,4.5000,4.5000,,,28.1800,,,,28.1800,,,,,,,purchaseorder,,,,,,,,,,,,,,,140210,,,,,,,,,,,,,"{""method_title"":""Purchase Order""}"
4124,4124,,,,,,,,,4.5000,4.5000,,,36.7200,,,,36.7200,,,,,,,purchaseorder,,,,,,,,,,,,,,,141310,,,,,,,,,,,,,"{""method_title"":""Purchase Order""}"
4125,4125,,,,,,,,,4.5000,4.5000,,,28.4900,,,,28.4900,,,,,,,purchaseorder,,,,,,,,,,,,,,,141210,,,,,,,,,,,,,"{""method_title"":""Purchase Order""}"
4126,4126,,,,,,,,,0.0000,0.0000,,,41.4700,,,,41.4700,,,,,,,purchaseorder,,,,,,,,,,,,,,,td 28/10/24,,,,,,,,,,,,,"{""method_title"":""Purchase Order""}"
4127,4127,,,,,,,,,4.5000,4.5000,,,59.5200,,,,59.5200,,,,,,,purchaseorder,,,,,,,,,,,,,,,142610,,,,,,,,,,,,,"{""method_title"":""Purchase Order""}"
4128,4128,,,,,,,,,4.5000,4.5000,,,28.1800,,,,28.1800,,,,,,,purchaseorder,,,,,,,,,,,,,,,142310,,,,,,,,,,,,,"{""method_title"":""Purchase Order""}"
4129,4129,,,,,,,,,4.5000,4.5000,,,28.4900,,,,28.4900,,,,,,,purchaseorder,,,,,,,,,,,,,,,141210,,,,,,,,,,,,,"{""method_title"":""Purchase Order""}"
4130,4130,,,,,,,,,4.5000,4.5000,,,28.1800,,,,28.1800,,,,,,,purchaseorder,,,,,,,,,,,,,,,134910,,,,,,,,,,,,,"{""method_title"":""Purchase Order""}"
4131,4131,,,,,,,,,0.0000,0.0000,,,318.1200,,,,318.1200,,,,,,,purchaseorder,,,,,,,,,,,,,,,24620,,,,,,,,,,,,,"{""method_title"":""Purchase Order""}"
4132,4132,,,,,,,,,0.0000,0.0000,,,64.9700,,,,64.9700,,,,,,,purchaseorder,,,,,,,,,,,,,,,FC021124,,,,,,,,,,,,,"{""method_title"":""Purchase Order""}"
4133,4133,,,,,,,,,4.5000,4.5000,,,50.6200,,,,50.6200,,,,,,,purchaseorder,,,,,,,,,,,,,,,147510,,,,,,,,,,,,,"{""method_title"":""Purchase Order""}"
4134,4134,,,,,,,,,3.2900,3.2900,,,232.1400,,,,232.1400,,,,,,,purchaseorder,,,,,,,,,,,,,,,st061124,,,,,,,,,,,,,"{""method_title"":""Purchase Order""}"
4135,4135,,,,,,,,,0.0000,0.0000,,,228.5800,,,,228.5800,,,,,,,purchaseorder,,,,,,,,,,,,,,,FC071124,,,,,,,,,,,,,"{""method_title"":""Purchase Order""}"
4136,4136,,,,,,,,,0.0000,0.0000,,,623.5900,,,,623.5900,,,,,,,purchaseorder,,,,,,,,,,,,,,,FC081124,,,,,,,,,,,,,"{""method_title"":""Purchase Order""}"
4137,4137,,,,,,,,,4.5000,4.5000,,,28.4900,,,,28.4900,,,,,,,purchaseorder,,,,,,,,,,,,,,,151110,,,,,,,,,,,,,"{""method_title"":""Purchase Order""}"
4138,4138,,,,,,,,,4.5000,4.5000,,,29.3200,,,,29.3200,,,,,,,purchaseorder,,,,,,,,,,,,,,,151710,,,,,,,,,,,,,"{""method_title"":""Purchase Order""}"
4139,4139,,,,,,,,,4.5000,4.5000,,,28.4900,,,,28.4900,,,,,,,purchaseorder,,,,,,,,,,,,,,,152710,,,,,,,,,,,,,"{""method_title"":""Purchase Order""}"
4140,4140,,,,,,,,,0.0000,0.0000,,,71.4400,,,,71.4400,,,,,0,,purchaseorder,,,,,,,,,0,,,,,,FC131124,0,,,,,,,,,,,,"{""method_title"":""Purchase Order""}"
4141,4141,,,,,,,,,0.0000,0.0000,,,270.2400,,,,270.2400,,,,,,,purchaseorder,,,,,,,,,,,,,,,td 14/11/24,,,,,,,,,,,,,"{""method_title"":""Purchase Order""}"
4142,4142,,,,,,,,,4.5000,4.5000,,,29.3200,,,,29.3200,,,,,,,purchaseorder,,,,,,,,,,,,,,,154310,,,,,,,,,,,,,"{""method_title"":""Purchase Order""}"
4143,4143,,,,,,,,,0.0000,0.0000,,,103.9200,,,,103.9200,,,,,,,purchaseorder,,,,,,,,,,,,,,,FC161124,,,,,,,,,,,,,"{""method_title"":""Purchase Order""}"
4144,4144,,,,,,,,,4.5000,4.5000,,,29.8800,,,,29.8800,,,,,,,purchaseorder,,,,,,,,,,,,,,,155510,,,,,,,,,,,,,"{""method_title"":""Purchase Order""}"
4145,4145,,,,,,,,,0.0000,0.0000,,,118.8800,,,,118.8800,,,,,,,purchaseorder,,,,,,,,,,,,,,,td 19/11/24,,,,,,,,,,,,,"{""method_title"":""Purchase Order""}"
4146,4146,,,,,,,,,4.5000,4.5000,,,28.4900,,,,28.4900,,,,,,,purchaseorder,,,,,,,,,,,,,,,158610,,,,,,,,,,,,,"{""method_title"":""Purchase Order""}"
4147,4147,,,,,,,,,0.0000,0.0000,,,54.2400,,,,54.2400,,,,,,,purchaseorder,,,,,,,,,,,,,,,24646,,,,,,,,,,,,,"{""method_title"":""Purchase Order""}"
4148,4148,,,,,,,,,4.5000,4.5000,,,50.9500,,,,50.9500,,,,,,,purchaseorder,,,,,,,,,,,,,,,162210,,,,,,,,,,,,,"{""method_title"":""Purchase Order""}"
4149,4149,,,,,,,,,4.5000,4.5000,,,29.3200,,,,29.3200,,,,,,,purchaseorder,,,,,,,,,,,,,,,162410,,,,,,,,,,,,,"{""method_title"":""Purchase Order""}"
4150,4150,,,,,,,,,4.5000,4.5000,,,28.1800,,,,28.1800,,,,,,,purchaseorder,,,,,,,,,,,,,,,159810,,,,,,,,,,,,,"{""method_title"":""Purchase Order""}"
4151,4151,,,,,,,,,4.5000,4.5000,,,28.4900,,,,28.4900,,,,,,,purchaseorder,,,,,,,,,,,,,,,164210,,,,,,,,,,,,,"{""method_title"":""Purchase Order""}"
4152,4152,,,,,,,,,4.5000,4.5000,,,28.1800,,,,28.1800,,,,,,,purchaseorder,,,,,,,,,,,,,,,164910,,,,,,,,,,,,,"{""method_title"":""Purchase Order""}"
4153,4153,,,,,,,,,0.0000,0.0000,,,81.7900,,,,81.7900,,,,,0,,purchaseorder,,,,,,,,,0,,,,,,MIKE/SHOP,0,,,,,,,,,,,,"{""method_title"":""Purchase Order""}"
4154,4154,,,,,,,,,0.0000,0.0000,,,26.3300,,,,26.3300,,,,,,,purchaseorder,,,,,,,,,,,,,,,24652,,,,,,,,,,,,,"{""method_title"":""Purchase Order""}"
4155,4155,,,,,,,,,4.5000,4.5000,,,29.3200,,,,29.3200,,,,,,,purchaseorder,,,,,,,,,,,,,,,165810,,,,,,,,,,,,,"{""method_title"":""Purchase Order""}"
4156,4156,,,,,,,,,4.5000,4.5000,,,28.1800,,,,28.1800,,,,,,,purchaseorder,,,,,,,,,,,,,,,165310,,,,,,,,,,,,,"{""method_title"":""Purchase Order""}"
4157,4157,,,,,,,,,0.0000,0.0000,,,300.1400,,,,300.1400,,,,,,,purchaseorder,,,,,,,,,,,,,,,td 18/11/24,,,,,,,,,,,,,"{""method_title"":""Purchase Order""}"
4158,4158,,,,,,,,,4.5000,4.5000,,,28.4900,,,,28.4900,,,,,,,purchaseorder,,,,,,,,,,,,,,,166710,,,,,,,,,,,,,"{""method_title"":""Purchase Order""}"
4159,4159,,,,,,,,,0.0000,0.0000,,,129.9400,,,,129.9400,,,,,,,purchaseorder,,,,,,,,,,,,,,,FC301124,,,,,,,,,,,,,"{""method_title"":""Purchase Order""}"
4160,4160,,,,,,,,,4.5000,4.5000,,,36.7200,,,,36.7200,,,,,,,purchaseorder,,,,,,,,,,,,,,,170410,,,,,,,,,,,,,"{""method_title"":""Purchase Order""}"
4161,4161,,,,,,,,,4.5000,4.5000,,,28.1800,,,,28.1800,,,,,,,purchaseorder,,,,,,,,,,,,,,,167910,,,,,,,,,,,,,"{""method_title"":""Purchase Order""}"
4162,4162,,,,,,,,,0.0000,0.0000,,,55.9900,,,,55.9900,,,,,,,purchaseorder,,,,,,,,,,,,,,,TD 2/12/24,,,,,,,,,,,,,"{""method_title"":""Purchase Order""}"
4163,4163,,,,,,,,,0.0000,0.0000,,,60.4200,,,,60.4200,,,,,,,purchaseorder,,,,,,,,,,,,,,,td 2/12/24,,,,,,,,,,,,,"{""method_title"":""Purchase Order""}"
4164,4164,,,,,,,,,4.5000,4.5000,,,36.7200,,,,36.7200,,,,,,,purchaseorder,,,,,,,,,,,,,,,171110,,,,,,,,,,,,,"{""method_title"":""Purchase Order""}"
4165,4165,,,,,,,,,0.0000,0.0000,,,130.5500,,,,130.5500,,,,,0,,purchaseorder,,,,,,,,,0,,,,,,sIMPSON & cRAINE,0,,,,,,,,,,,,"{""method_title"":""Purchase Order""}"
4166,4166,,,,,,,,,0.0000,0.0000,,,37.3200,,,,37.3200,,,,,,,purchaseorder,,,,,,,,,,,,,,,FC031224,,,,,,,,,,,,,"{""method_title"":""Purchase Order""}"
4167,4167,,,,,,,,,4.5000,4.5000,,,29.8800,,,,29.8800,,,,,,,purchaseorder,,,,,,,,,,,,,,,172810,,,,,,,,,,,,,"{""method_title"":""Purchase Order""}"
4168,4168,,,,,,,,,4.5000,4.5000,,,36.7200,,,,36.7200,,,,,,,purchaseorder,,,,,,,,,,,,,,,172610,,,,,,,,,,,,,"{""method_title"":""Purchase Order""}"
4169,4169,,,,,,,,,0.0000,0.0000,,,25.9700,,,,25.9700,,,,,,,purchaseorder,,,,,,,,,,,,,,,FC 041224,,,,,,,,,,,,,"{""method_title"":""Purchase Order""}"
4170,4170,,,,,,,,,4.5000,4.5000,,,29.3200,,,,29.3200,,,,,,,purchaseorder,,,,,,,,,,,,,,,174410,,,,,,,,,,,,,"{""method_title"":""Purchase Order""}"
4171,4171,,,,,,,,,4.5000,4.5000,,,28.1800,,,,28.1800,,,,,,,purchaseorder,,,,,,,,,,,,,,,173510,,,,,,,,,,,,,"{""method_title"":""Purchase Order""}"
4172,4172,,,,,,,,,4.5000,4.5000,,,52.0900,,,,52.0900,,,,,,,purchaseorder,,,,,,,,,,,,,,,175310,,,,,,,,,,,,,"{""method_title"":""Purchase Order""}"
4173,4173,,,,,,,,,4.5000,4.5000,,,28.4900,,,,28.4900,,,,,,,purchaseorder,,,,,,,,,,,,,,,175610,,,,,,,,,,,,,"{""method_title"":""Purchase Order""}"
4174,4174,,,,,,,,,0.0000,0.0000,,,102.6500,,,,102.6500,,,,,0,,purchaseorder,,,,,,,,,0,,,,,,POR72389,0,,,,,,,,,,,,"{""method_title"":""Purchase Order""}"
4175,4175,,,,,,,,,4.5000,4.5000,,,29.3200,,,,29.3200,,,,,,,purchaseorder,,,,,,,,,,,,,,,177310,,,,,,,,,,,,,"{""method_title"":""Purchase Order""}"
4176,4176,,,,,,,,,4.5000,4.5000,,,36.7200,,,,36.7200,,,,,,,purchaseorder,,,,,,,,,,,,,,,177010,,,,,,,,,,,,,"{""method_title"":""Purchase Order""}"
4177,4177,,,,,,,,,4.5000,4.5000,,,28.1800,,,,28.1800,,,,,,,purchaseorder,,,,,,,,,,,,,,,176710,,,,,,,,,,,,,"{""method_title"":""Purchase Order""}"
4178,4178,,,,,,,,,4.5000,4.5000,,,28.4900,,,,28.4900,,,,,,,purchaseorder,,,,,,,,,,,,,,,176610,,,,,,,,,,,,,"{""method_title"":""Purchase Order""}"
4179,4179,,,,,,,,,4.5000,4.5000,,,29.8800,,,,29.8800,,,,,,,purchaseorder,,,,,,,,,,,,,,,176510,,,,,,,,,,,,,"{""method_title"":""Purchase Order""}"
4180,4180,,,,,,,,,4.5000,4.5000,,,29.3200,,,,29.3200,,,,,,,purchaseorder,,,,,,,,,,,,,,,176110,,,,,,,,,,,,,"{""method_title"":""Purchase Order""}"
4181,4181,,,,,,,,,4.5000,4.5000,,,36.7200,,,,36.7200,,,,,,,purchaseorder,,,,,,,,,,,,,,,178510,,,,,,,,,,,,,"{""method_title"":""Purchase Order""}"
4182,4182,,,,,,,,,0.0000,0.0000,,,119.0000,,,,119.0000,,,,,0,,purchaseorder,,,,,,,,,0,,,,,,TD 10/12/24,0,,,,,,,,,,,,"{""method_title"":""Purchase Order""}"
4183,4183,,,,,,,,,4.5000,4.5000,,,60.6600,,,,60.6600,,,,,,,purchaseorder,,,,,,,,,,,,,,,61577,,,,,,,,,,,,,"{""method_title"":""Purchase Order""}"
4184,4184,,,,,,,,,4.5000,4.5000,,,28.1800,,,,28.1800,,,,,,,purchaseorder,,,,,,,,,,,,,,,180910,,,,,,,,,,,,,"{""method_title"":""Purchase Order""}"
4185,4185,,,,,,,,,4.5000,4.5000,,,36.7200,,,,36.7200,,,,,,,purchaseorder,,,,,,,,,,,,,,,180810,,,,,,,,,,,,,"{""method_title"":""Purchase Order""}"
4186,4186,,,,,,,,,0.0000,0.0000,,,151.0600,,,,151.0600,,,,,0,,purchaseorder,,,,,,,,,0,,,,,,Ellie/shop,0,,,,,,,,,,,,"{""method_title"":""Purchase Order""}"
4187,4187,,,,,,,,,0.0000,0.0000,,,68.6200,,,,68.6200,,,,,,,purchaseorder,,,,,,,,,,,,,,,FC121224,,,,,,,,,,,,,"{""method_title"":""Purchase Order""}"
4188,4188,,,,,,,,,4.5000,4.5000,,,36.7200,,,,36.7200,,,,,,,purchaseorder,,,,,,,,,,,,,,,182510,,,,,,,,,,,,,"{""method_title"":""Purchase Order""}"
4189,4189,,,,,,,,,0.0000,0.0000,,,106.2500,,,,106.2500,,,,,,,purchaseorder,,,,,,,,,,,,,,,FC131224,,,,,,,,,,,,,"{""method_title"":""Purchase Order""}"
4190,4190,,,,,,,,,0.0000,0.0000,,,37.6700,,,,37.6700,,,,,,,purchaseorder,,,,,,,,,,,,,,,SIMPSON,,,,,,,,,,,,,"{""method_title"":""Purchase Order""}"
4191,4191,,,,,,,,,3.2900,3.2900,,,26.3400,,,,26.3400,,,,,,,purchaseorder,,,,,,,,,,,,,,,185110,,,,,,,,,,,,,"{""method_title"":""Purchase Order""}"
4192,4192,,,,,,,,,4.5000,4.5000,,,29.3200,,,,29.3200,,,,,,,purchaseorder,,,,,,,,,,,,,,,184610,,,,,,,,,,,,,"{""method_title"":""Purchase Order""}"
4193,4193,,,,,,,,,4.5000,4.5000,,,28.1800,,,,28.1800,,,,,,,purchaseorder,,,,,,,,,,,,,,,184110,,,,,,,,,,,,,"{""method_title"":""Purchase Order""}"
4194,4194,,,,,,,,,4.5000,4.5000,,,28.4900,,,,28.4900,,,,,,,purchaseorder,,,,,,,,,,,,,,,184010,,,,,,,,,,,,,"{""method_title"":""Purchase Order""}"
4195,4195,,,,,,,,,4.5000,4.5000,,,36.7200,,,,36.7200,,,,,,,purchaseorder,,,,,,,,,,,,,,,183910,,,,,,,,,,,,,"{""method_title"":""Purchase Order""}"
4196,4196,,,,,,,,,4.5000,4.5000,,,36.7200,,,,36.7200,,,,,,,purchaseorder,,,,,,,,,,,,,,,183010,,,,,,,,,,,,,"{""method_title"":""Purchase Order""}"
4197,4197,,,,,,,,,0.0000,0.0000,,,112.1900,,,,112.1900,,,,,0,,purchaseorder,,,,,,,,,0,,,,,,TD 16/12/24,0,,,,,,,,,,,,"{""method_title"":""Purchase Order""}"
4198,4198,,,,,,,,,4.5000,4.5000,,,29.3200,,,,29.3200,,,,,,,purchaseorder,,,,,,,,,,,,,,,185710,,,,,,,,,,,,,"{""method_title"":""Purchase Order""}"
4199,4199,,,,,,,,,0.0000,0.0000,,,149.8900,,,,149.8900,,,,,,,purchaseorder,,,,,,,,,,,,,,,td 17/12/24,,,,,,,,,,,,,"{""method_title"":""Purchase Order""}"
4200,4200,,,,,,,,,4.5000,4.5000,,,28.1800,,,,28.1800,,,,,,,purchaseorder,,,,,,,,,,,,,,,187710,,,,,,,,,,,,,"{""method_title"":""Purchase Order""}"
4201,4201,,,,,,,,,4.5000,4.5000,,,36.7200,,,,36.7200,,,,,,,purchaseorder,,,,,,,,,,,,,,,186910,,,,,,,,,,,,,"{""method_title"":""Purchase Order""}"
4202,4202,,,,,,,,,4.5000,4.5000,,,29.3200,,,,29.3200,,,,,,,purchaseorder,,,,,,,,,,,,,,,188710,,,,,,,,,,,,,"{""method_title"":""Purchase Order""}"
4203,4203,,,,,,,,,0.0000,0.0000,,,31.8100,,,,31.8100,,,,,,,purchaseorder,,,,,,,,,,,,,,,td 19/12.24,,,,,,,,,,,,,"{""method_title"":""Purchase Order""}"
4204,4204,,,,,,,,,4.5000,4.5000,,,28.1800,,,,28.1800,,,,,,,purchaseorder,,,,,,,,,,,,,,,190310,,,,,,,,,,,,,"{""method_title"":""Purchase Order""}"
4205,4205,,,,,,,,,3.2900,3.2900,,,28.0000,,,,28.0000,,,,,,,purchaseorder,,,,,,,,,,,,,,,192410,,,,,,,,,,,,,"{""method_title"":""Purchase Order""}"
4206,4206,,,,,,,,,0.0000,0.0000,,,102.6500,,,,102.6500,,,,,0,,purchaseorder,,,,,,,,,0,,,,,,td 24/12/24,0,,,,,,,,,,,,"{""method_title"":""Purchase Order""}"
4207,4207,,,,,,,,,4.5000,4.5000,,,28.4900,,,,28.4900,,,,,,,purchaseorder,,,,,,,,,,,,,,,195210,,,,,,,,,,,,,"{""method_title"":""Purchase Order""}"
4208,4208,,,,,,,,,4.5000,4.5000,,,36.7200,,,,36.7200,,,,,,,purchaseorder,,,,,,,,,,,,,,,195610,,,,,,,,,,,,,"{""method_title"":""Purchase Order""}"
4209,4209,,,,,,,,,4.5000,4.5000,,,28.4900,,,,28.4900,,,,,,,purchaseorder,,,,,,,,,,,,,,,197110,,,,,,,,,,,,,"{""method_title"":""Purchase Order""}"
4210,4210,,,,,,,,,0.0000,0.0000,,,116.9300,,,,116.9300,,,,,,,purchaseorder,,,,,,,,,,,,,,,td 2/1/25,,,,,,,,,,,,,"{""method_title"":""Purchase Order""}"
4211,4211,,,,,,,,,0.0000,0.0000,,,107.1400,,,,107.1400,,,,,0,,purchaseorder,,,,,,,,,0,,,,,,STUART478470,0,,,,,,,,,,,,"{""method_title"":""Purchase Order""}"
4212,4212,,,,,,,,,4.5000,4.5000,,,36.7200,,,,36.7200,,,,,,,purchaseorder,,,,,,,,,,,,,,,200810,,,,,,,,,,,,,"{""method_title"":""Purchase Order""}"
4213,4213,,,,,,,,,0.0000,0.0000,,,98.6900,,,,98.6900,,,,,,,purchaseorder,,,,,,,,,,,,,,,ELLIE SHOP,,,,,,,,,,,,,"{""method_title"":""Purchase Order""}"
4214,4214,,,,,,,,,0.0000,0.0000,,,114.9400,,,,114.9400,,,,,,,purchaseorder,,,,,,,,,,,,,,,ELLIE - SHOP,,,,,,,,,,,,,"{""method_title"":""Purchase Order""}"
4215,4215,,,,,,,,,0.0000,0.0000,,,63.0100,,,,63.0100,,,,,,,purchaseorder,,,,,,,,,,,,,,,BM ,,,,,,,,,,,,,"{""method_title"":""Purchase Order""}"
4216,4216,,,,,,,,,0.0000,0.0000,,,58.4600,,,,58.4600,,,,,,,purchaseorder,,,,,,,,,,,,,,,td 7/1/25,,,,,,,,,,,,,"{""method_title"":""Purchase Order""}"
4217,4217,,,,,,,,,0.0000,0.0000,,,55.2100,,,,55.2100,,,,,0,,purchaseorder,,,,,,,,,0,,,,,,FC080125,0,,,,,,,,,,,,"{""method_title"":""Purchase Order""}"
4218,4218,,,,,,,,,0.0000,0.0000,,,893.8000,,,,893.8000,,,,,,,purchaseorder,,,,,,,,,,,,,,,td 9/1/25,,,,,,,,,,,,,"{""method_title"":""Purchase Order""}"
4219,4219,,,,,,,,,0.0000,0.0000,,,64.9700,,,,64.9700,,,,,,,purchaseorder,,,,,,,,,,,,,,,FC100125,,,,,,,,,,,,,"{""method_title"":""Purchase Order""}"
4220,4220,,,,,,,,,0.0000,0.0000,,,26.3300,,,,26.3300,,,,,0,,purchaseorder,,,,,,,,,0,,,,,,Lorraine ,0,,,,,,,,,,,,"{""method_title"":""Purchase Order""}"
4221,4221,,,,,,,,,0.0000,0.0000,,,82.1500,,,,82.1500,,,,,,,purchaseorder,,,,,,,,,,,,,,,13/01/25 STOCK,,,,,,,,,,,,,"{""method_title"":""Purchase Order""}"
4222,4222,,,,,,,,,0.0000,0.0000,,,31.8100,,,,31.8100,,,,,0,,purchaseorder,,,,,,,,,0,,,,,,td 13/1/25,0,,,,,,,,,,,,"{""method_title"":""Purchase Order""}"
4223,4223,,,,,,,,,4.5000,4.5000,,,51.5800,,,,51.5800,,,,,,,purchaseorder,,,,,,,,,,,,,,,207910,,,,,,,,,,,,,"{""method_title"":""Purchase Order""}"
4224,4224,,,,,,,,,4.5000,4.5000,,,36.7200,,,,36.7200,,,,,,,purchaseorder,,,,,,,,,,,,,,,209110,,,,,,,,,,,,,"{""method_title"":""Purchase Order""}"
4225,4225,,,,,,,,,4.5000,4.5000,,,68.0400,,,,68.0400,,,,,,,purchaseorder,,,,,,,,,,,,,,,209010,,,,,,,,,,,,,"{""method_title"":""Purchase Order""}"
4226,4226,,,,,,,,,0.0000,0.0000,,,326.9900,,,,326.9900,,,,,,,purchaseorder,,,,,,,,,,,,,,,st140125,,,,,,,,,,,,,"{""method_title"":""Purchase Order""}"
4227,4227,,,,,,,,,0.0000,0.0000,,,58.4600,,,,58.4600,,,,,,,purchaseorder,,,,,,,,,,,,,,,td 15/1/25,,,,,,,,,,,,,"{""method_title"":""Purchase Order""}"
4228,4228,,,,,,,,,4.5000,4.5000,,,50.9500,,,,50.9500,,,,,,,purchaseorder,,,,,,,,,,,,,,,211110,,,,,,,,,,,,,"{""method_title"":""Purchase Order""}"
4229,4229,,,,,,,,,0.0000,0.0000,,,60.4200,,,,60.4200,,,,,,,purchaseorder,,,,,,,,,,,,,,,ELLIE-SHOP,,,,,,,,,,,,,"{""method_title"":""Purchase Order""}"
4230,4230,,,,,,,,,4.5000,4.5000,,,28.4900,,,,28.4900,,,,,,,purchaseorder,,,,,,,,,,,,,,,212110,,,,,,,,,,,,,"{""method_title"":""Purchase Order""}"
4231,4231,,,,,,,,,4.5000,4.5000,,,48.7400,,,,48.7400,,,,,,,purchaseorder,,,,,,,,,,,,,,,211610,,,,,,,,,,,,,"{""method_title"":""Purchase Order""}"
4232,4232,,,,,,,,,0.0000,0.0000,,,58.4600,,,,58.4600,,,,,,,purchaseorder,,,,,,,,,,,,,,,WR-PO-20250117-0001,,,,,,,,,,,,,"{""method_title"":""Purchase Order""}"
4233,4233,,,,,,,,,4.5000,4.5000,,,28.4900,,,,28.4900,,,,,,,purchaseorder,,,,,,,,,,,,,,,216710,,,,,,,,,,,,,"{""method_title"":""Purchase Order""}"
4234,4234,,,,,,,,,0.0000,0.0000,,,103.8700,,,,103.8700,,,,,0,,purchaseorder,,,,,,,,,0,,,,,,TB2025,0,,,,,,,,,,,,"{""method_title"":""Purchase Order""}"
4235,4235,,,,,,,,,0.0000,0.0000,,,60.4200,,,,60.4200,,,,,,,purchaseorder,,,,,,,,,,,,,,,td 23/1/25,,,,,,,,,,,,,"{""method_title"":""Purchase Order""}"
4236,4236,,,,,,,,,4.5000,4.5000,,,28.4900,,,,28.4900,,,,,,,purchaseorder,,,,,,,,,,,,,,,221110,,,,,,,,,,,,,"{""method_title"":""Purchase Order""}"
4237,4237,,,,,,,,,4.5000,4.5000,,,28.1800,,,,28.1800,,,,,,,purchaseorder,,,,,,,,,,,,,,,222910,,,,,,,,,,,,,"{""method_title"":""Purchase Order""}"
4238,4238,,,,,,,,,0.0000,0.0000,,,27.2600,,,,27.2600,,,,,,,purchaseorder,,,,,,,,,,,,,,,25048,,,,,,,,,,,,,"{""method_title"":""Purchase Order""}"
4239,4239,,,,,,,,,0.0000,0.0000,,,27.2600,,,,27.2600,,,,,,,purchaseorder,,,,,,,,,,,,,,,WR-PO-20250201-0001,,,,,,,,,,,,,"{""method_title"":""Purchase Order""}"
4240,4240,,,,,,,,,4.5000,4.5000,,,29.3200,,,,29.3200,,,,,,,purchaseorder,,,,,,,,,,,,,,,227410,,,,,,,,,,,,,"{""method_title"":""Purchase Order""}"
4241,4241,,,,,,,,,4.5000,4.5000,,,28.4900,,,,28.4900,,,,,,,purchaseorder,,,,,,,,,,,,,,,228410,,,,,,,,,,,,,"{""method_title"":""Purchase Order""}"
4242,4242,,,,,,,,,0.0000,0.0000,,,45.7900,,,,45.7900,,,,,,,purchaseorder,,,,,,,,,,,,,,,td 4/2/25,,,,,,,,,,,,,"{""method_title"":""Purchase Order""}"
4243,4243,,,,,,,,,4.5000,4.5000,,,28.1800,,,,28.1800,,,,,,,purchaseorder,,,,,,,,,,,,,,,230710,,,,,,,,,,,,,"{""method_title"":""Purchase Order""}"
4244,4244,,,,,,,,,4.5000,4.5000,,,29.8800,,,,29.8800,,,,,,,purchaseorder,,,,,,,,,,,,,,,231010,,,,,,,,,,,,,"{""method_title"":""Purchase Order""}"
4245,4245,,,,,,,,,0.0000,0.0000,,,226.7200,,,,226.7200,,,,,,,purchaseorder,,,,,,,,,,,,,,,FC060225,,,,,,,,,,,,,"{""method_title"":""Purchase Order""}"
4246,4246,,,,,,,,,4.5000,4.5000,,,28.4900,,,,28.4900,,,,,,,purchaseorder,,,,,,,,,,,,,,,232110,,,,,,,,,,,,,"{""method_title"":""Purchase Order""}"
4247,4247,,,,,,,,,3.2900,3.2900,,,62.4100,,,,62.4100,,,,,,,purchaseorder,,,,,,,,,,,,,,,WR-PO-20250207-0001,,,,,,,,,,,,,"{""method_title"":""Purchase Order""}"
4248,4248,,,,,,,,,0.0000,0.0000,,,127.9700,,,,127.9700,,,,,,,purchaseorder,,,,,,,,,,,,,,,FC080225,,,,,,,,,,,,,"{""method_title"":""Purchase Order""}"
4249,4249,,,,,,,,,4.5000,4.5000,,,45.4900,,,,45.4900,,,,,,,purchaseorder,,,,,,,,,,,,,,,235010,,,,,,,,,,,,,"{""method_title"":""Purchase Order""}"
4250,4250,,,,,,,,,4.5000,4.5000,,,29.3200,,,,29.3200,,,,,,,purchaseorder,,,,,,,,,,,,,,,232810,,,,,,,,,,,,,"{""method_title"":""Purchase Order""}"
4251,4251,,,,,,,,,0.0000,0.0000,,,61.7200,,,,61.7200,,,,,,,purchaseorder,,,,,,,,,,,,,,,FC130225,,,,,,,,,,,,,"{""method_title"":""Purchase Order""}"
4252,4252,,,,,,,,,0.0000,0.0000,,,56.5200,,,,56.5200,,,,,,,purchaseorder,,,,,,,,,,,,,,,FC150225,,,,,,,,,,,,,"{""method_title"":""Purchase Order""}"
4253,4253,,,,,,,,,3.2900,3.2900,,,135.5800,,,,135.5800,,,,,,,purchaseorder,,,,,,,,,,,,,,,st180225,,,,,,,,,,,,,"{""method_title"":""Purchase Order""}"
4254,4254,,,,,,,,,4.5000,4.5000,,,36.7200,,,,36.7200,,,,,,,purchaseorder,,,,,,,,,,,,,,,245810,,,,,,,,,,,,,"{""method_title"":""Purchase Order""}"
4255,4255,,,,,,,,,0.0000,0.0000,,,118.8800,,,,118.8800,,,,,,,purchaseorder,,,,,,,,,,,,,,,td 20.2.25,,,,,,,,,,,,,"{""method_title"":""Purchase Order""}"
4256,4256,,,,,,,,,4.5000,4.5000,,,36.7200,,,,36.7200,,,,,,,purchaseorder,,,,,,,,,,,,,,,248010,,,,,,,,,,,,,"{""method_title"":""Purchase Order""}"
4257,4257,,,,,,,,,4.5000,4.5000,,,28.4900,,,,28.4900,,,,,,,purchaseorder,,,,,,,,,,,,,,,247410,,,,,,,,,,,,,"{""method_title"":""Purchase Order""}"
4258,4258,,,,,,,,,4.5000,4.5000,,,29.3200,,,,29.3200,,,,,,,purchaseorder,,,,,,,,,,,,,,,249810,,,,,,,,,,,,,"{""method_title"":""Purchase Order""}"
4259,4259,,,,,,,,,0.0000,0.0000,,,26.3300,,,,26.3300,,,,,,,purchaseorder,,,,,,,,,,,,,,,WR-PO-20250220-0001,,,,,,,,,,,,,"{""method_title"":""Purchase Order""}"
4260,4260,,,,,,,,,0.0000,0.0000,,,285.8400,,,,285.8400,,,,,0,,purchaseorder,,,,,,,,,0,,,,,,TB2025,0,,,,,,,,,,,,"{""method_title"":""Purchase Order""}"
4261,4261,,,,,,,,,0.0000,0.0000,,,53.2700,,,,53.2700,,,,,0,,purchaseorder,,,,,,,,,0,,,,,,2668,0,,,,,,,,,,,,"{""method_title"":""Purchase Order""}"
4262,4262,,,,,,,,,4.5000,4.5000,,,28.4900,,,,28.4900,,,,,,,purchaseorder,,,,,,,,,,,,,,,256510,,,,,,,,,,,,,"{""method_title"":""Purchase Order""}"
4263,4263,,,,,,,,,0.0000,0.0000,,,93.5300,,,,93.5300,,,,,,,purchaseorder,,,,,,,,,,,,,,,td3/3/25,,,,,,,,,,,,,"{""method_title"":""Purchase Order""}"
4264,4264,,,,,,,,,0.0000,0.0000,,,129.9400,,,,129.9400,,,,,,,purchaseorder,,,,,,,,,,,,,,,td 3/3/25,,,,,,,,,,,,,"{""method_title"":""Purchase Order""}"
4265,4265,,,,,,,,,4.5000,4.5000,,,28.4900,,,,28.4900,,,,,,,purchaseorder,,,,,,,,,,,,,,,259710,,,,,,,,,,,,,"{""method_title"":""Purchase Order""}"
4266,4266,,,,,,,,,4.5000,4.5000,,,28.4900,,,,28.4900,,,,,,,purchaseorder,,,,,,,,,,,,,,,263310,,,,,,,,,,,,,"{""method_title"":""Purchase Order""}"
4267,4267,,,,,,,,,0.0000,0.0000,,,146.7400,,,,146.7400,,,,,,,purchaseorder,,,,,,,,,,,,,,,td 10/3/25,,,,,,,,,,,,,"{""method_title"":""Purchase Order""}"
4268,4268,,,,,,,,,4.5000,4.5000,,,33.3000,,,,33.3000,,,,,,,purchaseorder,,,,,,,,,,,,,,,39637,,,,,,,,,,,,,"{""method_title"":""Purchase Order""}"
4269,4269,,,,,,,,,0.0000,0.0000,,,237.1200,,,,237.1200,,,,,,,purchaseorder,,,,,,,,,,,,,,,td 11/3/25,,,,,,,,,,,,,"{""method_title"":""Purchase Order""}"
4270,4270,,,,,,,,,4.5000,4.5000,,,28.1800,,,,28.1800,,,,,,,purchaseorder,,,,,,,,,,,,,,,270310,,,,,,,,,,,,,"{""method_title"":""Purchase Order""}"
4271,4271,,,,,,,,,4.5000,4.5000,,,28.4900,,,,28.4900,,,,,,,purchaseorder,,,,,,,,,,,,,,,271410,,,,,,,,,,,,,"{""method_title"":""Purchase Order""}"
4272,4272,,,,,,,,,0.0000,0.0000,,,515.7600,,,,515.7600,,,,,,,purchaseorder,,,,,,,,,,,,,,,POR72792,,,,,,,,,,,,,"{""method_title"":""Purchase Order""}"
4273,4273,,,,,,,,,0.0000,0.0000,,,151.3400,,,,151.3400,,,,,,,purchaseorder,,,,,,,,,,,,,,,FC150325,,,,,,,,,,,,,"{""method_title"":""Purchase Order""}"
4274,4274,,,,,,,,,4.5000,4.5000,,,28.4900,,,,28.4900,,,,,,,purchaseorder,,,,,,,,,,,,,,,273810,,,,,,,,,,,,,"{""method_title"":""Purchase Order""}"
