entity_id,parent_id,row_total,price,weight,qty,product_id,order_item_id,additional_data,description,name,sku
378,274,,17.5500,0.0000,1.0000,2643,1994,,,SOPHIE-GREY.HRT-8,SOPHIE-GREY.HRT-8
379,275,,42.7300,0.0000,1.0000,1511,2002,,,EASHAM-RED-8,EASHAM-RED-8
380,275,,40.3500,0.0000,1.0000,858,2003,,,WALFORD-BROWN-8,WALFORD-BROWN-8
381,275,,47.4800,0.0000,1.0000,926,2004,,,BOLTON-BR.PAT-8,BOLTON-BR.PAT-8
382,276,,18.9800,0.0000,1.0000,942,1998,,,Dora Ladies Ultra Wide Canvas Sandal,DORA-DENIM-8
383,277,,18.9800,0.0000,1.0000,1035,2008,,,SELINA-NAVY.SPARK-7,SELINA-NAVY.SPARK-7
384,278,,18.9800,0.0000,1.0000,1034,2005,,,SELINA-NAVY.SPARK-6,SELINA-NAVY.SPARK-6
385,279,,42.7300,0.0000,1.0000,369,2006,,,FALMER-BLK.PRINT-8,FALMER-BLK.PRINT-8
386,279,,42.7300,0.0000,1.0000,355,2007,,,FALMER-NAVY.PRI-8,FALMER-NAVY.PRI-8
387,280,,12.3300,0.0000,1.0000,2596,2000,,,STEVE-NAVY.CHEV-8,STEVE-NAVY.CHEV-8
388,281,,18.9800,0.0000,1.0000,1632,2001,,,VERA-CHAR.POLKA-5,VERA-CHAR.POLKA-5
389,282,,17.5500,0.0000,1.0000,1101,1997,,,SOPHIE-NAVY-5,SOPHIE-NAVY-5
390,283,,18.9800,0.0000,1.0000,1031,2009,,,SELINA-NAVY.SPARK-3,SELINA-NAVY.SPARK-3
391,284,,48.7200,0.0000,1.0000,870,2010,,,ZURICH-BLACK-5,ZURICH-BLACK-5
392,284,,48.7200,0.0000,1.0000,676,2011,,,FARGO-BR.PRINT-7,FARGO-BR.PRINT-7
393,285,,23.2500,0.0000,1.0000,964,2012,,,MARY-NAVY-8,MARY-NAVY-8
394,286,,23.2500,0.0000,1.0000,964,2012,,,MARY-NAVY-8,MARY-NAVY-8
395,287,,26.1000,0.0000,1.0000,1460,2016,,,SILAS-BLACK-8,SILAS-BLACK-8
396,288,,17.5500,0.0000,2.0000,2648,2015,,,SOPHIE-GREY.HRT-6,SOPHIE-GREY.HRT-6
397,289,,12.3300,0.0000,1.0000,2519,2013,,,VAL-WINE.FERN-6,VAL-WINE.FERN-6
398,289,,26.1000,0.0000,1.0000,2557,2014,,,WENDY-WINE.SWIRL-6,WENDY-WINE.SWIRL-6
399,290,,33.0800,0.0000,1.0000,1369,2017,,,TONY-BLACK-9,TONY-BLACK-9
400,291,,18.9800,0.0000,1.0000,1633,2018,,,VERA-CHAR.POLKA-6,VERA-CHAR.POLKA-6
401,292,,14.7000,0.0000,1.0000,1067,2019,,,SOFIA-WINE-7,SOFIA-WINE-7
402,293,,18.9800,0.0000,1.0000,1032,2023,,,SELINA-NAVY.SPARK-4,SELINA-NAVY.SPARK-4
403,294,,23.2500,0.0000,1.0000,1626,2022,,,SARAH-BLACK-7,SARAH-BLACK-7
404,295,,26.1000,0.0000,1.0000,1497,2021,,,WALTER-BLACK-11,WALTER-BLACK-11
405,296,,18.9800,0.0000,1.0000,1633,2020,,,VERA-CHAR.POLKA-6,VERA-CHAR.POLKA-6
406,297,,18.9800,0.0000,1.0000,1185,2025,,,VAL-NAVY-6,VAL-NAVY-6
407,298,,17.5500,0.0000,1.0000,2625,2024,,,SOPHIE-BEI.COMB-7,SOPHIE-BEI.COMB-7
408,299,,26.1000,0.0000,1.0000,1416,2033,,,SVEN-BLACK-10,SVEN-BLACK-10
409,299,,18.9800,0.0000,1.0000,2579,2034,,,STEVE-BR.CHEV-10,STEVE-BR.CHEV-10
410,299,,47.4800,0.0000,1.0000,1326,2035,,,TRENT-BLACK-9,TRENT-BLACK-9
411,300,,18.9800,0.0000,1.0000,949,2027,,,DORA-BEIGE-9,DORA-BEIGE-9
412,301,,18.9800,0.0000,1.0000,956,2029,,,DORA-DENIM-9,DORA-DENIM-9
413,302,,40.3500,0.0000,1.0000,844,2031,,,WALMER-NAVY-5,WALMER-NAVY-5
414,303,,18.9800,0.0000,1.0000,1631,2032,,,VERA-CHAR.POLKA-4,VERA-CHAR.POLKA-4
415,304,,17.5500,0.0000,1.0000,1100,2030,,,SOPHIE-NAVY-4,SOPHIE-NAVY-4
416,305,,40.3500,0.0000,1.0000,1771,2028,,,CARRIE-ROYAL.FL-5,CARRIE-ROYAL.FL-5
417,306,,18.9800,0.0000,1.0000,2519,2026,,,VAL-WINE.FERN-6,VAL-WINE.FERN-6
418,307,,18.9800,0.0000,1.0000,2568,2037,,,VAL-BLACK-3,VAL-BLACK-3
419,308,,18.9800,0.0000,1.0000,1174,2038,,,Val Ladies Extra Wide Bootie Slipper,VAL-BLACK-8
420,309,,18.9800,0.0000,1.0000,1636,2040,,,VERA-CHAR.POLKA-9,VERA-CHAR.POLKA-9
421,310,,20.7900,0.0000,1.0000,1067,2036,,,SOFIA-WINE-7,SOFIA-WINE-7
422,311,,17.5500,0.0000,1.0000,1091,2045,,,Sophie Ladies Extra Wide Slipper,SOPHIE-GREY.HRT-9
423,311,,18.9800,0.0000,1.0000,942,2047,,,Dora Ladies Ultra Wide Canvas Sandal,DORA-BEIGE-9
424,312,,18.9800,0.0000,1.0000,954,2042,,,DORA-DENIM-7,DORA-DENIM-7
425,313,,18.9800,0.0000,1.0000,2487,2049,,,SADIE-WINE.FERN-8,SADIE-WINE.FERN-8
426,314,,18.9800,0.0000,2.0000,2668,2043,,,SADIE-NAVY.FERN-4,SADIE-NAVY.FERN-4
427,314,,18.9800,0.0000,1.0000,2666,2044,,,SADIE-NAVY.FERN-5,SADIE-NAVY.FERN-5
428,315,,20.4000,0.0000,1.0000,2611,2050,,,GARY-GREY.CHEV-7,GARY-GREY.CHEV-7
429,316,,18.9800,0.0000,1.0000,1631,2041,,,VERA-CHAR.POLKA-4,VERA-CHAR.POLKA-4
430,317,,18.9800,0.0000,1.0000,942,2055,,,Dora Ladies Ultra Wide Canvas Sandal,DORA-DENIM-4
431,318,,42.7300,0.0000,1.0000,2142,2053,,,FENWICK-CHER.PRI-7,FENWICK-CHER.PRI-7
432,318,,42.7300,0.0000,1.0000,707,2054,,,FORTON-NAVY.PRI-7,FORTON-NAVY.PRI-7
433,319,,18.9800,0.0000,1.0000,1174,2057,,,Val Ladies Extra Wide Bootie Slipper,VAL-NAVY-4
434,320,,17.5500,0.0000,1.0000,1091,2059,,,Sophie Ladies Extra Wide Slipper,SOPHIE-NAVY.SPARK-5
435,320,,20.7900,0.0000,1.0000,1062,2061,,,Sofia Ladies Extra Wide Slipper,SOFIA-WINE-5
436,321,,17.5500,0.0000,1.0000,1091,2051,,,Sophie Ladies Extra Wide Slipper,SOPHIE-NAVY-6
437,322,,18.9800,0.0000,1.0000,1174,2067,,,Val Ladies Extra Wide Bootie Slipper,VAL-WINE.FERN-7
438,323,,30.7900,0.0000,1.0000,1197,2063,,,VAL-WINE-4,VAL-WINE-4
439,324,,18.9800,0.0000,1.0000,1174,2069,,,Val Ladies Extra Wide Bootie Slipper,VAL-NAVY-9
440,325,,17.5500,0.0000,1.0000,1091,2073,,,Sophie Ladies Extra Wide Slipper,SOPHIE-NAVY-7
441,326,,26.1000,0.0000,1.0000,2563,2064,,,WENDY-BLK.SWIRL-5,WENDY-BLK.SWIRL-5
442,327,,18.9800,0.0000,1.0000,1015,2071,,,Sadie Ladies Extra Wide Slippers,SADIE-NAVY.FERN-7
443,328,,18.9800,0.0000,1.0000,1023,2065,,,Selina Ladies Extra Wide Slipper,SELINA-NAVY.SPARK-5
444,329,,18.9800,0.0000,1.0000,2604,2080,,,STEVE-GREY.CHEV-8,STEVE-GREY.CHEV-8
445,330,,18.9800,0.0000,1.0000,973,2076,,,Tracy Ladies Extra Wide Canvas,TRACY-BEIGE-4
446,331,,18.9800,0.0000,1.0000,927,2078,,,Sue Ladies Extra Wide Lightweight Shoe,SUE-BEIGE.MET-5
447,332,,18.9800,0.0000,1.0000,943,2075,,,DORA-BEIGE-3,DORA-BEIGE-3
448,333,,17.5500,0.0000,1.0000,1091,2084,,,Sophie Ladies Extra Wide Slipper,SOPHIE-NAVY.SPARK-6
449,334,,18.9800,0.0000,1.0000,1634,2083,,,VERA-CHAR.POLKA-7,VERA-CHAR.POLKA-7
450,335,,18.9800,0.0000,1.0000,1015,2081,,,Sadie Ladies Extra Wide Slippers,SADIE-WINE.FERN-6
451,336,,18.9800,0.0000,1.0000,1023,2088,,,Selina Ladies Extra Wide Slipper,SELINA-NAVY.SPARK-8
452,337,,18.9800,0.0000,1.0000,1023,2092,,,Selina Ladies Extra Wide Slipper,SELINA-NAVY.SPARK-8
453,338,,26.1000,0.0000,1.0000,1487,2090,,,Walter Men's Extra Wide Open Flat Slipper,WALTER-BLACK-11
454,339,,25.7900,0.0000,1.0000,1040,2086,,,Sabrina Ladies Extra Wide Slipper,SABRINA-NAVY.SPARK-5
455,340,,26.1000,0.0000,1.0000,1487,2094,,,Walter Men's Extra Wide Open Flat Slipper,WALTER-BLACK-11
456,341,,18.9800,0.0000,1.0000,1015,2098,,,Sadie Ladies Extra Wide Slippers,SADIE-NAVY.FERN-6
457,342,,18.9800,0.0000,1.0000,1629,2096,,,Vera Ladies Extra Wide Bootie Slipper,VERA-CHAR.POLKA-7
458,343,,17.5500,0.0000,1.0000,1091,2100,,,Sophie Ladies Extra Wide Slipper,SOPHIE-GREY.HRT-7
459,344,,26.1000,0.0000,1.0000,1137,2106,,,Wendy Ladies Extra Wide Open-Flat Slipper,WENDY-BLK.SWIRL-8
460,345,,47.4800,0.0000,1.0000,1342,2104,,,Percy Men's Extra Wide Deck Shoe,PERCY-BROWN-12
461,346,,18.9800,0.0000,1.0000,1174,2102,,,Val Ladies Extra Wide Bootie Slipper,VAL-WINE.FERN-6
462,347,,45.7900,0.0000,1.0000,718,2108,,,FERRING-STONE.BEI-5,FERRING-STONE.BEI-5
463,347,,48.7200,0.0000,1.0000,336,2109,,,FARLOW-BEIGE-5,FARLOW-BEIGE-5
464,347,,48.7200,0.0000,1.0000,337,2110,,,FARLOW-BEIGE-6,FARLOW-BEIGE-6
465,348,,48.7200,0.0000,1.0000,296,2111,,,FILTON-BLK.PAT-5,FILTON-BLK.PAT-5
466,348,,66.6200,0.0000,1.0000,2129,2112,,,Fenwick Ladies Extra Wide Shoe,FENWICK-BLK.PAT-5
467,348,,48.7200,0.0000,1.0000,666,2114,,,FARGO-BLK.PRINT-5,FARGO-BLK.PRINT-5
468,348,,48.7200,0.0000,1.0000,1524,2115,,,FARDEN-BLACK-5,FARDEN-BLACK-5
469,348,,48.7200,0.0000,1.0000,1527,2116,,,FARDEN-BLACK-7,FARDEN-BLACK-7
470,348,,26.5100,0.0000,1.0000,961,2117,,,MARY-NAVY-5,MARY-NAVY-5
471,348,,26.5100,0.0000,1.0000,962,2118,,,MARY-NAVY-6,MARY-NAVY-6
472,349,,42.7300,0.0000,1.0000,675,2124,,,FARGO-BR.PRINT-6.5,FARGO-BR.PRINT-6.5
473,349,,42.7300,0.0000,1.0000,676,2125,,,FARGO-BR.PRINT-7,FARGO-BR.PRINT-7
474,350,,40.3500,0.0000,1.0000,495,2123,,,CARA-IVORY-8,CARA-IVORY-8
475,351,,18.9800,0.0000,1.0000,1630,2126,,,VERA-CHAR.POLKA-3,VERA-CHAR.POLKA-3
476,352,,18.9800,0.0000,1.0000,1174,2121,,,Val Ladies Extra Wide Bootie Slipper,VAL-NAVY-4
477,353,,17.5500,0.0000,1.0000,1091,2119,,,Sophie Ladies Extra Wide Slipper,SOPHIE-NAVY.SPARK-6
478,354,,18.9800,0.0000,1.0000,942,2127,,,Dora Ladies Ultra Wide Canvas Sandal,DORA-DENIM-7
479,355,,18.9800,0.0000,1.0000,942,2129,,,Dora Ladies Ultra Wide Canvas Sandal,DORA-DENIM-5
480,356,,42.7300,0.0000,1.0000,265,2131,,,Filton Ladies Extra Wide Shoe,FILTON-RED.BUR.PA-8
481,357,,17.5500,0.0000,1.0000,1091,2133,,,Sophie Ladies Extra Wide Slipper,SOPHIE-NAVY.SPARK-7
482,358,,17.5500,0.0000,1.0000,1091,2137,,,Sophie Ladies Extra Wide Slipper,SOPHIE-NAVY.SPARK-6
483,358,,18.9800,0.0000,1.0000,927,2139,,,Sue Ladies Extra Wide Lightweight Shoe,SUE-BEIGE.MET-6
484,358,,38.9300,0.0000,1.0000,1746,2141,,,CHERYL-PLAT.FL-6,CHERYL-PLAT.FL-6
485,358,,40.3500,0.0000,1.0000,1772,2142,,,CARRIE-ROYAL.FL-6,CARRIE-ROYAL.FL-6
486,359,,18.9800,0.0000,1.0000,942,2144,,,Dora Ladies Ultra Wide Canvas Sandal,DORA-DENIM-5
487,360,,18.9800,0.0000,1.0000,2676,2135,,,SADIE-GREY.FERN-7,SADIE-GREY.FERN-7
488,361,,20.4000,0.0000,1.0000,2606,2143,,,GARY-GREY.CHEV-10,GARY-GREY.CHEV-10
489,362,,18.9800,0.0000,1.0000,2580,2136,,,VAL-NAVY.FERN-7,VAL-NAVY.FERN-7
490,363,,18.9800,0.0000,1.0000,2012,2148,,,Doreen Ladies Ultra Wide Slipper,DOREEN-WINE-8
491,364,,18.9800,0.0000,1.0000,942,2156,,,Dora Ladies Ultra Wide Canvas Sandal,DORA-DENIM-6
492,365,,23.2500,0.0000,1.0000,958,2150,,,Mary Ladies Extra Wide Lightweight Shoe,MARY-NAVY-5
493,366,,26.1000,0.0000,1.0000,1487,2152,,,Walter Men's Extra Wide Open Flat Slipper,WALTER-BLACK-7
494,367,,18.9800,0.0000,1.0000,1629,2146,,,Vera Ladies Extra Wide Bootie Slipper,VERA-CHAR.POLKA-6
495,368,,38.9300,0.0000,1.0000,1726,2154,,,Cheryl Ladies Ultra Wide Sandal,CHERYL-PLAT.FL-8
496,369,,26.5100,0.0000,1.0000,958,2158,,,Mary Ladies Extra Wide Lightweight Shoe,MARY-NAVY-7
497,370,,20.4000,0.0000,1.0000,1437,2162,,,Gary Men's Extra Wide Bootie Slipper,GARY-GREY.CHEV-11
498,370,,20.4000,0.0000,1.0000,1437,2164,,,Gary Men's Extra Wide Bootie Slipper,GARY-GREY.CHEV-12
499,370,,20.4000,0.0000,1.0000,1437,2166,,,Gary Men's Extra Wide Bootie Slipper,GARY-NAVY.CHEV-11
500,370,,20.4000,0.0000,1.0000,1437,2168,,,Gary Men's Extra Wide Bootie Slipper,GARY-NAVY.CHEV-12
501,371,,18.9800,0.0000,1.0000,1023,2160,,,Selina Ladies Extra Wide Slipper,SELINA-NAVY.SPARK-6
502,372,,18.9800,0.0000,1.0000,1174,2170,,,Val Ladies Extra Wide Bootie Slipper,VAL-NAVY.FERN-6
503,373,,18.9800,0.0000,1.0000,942,2172,,,Dora Ladies Ultra Wide Canvas Sandal,DORA-DENIM-5
504,374,,40.3500,0.0000,1.0000,834,2174,,,Walmer Ladies Extra Wide Stretch Shoe,WALMER-BLACK-6
505,374,,18.9800,0.0000,1.0000,973,2176,,,Tracy Ladies Extra Wide Canvas,TRACY-DENIM-6
506,375,,18.9800,0.0000,1.0000,942,2178,,,Dora Ladies Ultra Wide Canvas Sandal,DORA-DENIM-7
507,376,,18.9800,0.0000,1.0000,942,2180,,,Dora Ladies Ultra Wide Canvas Sandal,DORA-DENIM-5
508,377,,18.9800,0.0000,1.0000,1015,2182,,,Sadie Ladies Extra Wide Slippers,SADIE-NAVY.FERN-5
509,378,,18.9800,0.0000,1.0000,1629,2186,,,Vera Ladies Extra Wide Bootie Slipper,VERA-CHAR.POLKA-7
510,379,,17.5500,0.0000,1.0000,1091,2188,,,Sophie Ladies Extra Wide Slipper,SOPHIE-WINE.SWIRL-7
511,380,,17.5500,0.0000,1.0000,1091,2190,,,Sophie Ladies Extra Wide Slipper,SOPHIE-WINE.SWIRL-6
512,381,,17.5500,0.0000,1.0000,1091,2184,,,Sophie Ladies Extra Wide Slipper,SOPHIE-GREY.HRT-9
513,382,,18.9800,0.0000,1.0000,1023,2194,,,Selina Ladies Extra Wide Slipper,SELINA-NAVY.SPARK-6
514,383,,40.3500,0.0000,1.0000,733,2196,,,Wardale Ladies Extra Wide Shoe,WARDALE-BLACK-5
515,384,,18.9800,0.0000,1.0000,1629,2192,,,Vera Ladies Extra Wide Bootie Slipper,VERA-CHAR.POLKA-8
516,385,,17.5500,0.0000,1.0000,1091,2198,,,Sophie Ladies Extra Wide Slipper,SOPHIE-GREY.HEART-6
517,386,,42.7300,0.0000,1.0000,265,2202,,,Filton Ladies Extra Wide Shoe,FILTON-RED.BUR.PA-7
518,387,,18.9800,0.0000,1.0000,942,2200,,,Dora Ladies Ultra Wide Canvas Sandal,DORA-DENIM-6
519,388,,17.5500,0.0000,1.0000,1091,2212,,,Sophie Ladies Extra Wide Slipper,SOPHIE-WINE.SWIRL-6
520,388,,26.1000,0.0000,1.0000,1137,2214,,,Wendy Ladies Extra Wide Open-Flat Slipper,WENDY-WINE.SWIRL-7
521,388,,4.2500,0.0000,1.0000,1293,2216,,,FeatherGrip Extra Wide Knee-High Medium,FEATHERGRIP.KH.MED-BLK
522,388,,6.1500,0.0000,1.0000,2435,2218,,,FeatherTop Extra Wide Knee-High Socks,FEATHERTOP.KNEE.HIGH-GREY-M
523,389,,17.5500,0.0000,1.0000,1091,2208,,,Sophie Ladies Extra Wide Slipper,SOPHIE-BEI.COMB-4
524,390,,18.9800,0.0000,1.0000,1629,2210,,,Vera Ladies Extra Wide Bootie Slipper,VERA-CHAR.POLKA-7
525,391,,48.7200,0.0000,1.0000,867,2204,,,Zurich Ladies Ultra Wide Shoe,ZURICH-BLACK-5
526,392,,23.2500,0.0000,1.0000,958,2206,,,Mary Ladies Extra Wide Lightweight Shoe,MARY-NAVY-4
527,393,,26.1000,0.0000,1.0000,1137,2222,,,Wendy Ladies Extra Wide Open-Flat Slipper,WENDY-WINE.SWIRL-7
528,394,,18.9800,0.0000,1.0000,1174,2224,,,Val Ladies Extra Wide Bootie Slipper,VAL-WINE.FERN-6
529,395,,17.5500,0.0000,1.0000,1091,2220,,,Sophie Ladies Extra Wide Slipper,SOPHIE-GREY.HEART-3
530,396,,18.9800,0.0000,1.0000,1174,2226,,,Val Ladies Extra Wide Bootie Slipper,VAL-WINE.FERN-8
531,397,,23.2500,0.0000,1.0000,958,2228,,,Mary Ladies Extra Wide Lightweight Shoe,MARY-NAVY-5
532,398,,18.9800,0.0000,1.0000,1424,2230,,,Steve Men's Extra Wide Slipper,STEVE-NAVY.CHEV-9
533,399,,18.9800,0.0000,1.0000,1174,2238,,,Val Ladies Extra Wide Bootie Slipper,VAL-NAVY.FERN-7
534,400,,18.9800,0.0000,1.0000,1629,2234,,,Vera Ladies Extra Wide Bootie Slipper,VERA-CHAR.POLKA-6
535,401,,18.9800,0.0000,1.0000,1629,2246,,,Vera Ladies Extra Wide Bootie Slipper,VERA-CHAR.POLKA-8
536,402,,26.1000,0.0000,1.0000,1137,2244,,,Wendy Ladies Extra Wide Open-Flat Slipper,WENDY-NAVY.COMB-6
537,403,,26.1000,0.0000,1.0000,1137,2232,,,Wendy Ladies Extra Wide Open-Flat Slipper,WENDY-NAVY.COMB-8
538,404,,18.9800,0.0000,1.0000,942,2254,,,Dora Ladies Ultra Wide Canvas Sandal,DORA-BEIGE-9
539,405,,18.9800,0.0000,1.0000,942,2256,,,Dora Ladies Ultra Wide Canvas Sandal,DORA-DENIM-8
540,406,,18.9800,0.0000,1.0000,1174,2250,,,Val Ladies Extra Wide Bootie Slipper,VAL-WINE.FERN-6
541,406,,18.9800,0.0000,1.0000,1629,2252,,,Vera Ladies Extra Wide Bootie Slipper,VERA-CHAR.POLKA-6
542,407,,26.1000,0.0000,1.0000,1415,2242,,,Sven Men's Extra Wide Slipper,SVEN-BLACK-13
543,408,,38.9300,0.0000,1.0000,1726,2240,,,Cheryl Ladies Ultra Wide Sandal,CHERYL-NAVY-6.5
544,409,,30.7900,0.0000,1.0000,1174,2236,,,Val Ladies Extra Wide Bootie Slipper,VAL-WINE.FL/BU-7
545,410,,26.1000,0.0000,1.0000,1137,2248,,,Wendy Ladies Extra Wide Open-Flat Slipper,WENDY-BLK.SWIRL-6
546,411,,17.5500,0.7600,1.0000,1091,2258,,,Sophie Ladies Extra Wide Slipper,SOPHIE-BEI.COMB-3
547,412,,18.9800,0.0000,1.0000,1174,2260,,,Val Ladies Extra Wide Bootie Slipper,VAL-BLACK-7
548,413,,18.9800,0.0000,1.0000,1023,2262,,,Selina Ladies Extra Wide Slipper,SELINA-BLK.SPARK-8
549,413,,18.9800,0.0000,1.0000,1015,2264,,,Sadie Ladies Extra Wide Slippers,SADIE-GREY.FERN-8
550,414,,23.2500,0.0000,1.0000,958,2266,,,Mary Ladies Extra Wide Lightweight Shoe,MARY-NAVY-8
551,415,,18.9800,0.0000,1.0000,1424,2268,,,Steve Men's Extra Wide Slipper,STEVE-GREY.CHEV-9
552,415,,47.4800,0.0000,1.0000,1342,2270,,,Percy Men's Extra Wide Deck Shoe,PERCY-NAVY/BROWN-9
553,416,,26.1000,0.0000,1.0000,1487,2272,,,Walter Men's Extra Wide Open Flat Slipper,WALTER-BLACK-13
554,416,,26.1000,0.0000,1.0000,1487,2274,,,Walter Men's Extra Wide Open Flat Slipper,WALTER-BROWN-13
555,417,,18.9800,0.0000,1.0000,942,2276,,,Dora Ladies Ultra Wide Canvas Sandal,DORA-DENIM-7
556,418,,18.9800,0.0000,1.0000,1629,2280,,,Vera Ladies Extra Wide Bootie Slipper,VERA-CHAR.POLKA-9
557,419,,17.5500,0.0000,1.0000,1091,2282,,,Sophie Ladies Extra Wide Slipper,SOPHIE-NAVY-8
558,420,,17.5500,0.0000,1.0000,1091,2284,,,Sophie Ladies Extra Wide Slipper,SOPHIE-GREY.HEART-8
559,421,,38.9300,0.0000,1.0000,1726,2288,,,Cheryl Ladies Ultra Wide Sandal,CHERYL-NAVY-8
560,422,,40.3500,0.0000,1.0000,834,2286,,,Walmer Ladies Extra Wide Stretch Shoe,WALMER-BLACK-5
561,423,,18.9800,0.0000,1.0000,942,2290,,,Dora Ladies Ultra Wide Canvas Sandal,DORA-DENIM-6
562,424,,18.9800,0.0000,1.0000,1174,2292,,,Val Ladies Extra Wide Bootie Slipper,VAL-NAVY.FERN-7
563,425,,18.9800,0.0000,1.0000,1174,2294,,,Val Ladies Extra Wide Bootie Slipper,VAL-WINE.FERN-8
564,426,,17.5500,0.0000,1.0000,1091,2296,,,Sophie Ladies Extra Wide Slipper,SOPHIE-NAVY.SPARK-5
565,427,,18.9800,0.0000,1.0000,1174,2300,,,Val Ladies Extra Wide Bootie Slipper,VAL-NAVY.FERN-7
566,428,,18.9800,0.0000,1.0000,1174,2298,,,Val Ladies Extra Wide Bootie Slipper,VAL-NAVY.FERN-6
567,429,,26.1000,0.0000,1.0000,1137,2302,,,Wendy Ladies Extra Wide Open-Flat Slipper,WENDY-WINE.SWIRL-6
568,430,,18.9800,0.0000,1.0000,1174,2304,,,Val Ladies Extra Wide Bootie Slipper,VAL-BLACK-4
569,431,,18.9800,0.0000,1.0000,942,2316,,,Dora Ladies Ultra Wide Canvas Sandal,DORA-DENIM-9
570,432,,18.9800,0.0000,1.0000,942,2308,,,Dora Ladies Ultra Wide Canvas Sandal,DORA-DENIM-6
571,433,,23.2500,0.0000,1.0000,958,2314,,,Mary Ladies Extra Wide Lightweight Shoe,MARY-NAVY-8
572,434,,38.9300,0.0000,1.0000,1726,2312,,,Cheryl Ladies Ultra Wide Sandal,CHERYL-BLK.PAT-5
573,435,,26.1000,0.0000,1.0000,1487,2318,,,Walter Men's Extra Wide Open Flat Slipper,WALTER-BROWN-10
574,436,,18.9800,0.0000,1.0000,1424,2306,,,Steve Men's Extra Wide Slipper,STEVE-GREY.CHEV-12
575,437,,18.9800,0.0000,1.0000,1629,2310,,,Vera Ladies Extra Wide Bootie Slipper,VERA-CHAR.POLKA-6
576,438,,18.9800,0.0000,1.0000,973,2320,,,Tracy Ladies Extra Wide Canvas,TRACY-BEIGE-4
577,439,,17.5500,0.0000,1.0000,1091,2322,,,Sophie Ladies Extra Wide Slipper,SOPHIE-NAVY.SPARK-6
578,440,,17.5500,0.0000,1.0000,1091,2324,,,Sophie Ladies Extra Wide Slipper,SOPHIE-GREY.HEART-8
579,441,,42.7300,0.0000,1.0000,348,2326,,,Falmer Ladies Extra Wide Shoe,FALMER-GREY.SP-6.5
580,441,,42.7300,0.0000,1.0000,348,2328,,,Falmer Ladies Extra Wide Shoe,FALMER-PLAT.FL-7
581,442,,54.1400,0.0000,1.0000,1342,2330,,,Percy Men's Extra Wide Deck Shoe,PERCY-BROWN-7
582,442,,54.1400,0.0000,1.0000,1342,2332,,,Percy Men's Extra Wide Deck Shoe,PERCY-BROWN-8
583,443,,18.9800,0.0000,1.0000,1629,2338,,,Vera Ladies Extra Wide Bootie Slipper,VERA-CHAR.POLKA-8
584,444,,18.9800,0.0000,1.0000,1174,2336,,,Val Ladies Extra Wide Bootie Slipper,VAL-NAVY.FERN-8
585,445,,18.9800,0.0000,1.0000,1015,2342,,,Sadie Ladies Extra Wide Slippers,SADIE-WINE.FERN-5
586,446,,18.9800,0.0000,1.0000,1015,2340,,,Sadie Ladies Extra Wide Slippers,SADIE-GREY.FERN-7
587,447,,18.9800,0.0000,1.0000,1629,2344,,,Vera Ladies Extra Wide Bootie Slipper,VERA-CHAR.POLKA-3
588,448,,4.8500,0.0000,2.0000,1293,2334,,,FeatherGrip Extra Wide Knee-High Medium,FEATHERGRIP.KH.MED-BLK
589,449,,18.9800,0.0000,1.0000,1023,2346,,,Selina Ladies Extra Wide Slipper,SELINA-NAVY.SPARK-5
590,449,,18.9800,0.0000,1.0000,942,2348,,,Dora Ladies Ultra Wide Canvas Sandal,DORA-BEIGE-5
591,450,,18.9800,0.0000,1.0000,2012,2356,,,Doreen Ladies Ultra Wide Slipper,DOREEN-WINE-6
592,451,,18.9800,0.0000,1.0000,942,2354,,,Dora Ladies Ultra Wide Canvas Sandal,DORA-BEIGE-5
593,452,,17.5500,0.0000,1.0000,1091,2352,,,Sophie Ladies Extra Wide Slipper,SOPHIE-GREY.HEART-6
594,453,,17.5500,0.0000,1.0000,1091,2350,,,Sophie Ladies Extra Wide Slipper,SOPHIE-NAVY.SPARK-8
595,454,,18.9800,0.0000,1.0000,1015,2358,,,Sadie Ladies Extra Wide Slippers,SADIE-GREY.FERN-8
596,455,,42.7300,0.0000,1.0000,480,2360,,,Foxton Ladies Extra Wide Shoe,FOXTON-PEWTER-3
597,456,,26.1000,0.0000,1.0000,1137,2370,,,Wendy Ladies Extra Wide Open-Flat Slipper,WENDY-NAVY.COMB-7
598,457,,18.9800,0.0000,1.0000,942,2372,,,Dora Ladies Ultra Wide Canvas Sandal,DORA-BEIGE-4
599,458,,23.2500,0.0000,1.0000,958,2364,,,Mary Ladies Extra Wide Lightweight Shoe,MARY-NAVY-5
600,458,,42.7300,0.0000,1.0000,333,2366,,,Farlow Ladies Extra Wide Shoe,FARLOW-ROYAL-5
601,459,,17.5500,0.0000,1.0000,1091,2368,,,Sophie Ladies Extra Wide Slipper,SOPHIE-GREY.HEART-9
602,460,,17.5500,0.0000,1.0000,1091,2362,,,Sophie Ladies Extra Wide Slipper,SOPHIE-GREY.HEART-7
603,461,,47.4800,0.0000,1.0000,912,2374,,,Bolton Ladies Extra Wide Boot,BOLTON-BLACK-8
604,461,,42.7300,0.0000,1.0000,2129,2376,,,Fenwick Ladies Extra Wide Shoe,FENWICK-NAVY-8
605,462,,23.2500,0.0000,1.0000,1621,2378,,,Sarah Ladies Extra Wide Bellows Slipper,SARAH-BLACK-5
606,463,,17.5500,0.0000,1.0000,1091,2380,,,Sophie Ladies Extra Wide Slipper,SOPHIE-NAVY.SPARK-6
607,464,,18.9800,0.0000,1.0000,1174,2382,,,Val Ladies Extra Wide Bootie Slipper,VAL-WINE.FL/BU-7
608,465,,18.9800,0.0000,1.0000,1174,2384,,,Val Ladies Extra Wide Bootie Slipper,VAL-WINE.FERN-4
609,466,,18.9800,0.0000,1.0000,1015,2386,,,Sadie Ladies Extra Wide Slippers,SADIE-GREY.FERN-8
610,467,,26.1000,0.0000,1.0000,1137,2388,,,Wendy Ladies Extra Wide Open-Flat Slipper,WENDY-BLK.SWIRL-6
611,468,,18.9800,0.0000,1.0000,927,2390,,,Sue Ladies Extra Wide Lightweight Shoe,SUE-BEIGE.MET-9
612,469,,17.5500,0.0000,1.0000,1091,2392,,,Sophie Ladies Extra Wide Slipper,SOPHIE-WINE.SWIRL-6
613,470,,14.7000,0.0000,1.0000,1062,2394,,,Sofia Ladies Extra Wide Slipper,SOFIA-WINE-5
614,471,,18.9800,0.0000,1.0000,1015,2396,,,Sadie Ladies Extra Wide Slippers,SADIE-WINE.FERN-5
615,472,,5.9300,0.0000,2.0000,2422,2400,,,FeatherTop Extra Wide Cushioned Socks,FEATHERTOP.CUSHIONED-GREY-L
616,473,,20.4000,0.0000,1.0000,1437,2402,,,Gary Men's Extra Wide Bootie Slipper,GARY-BROWN-8
617,474,,17.5500,0.0000,1.0000,1091,2404,,,Sophie Ladies Extra Wide Slipper,SOPHIE-NAVY.SPARK-5
618,475,,26.1000,0.0000,1.0000,1137,2406,,,Wendy Ladies Extra Wide Open-Flat Slipper,WENDY-NAVY.COMB-4
619,476,,18.9800,0.0000,1.0000,942,2408,,,Dora Ladies Ultra Wide Canvas Sandal,DORA-BEIGE-8
620,477,,18.9800,0.0000,1.0000,1174,2410,,,Val Ladies Extra Wide Bootie Slipper,VAL-BLACK-7
621,478,,26.1000,0.0000,1.0000,1415,2412,,,Sven Men's Extra Wide Slipper,SVEN-BLACK-8
622,479,,17.5500,0.0000,1.0000,1091,2416,,,Sophie Ladies Extra Wide Slipper,SOPHIE-NAVY.SPARK-8
623,480,,40.3500,0.0000,1.0000,849,2414,,,Walford Ladies Extra Wide Stretch Shoe,WALFORD-BLACK-8
624,481,,48.7200,0.0000,1.0000,1504,2418,,,Easham Ladies Extra Wide Shoe,EASHAM-BLACK-4
625,481,,48.7200,0.0000,1.0000,1504,2420,,,Easham Ladies Extra Wide Shoe,EASHAM-RED-4
626,482,,18.9800,0.0000,1.0000,1174,2422,,,Val Ladies Extra Wide Bootie Slipper,VAL-NAVY.FERN-5
627,483,,18.9800,0.0000,1.0000,942,2424,,,Dora Ladies Ultra Wide Canvas Sandal,DORA-DENIM-7
628,484,,18.9800,0.0000,1.0000,942,2426,,,Dora Ladies Ultra Wide Canvas Sandal,DORA-DENIM-9
629,485,,17.5500,0.0000,1.0000,1091,2428,,,Sophie Ladies Extra Wide Slipper,SOPHIE-GREY.HEART-6
630,486,,18.9800,0.0000,1.0000,1174,2430,,,Val Ladies Extra Wide Bootie Slipper,VAL-WINE.FERN-6
631,487,,17.5500,0.0000,1.0000,1091,2432,,,Sophie Ladies Extra Wide Slipper,SOPHIE-GREY.HEART-6
632,488,,26.1000,0.0000,1.0000,1137,2434,,,Wendy Ladies Extra Wide Open-Flat Slipper,WENDY-NAVY.COMB-6
633,489,,38.9300,0.0000,1.0000,1726,2436,,,Cheryl Ladies Ultra Wide Sandal,CHERYL-STONE.PEAR-6
634,490,,17.5500,0.0000,1.0000,1091,2438,,,Sophie Ladies Extra Wide Slipper,SOPHIE-GREY.HEART-7
635,491,,46.0100,0.1000,1.0000,2704,2278,,,Chloe Ladies Ultra Wide Sandal,CHLOE-SANDY-7
636,492,,18.9800,0.0000,1.0000,927,2440,,,Sue Ladies Extra Wide Lightweight Shoe,SUE-BEIGE.MET-8
637,493,,18.9800,0.0000,1.0000,942,2444,,,Dora Ladies Ultra Wide Canvas Sandal,DORA-DENIM-6
638,494,,38.9300,0.0000,1.0000,1726,2442,,,Cheryl Ladies Ultra Wide Sandal,CHERYL-PLAT.FL-8
639,495,,17.5500,0.0000,1.0000,1091,2446,,,Sophie Ladies Extra Wide Slipper,SOPHIE-GREY.HEART-6
640,496,,18.9800,0.0000,1.0000,942,2454,,,Dora Ladies Ultra Wide Canvas Sandal,DORA-DENIM-6
641,497,,26.1000,0.0000,1.0000,1137,2452,,,Wendy Ladies Extra Wide Open-Flat Slipper,WENDY-NAVY.COMB-5
642,498,,18.9800,0.0000,1.0000,1015,2448,,,Sadie Ladies Extra Wide Slippers,SADIE-NAVY.FERN-6
643,499,,18.9800,0.0000,1.0000,1424,2450,,,Steve Men's Extra Wide Slipper,STEVE-BR.CHEV-11
644,500,,17.5500,0.0000,1.0000,1091,2466,,,Sophie Ladies Extra Wide Slipper,SOPHIE-NAVY.SPARK-7
645,500,,8.1000,0.0000,1.0000,2394,2468,,,FeatherTop Extra Wide Cotton Socks,FEATHERTOP.COTTON-ROSE.LILAC-S
646,501,,38.9300,0.0000,1.0000,1726,2478,,,Cheryl Ladies Ultra Wide Sandal,CHERYL-NAVY-6
647,502,,17.5500,0.0000,1.0000,1091,2462,,,Sophie Ladies Extra Wide Slipper,SOPHIE-WINE.SWIRL-9
648,503,,17.5500,0.0000,1.0000,1091,2458,,,Sophie Ladies Extra Wide Slipper,SOPHIE-GREY.HEART-4
649,504,,17.5500,0.0000,1.0000,1091,2476,,,Sophie Ladies Extra Wide Slipper,SOPHIE-NAVY.SPARK-5
650,505,,23.2500,0.0000,1.0000,958,2456,,,Mary Ladies Extra Wide Lightweight Shoe,MARY-NAVY-5
651,506,,23.2500,0.0000,1.0000,958,2472,,,Mary Ladies Extra Wide Lightweight Shoe,MARY-NAVY-5
652,507,,18.9800,0.0000,1.0000,1174,2470,,,Val Ladies Extra Wide Bootie Slipper,VAL-BLACK-7
653,508,,26.1000,0.0000,1.0000,1463,2464,,,Sampson Men's Extra Wide Bellows Slipper,SAMPSON-BLACK-11
654,509,,17.5500,0.0000,1.0000,1091,2460,,,Sophie Ladies Extra Wide Slipper,SOPHIE-GREY.HEART-6
655,510,,26.1000,0.0000,1.0000,1487,2482,,,Walter Men's Extra Wide Open Flat Slipper,WALTER-BROWN-9
656,510,,26.1000,0.0000,1.0000,1487,2484,,,Walter Men's Extra Wide Open Flat Slipper,WALTER-BROWN-10
657,511,,26.1000,0.0000,1.0000,1463,2480,,,Sampson Men's Extra Wide Bellows Slipper,SAMPSON-BLACK-11
658,512,,18.9800,0.0000,1.0000,973,2486,,,Tracy Ladies Extra Wide Canvas,TRACY-DENIM-6
659,512,,42.7300,0.0000,1.0000,333,2488,,,Farlow Ladies Extra Wide Shoe,FARLOW-ROYAL-6
660,513,,40.3500,0.0000,1.0000,834,2492,,,Walmer Ladies Extra Wide Stretch Shoe,WALMER-NAVY-5
661,514,,17.5500,0.0000,1.0000,1091,2474,,,Sophie Ladies Extra Wide Slipper,SOPHIE-GREY.HEART-7
662,515,,26.1000,0.0000,1.0000,1137,2490,,,Wendy Ladies Extra Wide Open-Flat Slipper,WENDY-WINE.SWIRL-8
663,516,,17.5500,0.0000,1.0000,1091,2494,,,Sophie Ladies Extra Wide Slipper,SOPHIE-WINE.SWIRL-7
664,516,,18.9800,0.0000,1.0000,1015,2496,,,Sadie Ladies Extra Wide Slippers,SADIE-GREY.FERN-7
665,517,,40.3500,0.0000,1.0000,1306,2508,,,Nathan Men's Ultra Wide Sandal,NATHAN-BROWN-6
666,518,,18.9800,0.0000,1.0000,942,2498,,,Dora Ladies Ultra Wide Canvas Sandal,DORA-BEIGE-7
667,519,,18.9800,0.0000,1.0000,1174,2500,,,Val Ladies Extra Wide Bootie Slipper,VAL-WINE.FERN-9
668,520,,18.9800,0.0000,1.0000,1015,2502,,,Sadie Ladies Extra Wide Slippers,SADIE-NAVY.FERN-4
669,520,,18.9800,0.0000,1.0000,1015,2504,,,Sadie Ladies Extra Wide Slippers,SADIE-WINE.FERN-4
670,521,,18.9800,0.0000,1.0000,942,2506,,,Dora Ladies Ultra Wide Canvas Sandal,DORA-DENIM-8
671,522,,18.9800,0.0000,1.0000,942,2510,,,Dora Ladies Ultra Wide Canvas Sandal,DORA-BEIGE-8
672,523,,42.7300,0.0000,1.0000,265,2514,,,Filton Ladies Extra Wide Shoe,FILTON-BEIGE.PRI-6
673,524,,18.9800,0.0000,1.0000,1174,2512,,,Val Ladies Extra Wide Bootie Slipper,VAL-NAVY-7
674,525,,18.9800,0.0000,1.0000,942,2520,,,Dora Ladies Ultra Wide Canvas Sandal,DORA-DENIM-7
675,526,,18.9800,0.0000,1.0000,1174,2516,,,Val Ladies Extra Wide Bootie Slipper,VAL-WINE.FERN-6
676,527,,18.9800,0.0000,1.0000,1174,2518,,,Val Ladies Extra Wide Bootie Slipper,VAL-WINE.FERN-5
677,528,,38.9300,0.0000,1.0000,1726,2522,,,Cheryl Ladies Ultra Wide Sandal,CHERYL-NAVY-6
678,528,,18.9800,0.0000,1.0000,942,2524,,,Dora Ladies Ultra Wide Canvas Sandal,DORA-DENIM-6
679,529,,17.5500,0.0000,1.0000,1091,2526,,,Sophie Ladies Extra Wide Slipper,SOPHIE-WINE.SWIRL-5
680,530,,18.9800,0.0000,1.0000,942,2528,,,Dora Ladies Ultra Wide Canvas Sandal,DORA-BEIGE-5
681,531,,23.2500,0.0000,1.0000,958,2530,,,Mary Ladies Extra Wide Lightweight Shoe,MARY-NAVY-8
682,532,,21.6400,0.0000,1.0000,2012,2532,,,Doreen Ladies Ultra Wide Slipper,DOREEN-WINE-6
683,532,,21.6400,0.0000,1.0000,973,2534,,,Tracy Ladies Extra Wide Canvas,TRACY-BEIGE-6
684,532,,21.6400,0.0000,2.0000,942,2536,,,Dora Ladies Ultra Wide Canvas Sandal,DORA-DENIM-6
685,532,,21.6400,0.0000,1.0000,973,2538,,,Tracy Ladies Extra Wide Canvas,TRACY-DENIM-6
686,532,,21.6400,0.0000,1.0000,1424,2540,,,Steve Men's Extra Wide Slipper,STEVE-NAVY.CHEV-9
687,532,,21.6400,0.0000,1.0000,1424,2542,,,Steve Men's Extra Wide Slipper,STEVE-GREY.CHEV-9
688,532,,5.9300,0.0000,1.0000,2422,2544,,,FeatherTop Extra Wide Cushioned Socks,FEATHERTOP.CUSHIONED-BLACK-L
689,532,,5.9300,0.0000,1.0000,2422,2546,,,FeatherTop Extra Wide Cushioned Socks,FEATHERTOP.CUSHIONED-BLACK-M
690,532,,5.9300,0.0000,1.0000,2422,2548,,,FeatherTop Extra Wide Cushioned Socks,FEATHERTOP.CUSHIONED-BLACK-S
691,532,,5.9300,0.0000,1.0000,2422,2550,,,FeatherTop Extra Wide Cushioned Socks,FEATHERTOP.CUSHIONED-GREY-L
692,532,,5.9300,0.0000,1.0000,2422,2552,,,FeatherTop Extra Wide Cushioned Socks,FEATHERTOP.CUSHIONED-GREY-M
693,532,,5.9300,0.0000,1.0000,2422,2554,,,FeatherTop Extra Wide Cushioned Socks,FEATHERTOP.CUSHIONED-GREY-S
694,532,,5.9300,0.0000,1.0000,2422,2556,,,FeatherTop Extra Wide Cushioned Socks,FEATHERTOP.CUSHIONED-OATMEAL-L
695,532,,5.9300,0.0000,1.0000,2422,2558,,,FeatherTop Extra Wide Cushioned Socks,FEATHERTOP.CUSHIONED-OATMEAL-M
696,532,,5.9300,0.0000,1.0000,2422,2560,,,FeatherTop Extra Wide Cushioned Socks,FEATHERTOP.CUSHIONED-OATMEAL-S
697,533,,40.3500,0.0000,1.0000,2704,2570,,,Chloe Ladies Ultra Wide Sandal,CHLOE-SANDY-8
698,534,,18.9800,0.0000,1.0000,1174,2572,,,Val Ladies Extra Wide Bootie Slipper,VAL-NAVY-7
699,535,,18.9800,0.0000,1.0000,1629,2568,,,Vera Ladies Extra Wide Bootie Slipper,VERA-CHAR.POLKA-7
700,536,,17.5500,0.0000,1.0000,1091,2578,,,Sophie Ladies Extra Wide Slipper,SOPHIE-NAVY.SPARK-8
701,537,,17.5500,0.0000,1.0000,1091,2566,,,Sophie Ladies Extra Wide Slipper,SOPHIE-NAVY.SPARK-7
702,538,,38.9300,0.0000,1.0000,1726,2562,,,Cheryl Ladies Ultra Wide Sandal,CHERYL-BLK.PAT-7
703,539,,40.3500,0.0000,1.0000,1600,2580,,,Coral Ladies Ultra Wide Sandal,CORAL-IVORY-7
704,540,,26.1000,0.0000,1.0000,1137,2564,,,Wendy Ladies Extra Wide Open-Flat Slipper,WENDY-NAVY.COMB-6
705,541,,18.9800,0.0000,1.0000,1015,2582,,,Sadie Ladies Extra Wide Slippers,SADIE-WINE.FERN-4
706,542,,23.2500,0.0000,1.0000,958,2574,,,Mary Ladies Extra Wide Lightweight Shoe,MARY-NAVY-7
707,542,,40.3500,0.0000,1.0000,834,2576,,,Walmer Ladies Extra Wide Stretch Shoe,WALMER-BLACK-7
708,543,,40.3500,0.0000,1.0000,733,2584,,,Wardale Ladies Extra Wide Shoe,WARDALE-BLACK-6.5
709,544,,40.3500,0.0000,1.0000,481,2594,,,Cara Ladies Ultra Wide Sandal,CARA-IVORY-5
710,544,,40.3500,0.0000,1.0000,1600,2596,,,Coral Ladies Ultra Wide Sandal,CORAL-IVORY-5
711,544,,18.9800,0.0000,1.0000,942,2598,,,Dora Ladies Ultra Wide Canvas Sandal,DORA-BEIGE-5
712,545,,18.9800,0.0000,1.0000,2012,2600,,,Doreen Ladies Ultra Wide Slipper,DOREEN-WINE-6
713,546,,18.9800,0.0000,1.0000,942,2590,,,Dora Ladies Ultra Wide Canvas Sandal,DORA-DENIM-3
714,547,,18.9800,0.0000,1.0000,1023,2592,,,Selina Ladies Extra Wide Slipper,SELINA-NAVY.SPARK-3
715,548,,17.5500,0.0000,1.0000,1091,2602,,,Sophie Ladies Extra Wide Slipper,SOPHIE-NAVY.SPARK-5
716,549,,54.1400,0.0000,1.0000,1332,2586,,,Tully Men's Extra Wide Shoe,TULLY-BROWN-9
717,550,,46.0100,0.0000,1.0000,2704,2604,,,Chloe Ladies Ultra Wide Sandal,CHLOE-SANDY-6
718,551,,18.9800,0.0000,1.0000,1174,2608,,,Val Ladies Extra Wide Bootie Slipper,VAL-NAVY-9
719,551,,17.5500,0.0000,1.0000,1091,2610,,,Sophie Ladies Extra Wide Slipper,SOPHIE-NAVY.SPARK-9
720,551,,18.9800,0.0000,1.0000,1023,2612,,,Selina Ladies Extra Wide Slipper,SELINA-NAVY.SPARK-9
721,551,,18.9800,0.0000,1.0000,1174,2614,,,Val Ladies Extra Wide Bootie Slipper,VAL-NAVY.FERN-9
722,552,,18.9800,0.0000,1.0000,942,2606,,,Dora Ladies Ultra Wide Canvas Sandal,DORA-BEIGE-6
723,553,,18.9800,0.0000,1.0000,942,2618,,,Dora Ladies Ultra Wide Canvas Sandal,DORA-BEIGE-4
724,554,,18.9800,0.0000,1.0000,942,2622,,,Dora Ladies Ultra Wide Canvas Sandal,DORA-BEIGE-3
725,555,,26.1000,0.0000,1.0000,1137,2620,,,Wendy Ladies Extra Wide Open-Flat Slipper,WENDY-BLK.SWIRL-7
726,556,,38.9300,0.0000,1.0000,1726,2624,,,Cheryl Ladies Ultra Wide Sandal,CHERYL-PLAT.FL-6.5
727,556,,40.3500,0.0000,1.0000,481,2626,,,Cara Ladies Ultra Wide Sandal,CARA-IVORY-6.5
728,557,,40.3500,0.0000,1.0000,2704,2628,,,Chloe Ladies Ultra Wide Sandal,CHLOE-SANDY-7
729,558,,44.3900,0.0000,1.0000,1314,2630,,,Neil Men's Ultra Wide Sandal,NEIL-BROWN-8
730,559,,18.9800,0.0000,1.0000,942,2632,,,Dora Ladies Ultra Wide Canvas Sandal,DORA-DENIM-8
731,560,,18.9800,0.0000,1.0000,1174,2588,,,Val Ladies Extra Wide Bootie Slipper,VAL-WINE.FERN-7
732,561,,18.9800,0.0000,1.0000,1174,2650,,,Val Ladies Extra Wide Bootie Slipper,VAL-NAVY-7
733,562,,38.9300,0.0000,1.0000,1726,2634,,,Cheryl Ladies Ultra Wide Sandal,CHERYL-PLAT.FL-8
734,563,,38.9300,0.0000,1.0000,1726,2638,,,Cheryl Ladies Ultra Wide Sandal,CHERYL-NAVY-6
735,564,,40.3500,0.0000,1.0000,1768,2640,,,Carrie Ladies Ultra Wide Sandal,CARRIE-ROYAL.FL-7
736,565,,18.9800,0.0000,1.0000,2012,2636,,,Doreen Ladies Ultra Wide Slipper,DOREEN-WINE-6
737,566,,18.9800,0.0000,1.0000,942,2644,,,Dora Ladies Ultra Wide Canvas Sandal,DORA-BEIGE-6
738,567,,18.9800,0.0000,1.0000,1023,2642,,,Selina Ladies Extra Wide Slipper,SELINA-BLK.SPARK-7
739,568,,18.9800,0.0000,1.0000,1629,2648,,,Vera Ladies Extra Wide Bootie Slipper,VERA-CHAR.POLKA-6
740,569,,18.9800,0.0000,1.0000,1629,2646,,,Vera Ladies Extra Wide Bootie Slipper,VERA-CHAR.POLKA-9
741,570,,14.7000,0.0000,1.0000,1062,2654,,,Sofia Ladies Extra Wide Slipper,SOFIA-WINE-7
742,571,,38.9300,0.0000,1.0000,1726,2656,,,Cheryl Ladies Ultra Wide Sandal,CHERYL-PLAT.FL-7
743,572,,18.9800,0.0000,1.0000,1424,2658,,,Steve Men's Extra Wide Slipper,STEVE-NAVY.CHEV-11
744,573,,18.9800,0.0000,1.0000,1023,2664,,,Selina Ladies Extra Wide Slipper,SELINA-NAVY.SPARK-8
745,574,,26.1000,0.0000,1.0000,1463,2662,,,Sampson Men's Extra Wide Bellows Slipper,SAMPSON-BLACK-8
746,575,,40.3500,0.0000,1.0000,1768,2660,,,Carrie Ladies Ultra Wide Sandal,CARRIE-ROYAL.FL-5
747,576,,18.9800,0.0000,1.0000,1174,2652,,,Val Ladies Extra Wide Bootie Slipper,VAL-WINE.FERN-6
748,577,,23.2500,0.0000,1.0000,958,2676,,,Mary Ladies Extra Wide Lightweight Shoe,MARY-NAVY-7
749,578,,18.9800,0.0000,1.0000,927,2678,,,Sue Ladies Extra Wide Lightweight Shoe,SUE-BEIGE.MET-5
750,579,,18.9800,0.0000,1.0000,927,2666,,,Sue Ladies Extra Wide Lightweight Shoe,SUE-BEIGE.MET-3
751,580,,18.9800,0.0000,1.0000,1424,2670,,,Steve Men's Extra Wide Slipper,STEVE-NAVY.CHEV-10
752,581,,18.9800,0.0000,1.0000,1629,2668,,,Vera Ladies Extra Wide Bootie Slipper,VERA-CHAR.POLKA-6
753,582,,38.9300,0.0000,1.0000,1726,2680,,,Cheryl Ladies Ultra Wide Sandal,CHERYL-NAVY-6
754,583,,38.9300,0.0000,1.0000,1726,2672,,,Cheryl Ladies Ultra Wide Sandal,CHERYL-PLAT.FL-6
755,583,,38.9300,0.0000,1.0000,1726,2674,,,Cheryl Ladies Ultra Wide Sandal,CHERYL-NAVY-6
756,584,,18.9800,0.0000,1.0000,942,2688,,,Dora Ladies Ultra Wide Canvas Sandal,DORA-DENIM-6
757,584,,18.9800,0.0000,1.0000,942,2690,,,Dora Ladies Ultra Wide Canvas Sandal,DORA-BEIGE-6
758,585,,27.5300,0.0000,1.0000,1471,2682,,,Wesley Men's Extra Wide Open-Flat PU Slipper,WESLEY-BLACK-6
759,586,,17.5500,0.0000,1.0000,1091,2684,,,Sophie Ladies Extra Wide Slipper,SOPHIE-BEI.COMB-8
760,586,,17.5500,0.0000,1.0000,1091,2686,,,Sophie Ladies Extra Wide Slipper,SOPHIE-NAVY.SPARK-8
761,587,,54.1400,0.0000,1.0000,1332,2692,,,Tully Men's Extra Wide Shoe,TULLY-BROWN-8
762,588,,38.9300,0.0000,1.0000,1726,2694,,,Cheryl Ladies Ultra Wide Sandal,CHERYL-PLAT.FL-7
763,589,,18.9800,0.0000,1.0000,1424,2708,,,Steve Men's Extra Wide Slipper,STEVE-NAVY.CHEV-7
764,590,,18.9800,0.0000,1.0000,973,2696,,,Tracy Ladies Extra Wide Canvas,TRACY-BEIGE-6
765,591,,18.9800,0.0000,1.0000,1174,2700,,,Val Ladies Extra Wide Bootie Slipper,VAL-NAVY.FERN-5
766,592,,40.3500,0.0000,1.0000,481,2712,,,Cara Ladies Ultra Wide Sandal,CARA-IVORY-8
767,593,,26.1000,0.0000,1.0000,1137,2706,,,Wendy Ladies Extra Wide Open-Flat Slipper,WENDY-WINE.SWIRL-5
768,594,,18.9800,0.0000,1.0000,2012,2716,,,Doreen Ladies Ultra Wide Slipper,DOREEN-WINE-7
769,595,,18.9800,0.0000,1.0000,942,2698,,,Dora Ladies Ultra Wide Canvas Sandal,DORA-DENIM-5
770,596,,18.9800,0.0000,1.0000,1424,2714,,,Steve Men's Extra Wide Slipper,STEVE-GREY.CHEV-11
771,597,,17.5500,0.0000,1.0000,1091,2710,,,Sophie Ladies Extra Wide Slipper,SOPHIE-GREY.HEART-8
772,598,,17.5500,0.0000,2.0000,1091,2718,,,Sophie Ladies Extra Wide Slipper,SOPHIE-GREY.HEART-6
773,599,,38.9300,0.0000,1.0000,1726,2720,,,Cheryl Ladies Ultra Wide Sandal,CHERYL-STONE.PEAR-6.5
774,600,,17.5500,0.0000,1.0000,1091,2728,,,Sophie Ladies Extra Wide Slipper,SOPHIE-WINE.SWIRL-6
775,600,,18.9800,0.0000,1.0000,1023,2730,,,Selina Ladies Extra Wide Slipper,SELINA-NAVY.SPARK-6
776,600,,18.9800,0.0000,1.0000,1629,2732,,,Vera Ladies Extra Wide Bootie Slipper,VERA-CHAR.POLKA-6
777,601,,26.1000,0.0000,1.0000,1137,2734,,,Wendy Ladies Extra Wide Open-Flat Slipper,WENDY-BLK.SWIRL-6
778,602,,18.9800,0.0000,1.0000,1174,2726,,,Val Ladies Extra Wide Bootie Slipper,VAL-WINE.FERN-4
779,603,,17.5500,0.0000,1.0000,1091,2724,,,Sophie Ladies Extra Wide Slipper,SOPHIE-NAVY.SPARK-6
780,604,,20.4000,0.0000,1.0000,1437,2722,,,Gary Men's Extra Wide Bootie Slipper,GARY-GREY.CHEV-9
781,605,,47.4800,0.0000,1.0000,1332,2736,,,Tully Men's Extra Wide Shoe,TULLY-BROWN-12
782,606,,18.9800,0.0000,1.0000,942,2742,,,Dora Ladies Ultra Wide Canvas Sandal,DORA-BEIGE-8
783,607,,18.9800,0.0000,2.0000,973,2738,,,Tracy Ladies Extra Wide Canvas,TRACY-DENIM-8
784,608,,18.9800,0.0000,1.0000,1174,2740,,,Val Ladies Extra Wide Bootie Slipper,VAL-BLACK-6
785,609,,23.2500,0.0000,1.0000,958,2744,,,Mary Ladies Extra Wide Lightweight Shoe,MARY-NAVY-8
786,610,,47.4800,0.0000,1.0000,883,2746,,,Bali Ladies Extra Wide Boot,BALI-BROWN-7
787,611,,47.4800,0.0000,1.0000,883,2750,,,Bali Ladies Extra Wide Boot,BALI-BLK.PAT.PR-5
788,612,,38.9300,0.0000,1.0000,1726,2748,,,Cheryl Ladies Ultra Wide Sandal,CHERYL-NAVY-6
789,613,,18.9800,0.0000,1.0000,1023,2752,,,Selina Ladies Extra Wide Slipper,SELINA-NAVY.SPARK-5
790,614,,46.0100,0.0000,1.0000,733,2756,,,Wardale Ladies Extra Wide Shoe,WARDALE-GREY-5
791,614,,46.0100,0.0000,1.0000,733,2758,,,Wardale Ladies Extra Wide Shoe,WARDALE-GREY-6
792,614,,46.0100,0.0000,1.0000,733,2760,,,Wardale Ladies Extra Wide Shoe,WARDALE-RED-6.5
793,614,,46.0100,0.0000,1.0000,733,2762,,,Wardale Ladies Extra Wide Shoe,WARDALE-STONE-5
794,615,,54.1400,0.0000,1.0000,1342,2754,,,Percy Men's Extra Wide Deck Shoe,PERCY-BROWN-8
795,616,,18.9800,0.0000,1.0000,1015,2764,,,Sadie Ladies Extra Wide Slippers,SADIE-GREY.FERN-6
796,617,,18.9800,0.0000,1.0000,1629,2766,,,Vera Ladies Extra Wide Bootie Slipper,VERA-CHAR.POLKA-5
797,618,,48.7200,0.0000,1.0000,480,2768,,,Foxton Ladies Extra Wide Shoe,FOXTON-BEIGE-5
798,619,,26.1000,0.0000,1.0000,1415,2770,,,Sven Men's Extra Wide Slipper,SVEN-BLACK-13
799,620,,26.1000,0.0000,1.0000,1487,2772,,,Walter Men's Extra Wide Open Flat Slipper,WALTER-BLACK-12
800,621,,18.9800,0.0000,1.0000,2012,2774,,,Doreen Ladies Ultra Wide Slipper,DOREEN-WINE-6
801,622,,18.9800,0.0000,1.0000,1174,2776,,,Val Ladies Extra Wide Bootie Slipper,VAL-NAVY.FERN-5
802,623,,18.9800,0.0000,1.0000,973,2778,,,Tracy Ladies Extra Wide Canvas,TRACY-BEIGE-8
803,624,,17.5500,0.0000,2.0000,1091,2796,,,Sophie Ladies Extra Wide Slipper,SOPHIE-WINE.SWIRL-4
804,625,,17.5500,0.0000,1.0000,1091,2788,,,Sophie Ladies Extra Wide Slipper,SOPHIE-BEI.COMB-6
805,626,,18.9800,0.0000,1.0000,1629,2792,,,Vera Ladies Extra Wide Bootie Slipper,VERA-CHAR.POLKA-8
806,627,,23.2500,0.0000,1.0000,958,2780,,,Mary Ladies Extra Wide Lightweight Shoe,MARY-NAVY-8
807,628,,18.9800,0.0000,1.0000,2012,2784,,,Doreen Ladies Ultra Wide Slipper,DOREEN-WINE-7
808,629,,18.9800,0.0000,1.0000,1174,2790,,,Val Ladies Extra Wide Bootie Slipper,VAL-NAVY.FERN-6
809,630,,18.9800,0.0000,1.0000,1424,2786,,,Steve Men's Extra Wide Slipper,STEVE-NAVY.CHEV-13
810,631,,42.7300,0.0000,1.0000,1378,2794,,,Travis Men's Extra Wide Stretch Shoe,TRAVIS-BLACK-10
811,632,,38.9300,0.0000,1.0000,1726,2798,,,Cheryl Ladies Ultra Wide Sandal,CHERYL-NAVY-5
812,633,,48.7200,0.0000,1.0000,1872,2800,,,Eden Ladies Extra Wide Shoe,EDEN-ROYAL.FL-6.5
813,634,,18.9800,0.0000,1.0000,1023,2802,,,Selina Ladies Extra Wide Slipper,SELINA-BLK.SPARK-9
814,635,,18.9800,0.0000,1.0000,1015,2804,,,Sadie Ladies Extra Wide Slippers,SADIE-GREY.FERN-5
815,636,,26.1000,0.0000,1.0000,1487,2810,,,Walter Men's Extra Wide Open Flat Slipper,WALTER-BLACK-10
816,636,,20.4000,0.0000,1.0000,1437,2812,,,Gary Men's Extra Wide Bootie Slipper,GARY-GREY.CHEV-10
817,637,,18.9800,0.0000,1.0000,1174,2808,,,Val Ladies Extra Wide Bootie Slipper,VAL-BLACK-7
818,638,,26.5100,0.0000,1.0000,958,2806,,,Mary Ladies Extra Wide Lightweight Shoe,MARY-NAVY-5
819,639,,26.1000,0.0000,1.0000,1415,2816,,,Sven Men's Extra Wide Slipper,SVEN-BLACK-7
820,640,,18.9800,0.0000,1.0000,942,2820,,,Dora Ladies Ultra Wide Canvas Sandal,DORA-BEIGE-8
821,641,,38.9300,0.0000,1.0000,1726,2822,,,Cheryl Ladies Ultra Wide Sandal,CHERYL-NAVY-8
822,641,,18.9800,0.0000,1.0000,2012,2824,,,Doreen Ladies Ultra Wide Slipper,DOREEN-WINE-8
823,642,,17.5500,0.0000,1.0000,1091,2814,,,Sophie Ladies Extra Wide Slipper,SOPHIE-GREY.HEART-5
824,643,,42.7300,0.0000,1.0000,1378,2818,,,Travis Men's Extra Wide Stretch Shoe,TRAVIS-BLACK-9
825,644,,48.7200,0.0000,1.0000,663,2828,,,Fargo Ladies Extra Wide Shoe,FARGO-MULB.FL-7
826,645,,50.8900,0.0000,1.0000,1651,2842,,,Ted Men's Ultra Wide Open Shoe,TED-BROWN-11
827,645,,50.8900,0.0000,1.0000,1651,2844,,,Ted Men's Ultra Wide Open Shoe,TED-BROWN-6.5
828,646,,48.7200,0.0000,1.0000,1378,2830,,,Travis Men's Extra Wide Stretch Shoe,TRAVIS-BLACK-11
829,646,,48.7200,0.0000,1.0000,1378,2832,,,Travis Men's Extra Wide Stretch Shoe,TRAVIS-BLACK-12
830,646,,4.8500,0.0000,1.0000,1293,2834,,,FeatherGrip Extra Wide Knee-High Medium,FEATHERGRIP.KH.MED-BLK
831,646,,7.0100,0.0000,1.0000,2435,2836,,,FeatherTop Extra Wide Knee-High Socks,FEATHERTOP.KNEE.HIGH-BLACK-L
832,646,,7.0100,0.0000,1.0000,2435,2838,,,FeatherTop Extra Wide Knee-High Socks,FEATHERTOP.KNEE.HIGH-BLACK-M
833,646,,7.0100,0.0000,1.0000,2435,2840,,,FeatherTop Extra Wide Knee-High Socks,FEATHERTOP.KNEE.HIGH-BLACK-S
834,647,,18.9800,0.0000,1.0000,2012,2846,,,Doreen Ladies Ultra Wide Slipper,DOREEN-WINE-7
835,648,,26.1000,0.0000,1.0000,1454,2848,,,Silas Men's Extra Wide Stretch Slipper,SILAS-BLACK-10
836,649,,17.5500,0.0000,1.0000,1091,2850,,,Sophie Ladies Extra Wide Slipper,SOPHIE-WINE.SWIRL-5
837,650,,17.5500,0.0000,1.0000,1091,2852,,,Sophie Ladies Extra Wide Slipper,SOPHIE-GREY.HEART-8
838,651,,26.1000,0.0000,1.0000,1487,2856,,,Walter Men's Extra Wide Open Flat Slipper,WALTER-BROWN-11
839,652,,38.9300,0.0000,1.0000,1726,2858,,,Cheryl Ladies Ultra Wide Sandal,CHERYL-PLAT.FL-4
840,653,,38.9300,0.0000,1.0000,1726,2854,,,Cheryl Ladies Ultra Wide Sandal,CHERYL-PLAT.FL-7
841,654,,18.9800,0.0000,1.0000,942,2860,,,Dora Ladies Ultra Wide Canvas Sandal,DORA-BEIGE-5
842,655,,38.9300,0.0000,1.0000,1726,2862,,,Cheryl Ladies Ultra Wide Sandal,CHERYL-PLAT.FL-4
843,656,,18.9800,0.0000,1.0000,942,2864,,,Dora Ladies Ultra Wide Canvas Sandal,DORA-DENIM-8
844,657,,18.9800,0.0000,1.0000,942,2866,,,Dora Ladies Ultra Wide Canvas Sandal,DORA-BEIGE-4
845,658,,17.5500,0.0000,1.0000,1091,2868,,,Sophie Ladies Extra Wide Slipper,SOPHIE-NAVY.SPARK-5
846,659,,18.9800,0.0000,1.0000,973,2874,,,Tracy Ladies Extra Wide Canvas,TRACY-BEIGE-6
847,660,,26.1000,0.0000,1.0000,1487,2876,,,Walter Men's Extra Wide Open Flat Slipper,WALTER-BROWN-11
848,660,,26.1000,0.0000,1.0000,1487,2878,,,Walter Men's Extra Wide Open Flat Slipper,WALTER-BLACK-11
849,661,,20.4000,0.0000,1.0000,1437,2880,,,Gary Men's Extra Wide Bootie Slipper,GARY-NAVY.CHEV-9
850,662,,18.9800,0.0000,1.0000,1023,2882,,,Selina Ladies Extra Wide Slipper,SELINA-NAVY.SPARK-6
851,663,,17.5500,0.0000,1.0000,1091,2888,,,Sophie Ladies Extra Wide Slipper,SOPHIE-NAVY.SPARK-7
852,664,,38.9300,0.0000,1.0000,1314,2884,,,Neil Men's Ultra Wide Sandal,NEIL-BROWN-10
853,665,,18.9800,0.0000,1.0000,1174,2890,,,Val Ladies Extra Wide Bootie Slipper,VAL-BLACK-5
854,666,,18.9800,0.0000,1.0000,1424,2892,,,Steve Men's Extra Wide Slipper,STEVE-BR.CHEV-6
855,667,,42.7300,0.0000,1.0000,480,2902,,,Foxton Ladies Extra Wide Shoe,FOXTON-PEWTER-4
856,668,,18.9800,0.0000,2.0000,973,2900,,,Tracy Ladies Extra Wide Canvas,TRACY-BEIGE-6
857,669,,18.9800,0.0000,1.0000,1174,2898,,,Val Ladies Extra Wide Bootie Slipper,VAL-NAVY.FERN-7
858,670,,38.9300,0.0000,1.0000,1726,2896,,,Cheryl Ladies Ultra Wide Sandal,CHERYL-NAVY-7
859,671,,17.5500,0.0000,1.0000,1091,2894,,,Sophie Ladies Extra Wide Slipper,SOPHIE-GREY.HEART-8
860,672,,17.5500,0.0000,1.0000,1091,2908,,,Sophie Ladies Extra Wide Slipper,SOPHIE-GREY.HEART-4
861,673,,23.2500,0.0000,1.0000,958,2904,,,Mary Ladies Extra Wide Lightweight Shoe,MARY-NAVY-6
862,674,,18.9800,0.0000,1.0000,942,2906,,,Dora Ladies Ultra Wide Canvas Sandal,DORA-BEIGE-7
863,675,,26.1000,0.0000,1.0000,1137,2918,,,Wendy Ladies Extra Wide Open-Flat Slipper,WENDY-WINE.SWIRL-8
864,675,,26.1000,0.0000,1.0000,1137,2920,,,Wendy Ladies Extra Wide Open-Flat Slipper,WENDY-NAVY.COMB-8
865,676,,17.5500,0.0000,1.0000,1091,2916,,,Sophie Ladies Extra Wide Slipper,SOPHIE-NAVY.SPARK-8
866,677,,17.5500,0.0000,1.0000,1091,2912,,,Sophie Ladies Extra Wide Slipper,SOPHIE-GREY.HEART-8
867,677,,17.5500,0.0000,1.0000,1091,2914,,,Sophie Ladies Extra Wide Slipper,SOPHIE-WINE.SWIRL-8
868,678,,17.5500,0.0000,1.0000,1091,2910,,,Sophie Ladies Extra Wide Slipper,SOPHIE-NAVY.SPARK-4
869,679,,18.9800,0.0000,1.0000,1174,2924,,,Val Ladies Extra Wide Bootie Slipper,VAL-NAVY.FERN-6
870,680,,8.1000,0.0000,1.0000,2394,2926,,,FeatherTop Extra Wide Cotton Socks,FEATHERTOP.COTTON-OATMEAL-S
871,680,,8.1000,0.0000,2.0000,2394,2928,,,FeatherTop Extra Wide Cotton Socks,FEATHERTOP.COTTON-ROSE.LILAC-S
872,680,,8.1000,0.0000,1.0000,2394,2930,,,FeatherTop Extra Wide Cotton Socks,FEATHERTOP.COTTON-NAVY-M
873,680,,8.1000,0.0000,1.0000,2394,2932,,,FeatherTop Extra Wide Cotton Socks,FEATHERTOP.COTTON-BLACK-M
874,680,,8.1000,0.0000,1.0000,2394,2934,,,FeatherTop Extra Wide Cotton Socks,FEATHERTOP.COTTON-GREY-M
875,681,,42.7300,0.0000,1.0000,1872,2936,,,Eden Ladies Extra Wide Shoe,EDEN-PLAT.FIZZ-8
876,682,,18.9800,0.0000,1.0000,1174,2938,,,Val Ladies Extra Wide Bootie Slipper,VAL-NAVY-5
877,683,,18.9800,0.0000,1.0000,942,2940,,,Dora Ladies Ultra Wide Canvas Sandal,DORA-BEIGE-7
878,684,,17.5500,0.0000,1.0000,1091,2942,,,Sophie Ladies Extra Wide Slipper,SOPHIE-NAVY-5
879,685,,26.1000,0.0000,1.0000,1137,2944,,,Wendy Ladies Extra Wide Open-Flat Slipper,WENDY-NAVY.COMB-7
880,686,,54.1500,0.0000,1.0000,1396,2946,,,Brett Men's Extra Wide Boot,BRETT-BROWN-8
881,687,,46.0100,0.0000,1.0000,1306,2948,,,Nathan Men's Ultra Wide Sandal,NATHAN-BROWN-6
882,687,,46.0100,0.0000,1.0000,1306,2950,,,Nathan Men's Ultra Wide Sandal,NATHAN-BROWN-7
883,688,,42.7300,0.0000,1.0000,265,2958,,,Filton Ladies Extra Wide Shoe,FILTON-BEIGE.PRI-6
884,689,,18.9800,0.0000,1.0000,973,2956,,,Tracy Ladies Extra Wide Canvas,TRACY-BEIGE-7
885,690,,14.7000,0.0000,2.0000,1062,2960,,,Sofia Ladies Extra Wide Slipper,SOFIA-WINE-5
886,691,,17.5500,0.0000,1.0000,1091,2954,,,Sophie Ladies Extra Wide Slipper,SOPHIE-NAVY.SPARK-5
887,692,,17.5500,0.0000,1.0000,1091,2952,,,Sophie Ladies Extra Wide Slipper,SOPHIE-NAVY.SPARK-9
888,693,,38.9300,0.0000,1.0000,1726,2962,,,Cheryl Ladies Ultra Wide Sandal,CHERYL-NAVY-7
889,694,,18.9800,0.0000,1.0000,1015,2964,,,Sadie Ladies Extra Wide Slippers,SADIE-WINE.FERN-6
890,695,,43.1000,0.0000,1.0000,1872,2966,,,Eden Ladies Extra Wide Shoe,EDEN-ROYAL.FL-7
891,696,,18.9800,0.0000,1.0000,1174,2886,,,Val Ladies Extra Wide Bootie Slipper,VAL-WINE.FERN-5
892,697,,17.5500,0.0000,1.0000,1091,2870,,,Sophie Ladies Extra Wide Slipper,SOPHIE-GREY.HEART-7
893,697,,18.9800,0.0000,1.0000,927,2872,,,Sue Ladies Extra Wide Lightweight Shoe,SUE-BEIGE.MET-7
894,698,,23.2500,0.0000,1.0000,958,2782,,,Mary Ladies Extra Wide Lightweight Shoe,MARY-NAVY-3
895,699,,18.9800,0.0000,1.0000,942,2986,,,Dora Ladies Ultra Wide Canvas Sandal,DORA-BEIGE-6
896,700,,18.9800,0.0000,1.0000,942,2988,,,Dora Ladies Ultra Wide Canvas Sandal,DORA-BEIGE-3
897,701,,17.5500,0.0000,1.0000,1091,2990,,,Sophie Ladies Extra Wide Slipper,SOPHIE-BEI.COMB-8
898,702,,23.2500,0.0000,1.0000,958,2984,,,Mary Ladies Extra Wide Lightweight Shoe,MARY-NAVY-9
899,703,,48.7200,0.0000,1.0000,663,2992,,,Fargo Ladies Extra Wide Shoe,FARGO-MULB.FL-6.5
900,704,,40.3500,0.0000,1.0000,1306,2994,,,Nathan Men's Ultra Wide Sandal,NATHAN-BROWN-8
901,705,,26.1000,0.0000,1.0000,1415,2998,,,Sven Men's Extra Wide Slipper,SVEN-BLACK-8
902,706,,18.9800,0.0000,1.0000,2012,3000,,,Doreen Ladies Ultra Wide Slipper,DOREEN-WINE-5
903,707,,7.1500,0.0000,2.0000,2727,2996,,,FeatherTop Extra Wide Gripped Socks,FEATHERTOP.GRIPPED-NAVY-L
904,708,,18.9800,0.0000,1.0000,2012,3002,,,Doreen Ladies Ultra Wide Slipper,DOREEN-WINE-8
905,709,,17.5500,0.0000,1.0000,1091,3004,,,Sophie Ladies Extra Wide Slipper,SOPHIE-GREY.HEART-8
906,710,,18.9800,0.0000,1.0000,1174,3006,,,Val Ladies Extra Wide Bootie Slipper,VAL-NAVY-5
907,711,,50.8900,0.0000,1.0000,1388,3008,,,Terry Men's Extra Wide Shoe,TERRY-BLACK-10
908,711,,50.8900,0.0000,1.0000,1388,3010,,,Terry Men's Extra Wide Shoe,TERRY-BLACK-9
909,711,,48.7200,0.0000,1.0000,333,3012,,,Farlow Ladies Extra Wide Shoe,FARLOW-ROYAL-6.5
910,711,,47.6400,0.0000,1.0000,787,3014,,,Welland Ladies Extra Wide Shoe,WELLAND-TAN-6.5
911,712,,9.1800,0.0000,1.0000,2409,3016,,,FeatherTop Extra Wide Wool Socks,FEATHERTOP.WOOL-GREY-M
912,712,,9.1800,0.0000,1.0000,2409,3018,,,FeatherTop Extra Wide Wool Socks,FEATHERTOP.WOOL-NAVY-M
913,712,,9.1800,0.0000,1.0000,2409,3020,,,FeatherTop Extra Wide Wool Socks,FEATHERTOP.WOOL-OATMEAL-M
914,713,,18.9800,0.0000,1.0000,942,2826,,,Dora Ladies Ultra Wide Canvas Sandal,DORA-DENIM-7
915,714,,18.9800,0.0000,1.0000,942,3024,,,Dora Ladies Ultra Wide Canvas Sandal,DORA-DENIM-3
916,715,,26.1000,0.0000,2.0000,1487,3022,,,Walter Men's Extra Wide Open Flat Slipper,WALTER-BLACK-7
917,716,,18.9800,0.0000,1.0000,2012,3026,,,Doreen Ladies Ultra Wide Slipper,DOREEN-WINE-4
918,717,,42.7300,0.0000,1.0000,348,3028,,,Falmer Ladies Extra Wide Shoe,FALMER-PLAT.FL-8
919,718,,42.7300,0.0000,1.0000,663,3030,,,Fargo Ladies Extra Wide Shoe,FARGO-MULB.FL-5
920,719,,38.9300,0.0000,1.0000,1314,3032,,,Neil Men's Ultra Wide Sandal,NEIL-BROWN-10
921,720,,18.9800,0.0000,1.0000,942,3034,,,Dora Ladies Ultra Wide Canvas Sandal,DORA-DENIM-7
922,721,,18.9800,0.0000,1.0000,1023,3036,,,Selina Ladies Extra Wide Slipper,SELINA-NAVY.SPARK-7
923,722,,18.9800,0.0000,1.0000,2012,3038,,,Doreen Ladies Ultra Wide Slipper,DOREEN-WINE-7
924,723,,27.5300,0.0000,1.0000,1471,3040,,,Wesley Men's Extra Wide Open-Flat PU Slipper,WESLEY-BLACK-6
925,724,,19.1400,0.0000,1.0000,1424,3042,,,Steve Men's Extra Wide Slipper,STEVE-NAVY.CHEV-10
926,725,,43.1000,0.0000,1.0000,867,3044,,,Zurich Ladies Ultra Wide Shoe,ZURICH-BLACK-8
927,726,,19.1400,0.0000,1.0000,1424,3046,,,Steve Men's Extra Wide Slipper,STEVE-NAVY.CHEV-10
928,727,,27.5300,0.0000,1.0000,1471,3048,,,Wesley Men's Extra Wide Open-Flat PU Slipper,WESLEY-BLACK-9
929,728,,19.1400,0.0000,1.0000,1424,3050,,,Steve Men's Extra Wide Slipper,STEVE-BR.CHEV-8
930,729,,20.5800,0.0000,1.0000,1437,3052,,,Gary Men's Extra Wide Bootie Slipper,GARY-NAVY.CHEV-10
931,730,,18.9800,0.0000,1.0000,927,3054,,,Sue Ladies Extra Wide Lightweight Shoe,SUE-BLK.MET-5
932,731,,19.1400,0.0000,1.0000,1174,3056,,,Val Ladies Extra Wide Bootie Slipper,VAL-NAVY.FERN-7
933,732,,19.1400,0.0000,1.0000,927,3062,,,Sue Ladies Extra Wide Lightweight Shoe,SUE-BEIGE.MET-4
934,733,,19.1400,0.0000,1.0000,1424,3064,,,Steve Men's Extra Wide Slipper,STEVE-GREY.CHEV-9
935,734,,17.7000,0.0000,1.0000,1091,3066,,,Sophie Ladies Extra Wide Slipper,SOPHIE-NAVY-4
936,735,,19.1400,0.0000,1.0000,1424,3068,,,Steve Men's Extra Wide Slipper,STEVE-NAVY.CHEV-11
937,736,,43.1000,0.0000,2.0000,875,3058,,,Zinder Ladies Ultra Wide Shoe,ZINDER-BLACK-8
938,737,,19.1400,0.0000,1.0000,942,3060,,,Dora Ladies Ultra Wide Canvas Sandal,DORA-BEIGE-6
939,738,,47.8900,0.0000,1.0000,1322,3084,,,Trent Men's Extra Wide Shoe,TRENT-BLACK-9
940,739,,23.4500,0.0000,1.0000,958,3086,,,Mary Ladies Extra Wide Lightweight Shoe,MARY-NAVY-5
941,740,,19.1400,0.0000,1.0000,942,3088,,,Dora Ladies Ultra Wide Canvas Sandal,DORA-DENIM-6
942,741,,43.1000,0.0000,1.0000,663,3090,,,Fargo Ladies Extra Wide Shoe,FARGO-BR.PRINT-5
943,742,,40.7000,0.0000,1.0000,834,3092,,,Walmer Ladies Extra Wide Stretch Shoe,WALMER-BLACK-6
944,743,,19.1400,0.0000,1.0000,942,3082,,,Dora Ladies Ultra Wide Canvas Sandal,DORA-DENIM-5
945,744,,40.7000,0.0000,1.0000,1600,3080,,,Coral Ladies Ultra Wide Sandal,CORAL-IVORY-7
946,745,,18.9800,0.0000,1.0000,973,3094,,,Tracy Ladies Extra Wide Canvas,TRACY-DENIM-8
947,745,,18.9800,0.0000,1.0000,942,3096,,,Dora Ladies Ultra Wide Canvas Sandal,DORA-BEIGE-8
948,746,,18.9800,0.0000,1.0000,942,3098,,,Dora Ladies Ultra Wide Canvas Sandal,DORA-BEIGE-7
949,747,,47.4800,0.0000,1.0000,1809,3100,,,Todd Men's Extra Wide Shoe,TODD-BROWN-7
950,748,,7.1500,0.0000,1.0000,2727,3128,,,FeatherTop Extra Wide Gripped Socks,FEATHERTOP.GRIPPED-NAVY-S
951,748,,7.1500,0.0000,1.0000,2727,3130,,,FeatherTop Extra Wide Gripped Socks,FEATHERTOP.GRIPPED-NAVY-M
952,748,,7.1500,0.0000,1.0000,2727,3132,,,FeatherTop Extra Wide Gripped Socks,FEATHERTOP.GRIPPED-NAVY-L
953,748,,5.3900,0.0000,1.0000,1285,3134,,,FeatherGrip Extra Wide Knee-High Warm,FEATHERGRIP.KH.WARM-BLK
954,748,,21.6400,0.0000,1.0000,942,3136,,,Dora Ladies Ultra Wide Canvas Sandal,DORA-BEIGE-4
955,748,,21.6400,0.0000,1.0000,942,3138,,,Dora Ladies Ultra Wide Canvas Sandal,DORA-BEIGE-9
956,748,,21.6400,0.0000,1.0000,942,3140,,,Dora Ladies Ultra Wide Canvas Sandal,DORA-DENIM-5
957,748,,21.6400,0.0000,1.0000,942,3142,,,Dora Ladies Ultra Wide Canvas Sandal,DORA-DENIM-6
958,748,,21.6400,0.0000,1.0000,942,3144,,,Dora Ladies Ultra Wide Canvas Sandal,DORA-LIME-3
959,749,,46.0100,0.0000,1.0000,1306,3146,,,Nathan Men's Ultra Wide Sandal,NATHAN-BROWN-10
960,750,,18.9800,0.0000,1.0000,1424,3148,,,Steve Men's Extra Wide Slipper,STEVE-GREY.CHEV-10
961,751,,18.9800,0.0000,1.0000,1629,3150,,,Vera Ladies Extra Wide Bootie Slipper,VERA-CHAR.POLKA-3
962,752,,26.1000,0.0000,1.0000,1137,3154,,,Wendy Ladies Extra Wide Open-Flat Slipper,WENDY-WINE.SWIRL-6
963,753,,18.9800,0.0000,1.0000,942,3152,,,Dora Ladies Ultra Wide Canvas Sandal,DORA-BEIGE-6
964,754,,40.7000,0.0000,1.0000,733,3156,,,Wardale Ladies Extra Wide Shoe,WARDALE-BLACK-8
965,755,,19.1400,0.0000,1.0000,1424,3158,,,Steve Men's Extra Wide Slipper,STEVE-GREY.CHEV-8
966,756,,26.3300,0.0000,1.0000,1137,3160,,,Wendy Ladies Extra Wide Open-Flat Slipper,WENDY-WINE.SWIRL-5
967,757,,19.1400,0.0000,1.0000,1424,3162,,,Steve Men's Extra Wide Slipper,STEVE-NAVY.CHEV-8
968,758,,23.4500,0.0000,1.0000,958,3164,,,Mary Ladies Extra Wide Lightweight Shoe,MARY-NAVY-6
969,759,,39.2700,0.0000,1.0000,1314,3166,,,Neil Men's Ultra Wide Sandal,NEIL-BROWN-10
970,760,,19.1400,0.0000,1.0000,942,3168,,,Dora Ladies Ultra Wide Canvas Sandal,DORA-DENIM-5
971,761,,47.8900,0.0000,1.0000,1322,3170,,,Trent Men's Extra Wide Shoe,TRENT-BLACK-7
972,762,,39.2700,0.0000,1.0000,1314,3172,,,Neil Men's Ultra Wide Sandal,NEIL-BROWN-10
973,763,,20.5800,0.0000,1.0000,1437,3174,,,Gary Men's Extra Wide Bootie Slipper,GARY-NAVY.CHEV-9
974,764,,43.1000,0.0000,1.0000,694,3198,,,Forton Ladies Extra Wide Shoe,FORTON-IVORY.PR-5
975,765,,19.1400,0.0000,1.0000,2012,3184,,,Doreen Ladies Ultra Wide Slipper,DOREEN-WINE-6
976,766,,19.1400,0.0000,1.0000,942,3178,,,Dora Ladies Ultra Wide Canvas Sandal,DORA-BEIGE-8
977,767,,19.1400,0.0000,1.0000,942,3182,,,Dora Ladies Ultra Wide Canvas Sandal,DORA-BEIGE-4
978,768,,39.2700,0.0000,1.0000,1314,3176,,,Neil Men's Ultra Wide Sandal,NEIL-BROWN-10
979,769,,19.1400,0.0000,1.0000,942,3186,,,Dora Ladies Ultra Wide Canvas Sandal,DORA-DENIM-7
980,770,,19.1400,0.0000,1.0000,942,3180,,,Dora Ladies Ultra Wide Canvas Sandal,DORA-DENIM-7
981,771,,19.1400,0.0000,1.0000,1424,3188,,,Steve Men's Extra Wide Slipper,STEVE-NAVY.CHEV-10
982,772,,19.1400,0.0000,1.0000,927,3200,,,Sue Ladies Extra Wide Lightweight Shoe,SUE-BEIGE.MET-4
983,773,,40.7000,0.0000,1.0000,1600,3190,,,Coral Ladies Ultra Wide Sandal,CORAL-IVORY-7
984,774,,19.1400,0.0000,1.0000,942,3192,,,Dora Ladies Ultra Wide Canvas Sandal,DORA-BEIGE-5
985,775,,23.4500,0.0000,1.0000,958,3196,,,Mary Ladies Extra Wide Lightweight Shoe,MARY-NAVY-6
986,776,,43.1000,0.0000,1.0000,663,3202,,,Fargo Ladies Extra Wide Shoe,FARGO-BLK.PRINT-6
987,776,,42.1400,0.0000,1.0000,787,3204,,,Welland Ladies Extra Wide Shoe,WELLAND-TAN-6
988,776,,43.1000,0.0000,1.0000,265,3206,,,Filton Ladies Extra Wide Shoe,FILTON-BLK.PAT-6
989,776,,43.1000,0.0000,1.0000,265,3208,,,Filton Ladies Extra Wide Shoe,FILTON-NAVY.PAT-6
990,776,,39.2700,0.0000,1.0000,1726,3210,,,Cheryl Ladies Ultra Wide Sandal,CHERYL-BLK.PAT-6
991,776,,39.2700,0.0000,1.0000,1726,3212,,,Cheryl Ladies Ultra Wide Sandal,CHERYL-STONE.PEAR-6
992,776,,39.2700,0.0000,1.0000,1726,3214,,,Cheryl Ladies Ultra Wide Sandal,CHERYL-NAVY-6
993,777,,5.9300,0.0000,1.0000,2422,3102,,,FeatherTop Extra Wide Cushioned Socks,FEATHERTOP.CUSHIONED-BLACK-M
994,777,,5.9300,0.0000,1.0000,2422,3104,,,FeatherTop Extra Wide Cushioned Socks,FEATHERTOP.CUSHIONED-GREY-M
995,777,,5.9300,0.0000,1.0000,2422,3106,,,FeatherTop Extra Wide Cushioned Socks,FEATHERTOP.CUSHIONED-NAVY-M
996,777,,3.5200,0.0000,1.0000,1887,3108,,,Eco Leather Cream Polish,SC-POLISH-BEIGE
997,777,,3.5200,0.0000,1.0000,1887,3110,,,Eco Leather Cream Polish,SC-POLISH-BLACK
998,777,,3.5200,0.0000,1.0000,1887,3112,,,Eco Leather Cream Polish,SC-POLISH-NAVY
999,777,,3.5200,0.0000,1.0000,1887,3114,,,Eco Leather Cream Polish,SC-POLISH-NEUTRAL
1000,777,,4.3100,0.0000,1.0000,1892,3116,,,Odour Stop Footwear Spray,ODOUR.STOP-NEUTRAL
1001,777,,3.2200,0.0000,1.0000,1866,3118,,,Nourishing Shoe Cream,SHOECREAM-BLACK
1002,777,,3.2200,0.0000,1.0000,1866,3120,,,Nourishing Shoe Cream,SHOECREAM-WHITE
1003,777,,3.2200,0.0000,2.0000,1866,3122,,,Nourishing Shoe Cream,SHOECREAM-DARKBRN
1004,777,,3.2200,0.0000,1.0000,1866,3124,,,Nourishing Shoe Cream,SHOECREAM-DARKGREY
1005,777,,3.2200,0.0000,1.0000,1866,3126,,,Nourishing Shoe Cream,SHOECREAM-BURGUNDY
1006,778,,43.1000,0.0000,1.0000,1378,3194,,,Travis Men's Extra Wide Stretch Shoe,TRAVIS-BLACK-9
1007,779,,23.2500,0.0000,1.0000,1621,3218,,,Sarah Ladies Extra Wide Bellows Slipper,SARAH-BLACK-9
1008,779,,17.5500,0.0000,1.0000,1091,3220,,,Sophie Ladies Extra Wide Slipper,SOPHIE-NAVY.SPARK-9
1009,780,,18.9800,0.0000,1.0000,973,3222,,,Tracy Ladies Extra Wide Canvas,TRACY-BEIGE-5
1010,781,,43.1000,0.0000,1.0000,875,3224,,,Zinder Ladies Ultra Wide Shoe,ZINDER-BLACK-8
1011,782,,40.7000,0.0000,1.0000,1600,3226,,,Coral Ladies Ultra Wide Sandal,CORAL-IVORY-8
1012,783,,47.8900,0.0000,1.0000,1332,3236,,,Tully Men's Extra Wide Shoe,TULLY-BROWN-11
1013,783,,45.0200,0.0000,1.0000,1651,3238,,,Ted Men's Ultra Wide Open Shoe,TED-BROWN-11
1014,783,,45.0200,0.0000,1.0000,1361,3240,,,Tony Men's Extra Wide Shoe,TONY-BROWN-11
1015,784,,43.1000,0.0000,1.0000,694,3252,,,Forton Ladies Extra Wide Shoe,FORTON-IVORY.PR-6
1016,785,,47.8900,0.0000,1.0000,1342,3254,,,Percy Men's Extra Wide Deck Shoe,PERCY-BROWN-9.5
1017,786,,39.2700,0.0000,1.0000,1314,3230,,,Neil Men's Ultra Wide Sandal,NEIL-BROWN-10
1018,787,,40.7000,0.0000,1.0000,806,3242,,,Welton Ladies Extra Wide Shoe,WELTON-STONE-6
1019,788,,26.3300,0.0000,1.0000,1487,3234,,,Walter Men's Extra Wide Open Flat Slipper,WALTER-BLACK-10
1020,789,,19.1400,0.0000,1.0000,1424,3232,,,Steve Men's Extra Wide Slipper,STEVE-NAVY.CHEV-9
1021,790,,19.1400,0.0000,1.0000,1424,3228,,,Steve Men's Extra Wide Slipper,STEVE-NAVY.CHEV-10
1022,791,,47.8900,0.0000,1.0000,1322,3248,,,Trent Men's Extra Wide Shoe,TRENT-BLACK-9
1023,792,,45.0200,0.0000,1.0000,1388,3244,,,Terry Men's Extra Wide Shoe,TERRY-BLACK-11
1024,792,,47.8900,0.0000,1.0000,1342,3246,,,Percy Men's Extra Wide Deck Shoe,PERCY-NAVY/BROWN-11
1025,793,,17.7000,0.0000,1.0000,1091,3250,,,Sophie Ladies Extra Wide Slipper,SOPHIE-NAVY-5
1026,794,,20.5800,0.0000,1.0000,1437,3276,,,Gary Men's Extra Wide Bootie Slipper,GARY-NAVY.CHEV-11
1027,795,,39.2700,0.0000,1.0000,1726,3258,,,Cheryl Ladies Ultra Wide Sandal,CHERYL-STONE.PEAR-6.5
1028,796,,39.2700,0.0000,1.0000,1726,3268,,,Cheryl Ladies Ultra Wide Sandal,CHERYL-STONE.PEAR-6
1029,797,,45.0200,0.0000,1.0000,1361,3270,,,Tony Men's Extra Wide Shoe,TONY-BLACK-9
1030,798,,19.1400,0.0000,1.0000,2012,3278,,,Doreen Ladies Ultra Wide Slipper,DOREEN-WINE-5
1031,799,,39.2700,0.0000,1.0000,1314,3260,,,Neil Men's Ultra Wide Sandal,NEIL-BROWN-10
1032,800,,19.1400,0.0000,1.0000,942,3274,,,Dora Ladies Ultra Wide Canvas Sandal,DORA-DENIM-7
1033,801,,19.1400,0.0000,1.0000,942,3272,,,Dora Ladies Ultra Wide Canvas Sandal,DORA-DENIM-7
1034,802,,18.9800,0.0000,1.0000,1424,3264,,,Steve Men's Extra Wide Slipper,STEVE-GREY.CHEV-12
1035,803,,20.4000,0.0000,1.0000,1437,3262,,,Gary Men's Extra Wide Bootie Slipper,GARY-NAVY-13
1036,804,,21.6400,0.0000,1.0000,942,3256,,,Dora Ladies Ultra Wide Canvas Sandal,DORA-BEIGE-6
1037,805,,40.7000,0.0000,1.0000,481,3280,,,Cara Ladies Ultra Wide Sandal,CARA-IVORY-5
1038,805,,43.1000,0.0000,1.0000,333,3282,,,Farlow Ladies Extra Wide Shoe,FARLOW-ROYAL-5
1039,805,,42.1400,0.0000,1.0000,787,3284,,,Welland Ladies Extra Wide Shoe,WELLAND-IVORY-5
1040,806,,19.1400,0.0000,1.0000,942,3288,,,Dora Ladies Ultra Wide Canvas Sandal,DORA-BEIGE-9
1041,807,,45.0200,0.0000,1.0000,1361,3286,,,Tony Men's Extra Wide Shoe,TONY-BLACK-8
1042,808,,39.2700,0.0000,1.0000,1314,3290,,,Neil Men's Ultra Wide Sandal,NEIL-BROWN-9
1043,809,,48.7200,0.0000,1.0000,480,3292,,,Foxton Ladies Extra Wide Shoe,FOXTON-BEIGE-4
1044,810,,20.5800,0.0000,1.0000,1437,3294,,,Gary Men's Extra Wide Bootie Slipper,GARY-NAVY.CHEV-12
1045,811,,26.1000,0.0000,1.0000,1487,3296,,,Walter Men's Extra Wide Open Flat Slipper,WALTER-BLACK-10
1046,812,,18.9800,0.0000,1.0000,1174,3298,,,Val Ladies Extra Wide Bootie Slipper,VAL-NAVY.FERN-3
1047,813,,43.1000,0.0000,1.0000,663,3308,,,Fargo Ladies Extra Wide Shoe,FARGO-BLK.PRINT-6
1048,814,,19.1400,0.0000,1.0000,1015,3306,,,Sadie Ladies Extra Wide Slippers,SADIE-WINE.FERN-4
1049,815,,42.1400,0.0000,1.0000,787,3302,,,Welland Ladies Extra Wide Shoe,WELLAND-IVORY-4
1050,815,,42.1400,0.0000,1.0000,787,3304,,,Welland Ladies Extra Wide Shoe,WELLAND-TAN-4
1051,816,,45.0200,0.0000,1.0000,1388,3300,,,Terry Men's Extra Wide Shoe,TERRY-BLACK-7
1052,817,,43.1000,0.0000,1.0000,2129,3310,,,Fenwick Ladies Extra Wide Shoe,FENWICK-BRZ.PRINT-6
1053,818,,17.5500,0.0000,1.0000,1091,3312,,,Sophie Ladies Extra Wide Slipper,SOPHIE-WINE.SWIRL-9
1054,819,,19.2400,0.0000,1.0000,1091,3314,,,Sophie Ladies Extra Wide Slipper,SOPHIE-NAVY.SPARK-7
1055,820,,18.9800,0.0000,1.0000,942,3316,,,Dora Ladies Ultra Wide Canvas Sandal,DORA-BEIGE-7
1056,821,,43.1000,0.0000,1.0000,875,3322,,,Zinder Ladies Ultra Wide Shoe,ZINDER-BLACK-7
1057,822,,39.2700,0.0000,1.0000,1726,3324,,,Cheryl Ladies Ultra Wide Sandal,CHERYL-NAVY-9
1058,823,,26.3300,0.0000,1.0000,1487,3326,,,Walter Men's Extra Wide Open Flat Slipper,WALTER-BLACK-8
1059,824,,47.8900,0.0000,1.0000,1342,3328,,,Percy Men's Extra Wide Deck Shoe,PERCY-NAVY/BROWN-9.5
1060,825,,18.9800,0.0000,1.0000,942,3330,,,Dora Ladies Ultra Wide Canvas Sandal,DORA-BEIGE-7
1061,826,,38.9300,0.0000,1.0000,1726,3332,,,Cheryl Ladies Ultra Wide Sandal,CHERYL-NAVY-6
1062,827,,19.1400,0.0000,1.0000,942,3334,,,Dora Ladies Ultra Wide Canvas Sandal,DORA-DENIM-8
1063,828,,45.5000,0.0000,1.0000,1361,3336,,,Tony Men's Extra Wide Shoe,TONY-BLACK-12
1064,829,,39.2700,0.0000,1.0000,1726,3338,,,Cheryl Ladies Ultra Wide Sandal,CHERYL-STONE.PEAR-5
1065,830,,40.7000,0.0000,1.0000,1600,3346,,,Coral Ladies Ultra Wide Sandal,CORAL-IVORY-7
1066,831,,47.8900,0.0000,1.0000,1342,3348,,,Percy Men's Extra Wide Deck Shoe,PERCY-BROWN-9.5
1067,832,,19.1400,0.0000,1.0000,1015,3350,,,Sadie Ladies Extra Wide Slippers,SADIE-GREY.FERN-8
1068,833,,45.5000,0.0000,1.0000,1388,3352,,,Terry Men's Extra Wide Shoe,TERRY-BLACK-11
1069,834,,39.2700,0.0000,1.0000,1726,3354,,,Cheryl Ladies Ultra Wide Sandal,CHERYL-NAVY-6.5
1070,835,,40.7000,0.0000,1.0000,481,3340,,,Cara Ladies Ultra Wide Sandal,CARA-GREY-7
1071,835,,39.2700,0.0000,1.0000,1726,3342,,,Cheryl Ladies Ultra Wide Sandal,CHERYL-STONE.PEAR-7
1072,835,,39.2700,0.0000,1.0000,1726,3344,,,Cheryl Ladies Ultra Wide Sandal,CHERYL-NAVY-7
1073,836,,44.3900,0.0000,1.0000,1726,3356,,,Cheryl Ladies Ultra Wide Sandal,CHERYL-STONE.PEAR-6
1074,837,,18.9800,0.0000,1.0000,1015,3358,,,Sadie Ladies Extra Wide Slippers,SADIE-NAVY.FERN-8
1075,838,,42.1400,0.0000,1.0000,787,3360,,,Welland Ladies Extra Wide Shoe,WELLAND-TAN-7
1076,839,,19.1400,0.0000,1.0000,942,3362,,,Dora Ladies Ultra Wide Canvas Sandal,DORA-BEIGE-5
1077,840,,45.5000,0.0000,1.0000,1361,3364,,,Tony Men's Extra Wide Shoe,TONY-BLACK-10
1078,841,,26.3300,0.0000,1.0000,1137,3366,,,Wendy Ladies Extra Wide Open-Flat Slipper,WENDY-BLK.SWIRL-8
1079,842,,19.4100,0.0000,1.0000,1424,3368,,,Steve Men's Extra Wide Slipper,STEVE-NAVY.CHEV-10
1080,843,,19.1400,0.0000,1.0000,1015,3372,,,Sadie Ladies Extra Wide Slippers,SADIE-GREY.FERN-7
1081,844,,19.1400,0.0000,1.0000,942,3370,,,Dora Ladies Ultra Wide Canvas Sandal,DORA-BEIGE-5
1082,845,,27.5300,0.0000,1.0000,1471,3374,,,Wesley Men's Extra Wide Open-Flat PU Slipper,WESLEY-BLACK-12
1083,846,,18.9800,0.0000,1.0000,2012,3376,,,Doreen Ladies Ultra Wide Slipper,DOREEN-WINE-9
1084,847,,18.9800,0.0000,1.0000,942,3378,,,Dora Ladies Ultra Wide Canvas Sandal,DORA-DENIM-7
1085,848,,19.1400,0.0000,1.0000,942,3380,,,Dora Ladies Ultra Wide Canvas Sandal,DORA-DENIM-6
1086,849,,20.1000,0.0000,1.0000,1023,3382,,,Selina Ladies Extra Wide Slipper,SELINA-NAVY.SPARK-7
1087,850,,19.1400,0.0000,1.0000,973,3384,,,Tracy Ladies Extra Wide Canvas,TRACY-BEIGE-8
1088,851,,19.1400,0.0000,1.0000,1015,3386,,,Sadie Ladies Extra Wide Slippers,SADIE-WINE.FERN-5
1089,852,,39.2700,0.0000,1.0000,1314,3388,,,Neil Men's Ultra Wide Sandal,NEIL-BROWN-9
1090,853,,19.1400,0.0000,1.0000,942,3390,,,Dora Ladies Ultra Wide Canvas Sandal,DORA-BEIGE-8
1091,854,,39.2700,0.0000,1.0000,1726,3392,,,Cheryl Ladies Ultra Wide Sandal,CHERYL-NAVY-6.5
1092,855,,40.7000,0.0000,1.0000,1600,3394,,,Coral Ladies Ultra Wide Sandal,CORAL-IVORY-7
1093,856,,29.7600,0.0000,1.0000,1137,3396,,,Wendy Ladies Extra Wide Open-Flat Slipper,WENDY-WINE.SWIRL-5
1094,856,,21.6400,0.0000,1.0000,2012,3398,,,Doreen Ladies Ultra Wide Slipper,DOREEN-WINE-4
1095,856,,26.5100,0.0000,1.0000,1007,3400,,,Mandy Ladies Extra Wide Slipper,MANDY-BLACK-4
1096,856,,4.8500,0.0000,1.0000,1293,3402,,,FeatherGrip Extra Wide Knee-High Medium,FEATHERGRIP.KH.MED-BLK
1097,856,,5.3900,0.0000,1.0000,1285,3404,,,FeatherGrip Extra Wide Knee-High Warm,FEATHERGRIP.KH.WARM-BLK
1098,857,,19.4100,0.0000,1.0000,1091,3440,,,Sophie Ladies Extra Wide Slipper,SOPHIE-NAVY-8
1099,858,,19.1400,0.0000,1.0000,942,3406,,,Dora Ladies Ultra Wide Canvas Sandal,DORA-BEIGE-3
1100,859,,19.1400,0.0000,1.0000,942,3408,,,Dora Ladies Ultra Wide Canvas Sandal,DORA-DENIM-5
1101,860,,19.1400,0.0000,1.0000,942,3410,,,Dora Ladies Ultra Wide Canvas Sandal,DORA-DENIM-5
1102,861,,43.1000,0.0000,1.0000,333,3412,,,Farlow Ladies Extra Wide Shoe,FARLOW-BEIGE-6
1103,861,,40.7000,0.0000,1.0000,481,3414,,,Cara Ladies Ultra Wide Sandal,CARA-IVORY-6
1104,862,,40.7000,0.0000,1.0000,2704,3416,,,Chloe Ladies Ultra Wide Sandal,CHLOE-SANDY-4
1105,863,,19.1400,0.0000,1.0000,942,3418,,,Dora Ladies Ultra Wide Canvas Sandal,DORA-DENIM-7
1106,864,,19.4100,0.0000,1.0000,1424,3420,,,Steve Men's Extra Wide Slipper,STEVE-GREY.CHEV-10
1107,865,,19.4100,0.0000,1.0000,1424,3422,,,Steve Men's Extra Wide Slipper,STEVE-GREY.CHEV-12
1108,866,,45.0200,0.0000,1.0000,1651,3424,,,Ted Men's Ultra Wide Open Shoe,TED-BROWN-7
1109,867,,43.1000,0.0000,1.0000,480,3428,,,Foxton Ladies Extra Wide Shoe,FOXTON-PEWTER-4
1110,868,,45.5000,0.0000,1.0000,1388,3430,,,Terry Men's Extra Wide Shoe,TERRY-BLACK-10
1111,869,,44.5400,0.0000,1.0000,1521,3432,,,Farden Ladies Extra Wide Shoe,FARDEN-BLACK-8
1112,870,,26.3300,0.0000,1.0000,1137,3434,,,Wendy Ladies Extra Wide Open-Flat Slipper,WENDY-WINE.SWIRL-8
1113,871,,20.1000,0.0000,1.0000,1174,3436,,,Val Ladies Extra Wide Bootie Slipper,VAL-NAVY.FERN-6
1114,872,,19.4100,0.0000,1.0000,1424,3438,,,Steve Men's Extra Wide Slipper,STEVE-GREY.CHEV-10
1115,873,,19.1400,0.0000,1.0000,1015,3426,,,Sadie Ladies Extra Wide Slippers,SADIE-NAVY.FERN-6
1116,874,,19.1400,0.0000,1.0000,1015,3442,,,Sadie Ladies Extra Wide Slippers,SADIE-NAVY.FERN-8
1117,874,,19.1400,0.0000,1.0000,1015,3444,,,Sadie Ladies Extra Wide Slippers,SADIE-WINE.FERN-8
1118,875,,19.1400,0.0000,1.0000,942,3446,,,Dora Ladies Ultra Wide Canvas Sandal,DORA-DENIM-8
1119,876,,19.1400,0.0000,1.0000,942,3448,,,Dora Ladies Ultra Wide Canvas Sandal,DORA-BEIGE-6
1120,876,,19.1400,0.0000,1.0000,942,3450,,,Dora Ladies Ultra Wide Canvas Sandal,DORA-DENIM-6
1121,877,,40.7000,0.0000,1.0000,806,3452,,,Welton Ladies Extra Wide Shoe,WELTON-RED-8
1122,877,,43.1000,0.0000,1.0000,1504,3454,,,Easham Ladies Extra Wide Shoe,EASHAM-BLACK-8
1123,878,,47.8900,0.0000,1.0000,1322,3456,,,Trent Men's Extra Wide Shoe,TRENT-BLACK-11
1124,879,,39.2700,0.0000,1.0000,1726,3458,,,Cheryl Ladies Ultra Wide Sandal,CHERYL-NAVY-8
1125,880,,43.1000,0.0000,1.0000,2129,3460,,,Fenwick Ladies Extra Wide Shoe,FENWICK-BRZ.PRINT-7
1126,881,,26.1000,0.0000,1.0000,1137,3462,,,Wendy Ladies Extra Wide Open-Flat Slipper,WENDY-WINE.SWIRL-7
1127,882,,19.1400,0.0000,1.0000,942,3478,,,Dora Ladies Ultra Wide Canvas Sandal,DORA-DENIM-6
1128,883,,43.1000,0.0000,1.0000,694,3464,,,Forton Ladies Extra Wide Shoe,FORTON-IVORY.PR-8
1129,884,,44.5400,0.0000,1.0000,663,3466,,,Fargo Ladies Extra Wide Shoe,FARGO-MULB.FL-8
1130,885,,19.1400,0.0000,1.0000,942,3468,,,Dora Ladies Ultra Wide Canvas Sandal,DORA-BEIGE-5
1131,886,,40.7000,0.0000,1.0000,733,3470,,,Wardale Ladies Extra Wide Shoe,WARDALE-BLACK-6
1132,887,,23.4500,0.0000,1.0000,958,3472,,,Mary Ladies Extra Wide Lightweight Shoe,MARY-NAVY-5
1133,888,,26.3300,0.0000,1.0000,1137,3474,,,Wendy Ladies Extra Wide Open-Flat Slipper,WENDY-NAVY.COMB-7
1134,889,,19.1400,0.0000,1.0000,973,3476,,,Tracy Ladies Extra Wide Canvas,TRACY-DENIM-6
1135,890,,19.4100,0.0000,1.0000,1091,3482,,,Sophie Ladies Extra Wide Slipper,SOPHIE-NAVY-8
1136,891,,40.7000,0.0000,1.0000,1306,3484,,,Nathan Men's Ultra Wide Sandal,NATHAN-BROWN-9
1137,892,,39.2700,0.0000,1.0000,1726,3486,,,Cheryl Ladies Ultra Wide Sandal,CHERYL-PLAT.FL-7
1138,893,,20.5800,0.0000,1.0000,927,3488,,,Sue Ladies Extra Wide Lightweight Shoe,SUE-BLK.MET-8
1139,894,,19.1400,0.0000,1.0000,973,3480,,,Tracy Ladies Extra Wide Canvas,TRACY-DENIM-6
1140,895,,18.9800,0.0000,1.0000,942,3490,,,Dora Ladies Ultra Wide Canvas Sandal,DORA-DENIM-4
1141,896,,19.1400,0.0000,1.0000,1015,3494,,,Sadie Ladies Extra Wide Slippers,SADIE-WINE.FERN-3
1142,897,,40.7000,0.0000,1.0000,733,3496,,,Wardale Ladies Extra Wide Shoe,WARDALE-BLACK-7
1143,898,,19.1400,0.0000,1.0000,1015,3498,,,Sadie Ladies Extra Wide Slippers,SADIE-GREY.FERN-7
1144,899,,19.4100,0.0000,1.0000,1091,3500,,,Sophie Ladies Extra Wide Slipper,SOPHIE-NAVY-6
1145,900,,47.8900,0.0000,1.0000,1342,3502,,,Percy Men's Extra Wide Deck Shoe,PERCY-BROWN-9.5
1146,901,,47.8900,0.0000,1.0000,1979,3504,,,Tom Men's Extra Wide Shoe,TOM-BLACK-9.5
1147,902,,19.2400,0.0000,1.0000,1091,3492,,,Sophie Ladies Extra Wide Slipper,SOPHIE-BEI.COMB-6
1148,903,,19.1400,0.0000,1.0000,1015,3508,,,Sadie Ladies Extra Wide Slippers,SADIE-WINE.FERN-4
1149,904,,39.2700,0.0000,1.0000,1726,3506,,,Cheryl Ladies Ultra Wide Sandal,CHERYL-PLAT.FL-5
1150,905,,47.8900,0.0000,1.0000,1332,3510,,,Tully Men's Extra Wide Shoe,TULLY-BROWN-8
1151,906,,19.9300,0.0000,1.0000,1174,3512,,,Val Ladies Extra Wide Bootie Slipper,VAL-NAVY.FERN-9
1152,907,,40.7000,0.0000,1.0000,733,3518,,,Wardale Ladies Extra Wide Shoe,WARDALE-BLACK-7
1153,908,,19.1400,0.0000,1.0000,1015,3520,,,Sadie Ladies Extra Wide Slippers,SADIE-GREY.FERN-6
1154,909,,39.2700,0.0000,1.0000,1314,3522,,,Neil Men's Ultra Wide Sandal,NEIL-BROWN-9
1155,910,,23.4500,0.0000,1.0000,958,3524,,,Mary Ladies Extra Wide Lightweight Shoe,MARY-NAVY-7
1156,911,,19.9300,0.0000,1.0000,1174,3514,,,Val Ladies Extra Wide Bootie Slipper,VAL-BLACK-7
1157,912,,23.4500,0.0000,1.0000,958,3526,,,Mary Ladies Extra Wide Lightweight Shoe,MARY-NAVY-4
1158,913,,43.1000,0.0000,1.0000,694,3516,,,Forton Ladies Extra Wide Shoe,FORTON-NAVY.PRI-6
1159,914,,23.2500,0.0000,1.0000,958,3528,,,Mary Ladies Extra Wide Lightweight Shoe,MARY-NAVY-8
1160,915,,54.1400,0.0000,1.0000,883,3530,,,Bali Ladies Extra Wide Boot,BALI-BROWN-8
1161,916,,40.7000,0.0000,1.0000,733,3532,,,Wardale Ladies Extra Wide Shoe,WARDALE-GREY-4
1162,917,,43.1000,0.0000,1.0000,265,3534,,,Filton Ladies Extra Wide Shoe,FILTON-BLACK-3
1163,918,,43.1000,0.0000,1.0000,333,3536,,,Farlow Ladies Extra Wide Shoe,FARLOW-ROYAL-6
1164,919,,43.1000,0.0000,1.0000,1504,3538,,,Easham Ladies Extra Wide Shoe,EASHAM-BLACK-7
1165,920,,19.4100,0.0000,1.0000,1424,3540,,,Steve Men's Extra Wide Slipper,STEVE-NAVY.CHEV-11
1166,921,,20.1000,0.0000,1.0000,1023,3544,,,Selina Ladies Extra Wide Slipper,SELINA-NAVY.SPARK-5
1167,922,,39.2700,0.0000,1.0000,1726,3542,,,Cheryl Ladies Ultra Wide Sandal,CHERYL-PLAT.FL-6
1168,923,,20.4000,0.0000,1.0000,927,3546,,,Sue Ladies Extra Wide Lightweight Shoe,SUE-BEIGE.MET-8
1169,924,,48.7200,0.0000,1.0000,348,3548,,,Falmer Ladies Extra Wide Shoe,FALMER-BLK.PRINT-7
1170,924,,48.7200,0.0000,1.0000,348,3550,,,Falmer Ladies Extra Wide Shoe,FALMER-NAVY.PRI-4
1171,924,,48.7200,0.0000,1.0000,265,3552,,,Filton Ladies Extra Wide Shoe,FILTON-BLK.PAT-5
1172,924,,8.1000,0.0000,1.0000,2394,3554,,,FeatherTop Extra Wide Cotton Socks,FEATHERTOP.COTTON-BLACK-M
1173,924,,8.1000,0.0000,1.0000,2394,3556,,,FeatherTop Extra Wide Cotton Socks,FEATHERTOP.COTTON-NAVY-M
1174,924,,8.1000,0.0000,1.0000,2394,3558,,,FeatherTop Extra Wide Cotton Socks,FEATHERTOP.COTTON-OATMEAL-M
1175,925,,21.9400,0.0000,1.0000,1091,3560,,,Sophie Ladies Extra Wide Slipper,SOPHIE-WINE.SWIRL-7
1176,925,,50.3500,0.0000,1.0000,663,3562,,,Fargo Ladies Extra Wide Shoe,FARGO-BLK.PRINT-5
1177,925,,46.0100,0.0000,1.0000,806,3564,,,Welton Ladies Extra Wide Shoe,WELTON-BLACK-5
1178,925,,46.0100,0.0000,1.0000,806,3566,,,Welton Ladies Extra Wide Shoe,WELTON-RED-8
1179,926,,40.7000,0.0000,1.0000,733,3570,,,Wardale Ladies Extra Wide Shoe,WARDALE-BLACK-5
1180,927,,47.1000,0.0000,1.0000,849,3568,,,Walford Ladies Extra Wide Stretch Shoe,WALFORD-BROWN-5
1181,928,,20.1000,0.0000,1.0000,1023,3596,,,Selina Ladies Extra Wide Slipper,SELINA-NAVY.SPARK-6
1182,929,,19.1400,0.0000,1.0000,942,3598,,,Dora Ladies Ultra Wide Canvas Sandal,DORA-DENIM-7
1183,930,,19.1400,0.0000,1.0000,942,3600,,,Dora Ladies Ultra Wide Canvas Sandal,DORA-DENIM-5
1184,931,,43.1000,0.0000,1.0000,333,3602,,,Farlow Ladies Extra Wide Shoe,FARLOW-BEIGE-4
1185,932,,19.1400,0.0000,1.0000,942,3604,,,Dora Ladies Ultra Wide Canvas Sandal,DORA-DENIM-7
1186,933,,45.5000,0.0000,1.0000,1361,3606,,,Tony Men's Extra Wide Shoe,TONY-BLACK-10
1187,934,,20.1000,0.0000,1.0000,1023,3572,,,Selina Ladies Extra Wide Slipper,SELINA-NAVY.SPARK-6
1188,934,,41.6600,0.0000,1.0000,849,3574,,,Walford Ladies Extra Wide Stretch Shoe,WALFORD-BLACK-6
1189,935,,45.5000,0.0000,1.0000,1388,3576,,,Terry Men's Extra Wide Shoe,TERRY-BLACK-9
1190,936,,20.5800,0.0000,1.0000,1437,3578,,,Gary Men's Extra Wide Bootie Slipper,GARY-NAVY.CHEV-7
1191,937,,39.2700,0.0000,1.0000,1726,3580,,,Cheryl Ladies Ultra Wide Sandal,CHERYL-STONE.PEAR-4
1192,938,,42.1400,0.0000,1.0000,787,3582,,,Welland Ladies Extra Wide Shoe,WELLAND-IVORY-5
1193,939,,19.4100,0.0000,1.0000,1091,3584,,,Sophie Ladies Extra Wide Slipper,SOPHIE-NAVY-8
1194,940,,19.1400,0.0000,1.0000,942,3586,,,Dora Ladies Ultra Wide Canvas Sandal,DORA-BEIGE-3
1195,941,,19.1400,0.0000,1.0000,942,3588,,,Dora Ladies Ultra Wide Canvas Sandal,DORA-DENIM-5
1196,942,,23.4500,0.0000,1.0000,958,3590,,,Mary Ladies Extra Wide Lightweight Shoe,MARY-NAVY-7
1197,943,,19.1400,0.0000,1.0000,1015,3592,,,Sadie Ladies Extra Wide Slippers,SADIE-NAVY.FERN-5
1198,944,,47.8900,0.0000,1.0000,1342,3594,,,Percy Men's Extra Wide Deck Shoe,PERCY-BROWN-11
1199,945,,19.9300,0.0000,1.0000,1174,3608,,,Val Ladies Extra Wide Bootie Slipper,VAL-NAVY.FERN-6
1200,946,,19.9300,0.0000,1.0000,1174,3612,,,Val Ladies Extra Wide Bootie Slipper,VAL-BLACK-8
1201,947,,26.1000,0.0000,1.0000,2756,3614,,,Sam Unisex Extra Wide Stretch Slipper,SAM-BLACK-8
1202,948,,44.1500,0.0000,1.0000,1521,3616,,,Farden Ladies Extra Wide Shoe,FARDEN-BLACK-7
1203,949,,20.4000,0.0000,1.0000,1629,3618,,,Vera Ladies Extra Wide Bootie Slipper,VERA-CHAR.POLKA-6
1204,950,,40.3500,0.0000,1.0000,1600,3620,,,Coral Ladies Ultra Wide Sandal,CORAL-IVORY-5
1205,951,,18.9800,0.0000,1.0000,1015,3622,,,Sadie Ladies Extra Wide Slippers,SADIE-WINE.FERN-7
1206,952,,19.1400,0.0000,1.0000,942,3648,,,Dora Ladies Ultra Wide Canvas Sandal,DORA-DENIM-5
1207,953,,40.7000,0.0000,1.0000,733,3642,,,Wardale Ladies Extra Wide Shoe,WARDALE-BLACK-8
1208,954,,19.4100,0.0000,1.0000,1424,3636,,,Steve Men's Extra Wide Slipper,STEVE-GREY.CHEV-10
1209,955,,26.3300,0.0000,1.0000,1463,3644,,,Sampson Men's Extra Wide Bellows Slipper,SAMPSON-BLACK-11
1210,956,,40.7000,0.0000,1.0000,1306,3646,,,Nathan Men's Ultra Wide Sandal,NATHAN-BROWN-9
1211,957,,45.5000,0.0000,1.0000,1388,3640,,,Terry Men's Extra Wide Shoe,TERRY-BLACK-10
1212,958,,44.5400,0.0000,1.0000,1378,3638,,,Travis Men's Extra Wide Stretch Shoe,TRAVIS-BLACK-6
1213,959,,23.4500,0.0000,1.0000,958,3624,,,Mary Ladies Extra Wide Lightweight Shoe,MARY-NAVY-6
1214,959,,23.4500,0.0000,1.0000,958,3626,,,Mary Ladies Extra Wide Lightweight Shoe,MARY-NAVY-7
1215,959,,19.1400,0.0000,1.0000,942,3628,,,Dora Ladies Ultra Wide Canvas Sandal,DORA-BEIGE-6
1216,959,,19.1400,0.0000,1.0000,942,3630,,,Dora Ladies Ultra Wide Canvas Sandal,DORA-BEIGE-7
1217,959,,19.1400,0.0000,1.0000,2012,3632,,,Doreen Ladies Ultra Wide Slipper,DOREEN-WINE-7
1218,959,,19.1400,0.0000,1.0000,2012,3634,,,Doreen Ladies Ultra Wide Slipper,DOREEN-WINE-6
1219,960,,26.1000,0.0000,1.0000,1137,3650,,,Wendy Ladies Extra Wide Open-Flat Slipper,WENDY-NAVY.COMB-5
1220,961,,19.9300,0.0000,1.0000,1174,3652,,,Val Ladies Extra Wide Bootie Slipper,VAL-NAVY.FERN-6
1221,962,,19.2400,0.0000,1.0000,1091,3654,,,Sophie Ladies Extra Wide Slipper,SOPHIE-WINE.SWIRL-7
1222,963,,18.9800,0.0000,1.0000,2012,3656,,,Doreen Ladies Ultra Wide Slipper,DOREEN-WINE-6
1223,964,,19.1400,0.0000,1.0000,973,3658,,,Tracy Ladies Extra Wide Canvas,TRACY-BEIGE-7
1224,965,,19.1400,0.0000,1.0000,942,3660,,,Dora Ladies Ultra Wide Canvas Sandal,DORA-DENIM-8
1225,966,,19.1400,0.0000,1.0000,2012,3662,,,Doreen Ladies Ultra Wide Slipper,DOREEN-WINE-7
1226,967,,20.1000,0.0000,1.0000,1023,3682,,,Selina Ladies Extra Wide Slipper,SELINA-NAVY.SPARK-4
1227,968,,43.1000,0.0000,1.0000,265,3668,,,Filton Ladies Extra Wide Shoe,FILTON-RED.BUR.PA-8
1228,968,,43.1000,0.0000,1.0000,694,3670,,,Forton Ladies Extra Wide Shoe,FORTON-NAVY.PRI-8
1229,969,,27.7700,0.0000,1.0000,1471,3664,,,Wesley Men's Extra Wide Open-Flat PU Slipper,WESLEY-BLACK-11
1230,970,,26.3300,0.0000,1.0000,1137,3666,,,Wendy Ladies Extra Wide Open-Flat Slipper,WENDY-NAVY.COMB-8
1231,971,,19.1400,0.0000,1.0000,942,3672,,,Dora Ladies Ultra Wide Canvas Sandal,DORA-BEIGE-6
1232,972,,19.4100,0.0000,1.0000,1091,3674,,,Sophie Ladies Extra Wide Slipper,SOPHIE-NAVY-6
1233,972,,44.5400,0.0000,1.0000,1521,3676,,,Farden Ladies Extra Wide Shoe,FARDEN-BLACK-6.5
1234,973,,19.4100,0.0000,1.0000,1091,3678,,,Sophie Ladies Extra Wide Slipper,SOPHIE-NAVY-4
1235,974,,20.5800,0.0000,1.0000,1437,3680,,,Gary Men's Extra Wide Bootie Slipper,GARY-NAVY.CHEV-10
1236,975,,19.9300,0.0000,1.0000,1023,3684,,,Selina Ladies Extra Wide Slipper,SELINA-NAVY.SPARK-6
1237,976,,19.2400,0.0000,1.0000,1091,3686,,,Sophie Ladies Extra Wide Slipper,SOPHIE-GREY.HEART-8
1238,977,,40.7000,0.0000,1.0000,1306,3688,,,Nathan Men's Ultra Wide Sandal,NATHAN-BROWN-9
1239,978,,40.7000,0.0000,1.0000,733,3690,,,Wardale Ladies Extra Wide Shoe,WARDALE-BLACK-8
1240,979,,19.1400,0.0000,1.0000,1015,3692,,,Sadie Ladies Extra Wide Slippers,SADIE-WINE.FERN-7
1241,980,,20.5800,0.0000,1.0000,1629,3694,,,Vera Ladies Extra Wide Bootie Slipper,VERA-CHAR.POLKA-6
1242,981,,45.5000,0.0000,1.0000,1388,3696,,,Terry Men's Extra Wide Shoe,TERRY-BLACK-11
1243,982,,19.4100,0.0000,1.0000,1424,3698,,,Steve Men's Extra Wide Slipper,STEVE-BR.CHEV-10
1244,982,,39.2700,0.0000,1.0000,1314,3700,,,Neil Men's Ultra Wide Sandal,NEIL-BROWN-10
1245,983,,18.9800,0.0000,1.0000,1015,3610,,,Sadie Ladies Extra Wide Slippers,SADIE-NAVY.FERN-6
1246,984,,20.5800,0.0000,1.0000,927,3728,,,Sue Ladies Extra Wide Lightweight Shoe,SUE-BEIGE.MET-8
1247,985,,40.7000,0.0000,1.0000,733,3722,,,Wardale Ladies Extra Wide Shoe,WARDALE-NAVY-6
1248,986,,40.7000,0.0000,1.0000,1768,3724,,,Carrie Ladies Ultra Wide Sandal,CARRIE-ROYAL.FL-4
1249,987,,41.6600,0.0000,1.0000,849,3726,,,Walford Ladies Extra Wide Stretch Shoe,WALFORD-BLACK-8
1250,988,,19.9300,0.0000,1.0000,1174,3708,,,Val Ladies Extra Wide Bootie Slipper,VAL-NAVY-8
1251,989,,20.4000,0.0000,1.0000,927,3704,,,Sue Ladies Extra Wide Lightweight Shoe,SUE-BEIGE.MET-5
1252,989,,20.4000,0.0000,1.0000,927,3706,,,Sue Ladies Extra Wide Lightweight Shoe,SUE-BEIGE.MET-6
1253,990,,20.5800,0.0000,1.0000,927,3702,,,Sue Ladies Extra Wide Lightweight Shoe,SUE-BEIGE.MET-7
1254,991,,26.3300,0.0000,1.0000,1137,3710,,,Wendy Ladies Extra Wide Open-Flat Slipper,WENDY-WINE.SWIRL-6
1255,992,,19.1400,0.0000,1.0000,942,3712,,,Dora Ladies Ultra Wide Canvas Sandal,DORA-BEIGE-5
1256,993,,19.4100,0.0000,1.0000,1091,3718,,,Sophie Ladies Extra Wide Slipper,SOPHIE-NAVY-6
1257,994,,20.5800,0.0000,1.0000,1437,3716,,,Gary Men's Extra Wide Bootie Slipper,GARY-NAVY.CHEV-11
1258,995,,20.5800,0.0000,1.0000,1437,3720,,,Gary Men's Extra Wide Bootie Slipper,GARY-NAVY.CHEV-12
1259,996,,43.1000,0.0000,1.0000,348,3730,,,Falmer Ladies Extra Wide Shoe,FALMER-BLK.PRINT-8
1260,997,,43.1000,0.0000,1.0000,333,3732,,,Farlow Ladies Extra Wide Shoe,FARLOW-BEIGE-5
1261,998,,19.1400,0.0000,1.0000,942,3734,,,Dora Ladies Ultra Wide Canvas Sandal,DORA-DENIM-9
1262,999,,19.4100,0.0000,1.0000,1424,3736,,,Steve Men's Extra Wide Slipper,STEVE-NAVY.CHEV-6
1263,1000,,23.4500,0.0000,1.0000,958,3738,,,Mary Ladies Extra Wide Lightweight Shoe,MARY-NAVY-7
1264,1001,,23.4500,0.0000,1.0000,958,3742,,,Mary Ladies Extra Wide Lightweight Shoe,MARY-NAVY-6
1265,1002,,44.5400,0.0000,1.0000,1521,3748,,,Farden Ladies Extra Wide Shoe,FARDEN-BLACK-5
1266,1003,,41.6600,0.0000,1.0000,834,3744,,,Walmer Ladies Extra Wide Stretch Shoe,WALMER-BLACK-8
1267,1004,,23.4500,0.0000,1.0000,958,3746,,,Mary Ladies Extra Wide Lightweight Shoe,MARY-NAVY-7
1268,1005,,23.4500,0.0000,1.0000,958,3750,,,Mary Ladies Extra Wide Lightweight Shoe,MARY-NAVY-5
1269,1006,,19.4100,0.0000,1.0000,1424,3758,,,Steve Men's Extra Wide Slipper,STEVE-NAVY.CHEV-10
1270,1007,,26.3300,0.0000,1.0000,1487,3754,,,Walter Men's Extra Wide Open Flat Slipper,WALTER-BLACK-9
1271,1007,,27.7700,0.0000,1.0000,1471,3756,,,Wesley Men's Extra Wide Open-Flat PU Slipper,WESLEY-BLACK-9
1272,1008,,47.8900,0.0000,1.0000,883,3752,,,Bali Ladies Extra Wide Boot,BALI-BLK.PAT.PR-5
1273,1009,,42.7300,0.0000,1.0000,333,3760,,,Farlow Ladies Extra Wide Shoe,FARLOW-BEIGE-5
1274,1010,,20.4000,0.0000,1.0000,1437,3762,,,Gary Men's Extra Wide Bootie Slipper,GARY-NAVY.CHEV-10
1275,1011,,19.2400,0.0000,1.0000,1091,3768,,,Sophie Ladies Extra Wide Slipper,SOPHIE-NAVY-5
1276,1012,,19.1400,0.0000,1.0000,942,3740,,,Dora Ladies Ultra Wide Canvas Sandal,DORA-DENIM-6
1277,1013,,42.7300,0.0000,1.0000,348,3764,,,Falmer Ladies Extra Wide Shoe,FALMER-NAVY.PRI-7
1278,1013,,18.9800,0.0000,1.0000,973,3766,,,Tracy Ladies Extra Wide Canvas,TRACY-DENIM-7
1279,1014,,42.7300,0.0000,1.0000,333,3774,,,Farlow Ladies Extra Wide Shoe,FARLOW-BEIGE-6.5
1280,1015,,19.2400,0.0000,1.0000,1424,3770,,,Steve Men's Extra Wide Slipper,STEVE-GREY.CHEV-11
1281,1015,,19.2400,0.0000,1.0000,1091,3772,,,Sophie Ladies Extra Wide Slipper,SOPHIE-NAVY.SPARK-6
1282,1016,,19.1400,0.0000,1.0000,942,3776,,,Dora Ladies Ultra Wide Canvas Sandal,DORA-DENIM-7
1283,1017,,23.4500,0.0000,1.0000,958,3780,,,Mary Ladies Extra Wide Lightweight Shoe,MARY-NAVY-4
1284,1018,,44.5400,0.0000,1.0000,1521,3786,,,Farden Ladies Extra Wide Shoe,FARDEN-BLACK-7
1285,1019,,19.4100,0.0000,1.0000,1424,3788,,,Steve Men's Extra Wide Slipper,STEVE-GREY.CHEV-6
1286,1020,,19.1400,0.0000,1.0000,973,3782,,,Tracy Ladies Extra Wide Canvas,TRACY-DENIM-8
1287,1021,,20.1000,0.0000,1.0000,1174,3784,,,Val Ladies Extra Wide Bootie Slipper,VAL-NAVY-6
1288,1022,,19.4100,0.0000,1.0000,1091,3778,,,Sophie Ladies Extra Wide Slipper,SOPHIE-NAVY-6
1289,1023,,47.1000,0.0000,1.0000,834,3794,,,Walmer Ladies Extra Wide Stretch Shoe,WALMER-BLACK-5
1290,1023,,47.1000,0.0000,1.0000,834,3796,,,Walmer Ladies Extra Wide Stretch Shoe,WALMER-BLACK-6
1291,1024,,45.5000,0.0000,1.0000,1388,3790,,,Terry Men's Extra Wide Shoe,TERRY-BLACK-10
1292,1024,,44.5400,0.0000,1.0000,1378,3792,,,Travis Men's Extra Wide Stretch Shoe,TRAVIS-BLACK-10
1293,1025,,26.1000,0.0000,1.0000,1137,3798,,,Wendy Ladies Extra Wide Open-Flat Slipper,WENDY-WINE.SWIRL-9
1294,1026,,39.2700,0.0000,1.0000,1726,3806,,,Cheryl Ladies Ultra Wide Sandal,CHERYL-NAVY-3
1295,1027,,39.2700,0.0000,1.0000,1726,3800,,,Cheryl Ladies Ultra Wide Sandal,CHERYL-STONE.PEAR-4
1296,1028,,39.2700,0.0000,1.0000,1726,3802,,,Cheryl Ladies Ultra Wide Sandal,CHERYL-STONE.PEAR-6.5
1297,1029,,39.2700,0.0000,1.0000,1726,3812,,,Cheryl Ladies Ultra Wide Sandal,CHERYL-STONE.PEAR-5
1298,1030,,26.3300,0.0000,1.0000,1137,3814,,,Wendy Ladies Extra Wide Open-Flat Slipper,WENDY-WINE.SWIRL-6
1299,1031,,44.5400,0.0000,1.0000,1521,3808,,,Farden Ladies Extra Wide Shoe,FARDEN-BLACK-6.5
1300,1032,,19.4100,0.0000,1.0000,1424,3810,,,Steve Men's Extra Wide Slipper,STEVE-NAVY.CHEV-12
1301,1033,,47.8900,0.0000,1.0000,1342,3804,,,Percy Men's Extra Wide Deck Shoe,PERCY-NAVY/BROWN-11
1302,1034,,54.1400,0.0000,1.0000,1342,3816,,,Percy Men's Extra Wide Deck Shoe,PERCY-NAVY/BROWN-6
1303,1035,,23.4500,0.0000,1.0000,958,3884,,,Mary Ladies Extra Wide Lightweight Shoe,MARY-NAVY-6
1304,1036,,19.1400,0.0000,1.0000,942,3868,,,Dora Ladies Ultra Wide Canvas Sandal,DORA-BEIGE-6
1305,1036,,19.1400,0.0000,1.0000,942,3870,,,Dora Ladies Ultra Wide Canvas Sandal,DORA-DENIM-6
1306,1036,,19.1400,0.0000,1.0000,1015,3872,,,Sadie Ladies Extra Wide Slippers,SADIE-GREY.FERN-6
1307,1037,,26.3300,0.0000,1.0000,1137,3886,,,Wendy Ladies Extra Wide Open-Flat Slipper,WENDY-NAVY.COMB-9
1308,1038,,5.9300,0.0000,4.0000,2422,3846,,,FeatherTop Extra Wide Cushioned Socks,FEATHERTOP.CUSHIONED-NAVY-M
1309,1039,,18.9800,0.0000,1.0000,942,3854,,,Dora Ladies Ultra Wide Canvas Sandal,DORA-DENIM-6
1310,1039,,18.9800,0.0000,1.0000,942,3856,,,Dora Ladies Ultra Wide Canvas Sandal,DORA-BEIGE-6
1311,1040,,38.9300,0.0000,1.0000,1726,3828,,,Cheryl Ladies Ultra Wide Sandal,CHERYL-NAVY-7
1312,1040,,38.9300,0.0000,1.0000,1726,3830,,,Cheryl Ladies Ultra Wide Sandal,CHERYL-NAVY-8
1313,1041,,26.1000,0.0000,1.0000,1487,3832,,,Walter Men's Extra Wide Open Flat Slipper,WALTER-BLACK-9
1314,1042,,41.3000,0.0000,1.0000,834,3818,,,Walmer Ladies Extra Wide Stretch Shoe,WALMER-BLACK-5
1315,1043,,40.7000,0.0000,1.0000,1306,3864,,,Nathan Men's Ultra Wide Sandal,NATHAN-BROWN-8
1316,1044,,45.0200,0.0000,1.0000,1651,3862,,,Ted Men's Ultra Wide Open Shoe,TED-BROWN-7
1317,1045,,40.7000,0.0000,1.0000,1306,3838,,,Nathan Men's Ultra Wide Sandal,NATHAN-BROWN-8
1318,1046,,26.3300,0.0000,1.0000,1487,3836,,,Walter Men's Extra Wide Open Flat Slipper,WALTER-BLACK-11
1319,1047,,27.7700,0.0000,1.0000,1471,3842,,,Wesley Men's Extra Wide Open-Flat PU Slipper,WESLEY-BLACK-10
1320,1048,,47.8900,0.0000,1.0000,1342,3834,,,Percy Men's Extra Wide Deck Shoe,PERCY-BROWN-11
1321,1049,,19.1400,0.0000,1.0000,942,3858,,,Dora Ladies Ultra Wide Canvas Sandal,DORA-BEIGE-5
1322,1049,,19.4100,0.0000,1.0000,1091,3860,,,Sophie Ladies Extra Wide Slipper,SOPHIE-NAVY-5
1323,1050,,44.5400,0.0000,1.0000,663,3824,,,Fargo Ladies Extra Wide Shoe,FARGO-MULB.FL-7
1324,1051,,19.1400,0.0000,1.0000,2012,3848,,,Doreen Ladies Ultra Wide Slipper,DOREEN-WINE-5
1325,1052,,19.1400,0.0000,1.0000,942,3844,,,Dora Ladies Ultra Wide Canvas Sandal,DORA-BEIGE-6
1326,1053,,43.1000,0.0000,1.0000,333,3820,,,Farlow Ladies Extra Wide Shoe,FARLOW-ROYAL-6.5
1327,1053,,43.1000,0.0000,1.0000,348,3822,,,Falmer Ladies Extra Wide Shoe,FALMER-PLAT.FL-6
1328,1054,,40.7000,0.0000,1.0000,1600,3866,,,Coral Ladies Ultra Wide Sandal,CORAL-IVORY-6
1329,1055,,40.7000,0.0000,1.0000,1768,3878,,,Carrie Ladies Ultra Wide Sandal,CARRIE-TAN-9
1330,1056,,39.2700,0.0000,1.0000,1726,3852,,,Cheryl Ladies Ultra Wide Sandal,CHERYL-STONE.PEAR-5
1331,1057,,39.2700,0.0000,1.0000,1726,3882,,,Cheryl Ladies Ultra Wide Sandal,CHERYL-PLAT.FL-6
1332,1058,,19.1400,0.0000,1.0000,1015,3876,,,Sadie Ladies Extra Wide Slippers,SADIE-NAVY.FERN-8
1333,1059,,40.7000,0.0000,1.0000,1768,3826,,,Carrie Ladies Ultra Wide Sandal,CARRIE-TAN-8
1334,1060,,8.1000,0.0000,1.0000,2394,3888,,,FeatherTop Extra Wide Cotton Socks,FEATHERTOP.COTTON-OATMEAL-M
1335,1061,,14.7000,0.0000,1.0000,1062,3840,,,Sofia Ladies Extra Wide Slipper,SOFIA-WINE-5
1336,1062,,38.9300,0.0000,1.0000,1726,3890,,,Cheryl Ladies Ultra Wide Sandal,CHERYL-NAVY-8
1337,1063,,8.1000,0.0000,1.0000,2394,3892,,,FeatherTop Extra Wide Cotton Socks,FEATHERTOP.COTTON-BLACK-L
1338,1063,,8.1000,0.0000,1.0000,2394,3894,,,FeatherTop Extra Wide Cotton Socks,FEATHERTOP.COTTON-GREY-L
1339,1063,,8.1000,0.0000,1.0000,2394,3896,,,FeatherTop Extra Wide Cotton Socks,FEATHERTOP.COTTON-OATMEAL-L
1340,1064,,19.1400,0.0000,1.0000,1015,3898,,,Sadie Ladies Extra Wide Slippers,SADIE-NAVY.FERN-9
1341,1065,,43.1000,0.0000,1.0000,1504,3900,,,Easham Ladies Extra Wide Shoe,EASHAM-BLACK-6
1342,1066,,20.5800,0.0000,1.0000,927,3902,,,Sue Ladies Extra Wide Lightweight Shoe,SUE-BLK.MET-3
1343,1066,,20.5800,0.0000,1.0000,927,3904,,,Sue Ladies Extra Wide Lightweight Shoe,SUE-BLK.MET-5
1344,1066,,20.5800,0.0000,1.0000,927,3906,,,Sue Ladies Extra Wide Lightweight Shoe,SUE-BLK.MET-6
1345,1067,,27.5300,0.0000,1.0000,1471,3912,,,Wesley Men's Extra Wide Open-Flat PU Slipper,WESLEY-BLACK-8
1346,1068,,19.2400,0.0000,1.0000,1091,3914,,,Sophie Ladies Extra Wide Slipper,SOPHIE-GREY.HEART-5
1347,1069,,19.2400,0.0000,1.0000,1091,3908,,,Sophie Ladies Extra Wide Slipper,SOPHIE-NAVY.SPOT-7
1348,1070,,20.4000,0.0000,1.0000,927,3910,,,Sue Ladies Extra Wide Lightweight Shoe,SUE-BEIGE.MET-8
1349,1071,,42.7300,0.0000,1.0000,348,3916,,,Falmer Ladies Extra Wide Shoe,FALMER-BLK.PRINT-6.5
1350,1072,,19.9300,0.0000,1.0000,1174,3918,,,Val Ladies Extra Wide Bootie Slipper,VAL-NAVY.FERN-7
1351,1073,,19.1400,0.0000,1.0000,2012,3920,,,Doreen Ladies Ultra Wide Slipper,DOREEN-WINE-7
1352,1074,,40.7000,0.0000,1.0000,1600,3922,,,Coral Ladies Ultra Wide Sandal,CORAL-IVORY-7
1353,1075,,20.5800,0.0000,1.0000,1437,3924,,,Gary Men's Extra Wide Bootie Slipper,GARY-NAVY.CHEV-8
1354,1076,,47.8900,0.0000,1.0000,883,3926,,,Bali Ladies Extra Wide Boot,BALI-BLK.PAT.PR-5
1355,1077,,19.1400,0.0000,1.0000,942,3928,,,Dora Ladies Ultra Wide Canvas Sandal,DORA-BEIGE-6
1356,1077,,19.1400,0.0000,1.0000,942,3930,,,Dora Ladies Ultra Wide Canvas Sandal,DORA-DENIM-6
1357,1078,,47.8900,0.0000,1.0000,1322,3932,,,Trent Men's Extra Wide Shoe,TRENT-BLACK-11
1358,1079,,40.7000,0.0000,1.0000,1768,3934,,,Carrie Ladies Ultra Wide Sandal,CARRIE-TAN-6
1359,1080,,47.8900,0.0000,1.0000,1342,3936,,,Percy Men's Extra Wide Deck Shoe,PERCY-BROWN-11
1360,1081,,45.0200,0.0000,1.0000,1651,3938,,,Ted Men's Ultra Wide Open Shoe,TED-BROWN-7
1361,1082,,43.1000,0.0000,1.0000,348,3946,,,Falmer Ladies Extra Wide Shoe,FALMER-NAVY.PRI-8
1362,1083,,20.1000,0.0000,1.0000,1174,3950,,,Val Ladies Extra Wide Bootie Slipper,VAL-WINE.FERN-4
1363,1084,,23.4500,0.0000,1.0000,958,3948,,,Mary Ladies Extra Wide Lightweight Shoe,MARY-NAVY-7
1364,1085,,19.1400,0.0000,1.0000,942,3940,,,Dora Ladies Ultra Wide Canvas Sandal,DORA-BEIGE-7
1365,1086,,19.1400,0.0000,1.0000,1015,3942,,,Sadie Ladies Extra Wide Slippers,SADIE-WINE.FERN-7
1366,1086,,19.1400,0.0000,1.0000,1015,3944,,,Sadie Ladies Extra Wide Slippers,SADIE-GREY.FERN-6
1367,1087,,54.1400,0.0000,1.0000,883,3952,,,Bali Ladies Extra Wide Boot,BALI-BLK.PAT.PR-5
1368,1087,,54.1400,0.0000,1.0000,883,3954,,,Bali Ladies Extra Wide Boot,BALI-BROWN-4
1369,1087,,54.1400,0.0000,1.0000,912,3956,,,Bolton Ladies Extra Wide Boot,BOLTON-BR.PAT-5
1370,1087,,54.1400,0.0000,1.0000,912,3958,,,Bolton Ladies Extra Wide Boot,BOLTON-BLACK-6
1371,1088,,18.9800,0.0000,1.0000,942,3970,,,Dora Ladies Ultra Wide Canvas Sandal,DORA-BEIGE-3
1372,1088,,19.2400,0.0000,1.0000,1091,3972,,,Sophie Ladies Extra Wide Slipper,SOPHIE-WINE.SWIRL-7
1373,1089,,19.2400,0.0000,1.0000,1091,3966,,,Sophie Ladies Extra Wide Slipper,SOPHIE-WINE.SWIRL-3
1374,1090,,19.2400,0.0000,1.0000,1091,3968,,,Sophie Ladies Extra Wide Slipper,SOPHIE-NAVY.SPARK-5
1375,1091,,27.5300,0.0000,1.0000,1471,3964,,,Wesley Men's Extra Wide Open-Flat PU Slipper,WESLEY-BLACK-9
1376,1092,,18.9800,0.0000,1.0000,1015,3962,,,Sadie Ladies Extra Wide Slippers,SADIE-NAVY.FERN-5
1377,1093,,26.5100,0.0000,1.0000,958,3960,,,Mary Ladies Extra Wide Lightweight Shoe,MARY-NAVY-5
1378,1094,,47.8900,0.0000,1.0000,1322,4028,,,Trent Men's Extra Wide Shoe,TRENT-BLACK-6.5
1379,1095,,39.2700,0.0000,1.0000,1726,4030,,,Cheryl Ladies Ultra Wide Sandal,CHERYL-PLAT.FL-6
1380,1096,,19.4100,0.0000,1.0000,1091,3974,,,Sophie Ladies Extra Wide Slipper,SOPHIE-NAVY-6
1381,1097,,41.6600,0.0000,1.0000,834,3976,,,Walmer Ladies Extra Wide Stretch Shoe,WALMER-NAVY-7
1382,1098,,39.2700,0.0000,1.0000,1726,3978,,,Cheryl Ladies Ultra Wide Sandal,CHERYL-PLAT.FL-7
1383,1099,,39.2700,0.0000,1.0000,1726,3980,,,Cheryl Ladies Ultra Wide Sandal,CHERYL-NAVY-6
1384,1099,,40.7000,0.0000,1.0000,481,3982,,,Cara Ladies Ultra Wide Sandal,CARA-GREY-6
1385,1100,,43.1000,0.0000,1.0000,265,3986,,,Filton Ladies Extra Wide Shoe,FILTON-NAVY.PAT-7
1386,1101,,19.4100,0.0000,1.0000,1091,3988,,,Sophie Ladies Extra Wide Slipper,SOPHIE-NAVY-7
1387,1102,,43.1000,0.0000,1.0000,348,3990,,,Falmer Ladies Extra Wide Shoe,FALMER-NAVY.PRI-7
1388,1103,,19.4100,0.0000,1.0000,1091,3992,,,Sophie Ladies Extra Wide Slipper,SOPHIE-NAVY-7
1389,1104,,39.2700,0.0000,1.0000,1726,3994,,,Cheryl Ladies Ultra Wide Sandal,CHERYL-NAVY-9
1390,1105,,19.1400,0.0000,1.0000,2012,3996,,,Doreen Ladies Ultra Wide Slipper,DOREEN-WINE-8
1391,1105,,20.1000,0.0000,1.0000,1023,3998,,,Selina Ladies Extra Wide Slipper,SELINA-BLK.SPARK-8
1392,1106,,19.1400,0.0000,1.0000,1015,4000,,,Sadie Ladies Extra Wide Slippers,SADIE-NAVY.FERN-9
1393,1107,,43.1000,0.0000,1.0000,265,4002,,,Filton Ladies Extra Wide Shoe,FILTON-BLACK-5
1394,1108,,19.1400,0.0000,1.0000,942,4004,,,Dora Ladies Ultra Wide Canvas Sandal,DORA-BEIGE-6
1395,1109,,19.1400,0.0000,1.0000,2012,4006,,,Doreen Ladies Ultra Wide Slipper,DOREEN-WINE-6
1396,1110,,47.8900,0.0000,1.0000,1979,4008,,,Tom Men's Extra Wide Shoe,TOM-BLACK-7
1397,1110,,47.8900,0.0000,1.0000,1979,4010,,,Tom Men's Extra Wide Shoe,TOM-BLACK-8
1398,1111,,20.1000,0.0000,1.0000,1023,4012,,,Selina Ladies Extra Wide Slipper,SELINA-NAVY.SPARK-6
1399,1112,,20.5800,0.0000,1.0000,1437,4014,,,Gary Men's Extra Wide Bootie Slipper,GARY-GREY.CHEV-12
1400,1113,,19.1400,0.0000,1.0000,942,4018,,,Dora Ladies Ultra Wide Canvas Sandal,DORA-BEIGE-6
1401,1114,,43.1000,0.0000,1.0000,1504,4024,,,Easham Ladies Extra Wide Shoe,EASHAM-BLACK-3
1402,1115,,19.1400,0.0000,1.0000,1015,4026,,,Sadie Ladies Extra Wide Slippers,SADIE-WINE.FERN-6
1403,1116,,20.1000,0.0000,1.0000,1023,4032,,,Selina Ladies Extra Wide Slipper,SELINA-NAVY.SPARK-4
1404,1117,,23.4500,0.0000,1.0000,958,3984,,,Mary Ladies Extra Wide Lightweight Shoe,MARY-NAVY-6
1405,1118,,43.1000,0.0000,1.0000,265,4016,,,Filton Ladies Extra Wide Shoe,FILTON-RED.BUR.PA-7
1406,1119,,19.1400,0.0000,1.0000,942,4042,,,Dora Ladies Ultra Wide Canvas Sandal,DORA-DENIM-4
1407,1120,,20.1000,0.0000,1.0000,1023,4046,,,Selina Ladies Extra Wide Slipper,SELINA-BLK.SPARK-7
1408,1121,,23.4500,0.0000,1.0000,958,4038,,,Mary Ladies Extra Wide Lightweight Shoe,MARY-NAVY-5
1409,1122,,19.4100,0.0000,1.0000,1424,4040,,,Steve Men's Extra Wide Slipper,STEVE-NAVY.CHEV-9
1410,1123,,20.5800,0.0000,1.0000,1437,4053,,,Gary Men's Extra Wide Bootie Slipper,GARY-NAVY.CHEV-12
1411,1124,,40.7000,0.0000,1.0000,481,4020,,,Cara Ladies Ultra Wide Sandal,CARA-IVORY-7
1412,1124,,19.1400,0.0000,1.0000,942,4022,,,Dora Ladies Ultra Wide Canvas Sandal,DORA-BEIGE-7
1413,1125,,43.1000,0.0000,1.0000,2129,4036,,,Fenwick Ladies Extra Wide Shoe,FENWICK-BLACK-7
1414,1126,,45.5000,0.0000,1.0000,1388,4044,,,Terry Men's Extra Wide Shoe,TERRY-BLACK-9
1415,1127,,19.4100,0.0000,1.0000,1091,4055,,,Sophie Ladies Extra Wide Slipper,SOPHIE-NAVY-7
1416,1128,,26.1000,0.0000,1.0000,1137,4051,,,Wendy Ladies Extra Wide Open-Flat Slipper,WENDY-NAVY.COMB-7
1417,1129,,19.9300,0.0000,1.0000,1023,4034,,,Selina Ladies Extra Wide Slipper,SELINA-BLK.SPARK-6
1418,1130,,39.2700,0.0000,1.0000,1726,4057,,,Cheryl Ladies Ultra Wide Sandal,CHERYL-STONE.PEAR-4
1419,1131,,40.7000,0.0000,1.0000,1768,4061,,,Carrie Ladies Ultra Wide Sandal,CARRIE-ROYAL.FL-6
1420,1132,,8.1000,0.0000,1.0000,2394,4063,,,FeatherTop Extra Wide Cotton Socks,FEATHERTOP.COTTON-BLACK-M
1421,1132,,8.1000,0.0000,1.0000,2394,4065,,,FeatherTop Extra Wide Cotton Socks,FEATHERTOP.COTTON-NAVY-M
1422,1133,,19.4100,0.0000,1.0000,1424,4067,,,Steve Men's Extra Wide Slipper,STEVE-BR.CHEV-6
1423,1134,,47.8900,0.0000,1.0000,883,4069,,,Bali Ladies Extra Wide Boot,BALI-BROWN-5
1424,1135,,43.1000,0.0000,1.0000,333,4073,,,Farlow Ladies Extra Wide Shoe,FARLOW-ROYAL-4
1425,1136,,23.4500,0.0000,1.0000,958,4075,,,Mary Ladies Extra Wide Lightweight Shoe,MARY-NAVY-7
1426,1137,,19.1400,0.0000,1.0000,942,4071,,,Dora Ladies Ultra Wide Canvas Sandal,DORA-DENIM-7
1427,1138,,20.1000,0.0000,1.0000,1023,4089,,,Selina Ladies Extra Wide Slipper,SELINA-NAVY.SPARK-5
1428,1139,,19.1400,0.0000,1.0000,2012,4077,,,Doreen Ladies Ultra Wide Slipper,DOREEN-WINE-8
1429,1140,,44.5400,0.0000,1.0000,663,4079,,,Fargo Ladies Extra Wide Shoe,FARGO-BR.PRINT-5
1430,1141,,20.5800,0.0000,1.0000,1437,4081,,,Gary Men's Extra Wide Bootie Slipper,GARY-GREY.CHEV-10
1431,1142,,18.9800,0.0000,1.0000,1015,4085,,,Sadie Ladies Extra Wide Slippers,SADIE-WINE.FERN-4
1432,1142,,18.9800,0.0000,1.0000,1015,4087,,,Sadie Ladies Extra Wide Slippers,SADIE-WINE.FERN-5
1433,1143,,43.1000,0.0000,1.0000,265,4095,,,Filton Ladies Extra Wide Shoe,FILTON-BLACK-8
1434,1143,,40.7000,0.0000,1.0000,481,4097,,,Cara Ladies Ultra Wide Sandal,CARA-GREY-8
1435,1143,,39.2700,0.0000,1.0000,1726,4099,,,Cheryl Ladies Ultra Wide Sandal,CHERYL-NAVY-8
1436,1144,,45.5000,0.0000,1.0000,1361,4093,,,Tony Men's Extra Wide Shoe,TONY-BLACK-10
1437,1145,,20.4000,0.0000,1.0000,1437,4091,,,Gary Men's Extra Wide Bootie Slipper,GARY-BROWN-8
1438,1146,,19.1400,0.0000,1.0000,1015,4101,,,Sadie Ladies Extra Wide Slippers,SADIE-NAVY.FERN-8
1439,1147,,43.1000,0.0000,1.0000,1504,4111,,,Easham Ladies Extra Wide Shoe,EASHAM-BLACK-8
1440,1148,,19.1400,0.0000,1.0000,973,4117,,,Tracy Ladies Extra Wide Canvas,TRACY-DENIM-9
1441,1148,,40.7000,0.0000,1.0000,1768,4119,,,Carrie Ladies Ultra Wide Sandal,CARRIE-TAN-9
1442,1149,,47.8900,0.0000,1.0000,1342,4105,,,Percy Men's Extra Wide Deck Shoe,PERCY-NAVY/BROWN-8
1443,1150,,20.1000,0.0000,1.0000,1023,4109,,,Selina Ladies Extra Wide Slipper,SELINA-NAVY.SPARK-7
1444,1151,,19.1400,0.0000,1.0000,1015,4103,,,Sadie Ladies Extra Wide Slippers,SADIE-NAVY.FERN-8
1445,1152,,20.5800,0.0000,1.0000,927,4121,,,Sue Ladies Extra Wide Lightweight Shoe,SUE-BLK.MET-5
1446,1153,,19.4100,0.0000,1.0000,1424,4107,,,Steve Men's Extra Wide Slipper,STEVE-NAVY.CHEV-10
1447,1154,,19.2400,0.0000,1.0000,1424,4125,,,Steve Men's Extra Wide Slipper,STEVE-NAVY.CHEV-11
1448,1155,,20.4000,0.0000,1.0000,1629,4123,,,Vera Ladies Extra Wide Bootie Slipper,VERA-CHAR.POLKA-6
1449,1156,,48.7200,0.0000,1.0000,265,4127,,,Filton Ladies Extra Wide Shoe,FILTON-BLK.PAT-5
1450,1156,,48.7200,0.0000,1.0000,265,4129,,,Filton Ladies Extra Wide Shoe,FILTON-BLK.PAT-6
1451,1156,,48.7200,0.0000,1.0000,265,4131,,,Filton Ladies Extra Wide Shoe,FILTON-NAVY.PAT-7
1452,1157,,19.4100,0.0000,1.0000,1424,4139,,,Steve Men's Extra Wide Slipper,STEVE-BR.CHEV-10
1453,1158,,40.7000,0.0000,1.0000,481,4133,,,Cara Ladies Ultra Wide Sandal,CARA-GREY-8
1454,1158,,39.2700,0.0000,1.0000,1726,4135,,,Cheryl Ladies Ultra Wide Sandal,CHERYL-NAVY-8
1455,1158,,40.7000,0.0000,1.0000,481,4137,,,Cara Ladies Ultra Wide Sandal,CARA-IVORY-8
1456,1159,,47.8900,0.0000,1.0000,912,4141,,,Bolton Ladies Extra Wide Boot,BOLTON-BLACK-6
1457,1160,,19.4100,0.0000,1.0000,1424,4113,,,Steve Men's Extra Wide Slipper,STEVE-GREY.CHEV-6
1458,1160,,39.2700,0.0000,1.0000,1726,4115,,,Cheryl Ladies Ultra Wide Sandal,CHERYL-BLK.PAT-6
1459,1161,,20.5800,0.0000,1.0000,927,4147,,,Sue Ladies Extra Wide Lightweight Shoe,SUE-BLK.MET-7
1460,1162,,44.5400,0.0000,1.0000,1521,4143,,,Farden Ladies Extra Wide Shoe,FARDEN-BLACK-7
1461,1163,,44.5400,0.0000,1.0000,1521,4145,,,Farden Ladies Extra Wide Shoe,FARDEN-BLACK-5
1462,1164,,19.1400,0.0000,1.0000,942,4149,,,Dora Ladies Ultra Wide Canvas Sandal,DORA-DENIM-8
1463,1165,,43.1000,0.0000,1.0000,333,4151,,,Farlow Ladies Extra Wide Shoe,FARLOW-ROYAL-5
1464,1166,,43.1000,0.0000,1.0000,1872,4153,,,Eden Ladies Extra Wide Shoe,EDEN-PLAT.FIZZ-6
1465,1167,,19.4100,0.0000,1.0000,1424,4155,,,Steve Men's Extra Wide Slipper,STEVE-GREY.CHEV-10
1466,1167,,19.4100,0.0000,1.0000,1424,4157,,,Steve Men's Extra Wide Slipper,STEVE-GREY.CHEV-11
1467,1168,,20.5800,0.0000,1.0000,927,4159,,,Sue Ladies Extra Wide Lightweight Shoe,SUE-BEIGE.MET-5
1468,1169,,19.4100,0.0000,1.0000,1424,4161,,,Steve Men's Extra Wide Slipper,STEVE-GREY.CHEV-11
1469,1170,,40.7000,0.0000,1.0000,481,4163,,,Cara Ladies Ultra Wide Sandal,CARA-IVORY-6
1470,1171,,20.1000,0.0000,1.0000,1023,4199,,,Selina Ladies Extra Wide Slipper,SELINA-NAVY.SPARK-7
1471,1172,,43.1000,0.0000,1.0000,348,4201,,,Falmer Ladies Extra Wide Shoe,FALMER-GREY.SP-3
1472,1172,,43.1000,0.0000,1.0000,480,4203,,,Foxton Ladies Extra Wide Shoe,FOXTON-PEWTER-3
1473,1173,,47.4800,0.0000,1.0000,1396,4207,,,Brett Men's Extra Wide Boot,BRETT-BLACK-9.5
1474,1174,,19.1400,0.0000,1.0000,1015,4171,,,Sadie Ladies Extra Wide Slippers,SADIE-NAVY.FERN-3
1475,1174,,19.1400,0.0000,1.0000,1015,4173,,,Sadie Ladies Extra Wide Slippers,SADIE-WINE.FERN-3
1476,1174,,19.1400,0.0000,1.0000,973,4175,,,Tracy Ladies Extra Wide Canvas,TRACY-BEIGE-3
1477,1174,,19.1400,0.0000,1.0000,973,4177,,,Tracy Ladies Extra Wide Canvas,TRACY-DENIM-3
1478,1175,,19.2400,0.0000,1.0000,1091,4209,,,Sophie Ladies Extra Wide Slipper,SOPHIE-GREY.HEART-9
1479,1176,,47.4800,0.0000,1.0000,912,4211,,,Bolton Ladies Extra Wide Boot,BOLTON-BLACK-5
1480,1177,,26.1000,0.0000,1.0000,1487,4213,,,Walter Men's Extra Wide Open Flat Slipper,WALTER-BLACK-9
1481,1178,,23.4500,0.0000,1.0000,958,4187,,,Mary Ladies Extra Wide Lightweight Shoe,MARY-NAVY-6
1482,1179,,19.4100,0.0000,1.0000,1424,4185,,,Steve Men's Extra Wide Slipper,STEVE-NAVY.CHEV-10
1483,1180,,43.1000,0.0000,1.0000,2129,4169,,,Fenwick Ladies Extra Wide Shoe,FENWICK-BLACK-6
1484,1181,,43.1000,0.0000,1.0000,348,4193,,,Falmer Ladies Extra Wide Shoe,FALMER-PLAT.FL-8
1485,1182,,43.1000,0.0000,1.0000,348,4165,,,Falmer Ladies Extra Wide Shoe,FALMER-GREY.SP-8
1486,1183,,19.4100,0.0000,1.0000,1091,4183,,,Sophie Ladies Extra Wide Slipper,SOPHIE-NAVY-8
1487,1184,,40.7000,0.0000,1.0000,1768,4167,,,Carrie Ladies Ultra Wide Sandal,CARRIE-TAN-6
1488,1185,,19.2400,0.0000,1.0000,1424,4191,,,Steve Men's Extra Wide Slipper,STEVE-NAVY.CHEV-13
1489,1186,,19.9300,0.0000,1.0000,1174,4181,,,Val Ladies Extra Wide Bootie Slipper,VAL-NAVY-5
1490,1187,,26.1000,0.0000,1.0000,2756,4179,,,Sam Unisex Extra Wide Stretch Slipper,SAM-BLACK-8
1491,1188,,19.2400,0.0000,1.0000,1091,4189,,,Sophie Ladies Extra Wide Slipper,SOPHIE-NAVY.SPARK-4
1492,1189,,26.1000,0.0000,1.0000,2756,4215,,,Sam Unisex Extra Wide Stretch Slipper,SAM-BLACK-5
1493,1190,,47.8900,0.0000,1.0000,912,4217,,,Bolton Ladies Extra Wide Boot,BOLTON-BLACK-6
1494,1191,,19.9300,0.0000,1.0000,1023,4219,,,Selina Ladies Extra Wide Slipper,SELINA-BLK.SPARK-9
1495,1192,,20.5800,0.0000,2.0000,927,4221,,,Sue Ladies Extra Wide Lightweight Shoe,SUE-BLK.MET-9
1496,1192,,20.5800,0.0000,1.0000,927,4223,,,Sue Ladies Extra Wide Lightweight Shoe,SUE-BLK.MET-8
1497,1192,,20.1000,0.0000,1.0000,1174,4225,,,Val Ladies Extra Wide Bootie Slipper,VAL-BLACK-8
1498,1193,,19.9300,0.0000,1.0000,1174,4227,,,Val Ladies Extra Wide Bootie Slipper,VAL-WINE.FERN-8
1499,1194,,19.2400,0.0000,1.0000,1091,4195,,,Sophie Ladies Extra Wide Slipper,SOPHIE-GREY.HEART-7
1500,1195,,39.2700,0.0000,1.0000,1726,4229,,,Cheryl Ladies Ultra Wide Sandal,CHERYL-BLK.PAT-6
1501,1196,,26.3300,0.0000,1.0000,1463,4231,,,Sampson Men's Extra Wide Bellows Slipper,SAMPSON-BLACK-9
1502,1196,,19.4100,0.0000,1.0000,1424,4233,,,Steve Men's Extra Wide Slipper,STEVE-GREY.CHEV-9
1503,1196,,20.5800,0.0000,1.0000,1437,4235,,,Gary Men's Extra Wide Bootie Slipper,GARY-NAVY.CHEV-9
1504,1197,,23.4500,0.0000,1.0000,958,4237,,,Mary Ladies Extra Wide Lightweight Shoe,MARY-NAVY-6
1505,1198,,20.4000,0.0000,1.0000,1437,4239,,,Gary Men's Extra Wide Bootie Slipper,GARY-NAVY.CHEV-9
1506,1199,,20.5800,0.0000,1.0000,927,4241,,,Sue Ladies Extra Wide Lightweight Shoe,SUE-BLK.MET-6
1507,1200,,40.7000,0.0000,1.0000,1600,4259,,,Coral Ladies Ultra Wide Sandal,CORAL-IVORY-5
1508,1201,,19.1400,0.0000,1.0000,973,4261,,,Tracy Ladies Extra Wide Canvas,TRACY-DENIM-8
1509,1202,,19.1400,0.0000,1.0000,942,4263,,,Dora Ladies Ultra Wide Canvas Sandal,DORA-BEIGE-4
1510,1203,,21.6400,0.0000,1.0000,942,4265,,,Dora Ladies Ultra Wide Canvas Sandal,DORA-DENIM-8
1511,1204,,19.4100,0.0000,1.0000,1424,4267,,,Steve Men's Extra Wide Slipper,STEVE-NAVY.CHEV-10
1512,1205,,20.1000,0.0000,1.0000,1023,4269,,,Selina Ladies Extra Wide Slipper,SELINA-BLK.SPARK-6
1513,1206,,44.5400,0.0000,1.0000,663,4271,,,Fargo Ladies Extra Wide Shoe,FARGO-BLK.PRINT-5
1514,1207,,19.1400,0.0000,1.0000,1015,4273,,,Sadie Ladies Extra Wide Slippers,SADIE-NAVY.FERN-8
1515,1208,,19.1400,0.0000,1.0000,973,4275,,,Tracy Ladies Extra Wide Canvas,TRACY-BEIGE-5
1516,1209,,40.7000,0.0000,1.0000,1600,4279,,,Coral Ladies Ultra Wide Sandal,CORAL-IVORY-5
1517,1210,,19.4100,0.0000,1.0000,1424,4281,,,Steve Men's Extra Wide Slipper,STEVE-NAVY.CHEV-10
1518,1211,,21.9400,0.0000,1.0000,1091,4243,,,Sophie Ladies Extra Wide Slipper,SOPHIE-GREY.HEART-7
1519,1211,,21.9400,0.0000,1.0000,1424,4245,,,Steve Men's Extra Wide Slipper,STEVE-BR.CHEV-10
1520,1211,,5.9300,0.0000,1.0000,2422,4247,,,FeatherTop Extra Wide Cushioned Socks,FEATHERTOP.CUSHIONED-GREY-L
1521,1211,,8.1000,0.0000,1.0000,2394,4249,,,FeatherTop Extra Wide Cotton Socks,FEATHERTOP.COTTON-ROSE.LILAC-M
1522,1211,,8.1000,0.0000,1.0000,2394,4251,,,FeatherTop Extra Wide Cotton Socks,FEATHERTOP.COTTON-ROSE.LILAC-S
1523,1211,,8.1000,0.0000,1.0000,2394,4253,,,FeatherTop Extra Wide Cotton Socks,FEATHERTOP.COTTON-NAVY-L
1524,1211,,8.1000,0.0000,1.0000,2394,4255,,,FeatherTop Extra Wide Cotton Socks,FEATHERTOP.COTTON-NAVY-M
1525,1211,,8.1000,0.0000,1.0000,2394,4257,,,FeatherTop Extra Wide Cotton Socks,FEATHERTOP.COTTON-NAVY-S
1526,1212,,23.4500,0.0000,1.0000,958,4277,,,Mary Ladies Extra Wide Lightweight Shoe,MARY-NAVY-6
1527,1213,,8.1000,0.0000,1.0000,2394,4283,,,FeatherTop Extra Wide Cotton Socks,FEATHERTOP.COTTON-BLACK-M
1528,1213,,8.1000,0.0000,1.0000,2394,4285,,,FeatherTop Extra Wide Cotton Socks,FEATHERTOP.COTTON-GREY-M
1529,1213,,8.1000,0.0000,1.0000,2394,4287,,,FeatherTop Extra Wide Cotton Socks,FEATHERTOP.COTTON-NAVY-M
1530,1213,,8.1000,0.0000,1.0000,2394,4289,,,FeatherTop Extra Wide Cotton Socks,FEATHERTOP.COTTON-OATMEAL-M
1531,1214,,43.1000,0.0000,1.0000,1504,4291,,,Easham Ladies Extra Wide Shoe,EASHAM-BLACK-6.5
1532,1215,,8.1000,0.0000,1.0000,2394,4299,,,FeatherTop Extra Wide Cotton Socks,FEATHERTOP.COTTON-BLACK-M
1533,1215,,8.1000,0.0000,1.0000,2394,4301,,,FeatherTop Extra Wide Cotton Socks,FEATHERTOP.COTTON-GREY-M
1534,1216,,40.7000,0.0000,1.0000,481,4305,,,Cara Ladies Ultra Wide Sandal,CARA-IVORY-8
1535,1217,,19.1400,0.0000,1.0000,1015,4303,,,Sadie Ladies Extra Wide Slippers,SADIE-WINE.FERN-6
1536,1218,,39.2700,0.0000,1.0000,1726,4307,,,Cheryl Ladies Ultra Wide Sandal,CHERYL-NAVY-7
1537,1219,,19.4100,0.0000,1.0000,1091,4309,,,Sophie Ladies Extra Wide Slipper,SOPHIE-NAVY-8
1538,1220,,26.3300,0.0000,1.0000,1487,4311,,,Walter Men's Extra Wide Open Flat Slipper,WALTER-BLACK-8
1539,1221,,19.1400,0.0000,1.0000,942,4325,,,Dora Ladies Ultra Wide Canvas Sandal,DORA-BEIGE-4
1540,1222,,19.1400,0.0000,1.0000,1015,4317,,,Sadie Ladies Extra Wide Slippers,SADIE-WINE.FERN-5
1541,1223,,19.1400,0.0000,1.0000,1015,4321,,,Sadie Ladies Extra Wide Slippers,SADIE-WINE.FERN-6
1542,1223,,44.5400,0.0000,1.0000,663,4323,,,Fargo Ladies Extra Wide Shoe,FARGO-BLK.PRINT-6
1543,1224,,19.1400,0.0000,1.0000,1015,4319,,,Sadie Ladies Extra Wide Slippers,SADIE-NAVY.FERN-8
1544,1225,,40.7000,0.0000,1.0000,733,4331,,,Wardale Ladies Extra Wide Shoe,WARDALE-BLACK-6
1545,1226,,26.3300,0.0000,1.0000,1463,4315,,,Sampson Men's Extra Wide Bellows Slipper,SAMPSON-BLACK-11
1546,1227,,47.8900,0.0000,1.0000,883,4327,,,Bali Ladies Extra Wide Boot,BALI-BLK.PAT.PR-7
1547,1228,,47.8900,0.0000,1.0000,1809,4329,,,Todd Men's Extra Wide Shoe,TODD-BROWN-9
1548,1229,,19.9300,0.0000,1.0000,1023,4341,,,Selina Ladies Extra Wide Slipper,SELINA-BLK.SPARK-7
1549,1230,,18.9800,0.0000,1.0000,973,4333,,,Tracy Ladies Extra Wide Canvas,TRACY-BEIGE-5
1550,1231,,19.9300,0.0000,1.0000,1174,4335,,,Val Ladies Extra Wide Bootie Slipper,VAL-NAVY.FERN-7
1551,1232,,19.2400,0.0000,1.0000,1091,4343,,,Sophie Ladies Extra Wide Slipper,SOPHIE-NAVY.SPARK-5
1552,1233,,48.7200,0.0000,1.0000,348,4313,,,Falmer Ladies Extra Wide Shoe,FALMER-CHER.PRI-7
1553,1234,,19.4100,0.0000,1.0000,1424,4361,,,Steve Men's Extra Wide Slipper,STEVE-GREY.CHEV-7
1554,1235,,19.4100,0.0000,1.0000,1424,4349,,,Steve Men's Extra Wide Slipper,STEVE-NAVY.CHEV-11
1555,1236,,43.1000,0.0000,1.0000,2129,4351,,,Fenwick Ladies Extra Wide Shoe,FENWICK-BLACK-6
1556,1237,,20.1000,0.0000,1.0000,1174,4363,,,Val Ladies Extra Wide Bootie Slipper,VAL-BLACK-5
1557,1238,,19.2400,0.0000,1.0000,1091,4347,,,Sophie Ladies Extra Wide Slipper,SOPHIE-NAVY-6
1558,1239,,21.6400,0.0000,1.0000,942,4337,,,Dora Ladies Ultra Wide Canvas Sandal,DORA-BEIGE-7
1559,1239,,21.6400,0.0000,1.0000,942,4339,,,Dora Ladies Ultra Wide Canvas Sandal,DORA-DENIM-7
1560,1240,,8.1000,0.0000,2.0000,2394,4353,,,FeatherTop Extra Wide Cotton Socks,FEATHERTOP.COTTON-BLACK-M
1561,1240,,8.1000,0.0000,2.0000,2394,4355,,,FeatherTop Extra Wide Cotton Socks,FEATHERTOP.COTTON-GREY-M
1562,1240,,8.1000,0.0000,2.0000,2394,4357,,,FeatherTop Extra Wide Cotton Socks,FEATHERTOP.COTTON-NAVY-M
1563,1240,,8.1000,0.0000,1.0000,2394,4359,,,FeatherTop Extra Wide Cotton Socks,FEATHERTOP.COTTON-BLACK-S
1564,1241,,18.9800,0.0000,1.0000,2012,4367,,,Doreen Ladies Ultra Wide Slipper,DOREEN-WINE-7
1565,1242,,18.9800,0.0000,1.0000,942,4369,,,Dora Ladies Ultra Wide Canvas Sandal,DORA-DENIM-7
1566,1243,,45.0200,0.0000,1.0000,1651,4371,,,Ted Men's Ultra Wide Open Shoe,TED-BROWN-6
1567,1244,,40.7000,0.0000,1.0000,1306,4373,,,Nathan Men's Ultra Wide Sandal,NATHAN-BROWN-9
1568,1245,,40.7000,0.0000,1.0000,733,4375,,,Wardale Ladies Extra Wide Shoe,WARDALE-BLACK-6
1569,1246,,43.1000,0.0000,1.0000,480,4377,,,Foxton Ladies Extra Wide Shoe,FOXTON-PEWTER-8
1570,1246,,43.1000,0.0000,1.0000,694,4379,,,Forton Ladies Extra Wide Shoe,FORTON-IVORY.PR-8
1571,1247,,45.5000,0.0000,1.0000,1361,4381,,,Tony Men's Extra Wide Shoe,TONY-BROWN-11
1572,1248,,43.1000,0.0000,1.0000,867,4383,,,Zurich Ladies Ultra Wide Shoe,ZURICH-BLACK-4
1573,1249,,38.9300,0.0000,1.0000,1726,4197,,,Cheryl Ladies Ultra Wide Sandal,CHERYL-PLAT.FL-4
1574,1250,,19.4100,0.0000,1.0000,1424,4385,,,Steve Men's Extra Wide Slipper,STEVE-BR.CHEV-8
1575,1250,,47.8900,0.0000,1.0000,1332,4387,,,Tully Men's Extra Wide Shoe,TULLY-BROWN-8
1576,1251,,19.4100,0.0000,1.0000,1091,4389,,,Sophie Ladies Extra Wide Slipper,SOPHIE-NAVY-7
1577,1252,,27.7700,0.0000,1.0000,1471,4391,,,Wesley Men's Extra Wide Open-Flat PU Slipper,WESLEY-BLACK-12
1578,1253,,19.1400,0.0000,1.0000,942,4413,,,Dora Ladies Ultra Wide Canvas Sandal,DORA-DENIM-4
1579,1253,,19.1400,0.0000,1.0000,942,4415,,,Dora Ladies Ultra Wide Canvas Sandal,DORA-BEIGE-5
1580,1254,,19.1400,0.0000,1.0000,1015,4411,,,Sadie Ladies Extra Wide Slippers,SADIE-GREY.FERN-7
1581,1255,,20.5800,0.0000,1.0000,1437,4393,,,Gary Men's Extra Wide Bootie Slipper,GARY-NAVY.CHEV-9
1582,1256,,19.9300,0.0000,1.0000,1023,4407,,,Selina Ladies Extra Wide Slipper,SELINA-NAVY.SPARK-3
1583,1256,,20.4000,0.0000,1.0000,927,4409,,,Sue Ladies Extra Wide Lightweight Shoe,SUE-BEIGE.MET-3
1584,1257,,19.2400,0.0000,1.0000,1091,4403,,,Sophie Ladies Extra Wide Slipper,SOPHIE-GREY.HEART-9
1585,1258,,19.2400,0.0000,1.0000,1091,4397,,,Sophie Ladies Extra Wide Slipper,SOPHIE-NAVY-5
1586,1259,,20.4000,0.0000,1.0000,1629,4395,,,Vera Ladies Extra Wide Bootie Slipper,VERA-CHAR.POLKA-3
1587,1260,,19.9300,0.0000,1.0000,1174,4405,,,Val Ladies Extra Wide Bootie Slipper,VAL-NAVY.FERN-8
1588,1261,,18.9800,0.0000,1.0000,1015,4401,,,Sadie Ladies Extra Wide Slippers,SADIE-WINE.FERN-7
1589,1262,,26.3300,0.0000,1.0000,1487,4417,,,Walter Men's Extra Wide Open Flat Slipper,WALTER-BLACK-9
1590,1263,,19.2400,0.0000,1.0000,1091,4421,,,Sophie Ladies Extra Wide Slipper,SOPHIE-GREY.HEART-3
1591,1264,,48.7200,0.0000,1.0000,2129,4419,,,Fenwick Ladies Extra Wide Shoe,FENWICK-BRZ.PRINT-7
1592,1265,,23.4500,0.0000,1.0000,958,4439,,,Mary Ladies Extra Wide Lightweight Shoe,MARY-NAVY-7
1593,1266,,23.4500,0.0000,1.0000,958,4441,,,Mary Ladies Extra Wide Lightweight Shoe,MARY-NAVY-5
1594,1267,,43.1000,0.0000,1.0000,333,4427,,,Farlow Ladies Extra Wide Shoe,FARLOW-BEIGE-3
1595,1268,,43.1000,0.0000,1.0000,694,4435,,,Forton Ladies Extra Wide Shoe,FORTON-IVORY.PR-7
1596,1268,,43.1000,0.0000,1.0000,480,4437,,,Foxton Ladies Extra Wide Shoe,FOXTON-PEWTER-7
1597,1269,,40.7000,0.0000,1.0000,733,4429,,,Wardale Ladies Extra Wide Shoe,WARDALE-BLACK-5
1598,1270,,40.7000,0.0000,1.0000,806,4425,,,Welton Ladies Extra Wide Shoe,WELTON-BLACK-8
1599,1271,,19.4100,0.0000,1.0000,1424,4433,,,Steve Men's Extra Wide Slipper,STEVE-GREY.CHEV-10
1600,1272,,20.5800,0.0000,1.0000,1437,4445,,,Gary Men's Extra Wide Bootie Slipper,GARY-GREY.CHEV-8
1601,1273,,43.1000,0.0000,1.0000,348,4423,,,Falmer Ladies Extra Wide Shoe,FALMER-PLAT.FL-7
1602,1274,,45.5000,0.0000,1.0000,1361,4443,,,Tony Men's Extra Wide Shoe,TONY-BLACK-11
1603,1275,,44.5400,0.0000,1.0000,1378,4431,,,Travis Men's Extra Wide Stretch Shoe,TRAVIS-BLACK-9
1604,1276,,19.1400,0.0000,1.0000,1015,4449,,,Sadie Ladies Extra Wide Slippers,SADIE-GREY.FERN-4
1605,1277,,19.1400,0.0000,1.0000,1015,4451,,,Sadie Ladies Extra Wide Slippers,SADIE-NAVY.FERN-5
1606,1278,,43.1000,0.0000,1.0000,1504,4459,,,Easham Ladies Extra Wide Shoe,EASHAM-BLACK-5
1607,1279,,43.1000,0.0000,1.0000,1504,4453,,,Easham Ladies Extra Wide Shoe,EASHAM-BLACK-5
1608,1280,,44.5400,0.0000,1.0000,1378,4447,,,Travis Men's Extra Wide Stretch Shoe,TRAVIS-BLACK-10
1609,1281,,42.7300,0.0000,1.0000,265,4455,,,Filton Ladies Extra Wide Shoe,FILTON-BLK.PAT-5
1610,1282,,19.2400,0.0000,1.0000,1091,4457,,,Sophie Ladies Extra Wide Slipper,SOPHIE-NAVY-5
1611,1283,,43.1000,0.0000,1.0000,265,4461,,,Filton Ladies Extra Wide Shoe,FILTON-NAVY.PAT-4
1612,1284,,20.4000,0.0000,1.0000,1437,4463,,,Gary Men's Extra Wide Bootie Slipper,GARY-NAVY.CHEV-13
1613,1285,,26.1000,0.0000,1.0000,1137,4465,,,Wendy Ladies Extra Wide Open-Flat Slipper,WENDY-WINE.SWIRL-7
1614,1286,,18.9800,0.0000,1.0000,942,4467,,,Dora Ladies Ultra Wide Canvas Sandal,DORA-DENIM-8
1615,1287,,20.4000,0.0000,1.0000,927,4469,,,Sue Ladies Extra Wide Lightweight Shoe,SUE-BEIGE.MET-6
1616,1287,,19.9300,0.0000,1.0000,1174,4471,,,Val Ladies Extra Wide Bootie Slipper,VAL-NAVY.FERN-6
1617,1288,,19.4100,0.0000,1.0000,1424,4473,,,Steve Men's Extra Wide Slipper,STEVE-NAVY.CHEV-8
1618,1289,,45.5000,0.0000,1.0000,1388,4475,,,Terry Men's Extra Wide Shoe,TERRY-BLACK-8
1619,1290,,18.9800,0.0000,1.0000,942,4205,,,Dora Ladies Ultra Wide Canvas Sandal,DORA-BEIGE-7
1620,1291,,18.9800,0.0000,1.0000,2012,4481,,,Doreen Ladies Ultra Wide Slipper,DOREEN-WINE-7
1621,1292,,19.9300,0.0000,1.0000,1174,4479,,,Val Ladies Extra Wide Bootie Slipper,VAL-NAVY-5
1622,1293,,19.2400,0.0000,1.0000,1091,4477,,,Sophie Ladies Extra Wide Slipper,SOPHIE-GREY.HEART-8
1623,1294,,44.5400,0.0000,1.0000,663,4487,,,Fargo Ladies Extra Wide Shoe,FARGO-MULB.FL-4
1624,1295,,20.1000,0.0000,1.0000,1174,4489,,,Val Ladies Extra Wide Bootie Slipper,VAL-NAVY-7
1625,1296,,44.5400,0.0000,1.0000,663,4491,,,Fargo Ladies Extra Wide Shoe,FARGO-BLK.PRINT-4
1626,1297,,44.5400,0.0000,1.0000,663,4483,,,Fargo Ladies Extra Wide Shoe,FARGO-BR.PRINT-5
1627,1298,,47.8900,0.0000,1.0000,883,4485,,,Bali Ladies Extra Wide Boot,BALI-BLK.PAT.PR-7
1628,1299,,26.1000,0.0000,1.0000,1137,4493,,,Wendy Ladies Extra Wide Open-Flat Slipper,WENDY-WINE.SWIRL-4
1629,1300,,42.7300,0.0000,1.0000,333,4499,,,Farlow Ladies Extra Wide Shoe,FARLOW-BEIGE-3
1630,1300,,40.3500,0.0000,1.0000,806,4501,,,Welton Ladies Extra Wide Shoe,WELTON-BLACK-3
1631,1301,,18.9800,0.0000,1.0000,973,4497,,,Tracy Ladies Extra Wide Canvas,TRACY-DENIM-6
1632,1302,,19.2400,0.0000,1.0000,1091,4495,,,Sophie Ladies Extra Wide Slipper,SOPHIE-GREY.HEART-9
1633,1303,,44.5400,0.0000,1.0000,1521,4503,,,Farden Ladies Extra Wide Shoe,FARDEN-BLACK-4
1634,1304,,19.1400,0.0000,1.0000,1015,4505,,,Sadie Ladies Extra Wide Slippers,SADIE-WINE.FERN-7
1635,1305,,19.1400,0.0000,1.0000,942,4507,,,Dora Ladies Ultra Wide Canvas Sandal,DORA-DENIM-4
1636,1306,,44.5400,0.0000,1.0000,663,4509,,,Fargo Ladies Extra Wide Shoe,FARGO-BLK.PRINT-6.5
1637,1306,,43.1000,0.0000,1.0000,694,4511,,,Forton Ladies Extra Wide Shoe,FORTON-IVORY.PR-6.5
1638,1307,,43.1000,0.0000,1.0000,265,4513,,,Filton Ladies Extra Wide Shoe,FILTON-BLACK-6
1639,1307,,43.1000,0.0000,1.0000,265,4515,,,Filton Ladies Extra Wide Shoe,FILTON-BLACK-6.5
1640,1308,,40.7000,0.0000,1.0000,733,4517,,,Wardale Ladies Extra Wide Shoe,WARDALE-BLACK-5
1641,1309,,26.3300,0.0000,1.0000,1137,4519,,,Wendy Ladies Extra Wide Open-Flat Slipper,WENDY-WINE.SWIRL-5
1642,1310,,47.8900,0.0000,1.0000,1342,4521,,,Percy Men's Extra Wide Deck Shoe,PERCY-BROWN-10.5
1643,1311,,20.1000,0.0000,1.0000,1174,4523,,,Val Ladies Extra Wide Bootie Slipper,VAL-NAVY.FERN-8
1644,1312,,23.2500,0.0000,1.0000,958,4345,,,Mary Ladies Extra Wide Lightweight Shoe,MARY-NAVY-6
1645,1313,,23.2500,0.0000,1.0000,958,4399,,,Mary Ladies Extra Wide Lightweight Shoe,MARY-NAVY-6
1646,1314,,19.2400,0.0000,1.0000,1091,4525,,,Sophie Ladies Extra Wide Slipper,SOPHIE-NAVY.SPARK-5
1647,1315,,26.1000,0.0000,1.0000,2756,4527,,,Sam Unisex Extra Wide Stretch Slipper,SAM-BLACK-5
1648,1316,,44.1500,0.0000,1.0000,1378,4529,,,Travis Men's Extra Wide Stretch Shoe,TRAVIS-BLACK-11
1649,1317,,19.2400,0.0000,1.0000,1091,4531,,,Sophie Ladies Extra Wide Slipper,SOPHIE-NAVY.SPOT-6
1650,1317,,19.2400,0.0000,1.0000,1091,4533,,,Sophie Ladies Extra Wide Slipper,SOPHIE-GREY.HEART-6
1651,1318,,26.3300,0.0000,1.0000,1137,4535,,,Wendy Ladies Extra Wide Open-Flat Slipper,WENDY-BLK.SWIRL-8
1652,1319,,20.1000,0.0000,1.0000,1174,4537,,,Val Ladies Extra Wide Bootie Slipper,VAL-NAVY-6
1653,1320,,44.5400,0.0000,1.0000,663,4543,,,Fargo Ladies Extra Wide Shoe,FARGO-BLK.PRINT-6.5
1654,1321,,20.1000,0.0000,1.0000,1023,4539,,,Selina Ladies Extra Wide Slipper,SELINA-NAVY.SPARK-7
1655,1322,,43.1000,0.0000,1.0000,265,4541,,,Filton Ladies Extra Wide Shoe,FILTON-RED.BUR.PA-8
1656,1323,,39.2700,0.0000,1.0000,1726,4561,,,Cheryl Ladies Ultra Wide Sandal,CHERYL-NAVY-5
1657,1324,,18.9800,0.0000,1.0000,942,4563,,,Dora Ladies Ultra Wide Canvas Sandal,DORA-DENIM-7
1658,1325,,19.4100,0.0000,1.0000,1091,4565,,,Sophie Ladies Extra Wide Slipper,SOPHIE-NAVY-5
1659,1326,,40.7000,0.0000,1.0000,733,4567,,,Wardale Ladies Extra Wide Shoe,WARDALE-BLACK-6
1660,1327,,47.8900,0.0000,1.0000,1342,4555,,,Percy Men's Extra Wide Deck Shoe,PERCY-BROWN-9
1661,1328,,19.9300,0.0000,1.0000,1023,4559,,,Selina Ladies Extra Wide Slipper,SELINA-NAVY.SPARK-5
1662,1329,,19.9300,0.0000,1.0000,1023,4553,,,Selina Ladies Extra Wide Slipper,SELINA-NAVY.SPARK-6
1663,1330,,20.4000,0.0000,1.0000,927,4547,,,Sue Ladies Extra Wide Lightweight Shoe,SUE-BLK.MET-6
1664,1331,,20.4000,0.0000,1.0000,1629,4549,,,Vera Ladies Extra Wide Bootie Slipper,VERA-CHAR.POLKA-4
1665,1332,,20.4000,0.0000,1.0000,1629,4557,,,Vera Ladies Extra Wide Bootie Slipper,VERA-CHAR.POLKA-7
1666,1333,,19.2400,0.0000,1.0000,1091,4551,,,Sophie Ladies Extra Wide Slipper,SOPHIE-NAVY.SPOT-5
1667,1334,,42.7300,0.0000,1.0000,875,4545,,,Zinder Ladies Ultra Wide Shoe,ZINDER-BLACK-7
1668,1335,,19.4100,0.0000,1.0000,1091,4569,,,Sophie Ladies Extra Wide Slipper,SOPHIE-NAVY-7
1669,1336,,20.1000,0.0000,1.0000,1023,4571,,,Selina Ladies Extra Wide Slipper,SELINA-BLK.SPARK-7
1670,1337,,20.1000,0.0000,1.0000,1174,4573,,,Val Ladies Extra Wide Bootie Slipper,VAL-NAVY.FERN-8
1671,1338,,27.7700,0.0000,1.0000,1471,4579,,,Wesley Men's Extra Wide Open-Flat PU Slipper,WESLEY-BLACK-6
1672,1339,,19.1400,0.0000,1.0000,973,4575,,,Tracy Ladies Extra Wide Canvas,TRACY-BEIGE-7
1673,1339,,19.1400,0.0000,1.0000,942,4577,,,Dora Ladies Ultra Wide Canvas Sandal,DORA-DENIM-7
1674,1340,,43.1000,0.0000,1.0000,2129,4581,,,Fenwick Ladies Extra Wide Shoe,FENWICK-BRZ.PRINT-5
1675,1341,,19.9300,0.0000,1.0000,1023,4585,,,Selina Ladies Extra Wide Slipper,SELINA-NAVY.SPARK-8
1676,1342,,42.7300,0.0000,1.0000,480,4583,,,Foxton Ladies Extra Wide Shoe,FOXTON-PEWTER-8
1677,1343,,47.8900,0.0000,1.0000,1322,4589,,,Trent Men's Extra Wide Shoe,TRENT-BLACK-8
1678,1344,,41.6600,0.0000,1.0000,834,4587,,,Walmer Ladies Extra Wide Stretch Shoe,WALMER-BLACK-9
1679,1345,,7.1500,0.0000,1.0000,2727,4593,,,FeatherTop Extra Wide Gripped Socks,FEATHERTOP.GRIPPED-NAVY-M
1680,1346,,19.9300,0.0000,1.0000,1174,4595,,,Val Ladies Extra Wide Bootie Slipper,VAL-NAVY.FERN-5
1681,1347,,19.9300,0.0000,1.0000,1174,4591,,,Val Ladies Extra Wide Bootie Slipper,VAL-NAVY.FERN-6
1682,1348,,47.8900,0.0000,1.0000,1342,4597,,,Percy Men's Extra Wide Deck Shoe,PERCY-BROWN-9.5
1683,1349,,19.4100,0.0000,1.0000,1424,4603,,,Steve Men's Extra Wide Slipper,STEVE-GREY.CHEV-12
1684,1350,,43.1000,0.0000,1.0000,265,4609,,,Filton Ladies Extra Wide Shoe,FILTON-BLACK-6.5
1685,1351,,40.7000,0.0000,1.0000,733,4605,,,Wardale Ladies Extra Wide Shoe,WARDALE-BLACK-8
1686,1352,,20.1000,0.0000,1.0000,1174,4607,,,Val Ladies Extra Wide Bootie Slipper,VAL-BLACK-7
1687,1353,,20.1000,0.0000,1.0000,1174,4599,,,Val Ladies Extra Wide Bootie Slipper,VAL-NAVY-8
1688,1354,,19.1400,0.0000,1.0000,1015,4601,,,Sadie Ladies Extra Wide Slippers,SADIE-NAVY.FERN-5
1689,1355,,26.1000,0.0000,1.0000,1487,4617,,,Walter Men's Extra Wide Open Flat Slipper,WALTER-BLACK-10
1690,1355,,26.1000,0.0000,1.0000,1487,4619,,,Walter Men's Extra Wide Open Flat Slipper,WALTER-BLACK-11
1691,1356,,26.1000,0.0000,1.0000,1137,4611,,,Wendy Ladies Extra Wide Open-Flat Slipper,WENDY-BLK.SWIRL-6
1692,1357,,44.1500,0.0000,1.0000,1521,4613,,,Farden Ladies Extra Wide Shoe,FARDEN-BLACK-4
1693,1358,,19.9300,0.0000,1.0000,1174,4615,,,Val Ladies Extra Wide Bootie Slipper,VAL-NAVY.FERN-5
1694,1359,,47.8900,0.0000,1.0000,912,4629,,,Bolton Ladies Extra Wide Boot,BOLTON-BLACK-6
1695,1360,,19.1400,0.0000,1.0000,1015,4625,,,Sadie Ladies Extra Wide Slippers,SADIE-GREY.FERN-5
1696,1361,,26.3300,0.0000,1.0000,1487,4633,,,Walter Men's Extra Wide Open Flat Slipper,WALTER-BLACK-12
1697,1362,,19.4100,0.0000,1.0000,1424,4621,,,Steve Men's Extra Wide Slipper,STEVE-NAVY.CHEV-10
1698,1363,,47.8900,0.0000,1.0000,1396,4623,,,Brett Men's Extra Wide Boot,BRETT-BLACK-9.5
1699,1364,,20.5800,0.0000,1.0000,1437,4631,,,Gary Men's Extra Wide Bootie Slipper,GARY-GREY.CHEV-11
1700,1365,,20.5800,0.0000,1.0000,1437,4627,,,Gary Men's Extra Wide Bootie Slipper,GARY-NAVY.CHEV-11
1701,1366,,48.7200,0.0000,1.0000,1504,4635,,,Easham Ladies Extra Wide Shoe,EASHAM-BLACK-6.5
1702,1367,,19.2400,0.0000,1.0000,1091,4637,,,Sophie Ladies Extra Wide Slipper,SOPHIE-NAVY.SPOT-7
1703,1368,,42.7300,0.0000,1.0000,480,4639,,,Foxton Ladies Extra Wide Shoe,FOXTON-PEWTER-7
1704,1369,,19.2400,0.0000,1.0000,1091,4641,,,Sophie Ladies Extra Wide Slipper,SOPHIE-GREY.HEART-6
1705,1370,,19.9300,0.0000,1.0000,1174,4645,,,Val Ladies Extra Wide Bootie Slipper,VAL-NAVY.FERN-6
1706,1371,,43.1000,0.0000,1.0000,1872,4647,,,Eden Ladies Extra Wide Shoe,EDEN-PLAT.FIZZ-6
1707,1372,,41.6600,0.0000,1.0000,834,4649,,,Walmer Ladies Extra Wide Stretch Shoe,WALMER-BLACK-6
1708,1373,,20.1000,0.0000,1.0000,1023,4651,,,Selina Ladies Extra Wide Slipper,SELINA-NAVY.SPARK-7
1709,1374,,20.1000,0.0000,1.0000,1174,4653,,,Val Ladies Extra Wide Bootie Slipper,VAL-WINE.FERN-6
1710,1375,,47.8900,0.0000,1.0000,912,4655,,,Bolton Ladies Extra Wide Boot,BOLTON-BLACK-5
1711,1376,,41.6600,0.0000,1.0000,834,4657,,,Walmer Ladies Extra Wide Stretch Shoe,WALMER-BLACK-7
1712,1377,,20.1000,0.0000,1.0000,1174,4659,,,Val Ladies Extra Wide Bootie Slipper,VAL-NAVY-6
1713,1378,,43.1000,0.0000,1.0000,1504,4661,,,Easham Ladies Extra Wide Shoe,EASHAM-RED-4
1714,1379,,19.1400,0.0000,1.0000,973,4663,,,Tracy Ladies Extra Wide Canvas,TRACY-DENIM-6
1715,1380,,20.1000,0.0000,1.0000,1174,4667,,,Val Ladies Extra Wide Bootie Slipper,VAL-NAVY.FERN-7
1716,1381,,19.4100,0.0000,1.0000,1091,4671,,,Sophie Ladies Extra Wide Slipper,SOPHIE-NAVY-6
1717,1382,,43.1000,0.0000,1.0000,694,4679,,,Forton Ladies Extra Wide Shoe,FORTON-NAVY.PRI-8
1718,1383,,19.1400,0.0000,1.0000,1015,4681,,,Sadie Ladies Extra Wide Slippers,SADIE-WINE.FERN-6
1719,1384,,20.1000,0.0000,1.0000,1023,4677,,,Selina Ladies Extra Wide Slipper,SELINA-NAVY.SPARK-8
1720,1385,,20.1000,0.0000,1.0000,1023,4665,,,Selina Ladies Extra Wide Slipper,SELINA-NAVY.SPARK-6
1721,1386,,43.1000,0.0000,1.0000,265,4673,,,Filton Ladies Extra Wide Shoe,FILTON-RED.BUR.PA-6
1722,1386,,43.1000,0.0000,1.0000,1872,4675,,,Eden Ladies Extra Wide Shoe,EDEN-ROYAL.FL-6
1723,1387,,20.5800,0.0000,1.0000,927,4669,,,Sue Ladies Extra Wide Lightweight Shoe,SUE-BLK.MET-3
1724,1388,,19.2400,0.0000,1.0000,1424,4683,,,Steve Men's Extra Wide Slipper,STEVE-BR.CHEV-8
1725,1389,,8.1000,0.0000,1.0000,2394,4685,,,FeatherTop Extra Wide Cotton Socks,FEATHERTOP.COTTON-NAVY-L
1726,1390,,19.9300,0.0000,1.0000,1023,4687,,,Selina Ladies Extra Wide Slipper,SELINA-BLK.SPARK-7
1727,1391,,42.7300,0.0000,1.0000,265,4689,,,Filton Ladies Extra Wide Shoe,FILTON-RED.BUR.PA-4
1728,1392,,19.1400,0.0000,1.0000,1015,4691,,,Sadie Ladies Extra Wide Slippers,SADIE-GREY.FERN-6
1729,1393,,20.1000,0.0000,1.0000,1174,4693,,,Val Ladies Extra Wide Bootie Slipper,VAL-NAVY.FERN-7
1730,1394,,20.5800,0.0000,1.0000,927,4695,,,Sue Ladies Extra Wide Lightweight Shoe,SUE-BLK.MET-7
1731,1395,,26.3300,0.0000,1.0000,1137,4703,,,Wendy Ladies Extra Wide Open-Flat Slipper,WENDY-WINE.SWIRL-5
1732,1396,,19.1400,0.0000,1.0000,1015,4699,,,Sadie Ladies Extra Wide Slippers,SADIE-WINE.FERN-7
1733,1397,,47.8900,0.0000,1.0000,883,4705,,,Bali Ladies Extra Wide Boot,BALI-BROWN-7
1734,1398,,19.4100,0.0000,1.0000,1091,4701,,,Sophie Ladies Extra Wide Slipper,SOPHIE-NAVY-5
1735,1399,,19.4100,0.0000,1.0000,1424,4697,,,Steve Men's Extra Wide Slipper,STEVE-NAVY.CHEV-9
1736,1400,,43.1000,0.0000,1.0000,1504,4707,,,Easham Ladies Extra Wide Shoe,EASHAM-BLACK-4
1737,1401,,41.6600,0.0000,1.0000,834,4709,,,Walmer Ladies Extra Wide Stretch Shoe,WALMER-BLACK-6
1738,1402,,20.5800,0.0000,1.0000,1437,4711,,,Gary Men's Extra Wide Bootie Slipper,GARY-GREY.CHEV-11
1739,1403,,47.8900,0.0000,1.0000,1396,4713,,,Brett Men's Extra Wide Boot,BRETT-BLACK-9
1740,1404,,20.1000,0.0000,1.0000,1023,4715,,,Selina Ladies Extra Wide Slipper,SELINA-NAVY.SPARK-6
1741,1405,,19.2400,0.0000,1.0000,1091,4717,,,Sophie Ladies Extra Wide Slipper,SOPHIE-NAVY-6
1742,1406,,19.9300,0.0000,1.0000,1023,4719,,,Selina Ladies Extra Wide Slipper,SELINA-NAVY.SPARK-6
1743,1407,,19.9300,0.0000,1.0000,1174,4721,,,Val Ladies Extra Wide Bootie Slipper,VAL-NAVY.FERN-5
1744,1408,,27.7700,0.0000,1.0000,1471,4723,,,Wesley Men's Extra Wide Open-Flat PU Slipper,WESLEY-BLACK-12
1745,1409,,43.1000,0.0000,1.0000,265,4725,,,Filton Ladies Extra Wide Shoe,FILTON-NAVY.PAT-6
1746,1410,,20.1000,0.0000,1.0000,1174,4727,,,Val Ladies Extra Wide Bootie Slipper,VAL-BLACK-7
1747,1411,,19.4100,0.0000,1.0000,1424,4729,,,Steve Men's Extra Wide Slipper,STEVE-NAVY.CHEV-12
1748,1412,,43.1000,0.0000,1.0000,265,4731,,,Filton Ladies Extra Wide Shoe,FILTON-BLACK-7
1749,1412,,43.1000,0.0000,1.0000,265,4733,,,Filton Ladies Extra Wide Shoe,FILTON-NAVY.PAT-7
1750,1413,,5.9300,0.0000,1.0000,2422,4741,,,FeatherTop Extra Wide Cushioned Socks,FEATHERTOP.CUSHIONED-BLACK-L
1751,1413,,5.9300,0.0000,1.0000,2422,4743,,,FeatherTop Extra Wide Cushioned Socks,FEATHERTOP.CUSHIONED-GREY-L
1752,1413,,5.9300,0.0000,1.0000,2422,4745,,,FeatherTop Extra Wide Cushioned Socks,FEATHERTOP.CUSHIONED-NAVY-L
1753,1413,,7.0100,0.0000,1.0000,2435,4747,,,FeatherTop Extra Wide Knee-High Socks,FEATHERTOP.KNEE.HIGH-BLACK-L
1754,1413,,7.0100,0.0000,1.0000,2435,4749,,,FeatherTop Extra Wide Knee-High Socks,FEATHERTOP.KNEE.HIGH-NAVY-L
1755,1413,,4.8500,0.0000,1.0000,2379,4751,,,Suede & Nubuck Reviver,SC-REVIVER
1756,1414,,40.7000,0.0000,1.0000,733,4737,,,Wardale Ladies Extra Wide Shoe,WARDALE-BLACK-5
1757,1414,,43.1000,0.0000,1.0000,694,4739,,,Forton Ladies Extra Wide Shoe,FORTON-NAVY.PRI-5
1758,1415,,20.1000,0.0000,1.0000,1174,4735,,,Val Ladies Extra Wide Bootie Slipper,VAL-NAVY.FERN-6
1759,1416,,19.2400,0.0000,1.0000,1091,4754,,,Sophie Ladies Extra Wide Slipper,SOPHIE-GREY.HEART-5
1760,1417,,20.4000,0.0000,1.0000,1629,4756,,,Vera Ladies Extra Wide Bootie Slipper,VERA-CHAR.POLKA-6
1761,1418,,19.2400,0.0000,1.0000,1424,4752,,,Steve Men's Extra Wide Slipper,STEVE-NAVY.CHEV-10
1762,1419,,45.1000,0.0000,1.0000,1388,4758,,,Terry Men's Extra Wide Shoe,TERRY-BLACK-12
1763,1420,,47.8900,0.0000,1.0000,1396,4772,,,Brett Men's Extra Wide Boot,BRETT-BROWN-12
1764,1421,,47.8900,0.0000,1.0000,1809,4762,,,Todd Men's Extra Wide Shoe,TODD-BLACK-9
1765,1422,,19.4100,0.0000,1.0000,1424,4776,,,Steve Men's Extra Wide Slipper,STEVE-NAVY.CHEV-11
1766,1423,,20.1000,0.0000,1.0000,1023,4760,,,Selina Ladies Extra Wide Slipper,SELINA-NAVY.SPARK-7
1767,1424,,19.1400,0.0000,1.0000,1015,4766,,,Sadie Ladies Extra Wide Slippers,SADIE-WINE.FERN-8
1768,1425,,19.1400,0.0000,1.0000,1015,4768,,,Sadie Ladies Extra Wide Slippers,SADIE-WINE.FERN-6
1769,1426,,47.8900,0.0000,1.0000,898,4764,,,Barla Ladies Extra Wide Boot,BARLA-BLACK-6
1770,1427,,41.6600,0.0000,1.0000,849,4770,,,Walford Ladies Extra Wide Stretch Shoe,WALFORD-BLACK-3
1771,1428,,43.1000,0.0000,1.0000,333,4774,,,Farlow Ladies Extra Wide Shoe,FARLOW-ROYAL-4
1772,1429,,48.7200,0.0000,1.0000,1504,4792,,,Easham Ladies Extra Wide Shoe,EASHAM-BLACK-7
1773,1430,,19.2400,0.0000,1.0000,1424,4832,,,Steve Men's Extra Wide Slipper,STEVE-GREY.CHEV-13
1774,1431,,19.9300,0.0000,1.0000,1174,4834,,,Val Ladies Extra Wide Bootie Slipper,VAL-BLACK-8
1775,1432,,18.9800,0.0000,1.0000,973,4836,,,Tracy Ladies Extra Wide Canvas,TRACY-DENIM-4
1776,1433,,19.9300,0.0000,1.0000,1174,4840,,,Val Ladies Extra Wide Bootie Slipper,VAL-BLACK-8
1777,1434,,9.1800,0.0000,3.0000,2409,4830,,,FeatherTop Extra Wide Wool Socks,FEATHERTOP.WOOL-OATMEAL-S
1778,1435,,47.8900,0.0000,1.0000,898,4806,,,Barla Ladies Extra Wide Boot,BARLA-BLACK-7
1779,1436,,20.5800,0.0000,1.0000,927,4808,,,Sue Ladies Extra Wide Lightweight Shoe,SUE-BLK.MET-7
1780,1437,,19.1400,0.0000,1.0000,1015,4798,,,Sadie Ladies Extra Wide Slippers,SADIE-WINE.FERN-9
1781,1438,,19.1400,0.0000,1.0000,1015,4812,,,Sadie Ladies Extra Wide Slippers,SADIE-GREY.FERN-6
1782,1439,,19.1400,0.0000,1.0000,1015,4810,,,Sadie Ladies Extra Wide Slippers,SADIE-WINE.FERN-7
1783,1440,,19.4100,0.0000,1.0000,1091,4794,,,Sophie Ladies Extra Wide Slipper,SOPHIE-NAVY-6
1784,1441,,20.1000,0.0000,1.0000,1174,4796,,,Val Ladies Extra Wide Bootie Slipper,VAL-BLACK-6
1785,1442,,20.1000,0.0000,1.0000,1174,4784,,,Val Ladies Extra Wide Bootie Slipper,VAL-WINE.FERN-6
1786,1443,,20.1000,0.0000,1.0000,1174,4778,,,Val Ladies Extra Wide Bootie Slipper,VAL-BLACK-8
1787,1444,,20.1000,0.0000,1.0000,1023,4782,,,Selina Ladies Extra Wide Slipper,SELINA-NAVY.SPARK-7
1788,1445,,20.1000,0.0000,1.0000,1023,4780,,,Selina Ladies Extra Wide Slipper,SELINA-BLK.SPARK-7
1789,1446,,45.0200,0.0000,1.0000,1651,4814,,,Ted Men's Ultra Wide Open Shoe,TED-BROWN-7
1790,1447,,19.4100,0.0000,1.0000,1424,4786,,,Steve Men's Extra Wide Slipper,STEVE-BR.CHEV-11
1791,1448,,19.1400,0.0000,1.0000,973,4800,,,Tracy Ladies Extra Wide Canvas,TRACY-BEIGE-9
1792,1448,,20.1000,0.0000,1.0000,1023,4802,,,Selina Ladies Extra Wide Slipper,SELINA-NAVY.SPARK-8
1793,1448,,19.1400,0.0000,1.0000,1015,4804,,,Sadie Ladies Extra Wide Slippers,SADIE-NAVY.FERN-9
1794,1449,,43.1000,0.0000,1.0000,265,4816,,,Filton Ladies Extra Wide Shoe,FILTON-NAVY.PAT-6
1795,1449,,43.1000,0.0000,1.0000,2129,4818,,,Fenwick Ladies Extra Wide Shoe,FENWICK-BRZ.PRINT-6
1796,1450,,19.4100,0.0000,1.0000,1424,4788,,,Steve Men's Extra Wide Slipper,STEVE-NAVY.CHEV-11
1797,1450,,19.4100,0.0000,1.0000,1424,4790,,,Steve Men's Extra Wide Slipper,STEVE-NAVY.CHEV-12
1798,1451,,26.1000,0.0000,1.0000,1487,4820,,,Walter Men's Extra Wide Open Flat Slipper,WALTER-BLACK-12
1799,1452,,19.2400,0.0000,1.0000,1091,4826,,,Sophie Ladies Extra Wide Slipper,SOPHIE-WINE.SWIRL-8
1800,1453,,18.9800,0.0000,1.0000,1015,4852,,,Sadie Ladies Extra Wide Slippers,SADIE-GREY.FERN-7
1801,1454,,19.9300,0.0000,1.0000,1174,4844,,,Val Ladies Extra Wide Bootie Slipper,VAL-NAVY-5
1802,1455,,19.9300,0.0000,1.0000,1174,4850,,,Val Ladies Extra Wide Bootie Slipper,VAL-NAVY-5
1803,1456,,18.9800,0.0000,1.0000,1015,4846,,,Sadie Ladies Extra Wide Slippers,SADIE-WINE.FERN-9
1804,1457,,26.1000,0.0000,1.0000,1137,4842,,,Wendy Ladies Extra Wide Open-Flat Slipper,WENDY-NAVY.COMB-8
1805,1458,,26.1000,0.0000,1.0000,1137,4848,,,Wendy Ladies Extra Wide Open-Flat Slipper,WENDY-NAVY.COMB-6
1806,1459,,50.3500,0.0000,1.0000,663,4854,,,Fargo Ladies Extra Wide Shoe,FARGO-BLK.PRINT-6.5
1807,1460,,20.4000,0.0000,1.0000,927,4858,,,Sue Ladies Extra Wide Lightweight Shoe,SUE-BLK.MET-8
1808,1461,,26.3300,0.0000,1.0000,1487,4870,,,Walter Men's Extra Wide Open Flat Slipper,WALTER-BROWN-11
1809,1462,,41.6600,0.0000,1.0000,849,4866,,,Walford Ladies Extra Wide Stretch Shoe,WALFORD-BROWN-6
1810,1463,,41.6600,0.0000,1.0000,834,4868,,,Walmer Ladies Extra Wide Stretch Shoe,WALMER-NAVY-7
1811,1464,,47.8900,0.0000,1.0000,883,4864,,,Bali Ladies Extra Wide Boot,BALI-BLK.PAT.PR-7
1812,1465,,39.2700,0.0000,1.0000,1314,4860,,,Neil Men's Ultra Wide Sandal,NEIL-BROWN-7
1813,1466,,47.8900,0.0000,1.0000,1396,4862,,,Brett Men's Extra Wide Boot,BRETT-BLACK-6
1814,1467,,43.1000,0.0000,1.0000,2129,4882,,,Fenwick Ladies Extra Wide Shoe,FENWICK-BLACK-5
1815,1468,,19.1400,0.0000,1.0000,1015,4872,,,Sadie Ladies Extra Wide Slippers,SADIE-GREY.FERN-6
1816,1469,,19.1400,0.0000,1.0000,1015,4874,,,Sadie Ladies Extra Wide Slippers,SADIE-WINE.FERN-7
1817,1470,,20.1000,0.0000,1.0000,1023,4884,,,Selina Ladies Extra Wide Slipper,SELINA-NAVY.SPARK-6
1818,1471,,20.1000,0.0000,1.0000,1023,4880,,,Selina Ladies Extra Wide Slipper,SELINA-BLK.SPARK-5
1819,1472,,44.1500,0.0000,1.0000,1378,4886,,,Travis Men's Extra Wide Stretch Shoe,TRAVIS-BLACK-13
1820,1473,,19.2400,0.0000,1.0000,1091,4878,,,Sophie Ladies Extra Wide Slipper,SOPHIE-NAVY-6
1821,1474,,20.4000,0.0000,1.0000,1437,4876,,,Gary Men's Extra Wide Bootie Slipper,GARY-NAVY.CHEV-13
1822,1475,,41.6600,0.0000,1.0000,834,4912,,,Walmer Ladies Extra Wide Stretch Shoe,WALMER-BLACK-8
1823,1475,,41.6600,0.0000,1.0000,834,4914,,,Walmer Ladies Extra Wide Stretch Shoe,WALMER-BLACK-9
1824,1475,,43.1000,0.0000,1.0000,265,4916,,,Filton Ladies Extra Wide Shoe,FILTON-BLACK-8
1825,1475,,43.1000,0.0000,1.0000,875,4918,,,Zinder Ladies Ultra Wide Shoe,ZINDER-BLACK-8
1826,1476,,20.1000,0.0000,1.0000,1174,4920,,,Val Ladies Extra Wide Bootie Slipper,VAL-NAVY-7
1827,1477,,19.1400,0.0000,1.0000,942,4908,,,Dora Ladies Ultra Wide Canvas Sandal,DORA-BEIGE-6
1828,1478,,41.6600,0.0000,1.0000,849,4910,,,Walford Ladies Extra Wide Stretch Shoe,WALFORD-BLACK-3
1829,1479,,26.1000,0.0000,1.0000,1137,4906,,,Wendy Ladies Extra Wide Open-Flat Slipper,WENDY-WINE.SWIRL-6
1830,1480,,26.1000,0.0000,1.0000,2756,4902,,,Sam Unisex Extra Wide Stretch Slipper,SAM-BLACK-9
1831,1481,,19.2400,0.0000,1.0000,1091,4898,,,Sophie Ladies Extra Wide Slipper,SOPHIE-NAVY-6
1832,1482,,19.9300,0.0000,1.0000,1174,4896,,,Val Ladies Extra Wide Bootie Slipper,VAL-BLACK-4
1833,1483,,18.9800,0.0000,1.0000,1015,4900,,,Sadie Ladies Extra Wide Slippers,SADIE-GREY.FERN-6
1834,1484,,19.2400,0.0000,1.0000,1091,4892,,,Sophie Ladies Extra Wide Slipper,SOPHIE-GREY.HEART-6
1835,1484,,19.2400,0.0000,1.0000,1091,4894,,,Sophie Ladies Extra Wide Slipper,SOPHIE-GREY.HEART-7
1836,1485,,19.9300,0.0000,1.0000,1023,4888,,,Selina Ladies Extra Wide Slipper,SELINA-NAVY.SPARK-8
1837,1485,,19.9300,0.0000,1.0000,1023,4890,,,Selina Ladies Extra Wide Slipper,SELINA-NAVY.SPARK-9
1838,1486,,47.8900,0.0000,1.0000,1396,4904,,,Brett Men's Extra Wide Boot,BRETT-BROWN-6.5
1839,1487,,7.1500,0.0000,1.0000,2727,4922,,,FeatherTop Extra Wide Gripped Socks,FEATHERTOP.GRIPPED-NAVY-M
1840,1487,,47.1000,0.0000,1.0000,834,4924,,,Walmer Ladies Extra Wide Stretch Shoe,WALMER-BLACK-6
1841,1487,,47.1000,0.0000,1.0000,834,4926,,,Walmer Ladies Extra Wide Stretch Shoe,WALMER-BLACK-7
1842,1487,,47.1000,0.0000,1.0000,834,4928,,,Walmer Ladies Extra Wide Stretch Shoe,WALMER-BLACK-8
1843,1488,,46.0100,0.0000,1.0000,2704,3216,,,Chloe Ladies Ultra Wide Sandal,CHLOE-SANDY-7
1844,1489,,20.4000,0.0000,1.0000,1629,4960,,,Vera Ladies Extra Wide Bootie Slipper,VERA-CHAR.POLKA-5
1845,1490,,20.4000,0.0000,1.0000,927,4952,,,Sue Ladies Extra Wide Lightweight Shoe,SUE-BLK.MET-7
1846,1490,,20.4000,0.0000,1.0000,927,4954,,,Sue Ladies Extra Wide Lightweight Shoe,SUE-BLK.MET-8
1847,1491,,43.1000,0.0000,1.0000,2129,4940,,,Fenwick Ladies Extra Wide Shoe,FENWICK-CHER.PRI-8
1848,1492,,43.1000,0.0000,1.0000,348,4934,,,Falmer Ladies Extra Wide Shoe,FALMER-BLK.PRINT-3
1849,1493,,20.1000,0.0000,1.0000,1023,4930,,,Selina Ladies Extra Wide Slipper,SELINA-BLK.SPARK-8
1850,1494,,19.1400,0.0000,1.0000,942,4942,,,Dora Ladies Ultra Wide Canvas Sandal,DORA-DENIM-6
1851,1495,,44.5400,0.0000,1.0000,1521,4946,,,Farden Ladies Extra Wide Shoe,FARDEN-BLACK-7
1852,1496,,20.1000,0.0000,1.0000,1174,4944,,,Val Ladies Extra Wide Bootie Slipper,VAL-WINE.FERN-7
1853,1497,,43.1000,0.0000,1.0000,2129,4958,,,Fenwick Ladies Extra Wide Shoe,FENWICK-BLACK-6.5
1854,1498,,19.4100,0.0000,1.0000,1424,4936,,,Steve Men's Extra Wide Slipper,STEVE-BR.CHEV-9
1855,1499,,47.8900,0.0000,1.0000,1809,4948,,,Todd Men's Extra Wide Shoe,TODD-BLACK-11
1856,1500,,47.8900,0.0000,1.0000,1396,4962,,,Brett Men's Extra Wide Boot,BRETT-BLACK-12
1857,1501,,19.9300,0.0000,1.0000,1174,4964,,,Val Ladies Extra Wide Bootie Slipper,VAL-WINE.FERN-7
1858,1502,,19.2400,0.0000,1.0000,1091,4966,,,Sophie Ladies Extra Wide Slipper,SOPHIE-GREY.HEART-9
1859,1503,,7.1500,0.0000,2.0000,2727,4982,,,FeatherTop Extra Wide Gripped Socks,FEATHERTOP.GRIPPED-NAVY-M
1860,1504,,20.4000,0.0000,1.0000,1629,4974,,,Vera Ladies Extra Wide Bootie Slipper,VERA-CHAR.POLKA-6
1861,1505,,23.2500,0.0000,1.0000,1621,4970,,,Sarah Ladies Extra Wide Bellows Slipper,SARAH-BLACK-7
1862,1506,,19.9300,0.0000,1.0000,1023,4824,,,Selina Ladies Extra Wide Slipper,SELINA-BLK.SPARK-6
1863,1507,,18.9800,0.0000,1.0000,1015,4838,,,Sadie Ladies Extra Wide Slippers,SADIE-NAVY.FERN-6
1864,1508,,18.9800,0.0000,1.0000,1015,4828,,,Sadie Ladies Extra Wide Slippers,SADIE-NAVY.FERN-6
1865,1509,,19.9300,0.0000,1.0000,1023,4938,,,Selina Ladies Extra Wide Slipper,SELINA-BLK.SPARK-6
1866,1510,,19.2400,0.0000,1.0000,1091,4932,,,Sophie Ladies Extra Wide Slipper,SOPHIE-NAVY-5
1867,1511,,26.1000,0.0000,1.0000,1487,4956,,,Walter Men's Extra Wide Open Flat Slipper,WALTER-BLACK-12
1868,1512,,19.4100,0.0000,1.0000,1091,4976,,,Sophie Ladies Extra Wide Slipper,SOPHIE-NAVY-4
1869,1513,,20.1000,0.0000,1.0000,1174,4978,,,Val Ladies Extra Wide Bootie Slipper,VAL-NAVY-3
1870,1514,,43.1000,0.0000,1.0000,867,4972,,,Zurich Ladies Ultra Wide Shoe,ZURICH-BLACK-8
1871,1515,,47.8900,0.0000,1.0000,912,4980,,,Bolton Ladies Extra Wide Boot,BOLTON-BR.PAT-6
1872,1516,,20.5800,0.0000,1.0000,1629,4968,,,Vera Ladies Extra Wide Bootie Slipper,VERA-CHAR.POLKA-7
1873,1517,,24.4700,0.0000,1.0000,958,4984,,,Mary Ladies Extra Wide Lightweight Shoe,MARY-NAVY-6
1874,1517,,24.4700,0.0000,2.0000,958,4986,,,Mary Ladies Extra Wide Lightweight Shoe,MARY-NAVY-7
1875,1517,,24.4700,0.0000,1.0000,958,4988,,,Mary Ladies Extra Wide Lightweight Shoe,MARY-NAVY-9
1876,1517,,27.4700,0.0000,1.0000,1487,4990,,,Walter Men's Extra Wide Open Flat Slipper,WALTER-BLACK-10
1877,1517,,27.4700,0.0000,1.0000,1487,4992,,,Walter Men's Extra Wide Open Flat Slipper,WALTER-BLACK-7
1878,1517,,27.4700,0.0000,2.0000,1487,4994,,,Walter Men's Extra Wide Open Flat Slipper,WALTER-BLACK-8
1879,1517,,27.4700,0.0000,2.0000,1487,4996,,,Walter Men's Extra Wide Open Flat Slipper,WALTER-BLACK-9
1880,1518,,18.9800,0.0000,1.0000,942,4998,,,Dora Ladies Ultra Wide Canvas Sandal,DORA-DENIM-8
1881,1519,,20.1000,0.0000,1.0000,1174,5000,,,Val Ladies Extra Wide Bootie Slipper,VAL-WINE.FERN-6
1882,1520,,19.1400,0.0000,1.0000,2012,5002,,,Doreen Ladies Ultra Wide Slipper,DOREEN-WINE-7
1883,1521,,19.1400,0.0000,1.0000,973,5014,,,Tracy Ladies Extra Wide Canvas,TRACY-BEIGE-9
1884,1521,,39.2700,0.0000,1.0000,1726,5016,,,Cheryl Ladies Ultra Wide Sandal,CHERYL-PLAT.FL-9
1885,1521,,20.5800,0.0000,1.0000,927,5018,,,Sue Ladies Extra Wide Lightweight Shoe,SUE-BLK.MET-9
1886,1521,,19.1400,0.0000,1.0000,1015,5020,,,Sadie Ladies Extra Wide Slippers,SADIE-WINE.FERN-9
1887,1522,,19.4100,0.0000,1.0000,1091,5004,,,Sophie Ladies Extra Wide Slipper,SOPHIE-NAVY-7
1888,1522,,19.4100,0.0000,1.0000,1091,5006,,,Sophie Ladies Extra Wide Slipper,SOPHIE-NAVY.SPARK-7
1889,1523,,40.7000,0.0000,1.0000,733,5010,,,Wardale Ladies Extra Wide Shoe,WARDALE-NAVY-6
1890,1523,,43.1000,0.0000,1.0000,265,5012,,,Filton Ladies Extra Wide Shoe,FILTON-BLACK-6
1891,1524,,47.8900,0.0000,1.0000,912,5008,,,Bolton Ladies Extra Wide Boot,BOLTON-BLACK-4
1892,1525,,20.5800,0.0000,1.0000,1629,5032,,,Vera Ladies Extra Wide Bootie Slipper,VERA-CHAR.POLKA-6
1893,1525,,47.8900,0.0000,1.0000,883,5034,,,Bali Ladies Extra Wide Boot,BALI-BROWN-6
1894,1526,,8.1000,0.0000,2.0000,2394,5028,,,FeatherTop Extra Wide Cotton Socks,FEATHERTOP.COTTON-NAVY-L
1895,1527,,18.9800,0.0000,1.0000,2012,5022,,,Doreen Ladies Ultra Wide Slipper,DOREEN-WINE-6
1896,1528,,27.5300,0.0000,1.0000,1471,5030,,,Wesley Men's Extra Wide Open-Flat PU Slipper,WESLEY-BLACK-7
1897,1529,,47.4800,0.0000,1.0000,912,5026,,,Bolton Ladies Extra Wide Boot,BOLTON-BLACK-7
1898,1530,,19.2400,0.0000,1.0000,1091,5024,,,Sophie Ladies Extra Wide Slipper,SOPHIE-NAVY.SPARK-5
1899,1531,,40.7000,0.0000,1.0000,481,5036,,,Cara Ladies Ultra Wide Sandal,CARA-GREY-6.5
1900,1532,,23.4500,0.0000,1.0000,958,5038,,,Mary Ladies Extra Wide Lightweight Shoe,MARY-NAVY-7
1901,1533,,47.8900,0.0000,1.0000,898,5040,,,Barla Ladies Extra Wide Boot,BARLA-BLACK-6
1902,1534,,47.8900,0.0000,1.0000,1322,5046,,,Trent Men's Extra Wide Shoe,TRENT-BLACK-8
1903,1535,,43.1000,0.0000,1.0000,265,5042,,,Filton Ladies Extra Wide Shoe,FILTON-BEIGE.PRI-4
1904,1536,,19.1400,0.0000,1.0000,973,5044,,,Tracy Ladies Extra Wide Canvas,TRACY-DENIM-6
1905,1537,,20.1000,0.0000,1.0000,1174,5062,,,Val Ladies Extra Wide Bootie Slipper,VAL-BLACK-8
1906,1538,,47.8900,0.0000,1.0000,1396,5064,,,Brett Men's Extra Wide Boot,BRETT-BLACK-9.5
1907,1539,,27.5300,0.0000,1.0000,1471,5048,,,Wesley Men's Extra Wide Open-Flat PU Slipper,WESLEY-BLACK-11
1908,1540,,19.9300,0.0000,1.0000,1174,5050,,,Val Ladies Extra Wide Bootie Slipper,VAL-NAVY.FERN-6
1909,1541,,23.2500,0.0000,1.0000,958,5052,,,Mary Ladies Extra Wide Lightweight Shoe,MARY-NAVY-7
1910,1542,,18.9800,0.0000,1.0000,2012,5054,,,Doreen Ladies Ultra Wide Slipper,DOREEN-WINE-8
1911,1543,,26.1000,0.0000,1.0000,1415,5056,,,Sven Men's Extra Wide Slipper,SVEN-BLACK-9
1912,1543,,19.2400,0.0000,1.0000,1091,5058,,,Sophie Ladies Extra Wide Slipper,SOPHIE-WINE.SWIRL-8
1913,1544,,19.9300,0.0000,1.0000,1174,5060,,,Val Ladies Extra Wide Bootie Slipper,VAL-NAVY-5
1914,1545,,47.8900,0.0000,1.0000,1396,5066,,,Brett Men's Extra Wide Boot,BRETT-BLACK-9.5
1915,1546,,20.1000,0.0000,1.0000,1174,5068,,,Val Ladies Extra Wide Bootie Slipper,VAL-WINE.FERN-7
1916,1547,,18.9800,0.0000,1.0000,942,5070,,,Dora Ladies Ultra Wide Canvas Sandal,DORA-DENIM-8
1917,1548,,18.9800,0.0000,1.0000,942,5070,,,Dora Ladies Ultra Wide Canvas Sandal,DORA-DENIM-8
1918,1549,,18.9800,0.0000,1.0000,2012,5072,,,Doreen Ladies Ultra Wide Slipper,DOREEN-WINE-4
1919,1550,,42.7300,0.0000,1.0000,867,5074,,,Zurich Ladies Ultra Wide Shoe,ZURICH-BLACK-6
1920,1551,,19.1400,0.0000,1.0000,1015,5076,,,Sadie Ladies Extra Wide Slippers,SADIE-WINE.FERN-6
1921,1551,,19.1400,0.0000,1.0000,1015,5078,,,Sadie Ladies Extra Wide Slippers,SADIE-NAVY.FERN-6
1922,1552,,44.5400,0.0000,1.0000,663,5080,,,Fargo Ladies Extra Wide Shoe,FARGO-BLK.PRINT-7
1923,1553,,26.3300,0.0000,1.0000,1137,5082,,,Wendy Ladies Extra Wide Open-Flat Slipper,WENDY-NAVY.COMB-5
1924,1554,,20.5800,0.0000,1.0000,927,5094,,,Sue Ladies Extra Wide Lightweight Shoe,SUE-BLK.MET-6
1925,1555,,26.1000,0.0000,1.0000,1137,5090,,,Wendy Ladies Extra Wide Open-Flat Slipper,WENDY-NAVY.COMB-5
1926,1556,,40.3500,0.0000,1.0000,733,5084,,,Wardale Ladies Extra Wide Shoe,WARDALE-BLACK-6.5
1927,1557,,18.9800,0.0000,1.0000,973,5092,,,Tracy Ladies Extra Wide Canvas,TRACY-DENIM-3
1928,1558,,38.9300,0.0000,1.0000,1726,5086,,,Cheryl Ladies Ultra Wide Sandal,CHERYL-NAVY-7
1929,1559,,19.2400,0.0000,1.0000,1091,5096,,,Sophie Ladies Extra Wide Slipper,SOPHIE-NAVY.SPOT-8
1930,1560,,20.4000,0.0000,1.0000,1629,5098,,,Vera Ladies Extra Wide Bootie Slipper,VERA-CHAR.POLKA-7
1931,1561,,43.1000,0.0000,1.0000,2129,5100,,,Fenwick Ladies Extra Wide Shoe,FENWICK-BLACK-5
1932,1562,,20.1000,0.0000,1.0000,1174,5102,,,Val Ladies Extra Wide Bootie Slipper,VAL-NAVY.FERN-6
1933,1563,,20.1000,0.0000,1.0000,1174,5104,,,Val Ladies Extra Wide Bootie Slipper,VAL-BLACK-6
1934,1564,,19.1400,0.0000,1.0000,2012,5106,,,Doreen Ladies Ultra Wide Slipper,DOREEN-WINE-6
1935,1565,,43.1000,0.0000,1.0000,2129,5108,,,Fenwick Ladies Extra Wide Shoe,FENWICK-BRZ.PRINT-8
1936,1565,,43.1000,0.0000,1.0000,2129,5110,,,Fenwick Ladies Extra Wide Shoe,FENWICK-CHER.PRI-8
1937,1566,,47.8900,0.0000,1.0000,912,5112,,,Bolton Ladies Extra Wide Boot,BOLTON-BLACK-6
1938,1567,,47.8900,0.0000,1.0000,898,5114,,,Barla Ladies Extra Wide Boot,BARLA-BLACK-5
1939,1568,,41.6600,0.0000,1.0000,849,5116,,,Walford Ladies Extra Wide Stretch Shoe,WALFORD-BROWN-6
1940,1569,,43.1000,0.0000,1.0000,265,5158,,,Filton Ladies Extra Wide Shoe,FILTON-NAVY.PAT-6.5
1941,1570,,44.5400,0.0000,1.0000,1521,5138,,,Farden Ladies Extra Wide Shoe,FARDEN-BLACK-6.5
1942,1571,,42.1400,0.0000,1.0000,787,5162,,,Welland Ladies Extra Wide Shoe,WELLAND-TAN-8
1943,1572,,26.3300,0.0000,1.0000,1487,5148,,,Walter Men's Extra Wide Open Flat Slipper,WALTER-BLACK-10
1944,1573,,20.1000,0.0000,1.0000,1174,5126,,,Val Ladies Extra Wide Bootie Slipper,VAL-WINE.FERN-7
1945,1574,,20.1000,0.0000,1.0000,1174,5156,,,Val Ladies Extra Wide Bootie Slipper,VAL-BLACK-8
1946,1575,,39.2700,0.0000,1.0000,1726,5160,,,Cheryl Ladies Ultra Wide Sandal,CHERYL-BLK.PAT-8
1947,1576,,44.5400,0.0000,1.0000,1378,5124,,,Travis Men's Extra Wide Stretch Shoe,TRAVIS-BLACK-8
1948,1577,,19.1400,0.0000,1.0000,942,5146,,,Dora Ladies Ultra Wide Canvas Sandal,DORA-DENIM-5
1949,1578,,19.1400,0.0000,1.0000,1015,5154,,,Sadie Ladies Extra Wide Slippers,SADIE-NAVY.FERN-8
1950,1579,,19.1400,0.0000,1.0000,1015,5120,,,Sadie Ladies Extra Wide Slippers,SADIE-NAVY.FERN-9
1951,1580,,20.1000,0.0000,1.0000,1023,5118,,,Selina Ladies Extra Wide Slipper,SELINA-BLK.SPARK-6
1952,1581,,23.4500,0.0000,1.0000,958,5152,,,Mary Ladies Extra Wide Lightweight Shoe,MARY-NAVY-6
1953,1582,,20.5800,0.0000,1.0000,927,5128,,,Sue Ladies Extra Wide Lightweight Shoe,SUE-BEIGE.MET-5
1954,1583,,43.1000,0.0000,1.0000,265,5122,,,Filton Ladies Extra Wide Shoe,FILTON-RED.BUR.PA-5
1955,1584,,20.4000,0.0000,1.0000,1629,5130,,,Vera Ladies Extra Wide Bootie Slipper,VERA-CHAR.POLKA-8
1956,1585,,20.4000,0.0000,1.0000,927,5140,,,Sue Ladies Extra Wide Lightweight Shoe,SUE-BLK.MET-7
1957,1586,,23.2500,0.0000,1.0000,958,5132,,,Mary Ladies Extra Wide Lightweight Shoe,MARY-NAVY-7
1958,1587,,18.9800,0.0000,1.0000,942,5136,,,Dora Ladies Ultra Wide Canvas Sandal,DORA-DENIM-6
1959,1588,,19.2400,0.0000,1.0000,1091,5142,,,Sophie Ladies Extra Wide Slipper,SOPHIE-NAVY.SPOT-9
1960,1588,,19.2400,0.0000,1.0000,1091,5144,,,Sophie Ladies Extra Wide Slipper,SOPHIE-GREY.HEART-9
1961,1589,,19.9300,0.0000,1.0000,1174,5150,,,Val Ladies Extra Wide Bootie Slipper,VAL-WINE.FERN-8
1962,1590,,19.9300,0.0000,1.0000,1174,5164,,,Val Ladies Extra Wide Bootie Slipper,VAL-NAVY.FERN-6
1963,1591,,19.1400,0.0000,1.0000,942,5166,,,Dora Ladies Ultra Wide Canvas Sandal,DORA-DENIM-6
1964,1592,,19.1400,0.0000,1.0000,1015,5178,,,Sadie Ladies Extra Wide Slippers,SADIE-NAVY.FERN-4
1965,1593,,20.5800,0.0000,1.0000,927,5188,,,Sue Ladies Extra Wide Lightweight Shoe,SUE-BEIGE.MET-5
1966,1594,,40.7000,0.0000,1.0000,733,5186,,,Wardale Ladies Extra Wide Shoe,WARDALE-GREY-6
1967,1595,,40.7000,0.0000,1.0000,733,5184,,,Wardale Ladies Extra Wide Shoe,WARDALE-BLACK-8
1968,1596,,26.3300,0.0000,1.0000,1487,5180,,,Walter Men's Extra Wide Open Flat Slipper,WALTER-BROWN-9
1969,1597,,20.1000,0.0000,1.0000,1174,5182,,,Val Ladies Extra Wide Bootie Slipper,VAL-NAVY-7
1970,1598,,19.2400,0.0000,1.0000,1091,5170,,,Sophie Ladies Extra Wide Slipper,SOPHIE-GREY.HEART-3
1971,1598,,18.9800,0.0000,1.0000,1015,5172,,,Sadie Ladies Extra Wide Slippers,SADIE-WINE.FERN-3
1972,1599,,19.9300,0.0000,1.0000,1174,5174,,,Val Ladies Extra Wide Bootie Slipper,VAL-WINE.FERN-7
1973,1599,,19.9300,0.0000,1.0000,1174,5176,,,Val Ladies Extra Wide Bootie Slipper,VAL-WINE.FERN-8
1974,1600,,19.2400,0.0000,1.0000,1091,5168,,,Sophie Ladies Extra Wide Slipper,SOPHIE-NAVY.SPARK-6
1975,1601,,26.3300,0.0000,1.0000,1137,5194,,,Wendy Ladies Extra Wide Open-Flat Slipper,WENDY-WINE.SWIRL-9
1976,1602,,23.4500,0.0000,1.0000,958,5196,,,Mary Ladies Extra Wide Lightweight Shoe,MARY-NAVY-6
1977,1603,,38.9300,0.0000,1.0000,1314,4950,,,Neil Men's Ultra Wide Sandal,NEIL-BROWN-9
1978,1604,,23.4500,0.0000,1.0000,958,5202,,,Mary Ladies Extra Wide Lightweight Shoe,MARY-NAVY-5
1979,1605,,47.8900,0.0000,1.0000,1342,5192,,,Percy Men's Extra Wide Deck Shoe,PERCY-BROWN-9
1980,1606,,19.1400,0.0000,1.0000,942,5204,,,Dora Ladies Ultra Wide Canvas Sandal,DORA-DENIM-6
1981,1606,,19.1400,0.0000,1.0000,942,5206,,,Dora Ladies Ultra Wide Canvas Sandal,DORA-BEIGE-6
1982,1607,,40.7000,0.0000,1.0000,806,5208,,,Welton Ladies Extra Wide Shoe,WELTON-BLACK-8
1983,1607,,40.7000,0.0000,1.0000,806,5210,,,Welton Ladies Extra Wide Shoe,WELTON-RED-8
1984,1608,,26.3300,0.0000,1.0000,1137,5212,,,Wendy Ladies Extra Wide Open-Flat Slipper,WENDY-BLK.SWIRL-4
1985,1609,,47.8900,0.0000,1.0000,1809,5218,,,Todd Men's Extra Wide Shoe,TODD-BLACK-11
1986,1610,,40.7000,0.0000,1.0000,1768,5214,,,Carrie Ladies Ultra Wide Sandal,CARRIE-ROYAL.FL-6
1987,1610,,39.2700,0.0000,1.0000,1726,5216,,,Cheryl Ladies Ultra Wide Sandal,CHERYL-BLK.PAT-6
1988,1611,,23.4500,0.0000,1.0000,958,5238,,,Mary Ladies Extra Wide Lightweight Shoe,MARY-NAVY-7
1989,1612,,26.3300,0.0000,1.0000,1137,5230,,,Wendy Ladies Extra Wide Open-Flat Slipper,WENDY-NAVY.COMB-5
1990,1613,,19.1400,0.0000,1.0000,942,5236,,,Dora Ladies Ultra Wide Canvas Sandal,DORA-DENIM-5
1991,1614,,43.1000,0.0000,1.0000,480,5222,,,Foxton Ladies Extra Wide Shoe,FOXTON-PEWTER-7
1992,1615,,47.8900,0.0000,1.0000,912,5224,,,Bolton Ladies Extra Wide Boot,BOLTON-BR.PAT-7
1993,1616,,19.1400,0.0000,1.0000,973,5240,,,Tracy Ladies Extra Wide Canvas,TRACY-BEIGE-7
1994,1617,,47.8900,0.0000,1.0000,883,5220,,,Bali Ladies Extra Wide Boot,BALI-BLK.PAT.PR-5
1995,1618,,20.1000,0.0000,1.0000,1174,5228,,,Val Ladies Extra Wide Bootie Slipper,VAL-NAVY-5
1996,1619,,18.9800,0.0000,1.0000,1015,5232,,,Sadie Ladies Extra Wide Slippers,SADIE-WINE.FERN-7
1997,1620,,18.9800,0.0000,1.0000,1015,5234,,,Sadie Ladies Extra Wide Slippers,SADIE-NAVY.FERN-4
1998,1621,,18.9800,0.0000,1.0000,1015,5226,,,Sadie Ladies Extra Wide Slippers,SADIE-NAVY.FERN-4
1999,1622,,23.4500,0.0000,1.0000,958,5242,,,Mary Ladies Extra Wide Lightweight Shoe,MARY-NAVY-6
2000,1623,,19.1400,0.0000,1.0000,942,5244,,,Dora Ladies Ultra Wide Canvas Sandal,DORA-DENIM-5
2001,1624,,41.3000,0.0000,1.0000,834,5088,,,Walmer Ladies Extra Wide Stretch Shoe,WALMER-BLACK-8
2002,1625,,47.1000,0.0000,1.0000,849,4059,,,Walford Ladies Extra Wide Stretch Shoe,WALFORD-BLACK-5
2003,1626,,41.6600,0.0000,1.0000,834,5198,,,Walmer Ladies Extra Wide Stretch Shoe,WALMER-BLACK-6
2004,1626,,41.6600,0.0000,1.0000,849,5200,,,Walford Ladies Extra Wide Stretch Shoe,WALFORD-BROWN-6
2005,1627,,47.4800,0.0000,1.0000,912,5248,,,Bolton Ladies Extra Wide Boot,BOLTON-BLACK-6.5
2006,1628,,39.2700,0.0000,1.0000,1314,5250,,,Neil Men's Ultra Wide Sandal,NEIL-BROWN-11
2007,1629,,40.7000,0.0000,1.0000,806,5252,,,Welton Ladies Extra Wide Shoe,WELTON-BLACK-7
2008,1630,,19.1400,0.0000,1.0000,1015,5254,,,Sadie Ladies Extra Wide Slippers,SADIE-GREY.FERN-6
2009,1631,,19.4100,0.0000,1.0000,1424,5258,,,Steve Men's Extra Wide Slipper,STEVE-NAVY.CHEV-9
2010,1632,,20.1000,0.0000,1.0000,1174,5256,,,Val Ladies Extra Wide Bootie Slipper,VAL-WINE.FERN-7
2011,1633,,18.9800,0.0000,1.0000,1015,5262,,,Sadie Ladies Extra Wide Slippers,SADIE-NAVY.FERN-6
2012,1634,,40.3500,0.0000,1.0000,733,5266,,,Wardale Ladies Extra Wide Shoe,WARDALE-GREY-5
2013,1635,,19.9300,0.0000,1.0000,1174,5264,,,Val Ladies Extra Wide Bootie Slipper,VAL-WINE.FERN-5
2014,1636,,19.2400,0.0000,1.0000,1091,5260,,,Sophie Ladies Extra Wide Slipper,SOPHIE-NAVY.SPARK-4
2015,1637,,19.1400,0.0000,1.0000,1015,5270,,,Sadie Ladies Extra Wide Slippers,SADIE-NAVY.FERN-5
2016,1638,,19.4100,0.0000,1.0000,1424,5276,,,Steve Men's Extra Wide Slipper,STEVE-NAVY.CHEV-10
2017,1639,,27.7700,0.0000,1.0000,1471,5280,,,Wesley Men's Extra Wide Open-Flat PU Slipper,WESLEY-BLACK-6
2018,1640,,40.7000,0.0000,1.0000,1600,5274,,,Coral Ladies Ultra Wide Sandal,CORAL-IVORY-4
2019,1641,,5.3900,0.0000,2.0000,1285,5272,,,FeatherGrip Extra Wide Knee-High Warm,FEATHERGRIP.KH.WARM-BLK
2020,1642,,19.9300,0.0000,1.0000,1023,5268,,,Selina Ladies Extra Wide Slipper,SELINA-NAVY.SPARK-8
2021,1643,,20.4000,0.0000,1.0000,1629,5278,,,Vera Ladies Extra Wide Bootie Slipper,VERA-CHAR.POLKA-8
2022,1644,,47.8900,0.0000,1.0000,1342,5304,,,Percy Men's Extra Wide Deck Shoe,PERCY-BROWN-9.5
2023,1644,,45.5000,0.0000,1.0000,1361,5306,,,Tony Men's Extra Wide Shoe,TONY-BROWN-9
2024,1644,,47.8900,0.0000,1.0000,1809,5308,,,Todd Men's Extra Wide Shoe,TODD-BROWN-9.5
2025,1645,,43.1000,0.0000,1.0000,265,5294,,,Filton Ladies Extra Wide Shoe,FILTON-BEIGE.PRI-5
2026,1646,,47.8900,0.0000,1.0000,883,5302,,,Bali Ladies Extra Wide Boot,BALI-BLK.PAT.PR-7
2027,1647,,47.8900,0.0000,1.0000,1396,5286,,,Brett Men's Extra Wide Boot,BRETT-BROWN-9
2028,1647,,19.1400,0.0000,1.0000,2012,5288,,,Doreen Ladies Ultra Wide Slipper,DOREEN-WINE-7
2029,1648,,20.1000,0.0000,1.0000,1023,5290,,,Selina Ladies Extra Wide Slipper,SELINA-NAVY.SPARK-5
2030,1649,,23.4500,0.0000,1.0000,958,5298,,,Mary Ladies Extra Wide Lightweight Shoe,MARY-NAVY-7
2031,1649,,20.5800,0.0000,1.0000,927,5300,,,Sue Ladies Extra Wide Lightweight Shoe,SUE-BLK.MET-7
2032,1650,,20.5800,0.0000,1.0000,1629,5296,,,Vera Ladies Extra Wide Bootie Slipper,VERA-CHAR.POLKA-8
2033,1651,,46.4500,0.0000,1.0000,2747,5310,,,Troy Men's Twin Strap Extra Wide Shoe,TROY-BLACK-9
2034,1652,,43.1000,0.0000,1.0000,2129,5292,,,Fenwick Ladies Extra Wide Shoe,FENWICK-CHER.PRI-4
2035,1653,,43.1000,0.0000,1.0000,480,5312,,,Foxton Ladies Extra Wide Shoe,FOXTON-PEWTER-8
2036,1654,,19.2400,0.0000,1.0000,1091,5282,,,Sophie Ladies Extra Wide Slipper,SOPHIE-NAVY-5
2037,1655,,19.2400,0.0000,1.0000,1091,5284,,,Sophie Ladies Extra Wide Slipper,SOPHIE-NAVY.SPARK-5
2038,1656,,41.6600,0.0000,1.0000,834,5314,,,Walmer Ladies Extra Wide Stretch Shoe,WALMER-BLACK-8
2039,1657,,40.3500,0.0000,1.0000,733,5316,,,Wardale Ladies Extra Wide Shoe,WARDALE-BEIGE-8
2040,1657,,26.1000,0.0000,1.0000,1137,5318,,,Wendy Ladies Extra Wide Open-Flat Slipper,WENDY-BLK.SWIRL-8
2041,1658,,20.1000,0.0000,1.0000,1023,5320,,,Selina Ladies Extra Wide Slipper,SELINA-BLK.SPARK-8
2042,1659,,20.1000,0.0000,1.0000,1023,5322,,,Selina Ladies Extra Wide Slipper,SELINA-NAVY.SPARK-6
2043,1660,,26.3300,0.0000,1.0000,1487,5326,,,Walter Men's Extra Wide Open Flat Slipper,WALTER-BLACK-12
2044,1661,,47.8900,0.0000,1.0000,1809,5324,,,Todd Men's Extra Wide Shoe,TODD-BLACK-12
2045,1662,,19.2400,0.0000,1.0000,1091,5330,,,Sophie Ladies Extra Wide Slipper,SOPHIE-NAVY.SPOT-5
2046,1663,,20.4000,0.0000,1.0000,1437,5332,,,Gary Men's Extra Wide Bootie Slipper,GARY-NAVY.CHEV-13
2047,1664,,47.8900,0.0000,1.0000,912,5334,,,Bolton Ladies Extra Wide Boot,BOLTON-BLACK-6
2048,1665,,20.1000,0.0000,1.0000,1174,5336,,,Val Ladies Extra Wide Bootie Slipper,VAL-WINE.FERN-3
2049,1666,,19.9300,0.0000,1.0000,1174,5338,,,Val Ladies Extra Wide Bootie Slipper,VAL-WINE.FERN-5
2050,1667,,45.5000,0.0000,1.0000,1361,5340,,,Tony Men's Extra Wide Shoe,TONY-BLACK-12
2051,1668,,19.1400,0.0000,1.0000,1015,5344,,,Sadie Ladies Extra Wide Slippers,SADIE-NAVY.FERN-6
2052,1669,,40.7000,0.0000,1.0000,733,5342,,,Wardale Ladies Extra Wide Shoe,WARDALE-BLACK-8
2053,1670,,20.1000,0.0000,1.0000,1174,5346,,,Val Ladies Extra Wide Bootie Slipper,VAL-WINE.FERN-6
2054,1671,,20.1000,0.0000,1.0000,1174,5348,,,Val Ladies Extra Wide Bootie Slipper,VAL-BLACK-4
2055,1672,,43.1000,0.0000,1.0000,480,5350,,,Foxton Ladies Extra Wide Shoe,FOXTON-BEIGE-4
2056,1673,,44.5400,0.0000,1.0000,663,5352,,,Fargo Ladies Extra Wide Shoe,FARGO-BR.PRINT-6
2057,1674,,40.7000,0.0000,1.0000,806,5356,,,Welton Ladies Extra Wide Shoe,WELTON-RED-3
2058,1675,,20.1000,0.0000,1.0000,1023,5354,,,Selina Ladies Extra Wide Slipper,SELINA-BLK.SPARK-7
2059,1676,,19.1400,0.0000,1.0000,1015,5358,,,Sadie Ladies Extra Wide Slippers,SADIE-NAVY.FERN-7
2060,1677,,26.1000,0.0000,1.0000,1137,5360,,,Wendy Ladies Extra Wide Open-Flat Slipper,WENDY-WINE.SWIRL-6
2061,1678,,27.5300,0.0000,1.0000,1471,5362,,,Wesley Men's Extra Wide Open-Flat PU Slipper,WESLEY-BLACK-8
2062,1679,,19.4100,0.0000,1.0000,1091,5364,,,Sophie Ladies Extra Wide Slipper,SOPHIE-GREY.HEART-5
2063,1680,,41.6600,0.0000,1.0000,849,5374,,,Walford Ladies Extra Wide Stretch Shoe,WALFORD-BLACK-9
2064,1681,,43.1000,0.0000,1.0000,875,5378,,,Zinder Ladies Ultra Wide Shoe,ZINDER-BLACK-5
2065,1682,,44.5400,0.0000,1.0000,1378,5368,,,Travis Men's Extra Wide Stretch Shoe,TRAVIS-BLACK-7
2066,1683,,47.8900,0.0000,1.0000,912,5376,,,Bolton Ladies Extra Wide Boot,BOLTON-BLACK-5
2067,1684,,47.8900,0.0000,1.0000,1396,5372,,,Brett Men's Extra Wide Boot,BRETT-BROWN-9
2068,1685,,20.5800,0.0000,1.0000,1437,5380,,,Gary Men's Extra Wide Bootie Slipper,GARY-NAVY.CHEV-10
2069,1686,,41.6600,0.0000,1.0000,834,5384,,,Walmer Ladies Extra Wide Stretch Shoe,WALMER-BLACK-5
2070,1687,,44.5400,0.0000,1.0000,663,5386,,,Fargo Ladies Extra Wide Shoe,FARGO-BLK.PRINT-5
2071,1688,,18.9800,0.0000,1.0000,2012,5366,,,Doreen Ladies Ultra Wide Slipper,DOREEN-WINE-9
2072,1689,,19.9300,0.0000,1.0000,1174,5382,,,Val Ladies Extra Wide Bootie Slipper,VAL-WINE.FERN-8
2073,1690,,20.4000,0.0000,1.0000,1629,5370,,,Vera Ladies Extra Wide Bootie Slipper,VERA-CHAR.POLKA-8
2074,1691,,19.1400,0.0000,1.0000,1015,5390,,,Sadie Ladies Extra Wide Slippers,SADIE-WINE.FERN-6
2075,1691,,19.4100,0.0000,1.0000,1091,5392,,,Sophie Ladies Extra Wide Slipper,SOPHIE-GREY.HEART-6
2076,1692,,8.1000,0.0000,1.0000,2394,5402,,,FeatherTop Extra Wide Cotton Socks,FEATHERTOP.COTTON-BLACK-L
2077,1693,,18.9800,0.0000,1.0000,1015,5394,,,Sadie Ladies Extra Wide Slippers,SADIE-WINE.FERN-4
2078,1694,,40.3500,0.0000,1.0000,2704,5400,,,Chloe Ladies Ultra Wide Sandal,CHLOE-SANDY-8
2079,1695,,19.9300,0.0000,1.0000,1174,5388,,,Val Ladies Extra Wide Bootie Slipper,VAL-NAVY.FERN-3
2080,1696,,19.9300,0.0000,1.0000,1174,5398,,,Val Ladies Extra Wide Bootie Slipper,VAL-NAVY.FERN-6
2081,1697,,19.9300,0.0000,1.0000,1174,5396,,,Val Ladies Extra Wide Bootie Slipper,VAL-WINE.FERN-6
2082,1698,,20.4000,0.0000,1.0000,1629,5404,,,Vera Ladies Extra Wide Bootie Slipper,VERA-CHAR.POLKA-6
2083,1699,,26.3300,0.0000,1.0000,1137,5406,,,Wendy Ladies Extra Wide Open-Flat Slipper,WENDY-BLK.SWIRL-3
2084,1700,,19.1400,0.0000,1.0000,1015,5408,,,Sadie Ladies Extra Wide Slippers,SADIE-GREY.FERN-5
2085,1701,,19.1400,0.0000,1.0000,1015,5416,,,Sadie Ladies Extra Wide Slippers,SADIE-NAVY.FERN-6
2086,1702,,19.1400,0.0000,1.0000,1015,5410,,,Sadie Ladies Extra Wide Slippers,SADIE-NAVY.FERN-6
2087,1703,,20.1000,0.0000,1.0000,1174,5412,,,Val Ladies Extra Wide Bootie Slipper,VAL-WINE.FERN-7
2088,1704,,39.2700,0.0000,1.0000,1314,5414,,,Neil Men's Ultra Wide Sandal,NEIL-BROWN-11
2089,1705,,5.3900,0.0000,1.0000,1285,5418,,,FeatherGrip Extra Wide Knee-High Warm,FEATHERGRIP.KH.WARM-BLK
2090,1706,,26.1000,0.0000,1.0000,1137,5422,,,Wendy Ladies Extra Wide Open-Flat Slipper,WENDY-NAVY.COMB-8
2091,1707,,18.9800,0.0000,1.0000,2012,5420,,,Doreen Ladies Ultra Wide Slipper,DOREEN-WINE-7
2092,1708,,7.1500,0.0000,2.0000,2727,5424,,,FeatherTop Extra Wide Gripped Socks,FEATHERTOP.GRIPPED-NAVY-M
2093,1709,,27.5300,0.0000,1.0000,1471,5426,,,Wesley Men's Extra Wide Open-Flat PU Slipper,WESLEY-BLACK-6
2094,1710,,20.4000,0.0000,1.0000,1629,5428,,,Vera Ladies Extra Wide Bootie Slipper,VERA-CHAR.POLKA-8
2095,1711,,19.1400,0.0000,1.0000,1015,5432,,,Sadie Ladies Extra Wide Slippers,SADIE-GREY.FERN-8
2096,1712,,47.8900,0.0000,1.0000,912,5430,,,Bolton Ladies Extra Wide Boot,BOLTON-BR.PAT-6
2097,1713,,18.9800,0.0000,1.0000,1015,5434,,,Sadie Ladies Extra Wide Slippers,SADIE-NAVY.FERN-7
2098,1714,,19.1400,0.0000,1.0000,942,5436,,,Dora Ladies Ultra Wide Canvas Sandal,DORA-BEIGE-7
2099,1715,,24.4700,0.0000,2.0000,958,5438,,,Mary Ladies Extra Wide Lightweight Shoe,MARY-NAVY-5
2100,1715,,24.4700,0.0000,2.0000,958,5440,,,Mary Ladies Extra Wide Lightweight Shoe,MARY-NAVY-6
2101,1715,,24.4700,0.0000,2.0000,958,5442,,,Mary Ladies Extra Wide Lightweight Shoe,MARY-NAVY-7
2102,1715,,20.2500,0.0000,1.0000,1091,5444,,,Sophie Ladies Extra Wide Slipper,SOPHIE-GREY.HEART-5
2103,1715,,20.2500,0.0000,1.0000,1091,5446,,,Sophie Ladies Extra Wide Slipper,SOPHIE-GREY.HEART-6
2104,1715,,27.4700,0.0000,1.0000,1487,5448,,,Walter Men's Extra Wide Open Flat Slipper,WALTER-BLACK-12
2105,1715,,27.4700,0.0000,1.0000,1487,5450,,,Walter Men's Extra Wide Open Flat Slipper,WALTER-BLACK-9
2106,1716,,19.9300,0.0000,1.0000,1023,5454,,,Selina Ladies Extra Wide Slipper,SELINA-NAVY.SPARK-9
2107,1717,,19.9300,0.0000,1.0000,1023,5452,,,Selina Ladies Extra Wide Slipper,SELINA-BLK.SPARK-9
2108,1718,,45.5000,0.0000,1.0000,1361,5464,,,Tony Men's Extra Wide Shoe,TONY-BLACK-10
2109,1719,,19.9300,0.0000,1.0000,1023,5456,,,Selina Ladies Extra Wide Slipper,SELINA-NAVY.SPARK-3
2110,1719,,19.9300,0.0000,1.0000,1023,5458,,,Selina Ladies Extra Wide Slipper,SELINA-NAVY.SPARK-4
2111,1720,,47.4800,0.0000,1.0000,912,5460,,,Bolton Ladies Extra Wide Boot,BOLTON-BLACK-8
2112,1721,,19.2400,0.0000,1.0000,1091,5462,,,Sophie Ladies Extra Wide Slipper,SOPHIE-NAVY.SPARK-6
2113,1722,,26.3300,0.0000,1.0000,1137,5472,,,Wendy Ladies Extra Wide Open-Flat Slipper,WENDY-WINE.SWIRL-7
2114,1723,,40.7000,0.0000,1.0000,806,5468,,,Welton Ladies Extra Wide Shoe,WELTON-BLACK-8
2115,1724,,19.4100,0.0000,1.0000,1424,5470,,,Steve Men's Extra Wide Slipper,STEVE-NAVY.CHEV-10
2116,1725,,47.8900,0.0000,1.0000,1979,5474,,,Tom Men's Extra Wide Shoe,TOM-BLACK-8
2117,1726,,23.2500,0.0000,1.0000,958,5466,,,Mary Ladies Extra Wide Lightweight Shoe,MARY-NAVY-8
2118,1727,,26.3300,0.0000,1.0000,1137,5476,,,Wendy Ladies Extra Wide Open-Flat Slipper,WENDY-WINE.SWIRL-8
2119,1728,,46.4500,0.0000,1.0000,2747,5480,,,Troy Men's Twin Strap Extra Wide Shoe,TROY-BLACK-8
2120,1729,,19.2400,0.0000,1.0000,1091,5478,,,Sophie Ladies Extra Wide Slipper,SOPHIE-NAVY.SPOT-4
2121,1730,,19.2400,0.0000,1.0000,1424,5486,,,Steve Men's Extra Wide Slipper,STEVE-NAVY.CHEV-9
2122,1731,,19.9300,0.0000,1.0000,1174,5482,,,Val Ladies Extra Wide Bootie Slipper,VAL-NAVY.FERN-3
2123,1732,,19.9300,0.0000,1.0000,1174,5484,,,Val Ladies Extra Wide Bootie Slipper,VAL-WINE.FERN-5
2124,1733,,19.1400,0.0000,1.0000,2012,5496,,,Doreen Ladies Ultra Wide Slipper,DOREEN-WINE-5
2125,1734,,20.1000,0.0000,1.0000,1023,5490,,,Selina Ladies Extra Wide Slipper,SELINA-BLK.SPARK-7
2126,1735,,20.1000,0.0000,1.0000,1023,5492,,,Selina Ladies Extra Wide Slipper,SELINA-BLK.SPARK-8
2127,1736,,26.3300,0.0000,1.0000,1487,5494,,,Walter Men's Extra Wide Open Flat Slipper,WALTER-BLACK-12
2128,1737,,7.0100,0.0000,1.0000,2435,5488,,,FeatherTop Extra Wide Knee-High Socks,FEATHERTOP.KNEE.HIGH-BLACK-L
2129,1738,,26.1000,0.0000,1.0000,1137,5504,,,Wendy Ladies Extra Wide Open-Flat Slipper,WENDY-NAVY.COMB-7
2130,1739,,18.9800,0.0000,1.0000,1015,5498,,,Sadie Ladies Extra Wide Slippers,SADIE-WINE.FERN-6
2131,1740,,19.9300,0.0000,1.0000,1023,5500,,,Selina Ladies Extra Wide Slipper,SELINA-BLK.SPARK-9
2132,1741,,19.9300,0.0000,1.0000,1023,5502,,,Selina Ladies Extra Wide Slipper,SELINA-BLK.SPARK-8
2133,1742,,19.9300,0.0000,1.0000,1174,5506,,,Val Ladies Extra Wide Bootie Slipper,VAL-WINE.FERN-5
2134,1743,,26.1000,0.0000,1.0000,1415,5510,,,Sven Men's Extra Wide Slipper,SVEN-BLACK-7
2135,1744,,19.2400,0.0000,1.0000,1091,5514,,,Sophie Ladies Extra Wide Slipper,SOPHIE-GREY.HEART-6
2136,1745,,19.2400,0.0000,1.0000,1091,5518,,,Sophie Ladies Extra Wide Slipper,SOPHIE-NAVY.SPOT-9
2137,1746,,18.9800,0.0000,1.0000,1015,5508,,,Sadie Ladies Extra Wide Slippers,SADIE-GREY.FERN-7
2138,1747,,23.2500,0.0000,1.0000,1621,5516,,,Sarah Ladies Extra Wide Bellows Slipper,SARAH-BLACK-8
2139,1748,,19.9300,0.0000,1.0000,1174,5512,,,Val Ladies Extra Wide Bootie Slipper,VAL-NAVY.FERN-9
2140,1749,,19.1400,0.0000,1.0000,2012,5526,,,Doreen Ladies Ultra Wide Slipper,DOREEN-WINE-5
2141,1750,,19.1400,0.0000,1.0000,942,5520,,,Dora Ladies Ultra Wide Canvas Sandal,DORA-DENIM-7
2142,1750,,19.1400,0.0000,1.0000,942,5522,,,Dora Ladies Ultra Wide Canvas Sandal,DORA-DENIM-8
2143,1751,,19.1400,0.0000,1.0000,1015,5524,,,Sadie Ladies Extra Wide Slippers,SADIE-WINE.FERN-7
2144,1752,,43.1000,0.0000,1.0000,875,5530,,,Zinder Ladies Ultra Wide Shoe,ZINDER-BLACK-7
2145,1753,,26.1000,0.0000,1.0000,1137,5528,,,Wendy Ladies Extra Wide Open-Flat Slipper,WENDY-WINE.SWIRL-7
2146,1754,,26.1000,0.0000,1.0000,1487,5532,,,Walter Men's Extra Wide Open Flat Slipper,WALTER-BLACK-10
2147,1755,,19.1400,0.0000,1.0000,1015,5536,,,Sadie Ladies Extra Wide Slippers,SADIE-GREY.FERN-4
2148,1756,,43.1000,0.0000,1.0000,1872,5540,,,Eden Ladies Extra Wide Shoe,EDEN-ROYAL.FL-5
2149,1757,,46.4500,0.0000,1.0000,2747,5534,,,Troy Men's Twin Strap Extra Wide Shoe,TROY-BLACK-9
2150,1758,,18.9800,0.0000,1.0000,1015,5538,,,Sadie Ladies Extra Wide Slippers,SADIE-NAVY.FERN-9
2151,1759,,27.0600,0.0000,1.0000,1159,5542,,,Wyn Ladies Extra Wide Open-Flat Slipper,WYN-WINE.SPA-5
2152,1760,,7.1500,0.0000,1.0000,2727,5552,,,FeatherTop Extra Wide Gripped Socks,FEATHERTOP.GRIPPED-NAVY-S
2153,1761,,7.1500,0.0000,1.0000,2727,5546,,,FeatherTop Extra Wide Gripped Socks,FEATHERTOP.GRIPPED-NAVY-M
2154,1762,,26.1000,0.0000,1.0000,1137,5550,,,Wendy Ladies Extra Wide Open-Flat Slipper,WENDY-NAVY.COMB-9
2155,1763,,18.9800,0.0000,1.0000,1015,5544,,,Sadie Ladies Extra Wide Slippers,SADIE-WINE.FERN-8
2156,1764,,19.1400,0.0000,1.0000,942,5558,,,Dora Ladies Ultra Wide Canvas Sandal,DORA-DENIM-4
2157,1765,,20.1000,0.0000,1.0000,1023,5554,,,Selina Ladies Extra Wide Slipper,SELINA-NAVY.SPARK-4
2158,1765,,20.1000,0.0000,1.0000,1023,5556,,,Selina Ladies Extra Wide Slipper,SELINA-NAVY.SPARK-5
2159,1766,,42.7300,0.0000,1.0000,348,5562,,,Falmer Ladies Extra Wide Shoe,FALMER-NAVY.PRI-8
2160,1767,,18.9800,0.0000,1.0000,973,5564,,,Tracy Ladies Extra Wide Canvas,TRACY-DENIM-5
2161,1768,,38.9300,0.0000,1.0000,1726,5560,,,Cheryl Ladies Ultra Wide Sandal,CHERYL-NAVY-6.5
2162,1769,,23.2500,0.0000,1.0000,958,5566,,,Mary Ladies Extra Wide Lightweight Shoe,MARY-NAVY-6
2163,1770,,19.1400,0.0000,2.0000,1015,5568,,,Sadie Ladies Extra Wide Slippers,SADIE-NAVY.FERN-3
2164,1771,,26.3300,0.0000,1.0000,1487,5570,,,Walter Men's Extra Wide Open Flat Slipper,WALTER-BLACK-10
2165,1772,,19.1400,0.0000,1.0000,2012,5572,,,Doreen Ladies Ultra Wide Slipper,DOREEN-WINE-5
2166,1773,,20.4000,0.0000,1.0000,1437,5574,,,Gary Men's Extra Wide Bootie Slipper,GARY-NAVY.CHEV-9
2167,1774,,40.7000,0.0000,1.0000,733,5576,,,Wardale Ladies Extra Wide Shoe,WARDALE-BLACK-6
2168,1775,,47.8900,0.0000,1.0000,1396,5578,,,Brett Men's Extra Wide Boot,BRETT-BLACK-9
2169,1776,,19.9300,0.0000,1.0000,1023,5580,,,Selina Ladies Extra Wide Slipper,SELINA-NAVY.SPARK-6
2170,1777,,40.7000,0.0000,1.0000,806,5586,,,Welton Ladies Extra Wide Shoe,WELTON-BLACK-8
2171,1778,,44.5400,0.0000,1.0000,1378,5584,,,Travis Men's Extra Wide Stretch Shoe,TRAVIS-BLACK-10
2172,1779,,19.4100,0.0000,1.0000,1091,5582,,,Sophie Ladies Extra Wide Slipper,SOPHIE-GREY.HEART-6
2173,1780,,18.9800,0.0000,1.0000,1015,5596,,,Sadie Ladies Extra Wide Slippers,SADIE-NAVY.FERN-9
2174,1781,,45.1000,0.0000,1.0000,1361,5598,,,Tony Men's Extra Wide Shoe,TONY-BLACK-8
2175,1782,,19.2400,0.0000,1.0000,1091,5600,,,Sophie Ladies Extra Wide Slipper,SOPHIE-NAVY.SPOT-8
2176,1783,,21.6400,0.0000,1.0000,1015,5588,,,Sadie Ladies Extra Wide Slippers,SADIE-NAVY.FERN-7
2177,1783,,21.9400,0.0000,1.0000,1091,5590,,,Sophie Ladies Extra Wide Slipper,SOPHIE-WINE.SWIRL-6
2178,1783,,8.1000,0.0000,1.0000,2394,5592,,,FeatherTop Extra Wide Cotton Socks,FEATHERTOP.COTTON-ROSE.LILAC-M
2179,1783,,8.1000,0.0000,1.0000,2394,5594,,,FeatherTop Extra Wide Cotton Socks,FEATHERTOP.COTTON-GREY-M
2180,1784,,48.7200,0.0000,1.0000,348,5602,,,Falmer Ladies Extra Wide Shoe,FALMER-CHER.PRI-6.5
2181,1784,,22.7200,0.0000,1.0000,1174,5604,,,Val Ladies Extra Wide Bootie Slipper,VAL-NAVY-7
2182,1785,,7.1500,0.0000,2.0000,2727,5624,,,FeatherTop Extra Wide Gripped Socks,FEATHERTOP.GRIPPED-NAVY-L
2183,1786,,40.3500,0.0000,1.0000,733,5614,,,Wardale Ladies Extra Wide Shoe,WARDALE-BLACK-6.5
2184,1787,,44.1500,0.0000,1.0000,663,5616,,,Fargo Ladies Extra Wide Shoe,FARGO-BLK.PRINT-6
2185,1788,,20.4000,0.0000,1.0000,1437,5606,,,Gary Men's Extra Wide Bootie Slipper,GARY-NAVY.CHEV-11
2186,1789,,41.3000,0.0000,1.0000,849,5608,,,Walford Ladies Extra Wide Stretch Shoe,WALFORD-BLACK-5
2187,1790,,19.2400,0.0000,1.0000,1091,5610,,,Sophie Ladies Extra Wide Slipper,SOPHIE-BEI.COMB-9
2188,1790,,7.1500,0.0000,1.0000,2727,5612,,,FeatherTop Extra Wide Gripped Socks,FEATHERTOP.GRIPPED-NAVY-M
2189,1791,,19.9300,0.0000,1.0000,1174,5618,,,Val Ladies Extra Wide Bootie Slipper,VAL-WINE.FERN-4
2190,1792,,19.2400,0.0000,1.0000,1091,5622,,,Sophie Ladies Extra Wide Slipper,SOPHIE-BEI.COMB-5
2191,1793,,20.1000,0.0000,1.0000,1023,5630,,,Selina Ladies Extra Wide Slipper,SELINA-BLK.SPARK-6
2192,1794,,20.1000,0.0000,1.0000,1023,5634,,,Selina Ladies Extra Wide Slipper,SELINA-BLK.SPARK-5
2193,1795,,19.4100,0.0000,1.0000,1424,5628,,,Steve Men's Extra Wide Slipper,STEVE-NAVY.CHEV-9
2194,1796,,20.5800,0.0000,1.0000,1437,5636,,,Gary Men's Extra Wide Bootie Slipper,GARY-GREY.CHEV-11
2195,1797,,43.1000,0.0000,1.0000,867,5626,,,Zurich Ladies Ultra Wide Shoe,ZURICH-BLACK-7
2196,1798,,19.4100,0.0000,1.0000,1091,5632,,,Sophie Ladies Extra Wide Slipper,SOPHIE-GREY.HEART-7
2197,1799,,20.1000,0.0000,1.0000,1174,5644,,,Val Ladies Extra Wide Bootie Slipper,VAL-WINE.FERN-8
2198,1800,,20.1000,0.0000,1.0000,1174,5642,,,Val Ladies Extra Wide Bootie Slipper,VAL-NAVY-5
2199,1801,,20.1000,0.0000,1.0000,1174,5646,,,Val Ladies Extra Wide Bootie Slipper,VAL-BLACK-8
2200,1802,,43.1000,0.0000,1.0000,867,5640,,,Zurich Ladies Ultra Wide Shoe,ZURICH-BLACK-5
2201,1803,,23.4500,0.0000,1.0000,958,5648,,,Mary Ladies Extra Wide Lightweight Shoe,MARY-NAVY-4
2202,1804,,41.6600,0.0000,1.0000,834,5638,,,Walmer Ladies Extra Wide Stretch Shoe,WALMER-BLACK-4
2203,1805,,26.3300,0.0000,1.0000,1487,5650,,,Walter Men's Extra Wide Open Flat Slipper,WALTER-BLACK-8
2204,1806,,41.6600,0.0000,1.0000,834,5656,,,Walmer Ladies Extra Wide Stretch Shoe,WALMER-BLACK-8
2205,1807,,19.4100,0.0000,1.0000,1424,5654,,,Steve Men's Extra Wide Slipper,STEVE-NAVY.CHEV-9
2206,1808,,19.4100,0.0000,1.0000,1424,5652,,,Steve Men's Extra Wide Slipper,STEVE-BR.CHEV-9
2207,1809,,43.1000,0.0000,1.0000,348,5658,,,Falmer Ladies Extra Wide Shoe,FALMER-GREY.SP-5
2208,1810,,47.8900,0.0000,1.0000,898,5660,,,Barla Ladies Extra Wide Boot,BARLA-BLACK-5
2209,1810,,19.4100,0.0000,1.0000,1091,5662,,,Sophie Ladies Extra Wide Slipper,SOPHIE-GREY.HEART-5
2210,1811,,20.1000,0.0000,1.0000,1174,5664,,,Val Ladies Extra Wide Bootie Slipper,VAL-WINE.FERN-7
2211,1812,,27.4700,0.0000,1.0000,1487,5666,,,Walter Men's Extra Wide Open Flat Slipper,WALTER-BLACK-11
2212,1812,,27.4700,0.0000,2.0000,1487,5668,,,Walter Men's Extra Wide Open Flat Slipper,WALTER-BLACK-8
2213,1812,,27.4700,0.0000,1.0000,1487,5670,,,Walter Men's Extra Wide Open Flat Slipper,WALTER-BLACK-9
2214,1813,,19.9300,0.0000,1.0000,1174,5672,,,Val Ladies Extra Wide Bootie Slipper,VAL-NAVY-7
2215,1814,,20.4000,0.0000,1.0000,1629,5678,,,Vera Ladies Extra Wide Bootie Slipper,VERA-CHAR.POLKA-8
2216,1814,,19.9300,0.0000,1.0000,1174,5680,,,Val Ladies Extra Wide Bootie Slipper,VAL-BLACK-8
2217,1815,,20.4000,0.0000,1.0000,1629,5674,,,Vera Ladies Extra Wide Bootie Slipper,VERA-CHAR.POLKA-5
2218,1816,,19.2400,0.0000,1.0000,1091,5676,,,Sophie Ladies Extra Wide Slipper,SOPHIE-NAVY.SPOT-8
2219,1817,,44.5400,0.0000,1.0000,1521,5688,,,Farden Ladies Extra Wide Shoe,FARDEN-BLACK-6.5
2220,1818,,47.8900,0.0000,1.0000,1396,5684,,,Brett Men's Extra Wide Boot,BRETT-BLACK-8
2221,1819,,5.3900,0.0000,2.0000,1285,5690,,,FeatherGrip Extra Wide Knee-High Warm,FEATHERGRIP.KH.WARM-BLK
2222,1820,,20.4000,0.0000,1.0000,1629,5686,,,Vera Ladies Extra Wide Bootie Slipper,VERA-CHAR.POLKA-8
2223,1821,,20.4000,0.0000,1.0000,927,5682,,,Sue Ladies Extra Wide Lightweight Shoe,SUE-BEIGE.MET-7
2224,1822,,26.1000,0.0000,1.0000,1137,5694,,,Wendy Ladies Extra Wide Open-Flat Slipper,WENDY-NAVY.COMB-8
2225,1823,,18.9800,0.0000,1.0000,2012,5692,,,Doreen Ladies Ultra Wide Slipper,DOREEN-WINE-8
2226,1824,,19.9300,0.0000,1.0000,1023,5696,,,Selina Ladies Extra Wide Slipper,SELINA-NAVY.SPARK-6
2227,1825,,26.3300,0.0000,1.0000,1137,5700,,,Wendy Ladies Extra Wide Open-Flat Slipper,WENDY-NAVY.COMB-5
2228,1826,,47.8900,0.0000,1.0000,1396,5698,,,Brett Men's Extra Wide Boot,BRETT-BROWN-8
2229,1827,,19.4100,0.0000,1.0000,1091,5702,,,Sophie Ladies Extra Wide Slipper,SOPHIE-GREY.HEART-5
2230,1828,,26.3300,0.0000,1.0000,1487,5704,,,Walter Men's Extra Wide Open Flat Slipper,WALTER-BLACK-10
2231,1828,,26.3300,0.0000,1.0000,1463,5706,,,Sampson Men's Extra Wide Bellows Slipper,SAMPSON-BLACK-10
2232,1829,,19.1400,0.0000,1.0000,942,5708,,,Dora Ladies Ultra Wide Canvas Sandal,DORA-BEIGE-6
2233,1830,,44.5400,0.0000,1.0000,1378,5728,,,Travis Men's Extra Wide Stretch Shoe,TRAVIS-BLACK-6
2234,1830,,47.8900,0.0000,1.0000,1979,5730,,,Tom Men's Extra Wide Shoe,TOM-BLACK-6
2235,1830,,45.5000,0.0000,1.0000,1361,5732,,,Tony Men's Extra Wide Shoe,TONY-BROWN-6
2236,1831,,19.1400,0.0000,1.0000,942,5716,,,Dora Ladies Ultra Wide Canvas Sandal,DORA-DENIM-4
2237,1832,,26.3300,0.0000,1.0000,1137,5726,,,Wendy Ladies Extra Wide Open-Flat Slipper,WENDY-BLK.SWIRL-6
2238,1833,,19.4100,0.0000,1.0000,1424,5720,,,Steve Men's Extra Wide Slipper,STEVE-GREY.CHEV-12
2239,1834,,47.8900,0.0000,1.0000,1396,5724,,,Brett Men's Extra Wide Boot,BRETT-BLACK-10.5
2240,1835,,47.8900,0.0000,1.0000,1396,5722,,,Brett Men's Extra Wide Boot,BRETT-BLACK-10.5
2241,1836,,20.5800,0.0000,1.0000,1437,5718,,,Gary Men's Extra Wide Bootie Slipper,GARY-GREY.CHEV-9
2242,1837,,19.9300,0.0000,1.0000,1174,5714,,,Val Ladies Extra Wide Bootie Slipper,VAL-NAVY.FERN-6
2243,1838,,20.4000,0.0000,1.0000,1629,5710,,,Vera Ladies Extra Wide Bootie Slipper,VERA-CHAR.POLKA-3
2244,1839,,19.2400,0.0000,1.0000,1091,5712,,,Sophie Ladies Extra Wide Slipper,SOPHIE-NAVY.SPARK-7
2245,1840,,20.5800,0.0000,1.0000,927,5734,,,Sue Ladies Extra Wide Lightweight Shoe,SUE-BLK.MET-8
2246,1841,,20.4000,0.0000,1.0000,1629,5736,,,Vera Ladies Extra Wide Bootie Slipper,VERA-CHAR.POLKA-6
2247,1842,,19.1400,0.0000,1.0000,942,5750,,,Dora Ladies Ultra Wide Canvas Sandal,DORA-DENIM-4
2248,1843,,19.4100,0.0000,1.0000,1091,5742,,,Sophie Ladies Extra Wide Slipper,SOPHIE-GREY.HEART-8
2249,1843,,20.1000,0.0000,1.0000,1023,5744,,,Selina Ladies Extra Wide Slipper,SELINA-BLK.SPARK-7
2250,1844,,47.8900,0.0000,1.0000,1322,5756,,,Trent Men's Extra Wide Shoe,TRENT-BLACK-8
2251,1845,,20.5800,0.0000,1.0000,1437,5752,,,Gary Men's Extra Wide Bootie Slipper,GARY-NAVY.CHEV-8
2252,1846,,20.1000,0.0000,1.0000,1174,5754,,,Val Ladies Extra Wide Bootie Slipper,VAL-NAVY-6
2253,1847,,45.5000,0.0000,1.0000,1361,5748,,,Tony Men's Extra Wide Shoe,TONY-BLACK-9
2254,1848,,45.5000,0.0000,1.0000,1388,5758,,,Terry Men's Extra Wide Shoe,TERRY-BLACK-8
2255,1849,,19.4100,0.0000,1.0000,1091,5746,,,Sophie Ladies Extra Wide Slipper,SOPHIE-GREY.HEART-7
2256,1850,,23.2500,0.0000,1.0000,1621,5740,,,Sarah Ladies Extra Wide Bellows Slipper,SARAH-BLACK-8
2257,1851,,26.1000,0.0000,1.0000,1487,5738,,,Walter Men's Extra Wide Open Flat Slipper,WALTER-BLACK-10
2258,1852,,20.1000,0.0000,1.0000,1023,5760,,,Selina Ladies Extra Wide Slipper,SELINA-BLK.SPARK-7
2259,1853,,19.4100,0.0000,1.0000,1091,5764,,,Sophie Ladies Extra Wide Slipper,SOPHIE-GREY.HEART-6
2260,1854,,8.1000,0.0000,1.0000,2394,5762,,,FeatherTop Extra Wide Cotton Socks,FEATHERTOP.COTTON-ROSE.LILAC-M
2261,1855,,5.3900,0.0000,1.0000,1285,5766,,,FeatherGrip Extra Wide Knee-High Warm,FEATHERGRIP.KH.WARM-BLK
2262,1856,,20.5800,0.0000,1.0000,1437,5770,,,Gary Men's Extra Wide Bootie Slipper,GARY-GREY.CHEV-13
2263,1857,,43.1000,0.0000,1.0000,2129,5768,,,Fenwick Ladies Extra Wide Shoe,FENWICK-BLACK-8
2264,1858,,20.1000,0.0000,1.0000,1174,5810,,,Val Ladies Extra Wide Bootie Slipper,VAL-NAVY.FERN-6
2265,1858,,19.4100,0.0000,1.0000,1091,5812,,,Sophie Ladies Extra Wide Slipper,SOPHIE-GREY.HEART-6
2266,1859,,47.8900,0.0000,1.0000,1809,5796,,,Todd Men's Extra Wide Shoe,TODD-BROWN-11
2267,1860,,46.4500,0.0000,1.0000,1707,5774,,,Paul Men's Extra Wide Shoe,PAUL-BLACK-9
2268,1861,,47.8900,0.0000,1.0000,1332,5802,,,Tully Men's Extra Wide Shoe,TULLY-BROWN-11
2269,1862,,19.4100,0.0000,1.0000,1091,5822,,,Sophie Ladies Extra Wide Slipper,SOPHIE-GREY.HEART-3
2270,1863,,19.4100,0.0000,1.0000,1091,5776,,,Sophie Ladies Extra Wide Slipper,SOPHIE-NAVY.SPARK-5
2271,1864,,19.1400,0.0000,1.0000,1015,5808,,,Sadie Ladies Extra Wide Slippers,SADIE-NAVY.FERN-6
2272,1865,,20.1000,0.0000,1.0000,1023,5798,,,Selina Ladies Extra Wide Slipper,SELINA-NAVY.SPARK-6
2273,1866,,20.5800,0.0000,1.0000,927,5824,,,Sue Ladies Extra Wide Lightweight Shoe,SUE-BLK.MET-5
2274,1867,,41.6600,0.0000,1.0000,834,5818,,,Walmer Ladies Extra Wide Stretch Shoe,WALMER-BLACK-6
2275,1868,,44.5400,0.0000,1.0000,1521,5778,,,Farden Ladies Extra Wide Shoe,FARDEN-BLACK-3
2276,1869,,47.8900,0.0000,1.0000,1342,5800,,,Percy Men's Extra Wide Deck Shoe,PERCY-BROWN-9.5
2277,1870,,19.4100,0.0000,2.0000,1424,5794,,,Steve Men's Extra Wide Slipper,STEVE-NAVY.CHEV-8
2278,1871,,20.5800,0.0000,1.0000,1437,5820,,,Gary Men's Extra Wide Bootie Slipper,GARY-NAVY.CHEV-8
2279,1872,,19.1400,0.0000,1.0000,2012,5784,,,Doreen Ladies Ultra Wide Slipper,DOREEN-WINE-7
2280,1872,,43.1000,0.0000,1.0000,875,5786,,,Zinder Ladies Ultra Wide Shoe,ZINDER-BLACK-8
2281,1873,,19.1400,0.0000,1.0000,1015,5806,,,Sadie Ladies Extra Wide Slippers,SADIE-WINE.FERN-6
2282,1874,,19.1400,0.0000,1.0000,1015,5772,,,Sadie Ladies Extra Wide Slippers,SADIE-WINE.FERN-6
2283,1875,,7.1500,0.0000,1.0000,2727,5788,,,FeatherTop Extra Wide Gripped Socks,FEATHERTOP.GRIPPED-NAVY-M
2284,1876,,18.9800,0.0000,1.0000,1015,5816,,,Sadie Ladies Extra Wide Slippers,SADIE-NAVY.FERN-6
2285,1877,,19.9300,0.0000,1.0000,1023,5804,,,Selina Ladies Extra Wide Slipper,SELINA-NAVY.SPARK-7
2286,1878,,23.2500,0.0000,1.0000,1621,5780,,,Sarah Ladies Extra Wide Bellows Slipper,SARAH-BLACK-4
2287,1879,,19.9300,0.0000,1.0000,1174,5792,,,Val Ladies Extra Wide Bootie Slipper,VAL-WINE.FERN-4
2288,1880,,38.9300,0.0000,1.0000,1726,5782,,,Cheryl Ladies Ultra Wide Sandal,CHERYL-BLK.PAT-7
2289,1881,,19.2400,0.0000,1.0000,1091,5814,,,Sophie Ladies Extra Wide Slipper,SOPHIE-WINE.SWIRL-5
2290,1882,,23.4500,0.0000,1.0000,958,5836,,,Mary Ladies Extra Wide Lightweight Shoe,MARY-NAVY-6
2291,1883,,43.1000,0.0000,1.0000,867,5830,,,Zurich Ladies Ultra Wide Shoe,ZURICH-BLACK-6
2292,1883,,43.1000,0.0000,1.0000,867,5832,,,Zurich Ladies Ultra Wide Shoe,ZURICH-BLACK-7
2293,1884,,45.5000,0.0000,1.0000,1361,5834,,,Tony Men's Extra Wide Shoe,TONY-BROWN-10
2294,1885,,44.5400,0.0000,1.0000,1378,5828,,,Travis Men's Extra Wide Stretch Shoe,TRAVIS-BLACK-14
2295,1886,,19.4100,0.0000,1.0000,1091,5826,,,Sophie Ladies Extra Wide Slipper,SOPHIE-NAVY-6
2296,1887,,20.1000,0.0000,1.0000,1174,5860,,,Val Ladies Extra Wide Bootie Slipper,VAL-BLACK-7
2297,1888,,47.8900,0.0000,1.0000,1396,5856,,,Brett Men's Extra Wide Boot,BRETT-BLACK-9.5
2298,1888,,47.8900,0.0000,1.0000,1396,5858,,,Brett Men's Extra Wide Boot,BRETT-BROWN-9
2299,1889,,47.8900,0.0000,1.0000,1809,5854,,,Todd Men's Extra Wide Shoe,TODD-BROWN-11
2300,1890,,41.6600,0.0000,1.0000,849,5848,,,Walford Ladies Extra Wide Stretch Shoe,WALFORD-BLACK-5
2301,1891,,19.1400,0.0000,1.0000,1015,5846,,,Sadie Ladies Extra Wide Slippers,SADIE-NAVY.FERN-5
2302,1892,,20.5800,0.0000,1.0000,1629,5844,,,Vera Ladies Extra Wide Bootie Slipper,VERA-CHAR.POLKA-3
2303,1893,,19.9300,0.0000,1.0000,1023,5850,,,Selina Ladies Extra Wide Slipper,SELINA-NAVY.SPARK-7
2304,1893,,20.4000,0.0000,1.0000,1437,5852,,,Gary Men's Extra Wide Bootie Slipper,GARY-GREY.CHEV-9
2305,1894,,7.1500,0.0000,3.0000,2727,5842,,,FeatherTop Extra Wide Gripped Socks,FEATHERTOP.GRIPPED-NAVY-M
2306,1895,,26.1000,0.0000,1.0000,1487,5838,,,Walter Men's Extra Wide Open Flat Slipper,WALTER-BROWN-10
2307,1895,,26.1000,0.0000,1.0000,1487,5840,,,Walter Men's Extra Wide Open Flat Slipper,WALTER-BLACK-10
2308,1896,,20.1000,0.0000,1.0000,1023,5862,,,Selina Ladies Extra Wide Slipper,SELINA-NAVY.SPARK-6
2309,1897,,20.1000,0.0000,1.0000,1023,5870,,,Selina Ladies Extra Wide Slipper,SELINA-NAVY.SPARK-6
2310,1898,,20.5800,0.0000,1.0000,927,5868,,,Sue Ladies Extra Wide Lightweight Shoe,SUE-BLK.MET-9
2311,1899,,20.5800,0.0000,1.0000,927,5864,,,Sue Ladies Extra Wide Lightweight Shoe,SUE-BLK.MET-7
2312,1899,,26.3300,0.0000,1.0000,2756,5866,,,Sam Unisex Extra Wide Stretch Slipper,SAM-BLACK-7
2313,1900,,19.4100,0.0000,1.0000,1091,5872,,,Sophie Ladies Extra Wide Slipper,SOPHIE-NAVY.SPARK-6
2314,1901,,26.1000,0.0000,1.0000,1137,5874,,,Wendy Ladies Extra Wide Open-Flat Slipper,WENDY-NAVY.COMB-6
2315,1902,,5.9300,0.0000,1.0000,2422,5884,,,FeatherTop Extra Wide Cushioned Socks,FEATHERTOP.CUSHIONED-BLACK-M
2316,1902,,5.9300,0.0000,1.0000,2422,5886,,,FeatherTop Extra Wide Cushioned Socks,FEATHERTOP.CUSHIONED-GREY-M
2317,1902,,5.9300,0.0000,1.0000,2422,5888,,,FeatherTop Extra Wide Cushioned Socks,FEATHERTOP.CUSHIONED-NAVY-M
2318,1902,,46.0100,0.0000,1.0000,733,5890,,,Wardale Ladies Extra Wide Shoe,WARDALE-BLACK-4
2319,1903,,44.5400,0.0000,1.0000,663,5916,,,Fargo Ladies Extra Wide Shoe,FARGO-BLK.PRINT-5
2320,1904,,20.1000,0.0000,1.0000,1174,5918,,,Val Ladies Extra Wide Bootie Slipper,VAL-NAVY-7
2321,1905,,19.1400,0.0000,1.0000,1015,5896,,,Sadie Ladies Extra Wide Slippers,SADIE-NAVY.FERN-6
2322,1906,,23.4500,0.0000,1.0000,958,5894,,,Mary Ladies Extra Wide Lightweight Shoe,MARY-NAVY-8
2323,1907,,40.7000,0.0000,1.0000,733,5892,,,Wardale Ladies Extra Wide Shoe,WARDALE-BLACK-6
2324,1908,,47.8900,0.0000,1.0000,1396,5900,,,Brett Men's Extra Wide Boot,BRETT-BROWN-8
2325,1908,,47.8900,0.0000,1.0000,1396,5902,,,Brett Men's Extra Wide Boot,BRETT-BROWN-9
2326,1909,,19.1400,0.0000,1.0000,942,5910,,,Dora Ladies Ultra Wide Canvas Sandal,DORA-DENIM-9
2327,1910,,43.1000,0.0000,1.0000,2129,5906,,,Fenwick Ladies Extra Wide Shoe,FENWICK-BLACK-5
2328,1910,,20.1000,0.0000,1.0000,1174,5908,,,Val Ladies Extra Wide Bootie Slipper,VAL-NAVY-5
2329,1911,,20.1000,0.0000,1.0000,1174,5914,,,Val Ladies Extra Wide Bootie Slipper,VAL-WINE.FERN-8
2330,1912,,45.5000,0.0000,1.0000,1361,5904,,,Tony Men's Extra Wide Shoe,TONY-BLACK-11
2331,1913,,40.7000,0.0000,1.0000,806,5912,,,Welton Ladies Extra Wide Shoe,WELTON-BLACK-3
2332,1914,,18.9800,0.0000,1.0000,1015,5882,,,Sadie Ladies Extra Wide Slippers,SADIE-NAVY.FERN-8
2333,1915,,19.9300,0.0000,1.0000,1174,5878,,,Val Ladies Extra Wide Bootie Slipper,VAL-BLACK-9
2334,1915,,19.9300,0.0000,1.0000,1023,5880,,,Selina Ladies Extra Wide Slipper,SELINA-NAVY.SPARK-9
2335,1916,,23.2500,0.0000,1.0000,958,5876,,,Mary Ladies Extra Wide Lightweight Shoe,MARY-NAVY-8
2336,1917,,19.2400,0.0000,1.0000,1091,5928,,,Sophie Ladies Extra Wide Slipper,SOPHIE-GREY.HEART-9
2337,1918,,26.1000,0.0000,1.0000,1487,5930,,,Walter Men's Extra Wide Open Flat Slipper,WALTER-BLACK-11
2338,1919,,18.9800,0.0000,1.0000,942,5924,,,Dora Ladies Ultra Wide Canvas Sandal,DORA-BEIGE-6
2339,1920,,26.1000,0.0000,1.0000,1487,5920,,,Walter Men's Extra Wide Open Flat Slipper,WALTER-BLACK-11
2340,1921,,19.9300,0.0000,1.0000,1174,5922,,,Val Ladies Extra Wide Bootie Slipper,VAL-WINE.FERN-6
2341,1922,,19.9300,0.0000,1.0000,1174,5926,,,Val Ladies Extra Wide Bootie Slipper,VAL-WINE.FERN-6
2342,1923,,20.5800,0.0000,1.0000,1437,5946,,,Gary Men's Extra Wide Bootie Slipper,GARY-NAVY.CHEV-11
2343,1924,,45.5000,0.0000,1.0000,1388,5942,,,Terry Men's Extra Wide Shoe,TERRY-BLACK-11
2344,1924,,19.4100,0.0000,1.0000,1424,5944,,,Steve Men's Extra Wide Slipper,STEVE-GREY.CHEV-11
2345,1925,,47.8900,0.0000,1.0000,898,5938,,,Barla Ladies Extra Wide Boot,BARLA-BLACK-5
2346,1926,,43.1000,0.0000,1.0000,348,5940,,,Falmer Ladies Extra Wide Shoe,FALMER-GREY.SP-6
2347,1927,,20.1000,0.0000,1.0000,1174,5934,,,Val Ladies Extra Wide Bootie Slipper,VAL-NAVY-6
2348,1928,,19.4100,0.0000,1.0000,1091,5936,,,Sophie Ladies Extra Wide Slipper,SOPHIE-GREY.HEART-4
2349,1929,,20.1000,0.0000,1.0000,1023,5950,,,Selina Ladies Extra Wide Slipper,SELINA-BLK.SPARK-7
2350,1930,,26.3300,0.0000,1.0000,1463,5948,,,Sampson Men's Extra Wide Bellows Slipper,SAMPSON-BLACK-11
2351,1931,,44.5400,0.0000,1.0000,1521,5952,,,Farden Ladies Extra Wide Shoe,FARDEN-BLACK-5
2352,1932,,19.4100,0.0000,1.0000,1091,5954,,,Sophie Ladies Extra Wide Slipper,SOPHIE-GREY.HEART-5
2353,1933,,19.4100,0.0000,1.0000,1091,5932,,,Sophie Ladies Extra Wide Slipper,SOPHIE-GREY.HEART-7
2354,1934,,19.2400,0.0000,1.0000,1091,5956,,,Sophie Ladies Extra Wide Slipper,SOPHIE-GREY.HEART-8
2355,1935,,26.1000,0.0000,1.0000,1137,5958,,,Wendy Ladies Extra Wide Open-Flat Slipper,WENDY-WINE.SWIRL-7
2356,1936,,44.1500,0.0000,1.0000,663,5962,,,Fargo Ladies Extra Wide Shoe,FARGO-BLK.PRINT-6.5
2357,1937,,19.9300,0.0000,1.0000,1174,5960,,,Val Ladies Extra Wide Bootie Slipper,VAL-WINE.FERN-4
2358,1938,,20.1000,0.0000,1.0000,1023,5964,,,Selina Ladies Extra Wide Slipper,SELINA-NAVY.SPARK-6
2359,1939,,20.1000,0.0000,1.0000,1023,5966,,,Selina Ladies Extra Wide Slipper,SELINA-BLK.SPARK-7
2360,1940,,27.7700,0.0000,1.0000,1471,5968,,,Wesley Men's Extra Wide Open-Flat PU Slipper,WESLEY-BLACK-6
2361,1941,,27.7700,0.0000,1.0000,1471,6004,,,Wesley Men's Extra Wide Open-Flat PU Slipper,WESLEY-BLACK-10
2362,1942,,47.8900,0.0000,1.0000,1396,5986,,,Brett Men's Extra Wide Boot,BRETT-BLACK-12
2363,1943,,19.1400,0.0000,1.0000,2012,5998,,,Doreen Ladies Ultra Wide Slipper,DOREEN-WINE-9
2364,1944,,19.1400,0.0000,1.0000,2012,5970,,,Doreen Ladies Ultra Wide Slipper,DOREEN-WINE-9
2365,1945,,26.3300,0.0000,1.0000,1137,5978,,,Wendy Ladies Extra Wide Open-Flat Slipper,WENDY-BLK.SWIRL-5
2366,1945,,26.3300,0.0000,1.0000,1137,5980,,,Wendy Ladies Extra Wide Open-Flat Slipper,WENDY-BLK.SWIRL-6
2367,1946,,19.1400,0.0000,1.0000,1015,6006,,,Sadie Ladies Extra Wide Slippers,SADIE-NAVY.FERN-6
2368,1947,,19.1400,0.0000,1.0000,1015,5974,,,Sadie Ladies Extra Wide Slippers,SADIE-NAVY.FERN-6
2369,1948,,47.8900,0.0000,1.0000,912,5982,,,Bolton Ladies Extra Wide Boot,BOLTON-BR.PAT-6
2370,1949,,20.1000,0.0000,1.0000,1174,5972,,,Val Ladies Extra Wide Bootie Slipper,VAL-NAVY.FERN-3
2371,1950,,46.4500,0.0000,1.0000,2747,5976,,,Troy Men's Twin Strap Extra Wide Shoe,TROY-BLACK-9
2372,1951,,41.6600,0.0000,1.0000,849,6002,,,Walford Ladies Extra Wide Stretch Shoe,WALFORD-BLACK-8
2373,1952,,41.6600,0.0000,1.0000,849,5996,,,Walford Ladies Extra Wide Stretch Shoe,WALFORD-BLACK-6
2374,1953,,43.1000,0.0000,1.0000,2129,5990,,,Fenwick Ladies Extra Wide Shoe,FENWICK-BRZ.PRINT-8
2375,1953,,43.1000,0.0000,1.0000,480,5992,,,Foxton Ladies Extra Wide Shoe,FOXTON-PEWTER-7
2376,1953,,43.1000,0.0000,1.0000,480,5994,,,Foxton Ladies Extra Wide Shoe,FOXTON-PEWTER-8
2377,1954,,20.4000,0.0000,1.0000,927,6008,,,Sue Ladies Extra Wide Lightweight Shoe,SUE-BEIGE.MET-6
2378,1955,,19.9300,0.0000,1.0000,1174,6000,,,Val Ladies Extra Wide Bootie Slipper,VAL-NAVY.FERN-5
2379,1956,,20.4000,0.0000,1.0000,1629,5984,,,Vera Ladies Extra Wide Bootie Slipper,VERA-CHAR.POLKA-5
2380,1957,,20.4000,0.0000,1.0000,1437,6010,,,Gary Men's Extra Wide Bootie Slipper,GARY-NAVY.CHEV-9
2381,1958,,19.2400,0.0000,1.0000,1091,5988,,,Sophie Ladies Extra Wide Slipper,SOPHIE-NAVY.SPARK-5
2382,1959,,5.9300,0.0000,1.0000,2422,6014,,,FeatherTop Extra Wide Cushioned Socks,FEATHERTOP.CUSHIONED-BLACK-L
2383,1960,,18.9800,0.0000,1.0000,942,6012,,,Dora Ladies Ultra Wide Canvas Sandal,DORA-DENIM-7
2384,1961,,26.1000,0.0000,1.0000,1137,6016,,,Wendy Ladies Extra Wide Open-Flat Slipper,WENDY-BLK.SWIRL-8
2385,1962,,20.1000,0.0000,1.0000,1174,6020,,,Val Ladies Extra Wide Bootie Slipper,VAL-NAVY.FERN-6
2386,1963,,46.4500,0.0000,1.0000,1707,6018,,,Paul Men's Extra Wide Shoe,PAUL-BLACK-8
2387,1964,,19.9300,0.0000,1.0000,1023,6022,,,Selina Ladies Extra Wide Slipper,SELINA-NAVY.SPARK-8
2388,1965,,18.9800,0.0000,1.0000,1015,6026,,,Sadie Ladies Extra Wide Slippers,SADIE-NAVY.FERN-5
2389,1966,,23.2500,0.0000,1.0000,958,6032,,,Mary Ladies Extra Wide Lightweight Shoe,MARY-NAVY-7
2390,1967,,23.2500,0.0000,1.0000,958,6024,,,Mary Ladies Extra Wide Lightweight Shoe,MARY-NAVY-6
2391,1968,,19.2400,0.0000,1.0000,1091,6030,,,Sophie Ladies Extra Wide Slipper,SOPHIE-NAVY-5
2392,1969,,19.2400,0.0000,1.0000,1091,6028,,,Sophie Ladies Extra Wide Slipper,SOPHIE-NAVY.SPARK-8
2393,1970,,19.9300,0.0000,1.0000,1174,6034,,,Val Ladies Extra Wide Bootie Slipper,VAL-NAVY.FL/BU-4
2394,1971,,26.1000,0.0000,1.0000,2756,6036,,,Sam Unisex Extra Wide Stretch Slipper,SAM-BLACK-7
2395,1972,,47.8900,0.0000,1.0000,1396,6038,,,Brett Men's Extra Wide Boot,BRETT-BLACK-12
2396,1973,,19.9300,0.0000,1.0000,1174,6040,,,Val Ladies Extra Wide Bootie Slipper,VAL-NAVY.FERN-6
2397,1974,,7.1500,0.0000,1.0000,2727,6042,,,FeatherTop Extra Wide Gripped Socks,FEATHERTOP.GRIPPED-NAVY-L
2398,1975,,19.9300,0.0000,1.0000,1174,6044,,,Val Ladies Extra Wide Bootie Slipper,VAL-NAVY-5
2399,1976,,18.9800,0.0000,1.0000,2012,6046,,,Doreen Ladies Ultra Wide Slipper,DOREEN-WINE-7
2400,1977,,19.2400,0.0000,1.0000,1091,6048,,,Sophie Ladies Extra Wide Slipper,SOPHIE-NAVY.SPOT-8
2401,1978,,22.7200,0.0000,1.0000,1174,6052,,,Val Ladies Extra Wide Bootie Slipper,VAL-NAVY-5
2402,1978,,22.7200,0.0000,1.0000,1174,6054,,,Val Ladies Extra Wide Bootie Slipper,VAL-BLACK-6
2403,1978,,5.3900,0.0000,2.0000,1285,6056,,,FeatherGrip Extra Wide Knee-High Warm,FEATHERGRIP.KH.WARM-BLK
2404,1978,,8.1000,0.0000,1.0000,2394,6058,,,FeatherTop Extra Wide Cotton Socks,FEATHERTOP.COTTON-NAVY-M
2405,1979,,19.9300,0.0000,1.0000,1174,6050,,,Val Ladies Extra Wide Bootie Slipper,VAL-NAVY-5
2406,1980,,26.1000,0.0000,1.0000,1487,6078,,,Walter Men's Extra Wide Open Flat Slipper,WALTER-BLACK-11
2407,1980,,26.1000,0.0000,1.0000,1137,6080,,,Wendy Ladies Extra Wide Open-Flat Slipper,WENDY-BLK.SWIRL-8
2408,1981,,23.2500,0.0000,1.0000,958,6082,,,Mary Ladies Extra Wide Lightweight Shoe,MARY-NAVY-7
2409,1982,,20.4000,0.0000,1.0000,1437,6068,,,Gary Men's Extra Wide Bootie Slipper,GARY-NAVY.CHEV-8
2410,1983,,19.9300,0.0000,1.0000,1174,6072,,,Val Ladies Extra Wide Bootie Slipper,VAL-WINE.FERN-7
2411,1984,,20.4000,0.0000,1.0000,1629,6066,,,Vera Ladies Extra Wide Bootie Slipper,VERA-CHAR.POLKA-6
2412,1985,,20.4000,0.0000,1.0000,1629,6062,,,Vera Ladies Extra Wide Bootie Slipper,VERA-CHAR.POLKA-7
2413,1986,,19.2400,0.0000,1.0000,1091,6070,,,Sophie Ladies Extra Wide Slipper,SOPHIE-WINE.SWIRL-5
2414,1987,,19.2400,0.0000,1.0000,1091,6064,,,Sophie Ladies Extra Wide Slipper,SOPHIE-WINE.SWIRL-7
2415,1988,,19.2400,0.0000,1.0000,1091,6074,,,Sophie Ladies Extra Wide Slipper,SOPHIE-GREY.HEART-7
2416,1989,,19.2400,0.0000,1.0000,1091,6060,,,Sophie Ladies Extra Wide Slipper,SOPHIE-NAVY.SPOT-7
2417,1990,,26.1000,0.0000,1.0000,1137,6088,,,Wendy Ladies Extra Wide Open-Flat Slipper,WENDY-NAVY.COMB-6
2418,1990,,19.9300,0.0000,1.0000,1174,6090,,,Val Ladies Extra Wide Bootie Slipper,VAL-NAVY.FERN-6
2419,1991,,26.1000,0.0000,1.0000,1137,6086,,,Wendy Ladies Extra Wide Open-Flat Slipper,WENDY-BLK.SWIRL-9
2420,1992,,20.4000,0.0000,1.0000,1629,6084,,,Vera Ladies Extra Wide Bootie Slipper,VERA-CHAR.POLKA-7
2421,1993,,21.6400,0.0000,1.0000,973,6092,,,Tracy Ladies Extra Wide Canvas,TRACY-DENIM-8
2422,1994,,19.2400,0.0000,1.0000,1091,6094,,,Sophie Ladies Extra Wide Slipper,SOPHIE-NAVY.SPOT-6
2423,1995,,26.1000,0.0000,1.0000,1137,6098,,,Wendy Ladies Extra Wide Open-Flat Slipper,WENDY-WINE.SWIRL-7
2424,1996,,40.3500,0.0000,1.0000,806,6096,,,Welton Ladies Extra Wide Shoe,WELTON-BLACK-7
2425,1997,,19.9300,0.0000,1.0000,1174,6100,,,Val Ladies Extra Wide Bootie Slipper,VAL-WINE.FERN-7
2426,1998,,19.9300,0.0000,1.0000,1174,6102,,,Val Ladies Extra Wide Bootie Slipper,VAL-NAVY-8
2427,1999,,42.7300,0.0000,1.0000,333,6104,,,Farlow Ladies Extra Wide Shoe,FARLOW-ROYAL-6
2428,2000,,19.2400,0.0000,1.0000,1091,6116,,,Sophie Ladies Extra Wide Slipper,SOPHIE-WINE.SWIRL-5
2429,2000,,19.2400,0.0000,1.0000,1091,6118,,,Sophie Ladies Extra Wide Slipper,SOPHIE-WINE.SWIRL-4
2430,2000,,18.9800,0.0000,1.0000,1015,6120,,,Sadie Ladies Extra Wide Slippers,SADIE-WINE.FERN-4
2431,2000,,18.9800,0.0000,1.0000,1015,6122,,,Sadie Ladies Extra Wide Slippers,SADIE-WINE.FERN-5
2432,2000,,42.7300,0.0000,1.0000,2129,6124,,,Fenwick Ladies Extra Wide Shoe,FENWICK-BLACK-4
2433,2000,,42.7300,0.0000,1.0000,2129,6126,,,Fenwick Ladies Extra Wide Shoe,FENWICK-BLACK-5
2434,2001,,40.3500,0.0000,1.0000,1306,6114,,,Nathan Men's Ultra Wide Sandal,NATHAN-BROWN-7
2435,2002,,8.1000,0.0000,1.0000,2394,6106,,,FeatherTop Extra Wide Cotton Socks,FEATHERTOP.COTTON-BLACK-M
2436,2002,,8.1000,0.0000,1.0000,2394,6108,,,FeatherTop Extra Wide Cotton Socks,FEATHERTOP.COTTON-GREY-M
2437,2002,,8.1000,0.0000,1.0000,2394,6110,,,FeatherTop Extra Wide Cotton Socks,FEATHERTOP.COTTON-OATMEAL-M
2438,2002,,8.1000,0.0000,1.0000,2394,6112,,,FeatherTop Extra Wide Cotton Socks,FEATHERTOP.COTTON-ROSE.LILAC-M
2439,2003,,19.9300,0.0000,1.0000,1023,6136,,,Selina Ladies Extra Wide Slipper,SELINA-NAVY.SPARK-4
2440,2003,,19.9300,0.0000,1.0000,1023,6138,,,Selina Ladies Extra Wide Slipper,SELINA-NAVY.SPARK-5
2441,2004,,19.9300,0.0000,1.0000,1023,6132,,,Selina Ladies Extra Wide Slipper,SELINA-BLK.SPARK-6
2442,2005,,42.7300,0.0000,1.0000,2129,6134,,,Fenwick Ladies Extra Wide Shoe,FENWICK-CHER.PRI-6
2443,2006,,20.4000,0.0000,1.0000,1437,6128,,,Gary Men's Extra Wide Bootie Slipper,GARY-NAVY.CHEV-6
2444,2007,,19.2400,0.0000,1.0000,1091,6140,,,Sophie Ladies Extra Wide Slipper,SOPHIE-NAVY.SPARK-7
2445,2008,,19.9300,0.0000,1.0000,1174,6142,,,Val Ladies Extra Wide Bootie Slipper,VAL-NAVY-4
2446,2009,,26.1000,0.0000,1.0000,1487,6144,,,Walter Men's Extra Wide Open Flat Slipper,WALTER-BLACK-10
2447,2010,,27.5300,0.0000,1.0000,1471,6146,,,Wesley Men's Extra Wide Open-Flat PU Slipper,WESLEY-BLACK-9
2448,2011,,19.9300,0.0000,1.0000,1174,6150,,,Val Ladies Extra Wide Bootie Slipper,VAL-WINE.FERN-5
2449,2012,,47.1000,0.0000,1.0000,834,6152,,,Walmer Ladies Extra Wide Stretch Shoe,WALMER-NAVY-7
2450,2013,,19.9300,0.0000,1.0000,1174,6156,,,Val Ladies Extra Wide Bootie Slipper,VAL-NAVY-5
2451,2014,,20.4000,0.0000,1.0000,1629,6166,,,Vera Ladies Extra Wide Bootie Slipper,VERA-CHAR.POLKA-6
2452,2015,,19.9300,0.0000,1.0000,1023,6164,,,Selina Ladies Extra Wide Slipper,SELINA-BLK.SPARK-7
2453,2016,,19.2400,0.0000,1.0000,1424,6154,,,Steve Men's Extra Wide Slipper,STEVE-NAVY.CHEV-8
2454,2017,,19.2400,0.0000,1.0000,1091,6170,,,Sophie Ladies Extra Wide Slipper,SOPHIE-GREY.HEART-6
2455,2018,,20.4000,0.0000,1.0000,1629,6160,,,Vera Ladies Extra Wide Bootie Slipper,VERA-CHAR.POLKA-6
2456,2019,,20.4000,0.0000,1.0000,1629,6162,,,Vera Ladies Extra Wide Bootie Slipper,VERA-CHAR.POLKA-8
2457,2020,,20.4000,0.0000,1.0000,1629,6158,,,Vera Ladies Extra Wide Bootie Slipper,VERA-CHAR.POLKA-8
2458,2021,,38.9300,0.0000,1.0000,1726,6176,,,Cheryl Ladies Ultra Wide Sandal,CHERYL-NAVY-8
2459,2021,,18.9800,0.0000,1.0000,942,6178,,,Dora Ladies Ultra Wide Canvas Sandal,DORA-BEIGE-8
2460,2022,,18.9800,0.0000,1.0000,1015,6174,,,Sadie Ladies Extra Wide Slippers,SADIE-GREY.FERN-7
2461,2023,,19.2400,0.0000,1.0000,1091,6172,,,Sophie Ladies Extra Wide Slipper,SOPHIE-NAVY.SPOT-8
2462,2024,,19.9300,0.0000,1.0000,1174,6168,,,Val Ladies Extra Wide Bootie Slipper,VAL-WINE.FERN-4
2463,2025,,18.9800,0.0000,1.0000,2012,6180,,,Doreen Ladies Ultra Wide Slipper,DOREEN-WINE-9
2464,2026,,20.4000,0.0000,1.0000,1437,6186,,,Gary Men's Extra Wide Bootie Slipper,GARY-BROWN-13
2465,2027,,19.9300,0.0000,1.0000,1174,6184,,,Val Ladies Extra Wide Bootie Slipper,VAL-WINE.FERN-5
2466,2028,,26.1000,0.0000,1.0000,1415,6188,,,Sven Men's Extra Wide Slipper,SVEN-BLACK-9
2467,2029,,21.9400,0.0000,1.0000,1424,6190,,,Steve Men's Extra Wide Slipper,STEVE-NAVY.CHEV-8
2468,2030,,26.1000,0.0000,1.0000,1137,6194,,,Wendy Ladies Extra Wide Open-Flat Slipper,WENDY-WINE.SWIRL-6
2469,2031,,26.1000,0.0000,1.0000,1137,6196,,,Wendy Ladies Extra Wide Open-Flat Slipper,WENDY-BLK.SWIRL-6
2470,2032,,19.2400,0.0000,1.0000,1091,6192,,,Sophie Ladies Extra Wide Slipper,SOPHIE-NAVY.SPARK-7
2471,2033,,20.4000,0.0000,1.0000,1629,6198,,,Vera Ladies Extra Wide Bootie Slipper,VERA-CHAR.POLKA-6
2472,2034,,20.4000,0.0000,1.0000,1629,6200,,,Vera Ladies Extra Wide Bootie Slipper,VERA-CHAR.POLKA-6
2473,2035,,8.1000,0.0000,1.0000,2394,6204,,,FeatherTop Extra Wide Cotton Socks,FEATHERTOP.COTTON-BLACK-M
2474,2036,,42.7300,0.0000,1.0000,1872,6210,,,Eden Ladies Extra Wide Shoe,EDEN-ROYAL.FL-7
2475,2037,,47.4800,0.0000,1.0000,883,6220,,,Bali Ladies Extra Wide Boot,BALI-BLK.PAT.PR-8
2476,2038,,19.2400,0.0000,1.0000,1424,6228,,,Steve Men's Extra Wide Slipper,STEVE-NAVY.CHEV-12
2477,2039,,19.2400,0.0000,2.0000,1091,6216,,,Sophie Ladies Extra Wide Slipper,SOPHIE-NAVY.SPOT-5
2478,2040,,19.9300,0.0000,1.0000,1174,6214,,,Val Ladies Extra Wide Bootie Slipper,VAL-BLACK-6
2479,2041,,19.9300,0.0000,1.0000,1174,6222,,,Val Ladies Extra Wide Bootie Slipper,VAL-BLACK-6
2480,2042,,19.2400,0.0000,1.0000,1091,6202,,,Sophie Ladies Extra Wide Slipper,SOPHIE-NAVY-4
2481,2043,,19.2400,0.0000,1.0000,1091,6226,,,Sophie Ladies Extra Wide Slipper,SOPHIE-GREY.HEART-6
2482,2044,,19.2400,0.0000,1.0000,1091,6224,,,Sophie Ladies Extra Wide Slipper,SOPHIE-GREY.HEART-5
2483,2045,,22.7200,0.0000,1.0000,1174,6218,,,Val Ladies Extra Wide Bootie Slipper,VAL-NAVY-6
2484,2046,,4.8500,0.0000,2.0000,2378,6206,,,Eco Waterproof Protector,SC-PROTECTOR-SPRAY
2485,2046,,4.8500,0.0000,1.0000,2379,6207,,,Suede & Nubuck Reviver,SC-REVIVER
2486,2046,,47.1000,0.0000,1.0000,849,6208,,,Walford Ladies Extra Wide Stretch Shoe,WALFORD-BLACK-6
2487,2047,,21.6400,0.0000,2.0000,1015,6238,,,Sadie Ladies Extra Wide Slippers,SADIE-NAVY.FERN-6
2488,2047,,21.9400,0.0000,1.0000,1091,6240,,,Sophie Ladies Extra Wide Slipper,SOPHIE-GREY.HEART-7
2489,2047,,21.6400,0.0000,1.0000,973,6242,,,Tracy Ladies Extra Wide Canvas,TRACY-BEIGE-6
2490,2047,,8.1000,0.0000,1.0000,2394,6244,,,FeatherTop Extra Wide Cotton Socks,FEATHERTOP.COTTON-ROSE.LILAC-S
2491,2047,,5.9300,0.0000,1.0000,2422,6246,,,FeatherTop Extra Wide Cushioned Socks,FEATHERTOP.CUSHIONED-GREY-L
2492,2047,,5.9300,0.0000,1.0000,2422,6248,,,FeatherTop Extra Wide Cushioned Socks,FEATHERTOP.CUSHIONED-OATMEAL-L
2493,2048,,19.2400,0.0000,1.0000,1091,6250,,,Sophie Ladies Extra Wide Slipper,SOPHIE-GREY.HEART-4
2494,2049,,19.2400,0.0000,1.0000,1091,6232,,,Sophie Ladies Extra Wide Slipper,SOPHIE-NAVY.SPARK-6
2495,2050,,19.2400,0.0000,1.0000,1091,6236,,,Sophie Ladies Extra Wide Slipper,SOPHIE-NAVY-3
2496,2051,,20.4000,0.0000,1.0000,927,6234,,,Sue Ladies Extra Wide Lightweight Shoe,SUE-BEIGE.MET-6
2497,2052,,24.4700,0.0000,2.0000,958,6254,,,Mary Ladies Extra Wide Lightweight Shoe,MARY-NAVY-5
2498,2052,,20.2500,0.0000,1.0000,1091,6256,,,Sophie Ladies Extra Wide Slipper,SOPHIE-GREY.HEART-6
2499,2052,,27.4700,0.0000,1.0000,2756,6258,,,Sam Unisex Extra Wide Stretch Slipper,SAM-BLACK-3
2500,2052,,27.4700,0.0000,2.0000,2756,6260,,,Sam Unisex Extra Wide Stretch Slipper,SAM-BLACK-5
2501,2052,,27.4700,0.0000,2.0000,2756,6262,,,Sam Unisex Extra Wide Stretch Slipper,SAM-BLACK-6
2502,2052,,27.4700,0.0000,1.0000,2756,6264,,,Sam Unisex Extra Wide Stretch Slipper,SAM-BLACK-7
2503,2052,,27.4700,0.0000,1.0000,2756,6266,,,Sam Unisex Extra Wide Stretch Slipper,SAM-BLACK-8
2504,2052,,27.4700,0.0000,1.0000,1487,6268,,,Walter Men's Extra Wide Open Flat Slipper,WALTER-BLACK-7
2505,2052,,27.4700,0.0000,1.0000,1487,6270,,,Walter Men's Extra Wide Open Flat Slipper,WALTER-BLACK-8
2506,2052,,27.4700,0.0000,1.0000,1487,6272,,,Walter Men's Extra Wide Open Flat Slipper,WALTER-BLACK-9
2507,2053,,19.2400,0.0000,1.0000,1091,6274,,,Sophie Ladies Extra Wide Slipper,SOPHIE-NAVY.SPOT-9
2508,2054,,19.9300,0.0000,1.0000,1023,6252,,,Selina Ladies Extra Wide Slipper,SELINA-NAVY.SPARK-5
2509,2055,,19.9300,0.0000,1.0000,1023,6280,,,Selina Ladies Extra Wide Slipper,SELINA-BLK.SPARK-7
2510,2055,,19.9300,0.0000,1.0000,1023,6282,,,Selina Ladies Extra Wide Slipper,SELINA-BLK.SPARK-8
2511,2056,,40.3500,0.0000,1.0000,1306,6276,,,Nathan Men's Ultra Wide Sandal,NATHAN-BROWN-9
2512,2057,,26.1000,0.0000,1.0000,1487,6284,,,Walter Men's Extra Wide Open Flat Slipper,WALTER-BLACK-10
2513,2058,,19.9300,0.0000,1.0000,1023,6300,,,Selina Ladies Extra Wide Slipper,SELINA-BLK.SPARK-6
2514,2058,,42.7300,0.0000,1.0000,875,6302,,,Zinder Ladies Ultra Wide Shoe,ZINDER-BLACK-6
2515,2059,,19.2400,0.0000,1.0000,1424,6298,,,Steve Men's Extra Wide Slipper,STEVE-GREY.CHEV-10
2516,2060,,19.9300,0.0000,1.0000,1174,6296,,,Val Ladies Extra Wide Bootie Slipper,VAL-NAVY-7
2517,2061,,38.9300,0.0000,1.0000,1726,6304,,,Cheryl Ladies Ultra Wide Sandal,CHERYL-PLAT.FL-7
2518,2062,,47.4800,0.0000,1.0000,1396,6306,,,Brett Men's Extra Wide Boot,BRETT-BLACK-9
2519,2063,,5.3900,0.0000,3.0000,1285,6308,,,FeatherGrip Extra Wide Knee-High Warm,FEATHERGRIP.KH.WARM-BLK
2520,2063,,8.1000,0.0000,1.0000,2394,6310,,,FeatherTop Extra Wide Cotton Socks,FEATHERTOP.COTTON-ROSE.LILAC-S
2521,2063,,8.1000,0.0000,1.0000,2394,6312,,,FeatherTop Extra Wide Cotton Socks,FEATHERTOP.COTTON-NAVY-M
2522,2064,,19.9300,0.0000,1.0000,1174,6314,,,Val Ladies Extra Wide Bootie Slipper,VAL-BLACK-6
2523,2065,,19.2400,0.0000,1.0000,1091,6316,,,Sophie Ladies Extra Wide Slipper,SOPHIE-NAVY.SPOT-6
2524,2066,,26.1000,0.0000,1.0000,1415,6318,,,Sven Men's Extra Wide Slipper,SVEN-BLACK-10
2525,2067,,23.2500,0.0000,1.0000,958,6320,,,Mary Ladies Extra Wide Lightweight Shoe,MARY-NAVY-4
2526,2068,,38.9300,0.0000,1.0000,1726,6322,,,Cheryl Ladies Ultra Wide Sandal,CHERYL-NAVY-9
2527,2069,,26.1000,0.0000,1.0000,1137,6324,,,Wendy Ladies Extra Wide Open-Flat Slipper,WENDY-NAVY.COMB-7
2528,2070,,54.1400,0.0000,1.0000,1322,6326,,,Trent Men's Extra Wide Shoe,TRENT-BLACK-6
2529,2070,,50.3500,0.0000,1.0000,1378,6328,,,Travis Men's Extra Wide Stretch Shoe,TRAVIS-BLACK-6
2530,2070,,29.7600,0.0000,1.0000,1415,6330,,,Sven Men's Extra Wide Slipper,SVEN-BLACK-6
2531,2070,,29.7600,0.0000,1.0000,1487,6332,,,Walter Men's Extra Wide Open Flat Slipper,WALTER-BROWN-9
2532,2070,,29.7600,0.0000,1.0000,1487,6334,,,Walter Men's Extra Wide Open Flat Slipper,WALTER-BLACK-10
2533,2070,,29.7600,0.0000,1.0000,1487,6336,,,Walter Men's Extra Wide Open Flat Slipper,WALTER-BLACK-11
2534,2070,,29.7600,0.0000,1.0000,1487,6338,,,Walter Men's Extra Wide Open Flat Slipper,WALTER-BLACK-12
2535,2070,,29.7600,0.0000,1.0000,1487,6340,,,Walter Men's Extra Wide Open Flat Slipper,WALTER-BLACK-8
2536,2070,,5.9300,0.0000,1.0000,2422,6342,,,FeatherTop Extra Wide Cushioned Socks,FEATHERTOP.CUSHIONED-BLACK-L
2537,2070,,5.9300,0.0000,1.0000,2422,6344,,,FeatherTop Extra Wide Cushioned Socks,FEATHERTOP.CUSHIONED-GREY-L
2538,2070,,5.9300,0.0000,1.0000,2422,6346,,,FeatherTop Extra Wide Cushioned Socks,FEATHERTOP.CUSHIONED-OATMEAL-L
2539,2071,,7.1500,0.0000,1.0000,2727,6348,,,FeatherTop Extra Wide Gripped Socks,FEATHERTOP.GRIPPED-NAVY-S
2540,2072,,42.7300,0.0000,1.0000,348,6350,,,Falmer Ladies Extra Wide Shoe,FALMER-NAVY.PRI-5
2541,2073,,42.7300,0.0000,1.0000,265,6358,,,Filton Ladies Extra Wide Shoe,FILTON-BEIGE.PRI-4
2542,2074,,19.9300,0.0000,1.0000,1174,6356,,,Val Ladies Extra Wide Bootie Slipper,VAL-NAVY-8
2543,2075,,19.9300,0.0000,1.0000,1174,6354,,,Val Ladies Extra Wide Bootie Slipper,VAL-NAVY-9
2544,2076,,19.2400,0.0000,1.0000,1091,6352,,,Sophie Ladies Extra Wide Slipper,SOPHIE-NAVY.SPARK-5
2545,2077,,18.9800,0.0000,1.0000,942,6360,,,Dora Ladies Ultra Wide Canvas Sandal,DORA-DENIM-8
2546,2078,,20.4000,0.0000,1.0000,927,6362,,,Sue Ladies Extra Wide Lightweight Shoe,SUE-BEIGE.MET-4
2547,2079,,26.1000,0.0000,1.0000,1487,6366,,,Walter Men's Extra Wide Open Flat Slipper,WALTER-BLACK-10
2548,2080,,19.2400,0.0000,1.0000,1424,6368,,,Steve Men's Extra Wide Slipper,STEVE-BR.CHEV-11
2549,2081,,19.9300,0.0000,1.0000,1174,6370,,,Val Ladies Extra Wide Bootie Slipper,VAL-BLACK-3
2550,2082,,19.2400,0.0000,1.0000,1091,6364,,,Sophie Ladies Extra Wide Slipper,SOPHIE-GREY.HEART-6
2551,2083,,48.7200,0.0000,1.0000,348,6372,,,Falmer Ladies Extra Wide Shoe,FALMER-NAVY.PRI-6.5
2552,2083,,48.7200,0.0000,1.0000,348,6374,,,Falmer Ladies Extra Wide Shoe,FALMER-NAVY.PRI-7
2553,2084,,20.4000,0.0000,1.0000,1629,6376,,,Vera Ladies Extra Wide Bootie Slipper,VERA-CHAR.POLKA-8
2554,2085,,19.9300,0.0000,1.0000,1023,6380,,,Selina Ladies Extra Wide Slipper,SELINA-BLK.SPARK-7
2555,2086,,42.7300,0.0000,1.0000,265,6378,,,Filton Ladies Extra Wide Shoe,FILTON-BLACK-6
2556,2087,,50.3500,0.0000,1.0000,1521,6382,,,Farden Ladies Extra Wide Shoe,FARDEN-BLACK-7
2557,2088,,19.2400,0.0000,1.0000,1091,6384,,,Sophie Ladies Extra Wide Slipper,SOPHIE-NAVY.SPARK-7
2558,2089,,19.2400,0.0000,1.0000,1091,6388,,,Sophie Ladies Extra Wide Slipper,SOPHIE-NAVY.SPARK-7
2559,2090,,19.2400,0.0000,1.0000,1424,6386,,,Steve Men's Extra Wide Slipper,STEVE-NAVY.CHEV-13
2560,2091,,19.9300,0.0000,1.0000,1023,6390,,,Selina Ladies Extra Wide Slipper,SELINA-NAVY.SPARK-5
2561,2092,,19.2400,0.0000,1.0000,1091,6394,,,Sophie Ladies Extra Wide Slipper,SOPHIE-GREY.HEART-7
2562,2093,,19.2400,0.0000,1.0000,1091,6392,,,Sophie Ladies Extra Wide Slipper,SOPHIE-GREY.HEART-6
2563,2094,,19.2400,0.0000,1.0000,1091,6396,,,Sophie Ladies Extra Wide Slipper,SOPHIE-NAVY.SPARK-4
2564,2095,,8.1000,0.0000,1.0000,2394,6400,,,FeatherTop Extra Wide Cotton Socks,FEATHERTOP.COTTON-BLACK-M
2565,2095,,8.1000,0.0000,1.0000,2394,6402,,,FeatherTop Extra Wide Cotton Socks,FEATHERTOP.COTTON-GREY-M
2566,2095,,8.1000,0.0000,1.0000,2394,6404,,,FeatherTop Extra Wide Cotton Socks,FEATHERTOP.COTTON-NAVY-M
2567,2095,,8.1000,0.0000,1.0000,2394,6406,,,FeatherTop Extra Wide Cotton Socks,FEATHERTOP.COTTON-OATMEAL-M
2568,2096,,48.7200,0.0000,1.0000,2129,6412,,,Fenwick Ladies Extra Wide Shoe,FENWICK-BRZ.PRINT-4
2569,2096,,21.6400,0.0000,1.0000,1015,6414,,,Sadie Ladies Extra Wide Slippers,SADIE-WINE.FERN-6
2570,2096,,21.6400,0.0000,1.0000,1015,6416,,,Sadie Ladies Extra Wide Slippers,SADIE-WINE.FERN-5
2571,2096,,16.4600,0.0000,1.0000,1062,6418,,,Sofia Ladies Extra Wide Slipper,SOFIA-WINE-7
2572,2097,,18.9800,0.0000,1.0000,1015,6408,,,Sadie Ladies Extra Wide Slippers,SADIE-GREY.FERN-7
2573,2098,,48.7200,0.0000,1.0000,348,6420,,,Falmer Ladies Extra Wide Shoe,FALMER-BLK.PRINT-4
2574,2099,,19.2400,0.0000,1.0000,1424,6422,,,Steve Men's Extra Wide Slipper,STEVE-GREY.CHEV-12
2575,2099,,19.2400,0.0000,1.0000,1424,6424,,,Steve Men's Extra Wide Slipper,STEVE-GREY.CHEV-11
2576,2099,,20.4000,0.0000,1.0000,1437,6426,,,Gary Men's Extra Wide Bootie Slipper,GARY-GREY.CHEV-12
2577,2099,,20.4000,0.0000,1.0000,1437,6428,,,Gary Men's Extra Wide Bootie Slipper,GARY-GREY.CHEV-11
2578,2100,,23.2500,0.0000,1.0000,958,6430,,,Mary Ladies Extra Wide Lightweight Shoe,MARY-NAVY-8
2579,2101,,18.9800,0.0000,1.0000,942,6434,,,Dora Ladies Ultra Wide Canvas Sandal,DORA-DENIM-5
2580,2102,,23.2500,0.0000,1.0000,958,6436,,,Mary Ladies Extra Wide Lightweight Shoe,MARY-NAVY-7
2581,2103,,20.4000,0.0000,1.0000,1629,6432,,,Vera Ladies Extra Wide Bootie Slipper,VERA-CHAR.POLKA-5
2582,2104,,26.1000,0.0000,1.0000,1137,6440,,,Wendy Ladies Extra Wide Open-Flat Slipper,WENDY-NAVY.COMB-6
2583,2105,,19.2400,0.0000,1.0000,1091,6438,,,Sophie Ladies Extra Wide Slipper,SOPHIE-GREY.HEART-6
2584,2106,,8.1000,0.0000,2.0000,2394,6442,,,FeatherTop Extra Wide Cotton Socks,FEATHERTOP.COTTON-BLACK-L
2585,2106,,8.1000,0.0000,1.0000,2394,6444,,,FeatherTop Extra Wide Cotton Socks,FEATHERTOP.COTTON-GREY-L
2586,2106,,8.1000,0.0000,1.0000,2394,6446,,,FeatherTop Extra Wide Cotton Socks,FEATHERTOP.COTTON-NAVY-L
2587,2107,,26.1000,0.0000,1.0000,1137,6452,,,Wendy Ladies Extra Wide Open-Flat Slipper,WENDY-NAVY.COMB-7
2588,2108,,20.4000,0.0000,1.0000,927,6458,,,Sue Ladies Extra Wide Lightweight Shoe,SUE-BEIGE.MET-6
2589,2109,,19.9300,0.0000,1.0000,1174,6454,,,Val Ladies Extra Wide Bootie Slipper,VAL-NAVY-5
2590,2110,,38.9300,0.0000,1.0000,1726,6456,,,Cheryl Ladies Ultra Wide Sandal,CHERYL-PLAT.FL-7
2591,2111,,19.2400,0.0000,1.0000,1091,6448,,,Sophie Ladies Extra Wide Slipper,SOPHIE-NAVY.SPARK-6
2592,2111,,19.2400,0.0000,1.0000,1091,6450,,,Sophie Ladies Extra Wide Slipper,SOPHIE-NAVY.SPARK-7
2593,2112,,18.9800,0.0000,1.0000,942,6460,,,Dora Ladies Ultra Wide Canvas Sandal,DORA-BEIGE-6
2594,2113,,8.1000,0.0000,1.0000,2394,6462,,,FeatherTop Extra Wide Cotton Socks,FEATHERTOP.COTTON-BLACK-M
2595,2114,,19.9300,0.0000,1.0000,1023,6466,,,Selina Ladies Extra Wide Slipper,SELINA-NAVY.SPARK-9
2596,2115,,19.2400,0.0000,1.0000,1091,6464,,,Sophie Ladies Extra Wide Slipper,SOPHIE-NAVY.SPARK-9
2597,2116,,48.7200,0.0000,1.0000,348,6468,,,Falmer Ladies Extra Wide Shoe,FALMER-GREY.SP-6.5
2598,2116,,7.0100,0.0000,1.0000,2435,6470,,,FeatherTop Extra Wide Knee-High Socks,FEATHERTOP.KNEE.HIGH-BLACK-L
2599,2116,,7.0100,0.0000,1.0000,2435,6472,,,FeatherTop Extra Wide Knee-High Socks,FEATHERTOP.KNEE.HIGH-GREY-L
2600,2116,,7.0100,0.0000,1.0000,2435,6474,,,FeatherTop Extra Wide Knee-High Socks,FEATHERTOP.KNEE.HIGH-OATMEAL-L
2601,2116,,9.1800,0.0000,1.0000,2409,6476,,,FeatherTop Extra Wide Wool Socks,FEATHERTOP.WOOL-GREY-M
2602,2116,,9.1800,0.0000,1.0000,2409,6478,,,FeatherTop Extra Wide Wool Socks,FEATHERTOP.WOOL-NAVY-M
2603,2116,,9.1800,0.0000,1.0000,2409,6480,,,FeatherTop Extra Wide Wool Socks,FEATHERTOP.WOOL-OATMEAL-M
2604,2116,,9.1800,0.0000,1.0000,2409,6482,,,FeatherTop Extra Wide Wool Socks,FEATHERTOP.WOOL-BLACK-L
2605,2116,,9.1800,0.0000,1.0000,2409,6484,,,FeatherTop Extra Wide Wool Socks,FEATHERTOP.WOOL-GREY-L
2606,2116,,3.5200,0.0000,1.0000,1887,6486,,,Eco Leather Cream Polish,SC-POLISH-NEUTRAL
2607,2117,,26.1000,0.0000,1.0000,2756,6492,,,Sam Unisex Extra Wide Stretch Slipper,SAM-BLACK-8
2608,2118,,38.9300,0.0000,1.0000,1726,6490,,,Cheryl Ladies Ultra Wide Sandal,CHERYL-NAVY-6
2609,2119,,19.9300,0.0000,1.0000,1174,6494,,,Val Ladies Extra Wide Bootie Slipper,VAL-NAVY.FERN-6
2610,2120,,20.4000,0.0000,1.0000,1437,6496,,,Gary Men's Extra Wide Bootie Slipper,GARY-GREY.CHEV-8
2611,2121,,38.9300,0.0000,1.0000,1726,6500,,,Cheryl Ladies Ultra Wide Sandal,CHERYL-NAVY-5
2612,2122,,19.9300,0.0000,1.0000,1174,6498,,,Val Ladies Extra Wide Bootie Slipper,VAL-NAVY-7
2613,2123,,20.4000,0.0000,1.0000,1629,6504,,,Vera Ladies Extra Wide Bootie Slipper,VERA-CHAR.POLKA-9
2614,2124,,26.1000,0.0000,1.0000,1487,6502,,,Walter Men's Extra Wide Open Flat Slipper,WALTER-BLACK-10
2615,2125,,7.1500,0.0000,2.0000,2727,6410,,,FeatherTop Extra Wide Gripped Socks,FEATHERTOP.GRIPPED-NAVY-L
2616,2126,,7.1500,0.0000,1.0000,2727,6398,,,FeatherTop Extra Wide Gripped Socks,FEATHERTOP.GRIPPED-NAVY-L
2617,2127,,7.1500,0.0000,1.0000,2727,6212,,,FeatherTop Extra Wide Gripped Socks,FEATHERTOP.GRIPPED-NAVY-L
2618,2128,,7.1500,0.0000,1.0000,2727,6182,,,FeatherTop Extra Wide Gripped Socks,FEATHERTOP.GRIPPED-NAVY-L
2619,2129,,7.1500,0.0000,4.0000,2727,6230,,,FeatherTop Extra Wide Gripped Socks,FEATHERTOP.GRIPPED-NAVY-L
2620,2130,,7.1500,0.0000,1.0000,2727,6488,,,FeatherTop Extra Wide Gripped Socks,FEATHERTOP.GRIPPED-NAVY-M
2621,2131,,7.1500,0.0000,2.0000,2727,6278,,,FeatherTop Extra Wide Gripped Socks,FEATHERTOP.GRIPPED-NAVY-M
2622,2132,,26.1000,0.0000,1.0000,2756,6506,,,Sam Unisex Extra Wide Stretch Slipper,SAM-BLACK-7
2623,2133,,19.2400,0.0000,1.0000,1091,6510,,,Sophie Ladies Extra Wide Slipper,SOPHIE-NAVY-8
2624,2134,,19.2400,0.0000,1.0000,1091,6508,,,Sophie Ladies Extra Wide Slipper,SOPHIE-NAVY.SPARK-8
2625,2135,,8.1000,0.0000,1.0000,2394,6518,,,FeatherTop Extra Wide Cotton Socks,FEATHERTOP.COTTON-BLACK-M
2626,2136,,7.1500,0.0000,1.0000,2727,6512,,,FeatherTop Extra Wide Gripped Socks,FEATHERTOP.GRIPPED-NAVY-M
2627,2137,,19.2400,0.0000,1.0000,1091,6514,,,Sophie Ladies Extra Wide Slipper,SOPHIE-NAVY.SPARK-6
2628,2138,,19.9300,0.0000,1.0000,1174,6520,,,Val Ladies Extra Wide Bootie Slipper,VAL-BLACK-6
2629,2139,,40.3500,0.0000,1.0000,733,6522,,,Wardale Ladies Extra Wide Shoe,WARDALE-BLACK-6.5
2630,2140,,18.9800,0.0000,1.0000,942,6516,,,Dora Ladies Ultra Wide Canvas Sandal,DORA-BEIGE-6
2631,2141,,26.1000,0.0000,1.0000,1137,6524,,,Wendy Ladies Extra Wide Open-Flat Slipper,WENDY-NAVY.COMB-6
2632,2142,,19.2400,0.0000,1.0000,1424,6526,,,Steve Men's Extra Wide Slipper,STEVE-GREY.CHEV-7
2633,2143,,47.4800,0.0000,1.0000,1979,6528,,,Tom Men's Extra Wide Shoe,TOM-BLACK-9
2634,2144,,48.7200,0.0000,1.0000,1504,6530,,,Easham Ladies Extra Wide Shoe,EASHAM-BLACK-5
2635,2144,,48.7200,0.0000,1.0000,348,6532,,,Falmer Ladies Extra Wide Shoe,FALMER-NAVY.PRI-4
2636,2144,,48.7200,0.0000,1.0000,348,6534,,,Falmer Ladies Extra Wide Shoe,FALMER-BLK.PRINT-6
2637,2144,,48.7200,0.0000,1.0000,348,6536,,,Falmer Ladies Extra Wide Shoe,FALMER-NVY.SPK-3
2638,2144,,50.3500,0.0000,1.0000,663,6538,,,Fargo Ladies Extra Wide Shoe,FARGO-BLK.PRINT-4
2639,2144,,50.3500,0.0000,1.0000,663,6540,,,Fargo Ladies Extra Wide Shoe,FARGO-BLK.PRINT-5
2640,2144,,48.7200,0.0000,1.0000,2129,6542,,,Fenwick Ladies Extra Wide Shoe,FENWICK-BLK.PAT-4
2641,2144,,48.7200,0.0000,1.0000,265,6544,,,Filton Ladies Extra Wide Shoe,FILTON-BLACK-4
2642,2144,,48.7200,0.0000,1.0000,265,6546,,,Filton Ladies Extra Wide Shoe,FILTON-BLACK-8
2643,2144,,48.7200,0.0000,1.0000,265,6548,,,Filton Ladies Extra Wide Shoe,FILTON-BLK.PAT-7
2644,2144,,48.7200,0.0000,1.0000,265,6550,,,Filton Ladies Extra Wide Shoe,FILTON-NAVY.PAT-6
2645,2144,,47.1000,0.0000,1.0000,849,6552,,,Walford Ladies Extra Wide Stretch Shoe,WALFORD-BLACK-5
2646,2144,,46.0100,0.0000,1.0000,733,6554,,,Wardale Ladies Extra Wide Shoe,WARDALE-BLACK-4
2647,2144,,46.0100,0.0000,1.0000,733,6556,,,Wardale Ladies Extra Wide Shoe,WARDALE-BLACK-8
2648,2144,,7.1500,0.0000,1.0000,2727,6558,,,FeatherTop Extra Wide Gripped Socks,FEATHERTOP.GRIPPED-NAVY-M
2649,2144,,7.1500,0.0000,1.0000,2727,6560,,,FeatherTop Extra Wide Gripped Socks,FEATHERTOP.GRIPPED-NAVY-L
2650,2144,,8.1000,0.0000,2.0000,2394,6562,,,FeatherTop Extra Wide Cotton Socks,FEATHERTOP.COTTON-BLACK-M
2651,2144,,8.1000,0.0000,1.0000,2394,6564,,,FeatherTop Extra Wide Cotton Socks,FEATHERTOP.COTTON-GREY-M
2652,2145,,18.9800,0.0000,1.0000,942,6566,,,Dora Ladies Ultra Wide Canvas Sandal,DORA-BEIGE-8
2653,2145,,18.9800,0.0000,1.0000,2012,6568,,,Doreen Ladies Ultra Wide Slipper,DOREEN-WINE-8
2654,2146,,19.2400,0.0000,1.0000,1091,6570,,,Sophie Ladies Extra Wide Slipper,SOPHIE-WINE.SWIRL-3
2655,2147,,19.9300,0.0000,1.0000,1023,6572,,,Selina Ladies Extra Wide Slipper,SELINA-NAVY.SPARK-6
2656,2148,,18.9800,0.0000,1.0000,942,6574,,,Dora Ladies Ultra Wide Canvas Sandal,DORA-DENIM-9
2657,2149,,42.7300,0.0000,1.0000,265,6580,,,Filton Ladies Extra Wide Shoe,FILTON-BEIGE.PRI-4
2658,2149,,20.4000,0.0000,1.0000,927,6582,,,Sue Ladies Extra Wide Lightweight Shoe,SUE-BEIGE.MET-4
2659,2150,,26.1000,0.0000,1.0000,1137,6586,,,Wendy Ladies Extra Wide Open-Flat Slipper,WENDY-NAVY.COMB-6
2660,2151,,19.2400,0.0000,1.0000,1091,6584,,,Sophie Ladies Extra Wide Slipper,SOPHIE-GREY.HEART-6
2661,2152,,8.1000,0.0000,1.0000,2394,6588,,,FeatherTop Extra Wide Cotton Socks,FEATHERTOP.COTTON-BLACK-M
2662,2152,,8.1000,0.0000,1.0000,2394,6590,,,FeatherTop Extra Wide Cotton Socks,FEATHERTOP.COTTON-NAVY-M
2663,2152,,8.1000,0.0000,2.0000,2394,6592,,,FeatherTop Extra Wide Cotton Socks,FEATHERTOP.COTTON-OATMEAL-M
2664,2152,,8.1000,0.0000,1.0000,2394,6594,,,FeatherTop Extra Wide Cotton Socks,FEATHERTOP.COTTON-ROSE.LILAC-M
2665,2153,,40.3500,0.0000,1.0000,733,6598,,,Wardale Ladies Extra Wide Shoe,WARDALE-BLACK-6
2666,2154,,26.1000,0.0000,1.0000,2756,6596,,,Sam Unisex Extra Wide Stretch Slipper,SAM-BLACK-6
2667,2155,,23.2500,0.0000,1.0000,1621,6600,,,Sarah Ladies Extra Wide Bellows Slipper,SARAH-BLACK-9
2668,2156,,20.4000,0.0000,1.0000,1437,6602,,,Gary Men's Extra Wide Bootie Slipper,GARY-NAVY.CHEV-11
2669,2157,,19.2400,0.0000,1.0000,1091,6606,,,Sophie Ladies Extra Wide Slipper,SOPHIE-NAVY.SPARK-5
2670,2158,,19.2400,0.0000,1.0000,1091,6604,,,Sophie Ladies Extra Wide Slipper,SOPHIE-NAVY.SPARK-5
2671,2159,,19.2400,0.0000,1.0000,1091,6608,,,Sophie Ladies Extra Wide Slipper,SOPHIE-NAVY.SPOT-7
2672,2160,,38.9300,0.0000,1.0000,1726,6612,,,Cheryl Ladies Ultra Wide Sandal,CHERYL-NAVY-6
2673,2161,,18.9800,0.0000,1.0000,973,6614,,,Tracy Ladies Extra Wide Canvas,TRACY-DENIM-4
2674,2162,,52.5100,0.0000,1.0000,1707,6616,,,Paul Men's Extra Wide Shoe,PAUL-BLACK-10
2675,2163,,20.4000,0.0000,1.0000,1437,6618,,,Gary Men's Extra Wide Bootie Slipper,GARY-NAVY.CHEV-8
2676,2163,,20.4000,0.0000,1.0000,1437,6620,,,Gary Men's Extra Wide Bootie Slipper,GARY-GREY.CHEV-8
2677,2164,,38.9300,0.0000,1.0000,1726,6622,,,Cheryl Ladies Ultra Wide Sandal,CHERYL-PLAT.FL-6.5
2678,2165,,7.1500,0.0000,2.0000,2727,6626,,,FeatherTop Extra Wide Gripped Socks,FEATHERTOP.GRIPPED-NAVY-L
2679,2166,,5.9300,0.0000,1.0000,2422,6648,,,FeatherTop Extra Wide Cushioned Socks,FEATHERTOP.CUSHIONED-BLACK-M
2680,2166,,5.9300,0.0000,1.0000,2422,6650,,,FeatherTop Extra Wide Cushioned Socks,FEATHERTOP.CUSHIONED-GREY-M
2681,2166,,5.9300,0.0000,1.0000,2422,6652,,,FeatherTop Extra Wide Cushioned Socks,FEATHERTOP.CUSHIONED-NAVY-M
2682,2166,,7.0100,0.0000,1.0000,2435,6654,,,FeatherTop Extra Wide Knee-High Socks,FEATHERTOP.KNEE.HIGH-BLACK-L
2683,2166,,7.0100,0.0000,1.0000,2435,6656,,,FeatherTop Extra Wide Knee-High Socks,FEATHERTOP.KNEE.HIGH-GREY-L
2684,2166,,7.0100,0.0000,1.0000,2435,6658,,,FeatherTop Extra Wide Knee-High Socks,FEATHERTOP.KNEE.HIGH-NAVY-L
2685,2166,,7.0100,0.0000,1.0000,2435,6660,,,FeatherTop Extra Wide Knee-High Socks,FEATHERTOP.KNEE.HIGH-OATMEAL-L
2686,2166,,48.7200,0.0000,1.0000,1504,6662,,,Easham Ladies Extra Wide Shoe,EASHAM-BLACK-5
2687,2166,,26.5100,0.0000,1.0000,958,6664,,,Mary Ladies Extra Wide Lightweight Shoe,MARY-NAVY-6
2688,2166,,26.5100,0.0000,1.0000,958,6666,,,Mary Ladies Extra Wide Lightweight Shoe,MARY-NAVY-7
2689,2166,,26.5100,0.0000,1.0000,958,6668,,,Mary Ladies Extra Wide Lightweight Shoe,MARY-NAVY-8
2690,2167,,8.1000,0.0000,1.0000,2394,6628,,,FeatherTop Extra Wide Cotton Socks,FEATHERTOP.COTTON-GREY-L
2691,2167,,8.1000,0.0000,1.0000,2394,6630,,,FeatherTop Extra Wide Cotton Socks,FEATHERTOP.COTTON-GREY-S
2692,2167,,8.1000,0.0000,1.0000,2394,6632,,,FeatherTop Extra Wide Cotton Socks,FEATHERTOP.COTTON-NAVY-L
2693,2167,,5.9300,0.0000,1.0000,2422,6634,,,FeatherTop Extra Wide Cushioned Socks,FEATHERTOP.CUSHIONED-BLACK-M
2694,2167,,5.9300,0.0000,1.0000,2422,6636,,,FeatherTop Extra Wide Cushioned Socks,FEATHERTOP.CUSHIONED-NAVY-M
2695,2167,,21.6400,0.0000,1.0000,1015,6638,,,Sadie Ladies Extra Wide Slippers,SADIE-NAVY.FERN-6
2696,2167,,21.9400,0.0000,1.0000,1091,6640,,,Sophie Ladies Extra Wide Slipper,SOPHIE-GREY.HEART-7
2697,2167,,22.7200,0.0000,1.0000,1023,6642,,,Selina Ladies Extra Wide Slipper,SELINA-BLK.SPARK-5
2698,2167,,22.7200,0.0000,1.0000,1023,6644,,,Selina Ladies Extra Wide Slipper,SELINA-BLK.SPARK-6
2699,2167,,22.7200,0.0000,1.0000,1023,6646,,,Selina Ladies Extra Wide Slipper,SELINA-BLK.SPARK-7
2700,2168,,18.9800,0.0000,1.0000,2012,6670,,,Doreen Ladies Ultra Wide Slipper,DOREEN-WINE-6
2701,2169,,19.9300,0.0000,1.0000,1174,6672,,,Val Ladies Extra Wide Bootie Slipper,VAL-WINE.FERN-4
2702,2170,,42.7300,0.0000,1.0000,348,6674,,,Falmer Ladies Extra Wide Shoe,FALMER-PLAT.FL-6
2703,2171,,27.5300,0.0000,1.0000,1471,6678,,,Wesley Men's Extra Wide Open-Flat PU Slipper,WESLEY-BLACK-12
2704,2172,,19.9300,0.0000,1.0000,1174,6684,,,Val Ladies Extra Wide Bootie Slipper,VAL-NAVY.FERN-6
2705,2173,,19.9300,0.0000,1.0000,1174,6676,,,Val Ladies Extra Wide Bootie Slipper,VAL-WINE.FERN-6
2706,2174,,20.4000,0.0000,1.0000,1629,6686,,,Vera Ladies Extra Wide Bootie Slipper,VERA-CHAR.POLKA-7
2707,2175,,18.9800,0.0000,1.0000,942,6688,,,Dora Ladies Ultra Wide Canvas Sandal,DORA-BEIGE-7
2708,2176,,19.2400,0.0000,1.0000,1424,6692,,,Steve Men's Extra Wide Slipper,STEVE-NAVY.CHEV-9
2709,2177,,19.9300,0.0000,1.0000,1174,6690,,,Val Ladies Extra Wide Bootie Slipper,VAL-NAVY-8
2710,2178,,19.2400,0.0000,1.0000,1424,6694,,,Steve Men's Extra Wide Slipper,STEVE-GREY.CHEV-10
2711,2179,,26.1000,0.0000,1.0000,2756,6696,,,Sam Unisex Extra Wide Stretch Slipper,SAM-BLACK-4
2712,2180,,23.2500,0.0000,1.0000,958,6698,,,Mary Ladies Extra Wide Lightweight Shoe,MARY-NAVY-4
2713,2180,,20.4000,0.0000,1.0000,927,6700,,,Sue Ladies Extra Wide Lightweight Shoe,SUE-BEIGE.MET-4
2714,2181,,21.6400,0.0000,1.0000,1015,6702,,,Sadie Ladies Extra Wide Slippers,SADIE-WINE.FERN-5
2715,2182,,9.1800,0.0000,4.0000,2409,6704,,,FeatherTop Extra Wide Wool Socks,FEATHERTOP.WOOL-NAVY-M
2716,2183,,19.9300,0.0000,1.0000,1174,6706,,,Val Ladies Extra Wide Bootie Slipper,VAL-WINE.FERN-5
2717,2184,,42.7300,0.0000,1.0000,348,6708,,,Falmer Ladies Extra Wide Shoe,FALMER-PLAT.FL-6
2718,2185,,19.9300,0.0000,1.0000,1174,6710,,,Val Ladies Extra Wide Bootie Slipper,VAL-NAVY-7
2719,2185,,41.3000,0.0000,1.0000,849,6712,,,Walford Ladies Extra Wide Stretch Shoe,WALFORD-BLACK-7
2720,2186,,19.2400,0.0000,1.0000,1091,6714,,,Sophie Ladies Extra Wide Slipper,SOPHIE-NAVY-8
2721,2187,,29.7600,0.0000,1.0000,1487,6716,,,Walter Men's Extra Wide Open Flat Slipper,WALTER-BLACK-9
2722,2188,,18.9800,0.0000,1.0000,2012,6719,,,Doreen Ladies Ultra Wide Slipper,DOREEN-WINE-7
2723,2189,,19.2400,0.0000,1.0000,1091,6721,,,Sophie Ladies Extra Wide Slipper,SOPHIE-NAVY.SPARK-8
2724,2190,,54.1400,0.0000,1.0000,898,6723,,,Barla Ladies Extra Wide Boot,BARLA-BLACK-6
2725,2190,,50.3500,0.0000,1.0000,1521,6725,,,Farden Ladies Extra Wide Shoe,FARDEN-BLACK-6
2726,2191,,18.9800,0.0000,1.0000,942,6741,,,Dora Ladies Ultra Wide Canvas Sandal,DORA-DENIM-5
2727,2192,,19.9300,0.0000,1.0000,1174,6737,,,Val Ladies Extra Wide Bootie Slipper,VAL-BLACK-4
2728,2193,,44.1500,0.0000,1.0000,1378,6739,,,Travis Men's Extra Wide Stretch Shoe,TRAVIS-BLACK-12
2729,2194,,8.1000,0.0000,1.0000,2394,6727,,,FeatherTop Extra Wide Cotton Socks,FEATHERTOP.COTTON-BLACK-S
2730,2194,,8.1000,0.0000,2.0000,2394,6729,,,FeatherTop Extra Wide Cotton Socks,FEATHERTOP.COTTON-BLACK-M
2731,2194,,7.0100,0.0000,1.0000,2435,6731,,,FeatherTop Extra Wide Knee-High Socks,FEATHERTOP.KNEE.HIGH-BLACK-L
2732,2194,,7.0100,0.0000,2.0000,2435,6733,,,FeatherTop Extra Wide Knee-High Socks,FEATHERTOP.KNEE.HIGH-BLACK-M
2733,2194,,7.0100,0.0000,2.0000,2435,6735,,,FeatherTop Extra Wide Knee-High Socks,FEATHERTOP.KNEE.HIGH-BLACK-S
2734,2195,,26.1000,0.0000,1.0000,1137,6745,,,Wendy Ladies Extra Wide Open-Flat Slipper,WENDY-BLK.SWIRL-8
2735,2196,,41.7800,0.0000,1.0000,787,6743,,,Welland Ladies Extra Wide Shoe,WELLAND-TAN-6.5
2736,2197,,20.4000,0.0000,1.0000,1629,6747,,,Vera Ladies Extra Wide Bootie Slipper,VERA-CHAR.POLKA-6
2737,2198,,7.1500,0.0000,3.0000,2727,6755,,,FeatherTop Extra Wide Gripped Socks,FEATHERTOP.GRIPPED-NAVY-M
2738,2199,,23.2500,0.0000,1.0000,958,6757,,,Mary Ladies Extra Wide Lightweight Shoe,MARY-NAVY-5
2739,2200,,42.7300,0.0000,1.0000,875,6751,,,Zinder Ladies Ultra Wide Shoe,ZINDER-BLACK-5
2740,2200,,19.9300,0.0000,1.0000,1023,6753,,,Selina Ladies Extra Wide Slipper,SELINA-BLK.SPARK-5
2741,2201,,42.7300,0.0000,1.0000,348,6749,,,Falmer Ladies Extra Wide Shoe,FALMER-NAVY.PRI-7
2742,2202,,19.9300,0.0000,1.0000,1023,6759,,,Selina Ladies Extra Wide Slipper,SELINA-NAVY.SPARK-6
2743,2203,,47.4800,0.0000,1.0000,1979,6761,,,Tom Men's Extra Wide Shoe,TOM-BLACK-11
2744,2204,,47.4800,0.0000,1.0000,912,6576,,,Bolton Ladies Extra Wide Boot,BOLTON-BLACK-5
2745,2204,,26.1000,0.0000,1.0000,1137,6578,,,Wendy Ladies Extra Wide Open-Flat Slipper,WENDY-WINE.SWIRL-5
2746,2205,,20.4000,0.0000,1.0000,927,6765,,,Sue Ladies Extra Wide Lightweight Shoe,SUE-BEIGE.MET-5
2747,2206,,42.7300,0.0000,1.0000,265,6767,,,Filton Ladies Extra Wide Shoe,FILTON-BLK.PAT-6
2748,2207,,18.9800,0.0000,1.0000,1015,6769,,,Sadie Ladies Extra Wide Slippers,SADIE-NAVY.FERN-6
2749,2208,,40.3500,0.0000,1.0000,2704,6771,,,Chloe Ladies Ultra Wide Sandal,CHLOE-SANDY-8
2750,2209,,40.3500,0.0000,1.0000,733,6773,,,Wardale Ladies Extra Wide Shoe,WARDALE-GREY-5
2751,2209,,40.3500,0.0000,1.0000,733,6775,,,Wardale Ladies Extra Wide Shoe,WARDALE-GREY-6
2752,2210,,46.0100,0.0000,1.0000,1768,6777,,,Carrie Ladies Ultra Wide Sandal,CARRIE-ROYAL.FL-6
2753,2211,,19.2400,0.0000,1.0000,1091,6781,,,Sophie Ladies Extra Wide Slipper,SOPHIE-NAVY-6
2754,2212,,27.5300,0.0000,1.0000,1471,6779,,,Wesley Men's Extra Wide Open-Flat PU Slipper,WESLEY-BLACK-10
2755,2213,,18.9800,0.0000,1.0000,942,6785,,,Dora Ladies Ultra Wide Canvas Sandal,DORA-DENIM-8
2756,2214,,19.2400,0.0000,1.0000,1091,6783,,,Sophie Ladies Extra Wide Slipper,SOPHIE-NAVY.SPARK-8
2757,2215,,40.3500,0.0000,1.0000,806,6789,,,Welton Ladies Extra Wide Shoe,WELTON-BLACK-6
2758,2216,,26.1000,0.0000,1.0000,1137,6787,,,Wendy Ladies Extra Wide Open-Flat Slipper,WENDY-NAVY.COMB-6
2759,2217,,19.2400,0.0000,1.0000,1091,6791,,,Sophie Ladies Extra Wide Slipper,SOPHIE-GREY.HEART-7
2760,2218,,26.1000,0.0000,1.0000,1137,6793,,,Wendy Ladies Extra Wide Open-Flat Slipper,WENDY-WINE.SWIRL-5
2761,2219,,19.2400,0.0000,1.0000,1091,6795,,,Sophie Ladies Extra Wide Slipper,SOPHIE-NAVY.SPOT-5
2762,2219,,19.2400,0.0000,1.0000,1091,6797,,,Sophie Ladies Extra Wide Slipper,SOPHIE-GREY.HEART-5
2763,2219,,19.2400,0.0000,1.0000,1424,6799,,,Steve Men's Extra Wide Slipper,STEVE-GREY.CHEV-8
2764,2220,,42.7300,0.0000,1.0000,265,6801,,,Filton Ladies Extra Wide Shoe,FILTON-RED.BUR.PA-7
2765,2221,,7.1500,0.0000,2.0000,2727,6803,,,FeatherTop Extra Wide Gripped Socks,FEATHERTOP.GRIPPED-NAVY-L
2766,2222,,20.4000,0.0000,1.0000,1437,6817,,,Gary Men's Extra Wide Bootie Slipper,GARY-GREY.CHEV-13
2767,2223,,19.2400,0.0000,1.0000,1091,6821,,,Sophie Ladies Extra Wide Slipper,SOPHIE-WINE.SWIRL-6
2768,2224,,19.2400,0.0000,1.0000,1091,6819,,,Sophie Ladies Extra Wide Slipper,SOPHIE-GREY.HEART-9
2769,2225,,19.2400,0.0000,1.0000,1091,6815,,,Sophie Ladies Extra Wide Slipper,SOPHIE-NAVY.SPARK-8
2770,2226,,18.9800,0.0000,1.0000,942,6823,,,Dora Ladies Ultra Wide Canvas Sandal,DORA-DENIM-8
2771,2227,,18.9800,0.0000,1.0000,942,6825,,,Dora Ladies Ultra Wide Canvas Sandal,DORA-DENIM-5
2772,2228,,47.1000,0.0000,1.0000,849,6827,,,Walford Ladies Extra Wide Stretch Shoe,WALFORD-BLACK-6
2773,2229,,18.9800,0.0000,1.0000,2012,6833,,,Doreen Ladies Ultra Wide Slipper,DOREEN-WINE-6
2774,2230,,20.4000,0.0000,1.0000,1629,6831,,,Vera Ladies Extra Wide Bootie Slipper,VERA-CHAR.POLKA-5
2775,2231,,51.4300,0.0000,1.0000,1361,6835,,,Tony Men's Extra Wide Shoe,TONY-BLACK-7
2776,2232,,19.9300,0.0000,1.0000,1174,6837,,,Val Ladies Extra Wide Bootie Slipper,VAL-WINE.FERN-8
2777,2233,,26.1000,0.0000,1.0000,1463,6847,,,Sampson Men's Extra Wide Bellows Slipper,SAMPSON-BLACK-7
2778,2234,,20.4000,0.0000,1.0000,1629,6849,,,Vera Ladies Extra Wide Bootie Slipper,VERA-CHAR.POLKA-4
2779,2235,,19.2400,0.0000,1.0000,1091,6845,,,Sophie Ladies Extra Wide Slipper,SOPHIE-NAVY.SPARK-7
2780,2236,,18.9800,0.0000,1.0000,942,6841,,,Dora Ladies Ultra Wide Canvas Sandal,DORA-BEIGE-8
2781,2237,,18.9800,0.0000,1.0000,942,6839,,,Dora Ladies Ultra Wide Canvas Sandal,DORA-DENIM-7
2782,2238,,42.7300,0.0000,1.0000,1872,6843,,,Eden Ladies Extra Wide Shoe,EDEN-PLAT.FIZZ-7
2783,2239,,44.1500,0.0000,1.0000,663,6851,,,Fargo Ladies Extra Wide Shoe,FARGO-MULB.FL-3
2784,2240,,19.2400,0.0000,1.0000,1091,6853,,,Sophie Ladies Extra Wide Slipper,SOPHIE-GREY.HEART-5
2785,2241,,18.9800,0.0000,1.0000,2012,6863,,,Doreen Ladies Ultra Wide Slipper,DOREEN-WINE-6
2786,2242,,18.9800,0.0000,1.0000,1015,6871,,,Sadie Ladies Extra Wide Slippers,SADIE-WINE.FERN-8
2787,2243,,26.1000,0.0000,1.0000,1487,6861,,,Walter Men's Extra Wide Open Flat Slipper,WALTER-BLACK-8
2788,2244,,19.9300,0.0000,1.0000,1174,6859,,,Val Ladies Extra Wide Bootie Slipper,VAL-BLACK-6
2789,2245,,19.2400,0.0000,1.0000,1091,6873,,,Sophie Ladies Extra Wide Slipper,SOPHIE-GREY.HEART-7
2790,2246,,48.7200,0.0000,1.0000,480,6855,,,Foxton Ladies Extra Wide Shoe,FOXTON-BEIGE-5
2791,2246,,47.6400,0.0000,1.0000,787,6857,,,Welland Ladies Extra Wide Shoe,WELLAND-IVORY-6
2792,2247,,19.2400,0.0000,1.0000,1091,6877,,,Sophie Ladies Extra Wide Slipper,SOPHIE-GREY.HEART-7
2793,2248,,19.2400,0.0000,1.0000,1091,6875,,,Sophie Ladies Extra Wide Slipper,SOPHIE-GREY.HEART-7
2794,2249,,47.6400,0.0000,1.0000,787,6865,,,Welland Ladies Extra Wide Shoe,WELLAND-TAN-5
2795,2249,,50.3500,0.0000,1.0000,663,6867,,,Fargo Ladies Extra Wide Shoe,FARGO-MULB.FL-6
2796,2249,,48.7200,0.0000,1.0000,265,6869,,,Filton Ladies Extra Wide Shoe,FILTON-BLACK-6.5
2797,2250,,38.9300,0.0000,1.0000,1726,6879,,,Cheryl Ladies Ultra Wide Sandal,CHERYL-PLAT.FL-5
2798,2250,,19.9300,0.0000,1.0000,1023,6881,,,Selina Ladies Extra Wide Slipper,SELINA-NAVY.SPARK-5
2799,2251,,48.7200,0.0000,1.0000,867,6883,,,Zurich Ladies Ultra Wide Shoe,ZURICH-BLACK-5
2800,2251,,48.7200,0.0000,1.0000,867,6885,,,Zurich Ladies Ultra Wide Shoe,ZURICH-BLACK-6
2801,2252,,24.4700,0.0000,1.0000,958,6887,,,Mary Ladies Extra Wide Lightweight Shoe,MARY-NAVY-5
2802,2252,,24.4700,0.0000,1.0000,958,6889,,,Mary Ladies Extra Wide Lightweight Shoe,MARY-NAVY-8
2803,2252,,27.4700,0.0000,1.0000,2756,6891,,,Sam Unisex Extra Wide Stretch Slipper,SAM-BLACK-6
2804,2252,,27.4700,0.0000,1.0000,2756,6893,,,Sam Unisex Extra Wide Stretch Slipper,SAM-BLACK-7
2805,2252,,27.4700,0.0000,1.0000,2756,6895,,,Sam Unisex Extra Wide Stretch Slipper,SAM-BLACK-9
2806,2252,,27.4700,0.0000,1.0000,1487,6897,,,Walter Men's Extra Wide Open Flat Slipper,WALTER-BLACK-8
2807,2252,,27.4700,0.0000,1.0000,1487,6899,,,Walter Men's Extra Wide Open Flat Slipper,WALTER-BLACK-9
2808,2252,,20.2500,0.0000,1.0000,1091,6901,,,Sophie Ladies Extra Wide Slipper,SOPHIE-GREY.HEART-8
2809,2253,,18.9800,0.0000,1.0000,2012,6903,,,Doreen Ladies Ultra Wide Slipper,DOREEN-WINE-6
2810,2254,,42.7300,0.0000,1.0000,2129,6909,,,Fenwick Ladies Extra Wide Shoe,FENWICK-NAVY-6
2811,2255,,42.7300,0.0000,1.0000,348,6905,,,Falmer Ladies Extra Wide Shoe,FALMER-NAVY.PRI-4
2812,2256,,26.1000,0.0000,1.0000,1487,6907,,,Walter Men's Extra Wide Open Flat Slipper,WALTER-BLACK-9
2813,2257,,46.0100,0.0000,1.0000,2704,6911,,,Chloe Ladies Ultra Wide Sandal,CHLOE-SANDY-5
2814,2258,,19.2400,0.0000,1.0000,1091,6913,,,Sophie Ladies Extra Wide Slipper,SOPHIE-GREY.HEART-5
2815,2258,,19.2400,0.0000,1.0000,1091,6915,,,Sophie Ladies Extra Wide Slipper,SOPHIE-GREY.HEART-6
2816,2259,,42.7300,0.0000,1.0000,1872,6917,,,Eden Ladies Extra Wide Shoe,EDEN-PLAT.FIZZ-6.5
2817,2260,,18.9800,0.0000,1.0000,1015,6919,,,Sadie Ladies Extra Wide Slippers,SADIE-NAVY.FERN-6
2818,2260,,18.9800,0.0000,1.0000,1015,6921,,,Sadie Ladies Extra Wide Slippers,SADIE-GREY.FERN-6
2819,2261,,42.7300,0.0000,1.0000,265,6923,,,Filton Ladies Extra Wide Shoe,FILTON-BLACK-5
2820,2262,,18.9800,0.0000,1.0000,942,6927,,,Dora Ladies Ultra Wide Canvas Sandal,DORA-BEIGE-6
2821,2263,,18.9800,0.0000,1.0000,942,6929,,,Dora Ladies Ultra Wide Canvas Sandal,DORA-DENIM-3
2822,2264,,26.1000,0.0000,1.0000,1487,6925,,,Walter Men's Extra Wide Open Flat Slipper,WALTER-BLACK-6
2823,2265,,20.4000,0.0000,1.0000,1437,6931,,,Gary Men's Extra Wide Bootie Slipper,GARY-GREY.CHEV-12
2824,2266,,42.7300,0.0000,1.0000,265,6935,,,Filton Ladies Extra Wide Shoe,FILTON-BLK.FLORAL-6
2825,2267,,42.7300,0.0000,1.0000,348,6937,,,Falmer Ladies Extra Wide Shoe,FALMER-PLAT.FL-5
2826,2268,,19.2400,0.0000,1.0000,1091,6939,,,Sophie Ladies Extra Wide Slipper,SOPHIE-GREY.HEART-4
2827,2269,,18.9800,0.0000,1.0000,942,6941,,,Dora Ladies Ultra Wide Canvas Sandal,DORA-BEIGE-6
2828,2270,,19.2400,0.0000,1.0000,1091,6943,,,Sophie Ladies Extra Wide Slipper,SOPHIE-NAVY.SPOT-4
2829,2271,,42.7300,0.0000,1.0000,265,6965,,,Filton Ladies Extra Wide Shoe,FILTON-BLACK-4
2830,2272,,42.7300,0.0000,1.0000,1504,6945,,,Easham Ladies Extra Wide Shoe,EASHAM-BLACK-7
2831,2273,,44.1500,0.0000,1.0000,1521,6947,,,Farden Ladies Extra Wide Shoe,FARDEN-BLACK-5
2832,2274,,47.4800,0.0000,1.0000,883,6949,,,Bali Ladies Extra Wide Boot,BALI-BLK.PAT.PR-8
2833,2275,,21.6400,0.0000,1.0000,1015,6951,,,Sadie Ladies Extra Wide Slippers,SADIE-GREY.FERN-8
2834,2275,,5.9300,0.0000,1.0000,2422,6953,,,FeatherTop Extra Wide Cushioned Socks,FEATHERTOP.CUSHIONED-OATMEAL-L
2835,2275,,9.1800,0.0000,1.0000,2409,6955,,,FeatherTop Extra Wide Wool Socks,FEATHERTOP.WOOL-GREY-M
2836,2275,,9.1800,0.0000,1.0000,2409,6957,,,FeatherTop Extra Wide Wool Socks,FEATHERTOP.WOOL-GREY-S
2837,2275,,7.0100,0.0000,1.0000,2435,6959,,,FeatherTop Extra Wide Knee-High Socks,FEATHERTOP.KNEE.HIGH-GREY-M
2838,2275,,7.0100,0.0000,1.0000,2435,6961,,,FeatherTop Extra Wide Knee-High Socks,FEATHERTOP.KNEE.HIGH-NAVY-L
2839,2275,,7.0100,0.0000,1.0000,2435,6963,,,FeatherTop Extra Wide Knee-High Socks,FEATHERTOP.KNEE.HIGH-NAVY-S
2840,2276,,19.9300,0.0000,1.0000,1023,6967,,,Selina Ladies Extra Wide Slipper,SELINA-NAVY.SPARK-8
2841,2276,,19.2400,0.0000,1.0000,1091,6969,,,Sophie Ladies Extra Wide Slipper,SOPHIE-GREY.HEART-9
2842,2277,,20.4000,0.0000,1.0000,1437,6971,,,Gary Men's Extra Wide Bootie Slipper,GARY-GREY.CHEV-6
2843,2278,,48.7200,0.0000,1.0000,2129,6977,,,Fenwick Ladies Extra Wide Shoe,FENWICK-BLACK-5
2844,2278,,48.7200,0.0000,1.0000,2129,6979,,,Fenwick Ladies Extra Wide Shoe,FENWICK-BRZ.PRINT-6
2845,2278,,7.0100,0.0000,1.0000,2435,6981,,,FeatherTop Extra Wide Knee-High Socks,FEATHERTOP.KNEE.HIGH-BLACK-L
2846,2278,,47.1000,0.0000,1.0000,834,6983,,,Walmer Ladies Extra Wide Stretch Shoe,WALMER-BLACK-6
2847,2278,,47.1000,0.0000,1.0000,834,6985,,,Walmer Ladies Extra Wide Stretch Shoe,WALMER-NAVY-5
2848,2278,,47.1000,0.0000,1.0000,834,6987,,,Walmer Ladies Extra Wide Stretch Shoe,WALMER-BLACK-7
2849,2278,,47.1000,0.0000,1.0000,834,6989,,,Walmer Ladies Extra Wide Stretch Shoe,WALMER-BLACK-9
2850,2279,,26.1000,0.0000,1.0000,2756,6973,,,Sam Unisex Extra Wide Stretch Slipper,SAM-BLACK-6
2851,2279,,18.9800,0.0000,1.0000,973,6975,,,Tracy Ladies Extra Wide Canvas,TRACY-BEIGE-6
2852,2280,,9.1800,0.0000,1.0000,2409,6991,,,FeatherTop Extra Wide Wool Socks,FEATHERTOP.WOOL-GREY-L
2853,2280,,7.0100,0.0000,1.0000,2435,6993,,,FeatherTop Extra Wide Knee-High Socks,FEATHERTOP.KNEE.HIGH-GREY-L
2854,2280,,7.0100,0.0000,1.0000,2435,6995,,,FeatherTop Extra Wide Knee-High Socks,FEATHERTOP.KNEE.HIGH-GREY-S
2855,2280,,7.0100,0.0000,1.0000,2435,6997,,,FeatherTop Extra Wide Knee-High Socks,FEATHERTOP.KNEE.HIGH-NAVY-M
2856,2280,,7.0100,0.0000,1.0000,2435,6999,,,FeatherTop Extra Wide Knee-High Socks,FEATHERTOP.KNEE.HIGH-OATMEAL-L
2857,2280,,7.0100,0.0000,1.0000,2435,7001,,,FeatherTop Extra Wide Knee-High Socks,FEATHERTOP.KNEE.HIGH-OATMEAL-M
2858,2280,,7.0100,0.0000,1.0000,2435,7003,,,FeatherTop Extra Wide Knee-High Socks,FEATHERTOP.KNEE.HIGH-OATMEAL-S
2859,2280,,9.1800,0.0000,2.0000,2409,7005,,,FeatherTop Extra Wide Wool Socks,FEATHERTOP.WOOL-BLACK-L
2860,2280,,9.1800,0.0000,2.0000,2409,7007,,,FeatherTop Extra Wide Wool Socks,FEATHERTOP.WOOL-BLACK-M
2861,2280,,9.1800,0.0000,2.0000,2409,7009,,,FeatherTop Extra Wide Wool Socks,FEATHERTOP.WOOL-BLACK-S
2862,2280,,9.1800,0.0000,1.0000,2409,7011,,,FeatherTop Extra Wide Wool Socks,FEATHERTOP.WOOL-NAVY-L
2863,2280,,9.1800,0.0000,1.0000,2409,7013,,,FeatherTop Extra Wide Wool Socks,FEATHERTOP.WOOL-NAVY-M
2864,2280,,9.1800,0.0000,1.0000,2409,7015,,,FeatherTop Extra Wide Wool Socks,FEATHERTOP.WOOL-NAVY-S
2865,2280,,8.1000,0.0000,1.0000,2394,7017,,,FeatherTop Extra Wide Cotton Socks,FEATHERTOP.COTTON-GREY-M
2866,2280,,8.1000,0.0000,1.0000,2394,7019,,,FeatherTop Extra Wide Cotton Socks,FEATHERTOP.COTTON-GREY-S
2867,2280,,8.1000,0.0000,1.0000,2394,7021,,,FeatherTop Extra Wide Cotton Socks,FEATHERTOP.COTTON-OATMEAL-L
2868,2280,,8.1000,0.0000,1.0000,2394,7023,,,FeatherTop Extra Wide Cotton Socks,FEATHERTOP.COTTON-OATMEAL-M
2869,2280,,8.1000,0.0000,1.0000,2394,7025,,,FeatherTop Extra Wide Cotton Socks,FEATHERTOP.COTTON-OATMEAL-S
2870,2280,,8.1000,0.0000,1.0000,2394,7027,,,FeatherTop Extra Wide Cotton Socks,FEATHERTOP.COTTON-BLACK-L
2871,2280,,8.1000,0.0000,1.0000,2394,7029,,,FeatherTop Extra Wide Cotton Socks,FEATHERTOP.COTTON-BLACK-M
2872,2280,,8.1000,0.0000,1.0000,2394,7031,,,FeatherTop Extra Wide Cotton Socks,FEATHERTOP.COTTON-BLACK-S
2873,2280,,5.9300,0.0000,1.0000,2422,7033,,,FeatherTop Extra Wide Cushioned Socks,FEATHERTOP.CUSHIONED-NAVY-L
2874,2280,,5.9300,0.0000,1.0000,2422,7035,,,FeatherTop Extra Wide Cushioned Socks,FEATHERTOP.CUSHIONED-NAVY-S
2875,2280,,5.9300,0.0000,1.0000,2422,7037,,,FeatherTop Extra Wide Cushioned Socks,FEATHERTOP.CUSHIONED-GREY-M
2876,2281,,18.9800,0.0000,1.0000,1015,7041,,,Sadie Ladies Extra Wide Slippers,SADIE-NAVY.FERN-6
2877,2282,,18.9800,0.0000,1.0000,2012,7043,,,Doreen Ladies Ultra Wide Slipper,DOREEN-WINE-5
2878,2283,,48.7200,0.0000,1.0000,694,7045,,,Forton Ladies Extra Wide Shoe,FORTON-NAVY.PRI-6
2879,2283,,48.7200,0.0000,1.0000,480,7047,,,Foxton Ladies Extra Wide Shoe,FOXTON-ROYAL.FL-5
2880,2283,,46.0100,0.0000,1.0000,2704,7049,,,Chloe Ladies Ultra Wide Sandal,CHLOE-SANDY-8
2881,2284,,26.1000,0.0000,1.0000,1137,7055,,,Wendy Ladies Extra Wide Open-Flat Slipper,WENDY-WINE.SWIRL-6
2882,2285,,47.4800,0.0000,1.0000,1332,7057,,,Tully Men's Extra Wide Shoe,TULLY-BROWN-11
2883,2286,,38.9300,0.0000,1.0000,1726,7059,,,Cheryl Ladies Ultra Wide Sandal,CHERYL-PLAT.FL-6.5
2884,2287,,18.9800,0.0000,1.0000,973,7061,,,Tracy Ladies Extra Wide Canvas,TRACY-BEIGE-5
2885,2288,,42.7300,0.0000,1.0000,348,7063,,,Falmer Ladies Extra Wide Shoe,FALMER-PLAT.FL-6
2886,2288,,18.9800,0.0000,1.0000,973,7065,,,Tracy Ladies Extra Wide Canvas,TRACY-DENIM-6
2887,2289,,44.1500,0.0000,1.0000,1378,7053,,,Travis Men's Extra Wide Stretch Shoe,TRAVIS-BLACK-12
2888,2290,,18.9800,0.0000,1.0000,942,7067,,,Dora Ladies Ultra Wide Canvas Sandal,DORA-BEIGE-7
2889,2291,,40.3500,0.0000,1.0000,2704,7069,,,Chloe Ladies Ultra Wide Sandal,CHLOE-SANDY-6.5
2890,2292,,20.4000,0.0000,1.0000,927,7071,,,Sue Ladies Extra Wide Lightweight Shoe,SUE-BLK.MET-8
2891,2293,,7.1500,0.0000,3.0000,2727,7073,,,FeatherTop Extra Wide Gripped Socks,FEATHERTOP.GRIPPED-NAVY-M
2892,2294,,52.5100,0.0000,1.0000,1707,7087,,,Paul Men's Extra Wide Shoe,PAUL-BLACK-10
2893,2294,,52.5100,0.0000,1.0000,1707,7089,,,Paul Men's Extra Wide Shoe,PAUL-BLACK-9
2894,2295,,18.9800,0.0000,1.0000,2012,7101,,,Doreen Ladies Ultra Wide Slipper,DOREEN-WINE-7
2895,2296,,19.9300,0.0000,1.0000,1023,7107,,,Selina Ladies Extra Wide Slipper,SELINA-BLK.SPARK-5
2896,2297,,19.9300,0.0000,1.0000,1023,7109,,,Selina Ladies Extra Wide Slipper,SELINA-BLK.SPARK-8
2897,2298,,38.9300,0.0000,1.0000,1726,7103,,,Cheryl Ladies Ultra Wide Sandal,CHERYL-NAVY-6.5
2898,2299,,38.9300,0.0000,1.0000,1726,7105,,,Cheryl Ladies Ultra Wide Sandal,CHERYL-NAVY-5
2899,2300,,19.9300,0.0000,1.0000,1174,7091,,,Val Ladies Extra Wide Bootie Slipper,VAL-WINE.FERN-7
2900,2300,,40.3500,0.0000,1.0000,2704,7093,,,Chloe Ladies Ultra Wide Sandal,CHLOE-SANDY-7
2901,2301,,7.1500,0.0000,2.0000,2727,7111,,,FeatherTop Extra Wide Gripped Socks,FEATHERTOP.GRIPPED-NAVY-M
2902,2302,,38.9300,0.0000,1.0000,1726,7099,,,Cheryl Ladies Ultra Wide Sandal,CHERYL-BLK.PAT-7
2903,2303,,19.2400,0.0000,1.0000,1091,7097,,,Sophie Ladies Extra Wide Slipper,SOPHIE-NAVY-4
2904,2304,,19.2400,0.0000,1.0000,1091,7115,,,Sophie Ladies Extra Wide Slipper,SOPHIE-GREY.HEART-7
2905,2305,,50.3500,0.0000,1.0000,1521,7117,,,Farden Ladies Extra Wide Shoe,FARDEN-BLACK-6
2906,2306,,19.2400,0.0000,1.0000,1091,7119,,,Sophie Ladies Extra Wide Slipper,SOPHIE-NAVY.SPARK-8
2907,2306,,19.2400,0.0000,1.0000,1091,7121,,,Sophie Ladies Extra Wide Slipper,SOPHIE-BEI.COMB-8
2908,2307,,47.4800,0.0000,1.0000,1332,7123,,,Tully Men's Extra Wide Shoe,TULLY-BROWN-12
2909,2308,,19.9300,0.0000,1.0000,1023,7125,,,Selina Ladies Extra Wide Slipper,SELINA-BLK.SPARK-4
2910,2309,,50.3500,0.0000,2.0000,1378,7127,,,Travis Men's Extra Wide Stretch Shoe,TRAVIS-BLACK-8
2911,2310,,19.2400,0.0000,1.0000,1091,7129,,,Sophie Ladies Extra Wide Slipper,SOPHIE-NAVY-6
2912,2311,,7.1500,0.0000,5.0000,2727,7133,,,FeatherTop Extra Wide Gripped Socks,FEATHERTOP.GRIPPED-NAVY-L
2913,2312,,8.1000,0.0000,1.0000,2394,7135,,,FeatherTop Extra Wide Cotton Socks,FEATHERTOP.COTTON-BLACK-L
2914,2312,,8.1000,0.0000,1.0000,2394,7137,,,FeatherTop Extra Wide Cotton Socks,FEATHERTOP.COTTON-GREY-L
2915,2312,,8.1000,0.0000,1.0000,2394,7139,,,FeatherTop Extra Wide Cotton Socks,FEATHERTOP.COTTON-NAVY-L
2916,2312,,8.1000,0.0000,1.0000,2394,7141,,,FeatherTop Extra Wide Cotton Socks,FEATHERTOP.COTTON-OATMEAL-L
2917,2312,,8.1000,0.0000,1.0000,2394,7143,,,FeatherTop Extra Wide Cotton Socks,FEATHERTOP.COTTON-GREY-M
2918,2312,,8.1000,0.0000,1.0000,2394,7145,,,FeatherTop Extra Wide Cotton Socks,FEATHERTOP.COTTON-NAVY-M
2919,2312,,8.1000,0.0000,1.0000,2394,7147,,,FeatherTop Extra Wide Cotton Socks,FEATHERTOP.COTTON-ROSE.LILAC-M
2920,2312,,48.7200,0.0000,1.0000,2129,7149,,,Fenwick Ladies Extra Wide Shoe,FENWICK-BLK.PAT-5
2921,2313,,29.7600,0.0000,2.0000,1487,7151,,,Walter Men's Extra Wide Open Flat Slipper,WALTER-BLACK-10
2922,2313,,8.1000,0.0000,1.0000,2394,7153,,,FeatherTop Extra Wide Cotton Socks,FEATHERTOP.COTTON-ROSE.LILAC-M
2923,2313,,8.1000,0.0000,1.0000,2394,7155,,,FeatherTop Extra Wide Cotton Socks,FEATHERTOP.COTTON-ROSE.LILAC-S
2924,2313,,2.6800,0.0000,2.0000,1997,7157,,,Half Insole Set,HALFINSOLE-M
2925,2313,,2.6800,0.0000,2.0000,1997,7159,,,Half Insole Set,HALFINSOLE-S
2926,2313,,2.6800,0.0000,2.0000,1997,7161,,,Half Insole Set,HALFINSOLE-XL
2927,2314,,20.4000,0.0000,1.0000,1629,7113,,,Vera Ladies Extra Wide Bootie Slipper,VERA-CHAR.POLKA-6
2928,2315,,19.9300,0.0000,1.0000,1023,7163,,,Selina Ladies Extra Wide Slipper,SELINA-BLK.SPARK-5
2929,2316,,38.9300,0.0000,1.0000,1726,7167,,,Cheryl Ladies Ultra Wide Sandal,CHERYL-NAVY-6
2930,2317,,19.2400,0.0000,1.0000,1091,7165,,,Sophie Ladies Extra Wide Slipper,SOPHIE-GREY.HEART-7
2931,2318,,20.4000,0.0000,1.0000,927,7169,,,Sue Ladies Extra Wide Lightweight Shoe,SUE-BLK.MET-7
2932,2319,,47.4800,0.0000,1.0000,898,7175,,,Barla Ladies Extra Wide Boot,BARLA-BLACK-5
2933,2320,,26.1000,0.0000,1.0000,1137,7177,,,Wendy Ladies Extra Wide Open-Flat Slipper,WENDY-NAVY.COMB-7
2934,2321,,19.2400,0.0000,1.0000,1091,7179,,,Sophie Ladies Extra Wide Slipper,SOPHIE-NAVY.SPOT-7
2935,2322,,20.4000,0.0000,1.0000,1629,7095,,,Vera Ladies Extra Wide Bootie Slipper,VERA-CHAR.POLKA-6
2936,2323,,18.9800,0.0000,1.0000,1015,7181,,,Sadie Ladies Extra Wide Slippers,SADIE-GREY.FERN-5
2937,2324,,42.7300,0.0000,1.0000,265,7185,,,Filton Ladies Extra Wide Shoe,FILTON-BLK.PAT-7
2938,2325,,18.9800,0.0000,1.0000,942,7183,,,Dora Ladies Ultra Wide Canvas Sandal,DORA-BEIGE-4
2939,2326,,29.7600,0.0000,1.0000,1137,7187,,,Wendy Ladies Extra Wide Open-Flat Slipper,WENDY-WINE.SWIRL-8
2940,2326,,29.7600,0.0000,1.0000,1137,7189,,,Wendy Ladies Extra Wide Open-Flat Slipper,WENDY-NAVY.COMB-8
2941,2326,,8.1000,0.0000,1.0000,2394,7191,,,FeatherTop Extra Wide Cotton Socks,FEATHERTOP.COTTON-BLACK-M
2942,2326,,2.6800,0.0000,1.0000,1997,7193,,,Half Insole Set,HALFINSOLE-M
2943,2326,,2.6800,0.0000,1.0000,1997,7195,,,Half Insole Set,HALFINSOLE-S
2944,2326,,2.6800,0.0000,1.0000,1997,7197,,,Half Insole Set,HALFINSOLE-XL
2945,2327,,19.2400,0.0000,1.0000,1091,7199,,,Sophie Ladies Extra Wide Slipper,SOPHIE-NAVY-8
2946,2328,,38.9300,0.0000,1.0000,1726,7201,,,Cheryl Ladies Ultra Wide Sandal,CHERYL-PLAT.FL-6
2947,2329,,42.7300,0.0000,1.0000,348,7203,,,Falmer Ladies Extra Wide Shoe,FALMER-NAVY.PRI-5
2948,2330,,40.3500,0.0000,1.0000,2704,7205,,,Chloe Ladies Ultra Wide Sandal,CHLOE-SANDY-7
2949,2331,,40.3500,0.0000,1.0000,733,7207,,,Wardale Ladies Extra Wide Shoe,WARDALE-BEIGE-6
2950,2332,,41.3000,0.0000,1.0000,834,7209,,,Walmer Ladies Extra Wide Stretch Shoe,WALMER-NAVY-3
2951,2333,,19.2400,0.0000,1.0000,1091,7211,,,Sophie Ladies Extra Wide Slipper,SOPHIE-NAVY.SPOT-7
2952,2334,,26.1000,0.0000,1.0000,2756,7213,,,Sam Unisex Extra Wide Stretch Slipper,SAM-BLACK-4
2953,2335,,47.4800,0.0000,1.0000,883,7215,,,Bali Ladies Extra Wide Boot,BALI-BROWN-5
2954,2336,,48.7200,0.0000,1.0000,2129,7217,,,Fenwick Ladies Extra Wide Shoe,FENWICK-BLK.PAT-4
2955,2336,,48.7200,0.0000,1.0000,2129,7219,,,Fenwick Ladies Extra Wide Shoe,FENWICK-RED.FL-6
2956,2336,,5.9300,0.0000,2.0000,2422,7221,,,FeatherTop Extra Wide Cushioned Socks,FEATHERTOP.CUSHIONED-BLACK-M
2957,2336,,5.9300,0.0000,1.0000,2422,7223,,,FeatherTop Extra Wide Cushioned Socks,FEATHERTOP.CUSHIONED-GREY-M
2958,2336,,8.1000,0.0000,1.0000,2394,7225,,,FeatherTop Extra Wide Cotton Socks,FEATHERTOP.COTTON-BLACK-L
2959,2336,,8.1000,0.0000,1.0000,2394,7227,,,FeatherTop Extra Wide Cotton Socks,FEATHERTOP.COTTON-GREY-L
2960,2336,,8.1000,0.0000,1.0000,2394,7229,,,FeatherTop Extra Wide Cotton Socks,FEATHERTOP.COTTON-ROSE.LILAC-S
2961,2336,,9.1800,0.0000,1.0000,2409,7231,,,FeatherTop Extra Wide Wool Socks,FEATHERTOP.WOOL-GREY-L
2962,2336,,9.1800,0.0000,1.0000,2409,7233,,,FeatherTop Extra Wide Wool Socks,FEATHERTOP.WOOL-NAVY-L
2963,2336,,9.1800,0.0000,1.0000,2409,7235,,,FeatherTop Extra Wide Wool Socks,FEATHERTOP.WOOL-OATMEAL-L
2964,2336,,7.0100,0.0000,1.0000,2435,7237,,,FeatherTop Extra Wide Knee-High Socks,FEATHERTOP.KNEE.HIGH-BLACK-L
2965,2336,,7.0100,0.0000,1.0000,2435,7239,,,FeatherTop Extra Wide Knee-High Socks,FEATHERTOP.KNEE.HIGH-GREY-L
2966,2336,,7.0100,0.0000,1.0000,2435,7241,,,FeatherTop Extra Wide Knee-High Socks,FEATHERTOP.KNEE.HIGH-OATMEAL-M
2967,2337,,19.2400,0.0000,1.0000,1091,7243,,,Sophie Ladies Extra Wide Slipper,SOPHIE-GREY.HEART-4
2968,2338,,19.2400,0.0000,1.0000,1091,7259,,,Sophie Ladies Extra Wide Slipper,SOPHIE-GREY.HEART-3
2969,2339,,19.9300,0.0000,1.0000,1174,7245,,,Val Ladies Extra Wide Bootie Slipper,VAL-NAVY.FL/BU-8
2970,2340,,19.2400,0.0000,1.0000,1091,7247,,,Sophie Ladies Extra Wide Slipper,SOPHIE-NAVY.SPARK-4
2971,2340,,19.2400,0.0000,1.0000,1091,7249,,,Sophie Ladies Extra Wide Slipper,SOPHIE-NAVY.SPARK-5
2972,2341,,42.7300,0.0000,1.0000,265,7251,,,Filton Ladies Extra Wide Shoe,FILTON-BEIGE.PRI-3
2973,2342,,40.3500,0.0000,1.0000,2704,7261,,,Chloe Ladies Ultra Wide Sandal,CHLOE-SANDY-6
2974,2343,,42.7300,0.0000,1.0000,694,7253,,,Forton Ladies Extra Wide Shoe,FORTON-IVORY.PR-4
2975,2343,,44.1500,0.0000,1.0000,663,7255,,,Fargo Ladies Extra Wide Shoe,FARGO-MULB.FL-4
2976,2344,,18.9800,0.0000,1.0000,973,7269,,,Tracy Ladies Extra Wide Canvas,TRACY-DENIM-5
2977,2344,,18.9800,0.0000,1.0000,973,7271,,,Tracy Ladies Extra Wide Canvas,TRACY-BEIGE-5
2978,2345,,40.3500,0.0000,1.0000,481,7273,,,Cara Ladies Ultra Wide Sandal,CARA-IVORY-6.5
2979,2346,,18.9800,0.0000,1.0000,2012,7275,,,Doreen Ladies Ultra Wide Slipper,DOREEN-WINE-6
2980,2347,,41.7800,0.0000,1.0000,787,7277,,,Welland Ladies Extra Wide Shoe,WELLAND-TAN-4
2981,2348,,18.9800,0.0000,1.0000,2012,7267,,,Doreen Ladies Ultra Wide Slipper,DOREEN-WINE-4
2982,2349,,21.6400,0.0000,1.0000,942,7279,,,Dora Ladies Ultra Wide Canvas Sandal,DORA-BEIGE-9
2983,2350,,18.9800,0.0000,1.0000,942,7281,,,Dora Ladies Ultra Wide Canvas Sandal,DORA-DENIM-6
2984,2351,,19.2400,0.0000,1.0000,1091,7283,,,Sophie Ladies Extra Wide Slipper,SOPHIE-WINE.SWIRL-4
2985,2352,,41.3000,0.0000,1.0000,834,7285,,,Walmer Ladies Extra Wide Stretch Shoe,WALMER-BLACK-7
2986,2353,,38.9300,0.0000,1.0000,1726,7287,,,Cheryl Ladies Ultra Wide Sandal,CHERYL-PLAT.FL-7
2987,2353,,38.9300,0.0000,1.0000,1726,7289,,,Cheryl Ladies Ultra Wide Sandal,CHERYL-NAVY-7
2988,2354,,50.3500,0.0000,1.0000,663,7291,,,Fargo Ladies Extra Wide Shoe,FARGO-MULB.FL-7
2989,2355,,42.7300,0.0000,1.0000,265,7263,,,Filton Ladies Extra Wide Shoe,FILTON-BEIGE.PRI-6
2990,2356,,42.7300,0.0000,1.0000,265,7265,,,Filton Ladies Extra Wide Shoe,FILTON-BEIGE.PRI-6
2991,2357,,18.9800,0.0000,1.0000,2012,7311,,,Doreen Ladies Ultra Wide Slipper,DOREEN-WINE-5
2992,2357,,18.9800,0.0000,2.0000,1015,7313,,,Sadie Ladies Extra Wide Slippers,SADIE-NAVY.FERN-6
2993,2358,,23.2500,0.0000,1.0000,958,7295,,,Mary Ladies Extra Wide Lightweight Shoe,MARY-NAVY-7
2994,2359,,42.7300,0.0000,1.0000,694,7317,,,Forton Ladies Extra Wide Shoe,FORTON-NAVY.PRI-8
2995,2360,,19.9300,0.0000,1.0000,1174,7323,,,Val Ladies Extra Wide Bootie Slipper,VAL-WINE.FERN-6
2996,2361,,19.2400,0.0000,1.0000,1091,7299,,,Sophie Ladies Extra Wide Slipper,SOPHIE-NAVY-7
2997,2362,,19.2400,0.0000,1.0000,1091,7325,,,Sophie Ladies Extra Wide Slipper,SOPHIE-GREY.HEART-8
2998,2363,,19.2400,0.0000,1.0000,1091,7293,,,Sophie Ladies Extra Wide Slipper,SOPHIE-GREY.HEART-6
2999,2364,,19.2400,0.0000,1.0000,1091,7315,,,Sophie Ladies Extra Wide Slipper,SOPHIE-GREY.HEART-6
3000,2365,,38.9300,0.0000,1.0000,1726,7309,,,Cheryl Ladies Ultra Wide Sandal,CHERYL-PLAT.FL-8
3001,2366,,38.9300,0.0000,1.0000,1726,7319,,,Cheryl Ladies Ultra Wide Sandal,CHERYL-PLAT.FL-7
3002,2367,,38.9300,0.0000,1.0000,1726,7307,,,Cheryl Ladies Ultra Wide Sandal,CHERYL-NAVY-7
3003,2368,,38.9300,0.0000,1.0000,1726,7303,,,Cheryl Ladies Ultra Wide Sandal,CHERYL-BLK.PAT-6
3004,2369,,19.2400,0.0000,1.0000,1091,7297,,,Sophie Ladies Extra Wide Slipper,SOPHIE-NAVY.SPARK-8
3005,2370,,19.2400,0.0000,1.0000,1091,7305,,,Sophie Ladies Extra Wide Slipper,SOPHIE-NAVY.SPARK-8
3006,2371,,19.2400,0.0000,1.0000,1091,7321,,,Sophie Ladies Extra Wide Slipper,SOPHIE-NAVY.SPARK-6
3007,2372,,19.2400,0.0000,1.0000,1091,7301,,,Sophie Ladies Extra Wide Slipper,SOPHIE-NAVY.SPOT-7
3008,2373,,42.7300,0.0000,1.0000,265,7327,,,Filton Ladies Extra Wide Shoe,FILTON-BEIGE.PRI-6
3009,2374,,38.9300,0.0000,1.0000,1726,7331,,,Cheryl Ladies Ultra Wide Sandal,CHERYL-BLK.PAT-8
3010,2375,,40.3500,0.0000,1.0000,1768,7329,,,Carrie Ladies Ultra Wide Sandal,CARRIE-ROYAL.FL-7
3011,2376,,44.1500,0.0000,1.0000,1378,7347,,,Travis Men's Extra Wide Stretch Shoe,TRAVIS-BLACK-9
3012,2377,,52.5100,0.0000,1.0000,2747,7349,,,Troy Men's Twin Strap Extra Wide Shoe,TROY-BLACK-6
3013,2377,,52.5100,0.0000,1.0000,2747,7351,,,Troy Men's Twin Strap Extra Wide Shoe,TROY-BLACK-8
3014,2377,,26.5100,0.0000,1.0000,958,7353,,,Mary Ladies Extra Wide Lightweight Shoe,MARY-NAVY-6
3015,2378,,21.9400,0.0000,1.0000,1424,7333,,,Steve Men's Extra Wide Slipper,STEVE-BR.CHEV-10
3016,2378,,21.9400,0.0000,1.0000,1424,7335,,,Steve Men's Extra Wide Slipper,STEVE-BR.CHEV-11
3017,2378,,51.4300,0.0000,1.0000,1361,7337,,,Tony Men's Extra Wide Shoe,TONY-BROWN-10
3018,2378,,51.4300,0.0000,1.0000,1361,7339,,,Tony Men's Extra Wide Shoe,TONY-BROWN-11
3019,2378,,8.1000,0.0000,2.0000,2394,7341,,,FeatherTop Extra Wide Cotton Socks,FEATHERTOP.COTTON-GREY-M
3020,2378,,8.1000,0.0000,1.0000,2394,7343,,,FeatherTop Extra Wide Cotton Socks,FEATHERTOP.COTTON-NAVY-M
3021,2378,,8.1000,0.0000,1.0000,2394,7345,,,FeatherTop Extra Wide Cotton Socks,FEATHERTOP.COTTON-BLACK-M
3022,2379,,38.9300,0.0000,1.0000,1726,7355,,,Cheryl Ladies Ultra Wide Sandal,CHERYL-PLAT.FL-7
3023,2380,,26.1000,0.0000,1.0000,1487,7357,,,Walter Men's Extra Wide Open Flat Slipper,WALTER-BLACK-12
3024,2381,,38.9300,0.0000,1.0000,1726,7359,,,Cheryl Ladies Ultra Wide Sandal,CHERYL-BLK.PAT-7
3025,2382,,44.3900,0.0000,1.0000,1726,7361,,,Cheryl Ladies Ultra Wide Sandal,CHERYL-BLK.PAT-7
3026,2382,,44.3900,0.0000,1.0000,1726,7363,,,Cheryl Ladies Ultra Wide Sandal,CHERYL-ROSE.MOSIC-6
3027,2382,,50.3500,0.0000,1.0000,663,7365,,,Fargo Ladies Extra Wide Shoe,FARGO-BLK.PRINT-6
3028,2382,,50.3500,0.0000,1.0000,663,7367,,,Fargo Ladies Extra Wide Shoe,FARGO-BLK.PRINT-8
3029,2382,,50.3500,0.0000,1.0000,663,7369,,,Fargo Ladies Extra Wide Shoe,FARGO-BR.PRINT-4
3030,2382,,48.7200,0.0000,1.0000,265,7371,,,Filton Ladies Extra Wide Shoe,FILTON-RED.BUR.PA-5
3031,2382,,48.7200,0.0000,1.0000,265,7373,,,Filton Ladies Extra Wide Shoe,FILTON-RED.BUR.PA-7
3032,2383,,48.7200,0.0000,1.0000,2129,7375,,,Fenwick Ladies Extra Wide Shoe,FENWICK-RED.FL-6.5
3033,2383,,48.7200,0.0000,1.0000,2129,7377,,,Fenwick Ladies Extra Wide Shoe,FENWICK-BR.PAT-8
3034,2383,,4.8500,0.0000,1.0000,2379,7379,,,Suede & Nubuck Reviver,SC-REVIVER
3035,2383,,48.7200,0.0000,1.0000,2129,7380,,,Fenwick Ladies Extra Wide Shoe,FENWICK-GREY.PAT-3
3036,2383,,48.7200,0.0000,1.0000,2129,7382,,,Fenwick Ladies Extra Wide Shoe,FENWICK-GREY.PAT-4
3037,2384,,19.2400,0.0000,1.0000,1091,7384,,,Sophie Ladies Extra Wide Slipper,SOPHIE-NAVY.SPOT-8
3038,2384,,19.2400,0.0000,1.0000,1091,7386,,,Sophie Ladies Extra Wide Slipper,SOPHIE-WINE.SWIRL-8
3039,2385,,26.1000,0.0000,1.0000,1137,7388,,,Wendy Ladies Extra Wide Open-Flat Slipper,WENDY-BLK.SWIRL-5
3040,2386,,19.2400,0.0000,1.0000,1091,7390,,,Sophie Ladies Extra Wide Slipper,SOPHIE-WINE.SWIRL-7
3041,2387,,38.9300,0.0000,1.0000,1726,7392,,,Cheryl Ladies Ultra Wide Sandal,CHERYL-PLAT.FL-5
3042,2388,,18.9800,0.0000,1.0000,942,7396,,,Dora Ladies Ultra Wide Canvas Sandal,DORA-DENIM-7
3043,2389,,20.4000,0.0000,1.0000,1437,7400,,,Gary Men's Extra Wide Bootie Slipper,GARY-GREY.CHEV-9
3044,2390,,18.9800,0.0000,1.0000,942,7402,,,Dora Ladies Ultra Wide Canvas Sandal,DORA-DENIM-6
3045,2391,,45.1000,0.0000,1.0000,1361,7398,,,Tony Men's Extra Wide Shoe,TONY-BROWN-7
3046,2392,,19.2400,0.0000,1.0000,1424,7394,,,Steve Men's Extra Wide Slipper,STEVE-NAVY.CHEV-9
3047,2393,,18.9800,0.0000,1.0000,942,7404,,,Dora Ladies Ultra Wide Canvas Sandal,DORA-BEIGE-9
3048,2393,,26.1000,0.0000,1.0000,1137,7406,,,Wendy Ladies Extra Wide Open-Flat Slipper,WENDY-WINE.SWIRL-9
3049,2394,,18.9800,0.0000,1.0000,942,7408,,,Dora Ladies Ultra Wide Canvas Sandal,DORA-DENIM-4
3050,2395,,29.7600,0.0000,1.0000,1137,7410,,,Wendy Ladies Extra Wide Open-Flat Slipper,WENDY-NAVY.COMB-6
3051,2395,,23.2600,0.0000,1.0000,927,7412,,,Sue Ladies Extra Wide Lightweight Shoe,SUE-BEIGE.MET-6
3052,2395,,23.2600,0.0000,1.0000,927,7414,,,Sue Ladies Extra Wide Lightweight Shoe,SUE-BLK.MET-7
3053,2396,,18.9800,0.0000,1.0000,942,7416,,,Dora Ladies Ultra Wide Canvas Sandal,DORA-BEIGE-6
3054,2397,,18.9800,0.0000,1.0000,942,7424,,,Dora Ladies Ultra Wide Canvas Sandal,DORA-DENIM-6
3055,2398,,19.9300,0.0000,1.0000,1174,7418,,,Val Ladies Extra Wide Bootie Slipper,VAL-NAVY-7
3056,2399,,19.9300,0.0000,1.0000,1174,7420,,,Val Ladies Extra Wide Bootie Slipper,VAL-NAVY-8
3057,2399,,20.4000,0.0000,1.0000,1629,7422,,,Vera Ladies Extra Wide Bootie Slipper,VERA-CHAR.POLKA-8
3058,2400,,19.9300,0.0000,1.0000,1023,7426,,,Selina Ladies Extra Wide Slipper,SELINA-NAVY.SPARK-7
3059,2400,,19.9300,0.0000,1.0000,1023,7428,,,Selina Ladies Extra Wide Slipper,SELINA-BLK.SPARK-6
3060,2401,,7.1500,0.0000,1.0000,2727,7430,,,FeatherTop Extra Wide Gripped Socks,FEATHERTOP.GRIPPED-NAVY-M
3061,2402,,27.5300,0.0000,1.0000,1471,7432,,,Wesley Men's Extra Wide Open-Flat PU Slipper,WESLEY-BLACK-9
3062,2403,,40.3500,0.0000,1.0000,481,7434,,,Cara Ladies Ultra Wide Sandal,CARA-IVORY-6.5
3063,2404,,18.9800,0.0000,1.0000,942,7436,,,Dora Ladies Ultra Wide Canvas Sandal,DORA-BEIGE-5
3064,2405,,18.9800,0.0000,1.0000,942,7438,,,Dora Ladies Ultra Wide Canvas Sandal,DORA-BEIGE-6
3065,2406,,19.9300,0.0000,1.0000,1023,7440,,,Selina Ladies Extra Wide Slipper,SELINA-NAVY.SPARK-8
3066,2407,,40.3500,0.0000,1.0000,733,7442,,,Wardale Ladies Extra Wide Shoe,WARDALE-STONE.BEI-7
3067,2408,,18.9800,0.0000,1.0000,2012,7444,,,Doreen Ladies Ultra Wide Slipper,DOREEN-WINE-6
3068,2409,,26.1000,0.0000,1.0000,1137,7446,,,Wendy Ladies Extra Wide Open-Flat Slipper,WENDY-WINE.SWIRL-4
3069,2410,,19.2400,0.0000,1.0000,1091,7448,,,Sophie Ladies Extra Wide Slipper,SOPHIE-NAVY.SPARK-5
3070,2411,,44.1500,0.0000,1.0000,1378,7450,,,Travis Men's Extra Wide Stretch Shoe,TRAVIS-BLACK-10
3071,2411,,8.1000,0.0000,2.0000,2394,7452,,,FeatherTop Extra Wide Cotton Socks,FEATHERTOP.COTTON-ROSE.LILAC-M
3072,2411,,8.1000,0.0000,1.0000,2394,7454,,,FeatherTop Extra Wide Cotton Socks,FEATHERTOP.COTTON-OATMEAL-L
3073,2412,,18.9800,0.0000,1.0000,2012,7456,,,Doreen Ladies Ultra Wide Slipper,DOREEN-WINE-4
3074,2413,,18.9800,0.0000,1.0000,942,7458,,,Dora Ladies Ultra Wide Canvas Sandal,DORA-DENIM-6
3075,2414,,19.2400,0.0000,1.0000,1091,7460,,,Sophie Ladies Extra Wide Slipper,SOPHIE-WINE.SWIRL-6
3076,2415,,26.1000,0.0000,1.0000,1487,7462,,,Walter Men's Extra Wide Open Flat Slipper,WALTER-BLACK-8
3077,2416,,42.7300,0.0000,1.0000,348,7468,,,Falmer Ladies Extra Wide Shoe,FALMER-PLAT.FL-7
3078,2417,,26.1000,0.0000,1.0000,1137,7470,,,Wendy Ladies Extra Wide Open-Flat Slipper,WENDY-NAVY.COMB-5
3079,2418,,18.9800,0.0000,1.0000,942,7472,,,Dora Ladies Ultra Wide Canvas Sandal,DORA-DENIM-7
3080,2419,,19.9300,0.0000,1.0000,1174,7464,,,Val Ladies Extra Wide Bootie Slipper,VAL-NAVY-5
3081,2420,,40.3500,0.0000,1.0000,1768,7466,,,Carrie Ladies Ultra Wide Sandal,CARRIE-TAN-7
3082,2421,,26.1000,0.0000,1.0000,1137,7474,,,Wendy Ladies Extra Wide Open-Flat Slipper,WENDY-NAVY-9
3083,2421,,18.9800,0.0000,1.0000,2012,7476,,,Doreen Ladies Ultra Wide Slipper,DOREEN-WINE-9
3084,2422,,19.2400,0.0000,1.0000,1091,7482,,,Sophie Ladies Extra Wide Slipper,SOPHIE-GREY.HEART-7
3085,2423,,46.0100,0.0000,1.0000,2704,7478,,,Chloe Ladies Ultra Wide Sandal,CHLOE-SANDY-3
3086,2423,,42.7600,0.0000,1.0000,1594,7480,,,Cleo Ladies Ultra Wide Sandal,CLEO-BEIGE-3
3087,2424,,18.9800,0.0000,1.0000,2012,7484,,,Doreen Ladies Ultra Wide Slipper,DOREEN-WINE-5
3088,2425,,19.2400,0.0000,1.0000,1091,7486,,,Sophie Ladies Extra Wide Slipper,SOPHIE-NAVY-8
3089,2426,,42.7300,0.0000,1.0000,348,7490,,,Falmer Ladies Extra Wide Shoe,FALMER-PLAT.FL-3
3090,2427,,20.4000,0.0000,1.0000,1629,7488,,,Vera Ladies Extra Wide Bootie Slipper,VERA-CHAR.POLKA-5
3091,2428,,19.2400,0.0000,1.0000,1091,7492,,,Sophie Ladies Extra Wide Slipper,SOPHIE-GREY.HEART-7
3092,2429,,54.1400,0.0000,1.0000,1332,7494,,,Tully Men's Extra Wide Shoe,TULLY-BROWN-11
3093,2430,,50.3500,0.0000,1.0000,663,7500,,,Fargo Ladies Extra Wide Shoe,FARGO-MULB.FL-7
3094,2430,,54.1400,0.0000,1.0000,1342,7502,,,Percy Men's Extra Wide Deck Shoe,PERCY-NAVY/BROWN-9
3095,2430,,50.3500,0.0000,1.0000,1378,7504,,,Travis Men's Extra Wide Stretch Shoe,TRAVIS-BLACK-10
3096,2430,,51.4300,0.0000,1.0000,1361,7506,,,Tony Men's Extra Wide Shoe,TONY-BROWN-11
3097,2430,,51.4300,0.0000,1.0000,1361,7508,,,Tony Men's Extra Wide Shoe,TONY-BROWN-8
3098,2430,,51.4300,0.0000,1.0000,1361,7510,,,Tony Men's Extra Wide Shoe,TONY-BROWN-9
3099,2431,,18.9800,0.0000,1.0000,942,7496,,,Dora Ladies Ultra Wide Canvas Sandal,DORA-DENIM-7
3100,2431,,40.3500,0.0000,1.0000,481,7498,,,Cara Ladies Ultra Wide Sandal,CARA-IVORY-7
3101,2432,,26.1000,0.0000,1.0000,1487,7514,,,Walter Men's Extra Wide Open Flat Slipper,WALTER-BLACK-11
3102,2433,,48.7200,0.0000,1.0000,2759,7512,,,Bella Ladies 4E Shoe,BELLA-SANDY-5
3103,2434,,20.4000,0.0000,1.0000,1629,7524,,,Vera Ladies Extra Wide Bootie Slipper,VERA-CHAR.POLKA-5
3104,2435,,19.2400,0.0000,1.0000,1091,7516,,,Sophie Ladies Extra Wide Slipper,SOPHIE-GREY.HEART-8
3105,2436,,19.2400,0.0000,1.0000,1091,7522,,,Sophie Ladies Extra Wide Slipper,SOPHIE-GREY.HEART-6
3106,2437,,40.3500,0.0000,1.0000,1600,7518,,,Coral Ladies Ultra Wide Sandal,CORAL-IVORY-4
3107,2438,,18.9800,0.0000,1.0000,942,7520,,,Dora Ladies Ultra Wide Canvas Sandal,DORA-BEIGE-8
3108,2439,,46.0100,0.0000,1.0000,2704,7526,,,Chloe Ladies Ultra Wide Sandal,CHLOE-LILAC-7
3109,2440,,48.7200,0.0000,1.0000,333,7528,,,Farlow Ladies Extra Wide Shoe,FARLOW-BEIGE-6.5
3110,2441,,19.2400,0.0000,1.0000,1091,7530,,,Sophie Ladies Extra Wide Slipper,SOPHIE-WINE.SWIRL-9
3111,2442,,19.2400,0.0000,1.0000,1091,7532,,,Sophie Ladies Extra Wide Slipper,SOPHIE-NAVY-5
3112,2443,,46.0100,0.0000,1.0000,1306,7534,,,Nathan Men's Ultra Wide Sandal,NATHAN-BROWN-7
3113,2444,,41.3000,0.0000,1.0000,849,7536,,,Walford Ladies Extra Wide Stretch Shoe,WALFORD-BROWN-5
3114,2445,,18.9800,0.0000,1.0000,1015,7538,,,Sadie Ladies Extra Wide Slippers,SADIE-GREY.FERN-9
3115,2445,,18.9800,0.0000,1.0000,1015,7540,,,Sadie Ladies Extra Wide Slippers,SADIE-WINE.FERN-9
3116,2445,,18.9800,0.0000,1.0000,2012,7542,,,Doreen Ladies Ultra Wide Slipper,DOREEN-WINE-9
3117,2445,,18.9800,0.0000,1.0000,2012,7544,,,Doreen Ladies Ultra Wide Slipper,DOREEN-WINE-8
3118,2446,,42.7300,0.0000,1.0000,348,7546,,,Falmer Ladies Extra Wide Shoe,FALMER-GREY.SP-6.5
3119,2447,,18.9800,0.0000,1.0000,942,7548,,,Dora Ladies Ultra Wide Canvas Sandal,DORA-BEIGE-7
3120,2448,,27.5300,0.0000,1.0000,1471,7550,,,Wesley Men's Extra Wide Open-Flat PU Slipper,WESLEY-BLACK-10
3121,2449,,26.1000,0.0000,1.0000,1137,7552,,,Wendy Ladies Extra Wide Open-Flat Slipper,WENDY-NAVY.COMB-8
3122,2450,,18.9800,0.0000,1.0000,973,7554,,,Tracy Ladies Extra Wide Canvas,TRACY-DENIM-7
3123,2450,,18.9800,0.0000,1.0000,2012,7556,,,Doreen Ladies Ultra Wide Slipper,DOREEN-WINE-7
3124,2451,,18.9800,0.0000,1.0000,942,7582,,,Dora Ladies Ultra Wide Canvas Sandal,DORA-BEIGE-8
3125,2452,,40.3500,0.0000,1.0000,1600,7580,,,Coral Ladies Ultra Wide Sandal,CORAL-IVORY-5
3126,2453,,19.9300,0.0000,2.0000,1174,7584,,,Val Ladies Extra Wide Bootie Slipper,VAL-NAVY-5
3127,2454,,38.9300,0.0000,1.0000,1726,7586,,,Cheryl Ladies Ultra Wide Sandal,CHERYL-PLAT.FL-3
3128,2454,,38.9300,0.0000,1.0000,1726,7588,,,Cheryl Ladies Ultra Wide Sandal,CHERYL-NAVY-3
3129,2455,,19.2400,0.0000,1.0000,1091,7590,,,Sophie Ladies Extra Wide Slipper,SOPHIE-WINE.SWIRL-6
3130,2456,,47.1000,0.0000,1.0000,834,7592,,,Walmer Ladies Extra Wide Stretch Shoe,WALMER-BLACK-5
3131,2457,,40.3500,0.0000,1.0000,1768,7594,,,Carrie Ladies Ultra Wide Sandal,CARRIE-ROYAL.FL-3
3132,2458,,18.9800,0.0000,1.0000,2012,7596,,,Doreen Ladies Ultra Wide Slipper,DOREEN-WINE-8
3133,2459,,48.7200,0.0000,1.0000,2129,7598,,,Fenwick Ladies Extra Wide Shoe,FENWICK-BLACK-6
3134,2459,,48.7200,0.0000,1.0000,2759,7600,,,Bella Ladies 4E Shoe,BELLA-SANDY-6
3135,2460,,19.2400,0.0000,1.0000,1424,7602,,,Steve Men's Extra Wide Slipper,STEVE-GREY.CHEV-9
3136,2461,,46.0100,0.0000,1.0000,1768,7604,,,Carrie Ladies Ultra Wide Sandal,CARRIE-ROYAL.FL-8
3137,2461,,8.1000,0.0000,1.0000,2394,7606,,,FeatherTop Extra Wide Cotton Socks,FEATHERTOP.COTTON-GREY-L
3138,2461,,8.1000,0.0000,1.0000,2394,7608,,,FeatherTop Extra Wide Cotton Socks,FEATHERTOP.COTTON-NAVY-L
3139,2461,,8.1000,0.0000,1.0000,2394,7610,,,FeatherTop Extra Wide Cotton Socks,FEATHERTOP.COTTON-NAVY-M
3140,2461,,8.1000,0.0000,1.0000,2394,7612,,,FeatherTop Extra Wide Cotton Socks,FEATHERTOP.COTTON-OATMEAL-L
3141,2462,,44.3900,0.0000,1.0000,1726,7614,,,Cheryl Ladies Ultra Wide Sandal,CHERYL-BLK.PAT-6
3142,2463,,26.5100,0.0000,1.0000,958,7616,,,Mary Ladies Extra Wide Lightweight Shoe,MARY-NAVY-6
3143,2464,,18.9800,0.0000,1.0000,942,7638,,,Dora Ladies Ultra Wide Canvas Sandal,DORA-DENIM-6
3144,2465,,19.2400,0.0000,1.0000,1091,7640,,,Sophie Ladies Extra Wide Slipper,SOPHIE-NAVY.SPOT-6
3145,2466,,19.2400,0.0000,1.0000,1091,7642,,,Sophie Ladies Extra Wide Slipper,SOPHIE-NAVY.SPOT-3
3146,2467,,27.5300,0.0000,1.0000,1471,7644,,,Wesley Men's Extra Wide Open-Flat PU Slipper,WESLEY-BLACK-11
3147,2468,,18.9800,0.0000,1.0000,1015,7646,,,Sadie Ladies Extra Wide Slippers,SADIE-NAVY.FERN-5
3148,2469,,42.7300,0.0000,1.0000,265,7648,,,Filton Ladies Extra Wide Shoe,FILTON-BLACK-3
3149,2470,,19.2400,0.0000,1.0000,1091,7650,,,Sophie Ladies Extra Wide Slipper,SOPHIE-NAVY.SPARK-8
3150,2471,,19.9300,0.0000,1.0000,1023,7652,,,Selina Ladies Extra Wide Slipper,SELINA-BLK.SPARK-7
3151,2472,,21.9400,0.0000,1.0000,1424,7654,,,Steve Men's Extra Wide Slipper,STEVE-GREY.CHEV-11
3152,2472,,8.1000,0.0000,1.0000,2394,7656,,,FeatherTop Extra Wide Cotton Socks,FEATHERTOP.COTTON-BLACK-L
3153,2472,,8.1000,0.0000,1.0000,2394,7658,,,FeatherTop Extra Wide Cotton Socks,FEATHERTOP.COTTON-BLACK-M
3154,2472,,8.1000,0.0000,1.0000,2394,7660,,,FeatherTop Extra Wide Cotton Socks,FEATHERTOP.COTTON-BLACK-S
3155,2472,,47.1000,0.0000,1.0000,849,7662,,,Walford Ladies Extra Wide Stretch Shoe,WALFORD-BROWN-6
3156,2472,,47.1000,0.0000,1.0000,849,7664,,,Walford Ladies Extra Wide Stretch Shoe,WALFORD-BROWN-7
3157,2473,,46.0100,0.0000,1.0000,806,7666,,,Welton Ladies Extra Wide Shoe,WELTON-BEIGE-6.5
3158,2474,,48.7200,0.0000,1.0000,867,7668,,,Zurich Ladies Ultra Wide Shoe,ZURICH-BLACK-6
3159,2475,,19.9300,0.0000,1.0000,1023,7670,,,Selina Ladies Extra Wide Slipper,SELINA-NAVY.SPARK-8
3160,2476,,50.3500,0.0000,1.0000,1378,7672,,,Travis Men's Extra Wide Stretch Shoe,TRAVIS-BLACK-7
3161,2477,,18.9800,0.0000,1.0000,942,7674,,,Dora Ladies Ultra Wide Canvas Sandal,DORA-DENIM-7
3162,2477,,18.9800,0.0000,1.0000,942,7676,,,Dora Ladies Ultra Wide Canvas Sandal,DORA-BEIGE-7
3163,2478,,20.4000,0.0000,1.0000,1437,7678,,,Gary Men's Extra Wide Bootie Slipper,GARY-NAVY.CHEV-13
3164,2479,,18.9800,0.0000,1.0000,1015,7684,,,Sadie Ladies Extra Wide Slippers,SADIE-WINE.FERN-5
3165,2480,,18.9800,0.0000,1.0000,1015,7682,,,Sadie Ladies Extra Wide Slippers,SADIE-NAVY.FERN-4
3166,2481,,38.9300,0.0000,1.0000,1726,7680,,,Cheryl Ladies Ultra Wide Sandal,CHERYL-BLK.PAT-7
3167,2482,,20.4000,0.0000,1.0000,927,7690,,,Sue Ladies Extra Wide Lightweight Shoe,SUE-BLK.MET-7
3168,2482,,18.9800,0.0000,1.0000,942,7692,,,Dora Ladies Ultra Wide Canvas Sandal,DORA-BEIGE-7
3169,2483,,18.9800,0.0000,1.0000,942,7696,,,Dora Ladies Ultra Wide Canvas Sandal,DORA-DENIM-7
3170,2484,,18.9800,0.0000,1.0000,942,7700,,,Dora Ladies Ultra Wide Canvas Sandal,DORA-DENIM-5
3171,2485,,42.7300,0.0000,1.0000,2129,7694,,,Fenwick Ladies Extra Wide Shoe,FENWICK-NAVY-7
3172,2486,,38.9300,0.0000,1.0000,1726,7702,,,Cheryl Ladies Ultra Wide Sandal,CHERYL-NAVY-6.5
3173,2487,,19.2400,0.0000,1.0000,1091,7698,,,Sophie Ladies Extra Wide Slipper,SOPHIE-BEI.COMB-6
3174,2488,,19.2400,0.0000,1.0000,1091,7706,,,Sophie Ladies Extra Wide Slipper,SOPHIE-GREY.HEART-3
3175,2489,,19.2400,0.0000,1.0000,1091,7704,,,Sophie Ladies Extra Wide Slipper,SOPHIE-NAVY.SPARK-8
3176,2490,,40.3500,0.0000,1.0000,2704,7686,,,Chloe Ladies Ultra Wide Sandal,CHLOE-SANDY-5
3177,2490,,18.9800,0.0000,1.0000,942,7688,,,Dora Ladies Ultra Wide Canvas Sandal,DORA-DENIM-5
3178,2491,,24.4700,0.0000,2.0000,958,7708,,,Mary Ladies Extra Wide Lightweight Shoe,MARY-NAVY-5
3179,2491,,24.4700,0.0000,1.0000,958,7710,,,Mary Ladies Extra Wide Lightweight Shoe,MARY-NAVY-7
3180,2491,,24.4700,0.0000,1.0000,958,7712,,,Mary Ladies Extra Wide Lightweight Shoe,MARY-NAVY-8
3181,2491,,27.4700,0.0000,1.0000,2756,7714,,,Sam Unisex Extra Wide Stretch Slipper,SAM-BLACK-10
3182,2492,,18.9800,0.0000,1.0000,942,7722,,,Dora Ladies Ultra Wide Canvas Sandal,DORA-BEIGE-5
3183,2493,,18.9800,0.0000,1.0000,942,7720,,,Dora Ladies Ultra Wide Canvas Sandal,DORA-DENIM-6
3184,2494,,19.2400,0.0000,1.0000,1091,7716,,,Sophie Ladies Extra Wide Slipper,SOPHIE-NAVY.SPOT-4
3185,2494,,19.2400,0.0000,1.0000,1091,7718,,,Sophie Ladies Extra Wide Slipper,SOPHIE-GREY.HEART-4
3186,2495,,18.9800,0.0000,1.0000,942,7724,,,Dora Ladies Ultra Wide Canvas Sandal,DORA-DENIM-5
3187,2496,,26.1000,0.0000,1.0000,1487,7734,,,Walter Men's Extra Wide Open Flat Slipper,WALTER-BROWN-10
3188,2497,,20.4000,0.0000,1.0000,927,7736,,,Sue Ladies Extra Wide Lightweight Shoe,SUE-BLK.MET-6
3189,2497,,18.9800,0.0000,1.0000,942,7738,,,Dora Ladies Ultra Wide Canvas Sandal,DORA-BEIGE-6
3190,2498,,44.1500,0.0000,1.0000,663,7726,,,Fargo Ladies Extra Wide Shoe,FARGO-MULB.FL-8
3191,2499,,19.2400,0.0000,1.0000,1091,7728,,,Sophie Ladies Extra Wide Slipper,SOPHIE-GREY.HEART-6
3192,2499,,18.9800,0.0000,1.0000,1015,7730,,,Sadie Ladies Extra Wide Slippers,SADIE-NAVY.FERN-6
3193,2500,,26.1000,0.0000,1.0000,1137,7732,,,Wendy Ladies Extra Wide Open-Flat Slipper,WENDY-BLK.SWIRL-5
3194,2501,,18.9800,0.0000,1.0000,942,7740,,,Dora Ladies Ultra Wide Canvas Sandal,DORA-BEIGE-7
3195,2502,,42.7300,0.0000,1.0000,265,7742,,,Filton Ladies Extra Wide Shoe,FILTON-BLACK-7
3196,2503,,40.3500,0.0000,1.0000,733,7744,,,Wardale Ladies Extra Wide Shoe,WARDALE-BLACK-7
3197,2504,,18.9800,0.0000,1.0000,1015,7746,,,Sadie Ladies Extra Wide Slippers,SADIE-WINE.FERN-8
3198,2504,,18.9800,0.0000,1.0000,942,7748,,,Dora Ladies Ultra Wide Canvas Sandal,DORA-BEIGE-8
3199,2505,,19.9300,0.0000,1.0000,1023,7750,,,Selina Ladies Extra Wide Slipper,SELINA-BLK.SPARK-6
3200,2505,,19.9300,0.0000,1.0000,1023,7752,,,Selina Ladies Extra Wide Slipper,SELINA-NAVY.SPARK-6
3201,2506,,18.9800,0.0000,1.0000,2012,7754,,,Doreen Ladies Ultra Wide Slipper,DOREEN-WINE-7
3202,2507,,44.3900,0.0000,1.0000,1726,7756,,,Cheryl Ladies Ultra Wide Sandal,CHERYL-NAVY-6
3203,2508,,20.4000,0.0000,1.0000,927,7758,,,Sue Ladies Extra Wide Lightweight Shoe,SUE-BLK.MET-7
3204,2509,,19.2400,0.0000,1.0000,1091,7760,,,Sophie Ladies Extra Wide Slipper,SOPHIE-NAVY.SPOT-5
3205,2510,,38.9300,0.0000,1.0000,1726,7762,,,Cheryl Ladies Ultra Wide Sandal,CHERYL-PLAT.FL-6
3206,2511,,47.4800,0.0000,1.0000,898,7764,,,Barla Ladies Extra Wide Boot,BARLA-BLACK-3
3207,2512,,44.3900,0.0000,1.0000,1314,7766,,,Neil Men's Ultra Wide Sandal,NEIL-BROWN-11
3208,2512,,48.7200,0.0000,1.0000,2759,7768,,,Bella Ladies 4E Shoe,BELLA-LILAC-5
3209,2512,,47.6400,0.0000,1.0000,787,7770,,,Welland Ladies Extra Wide Shoe,WELLAND-IVORY-5
3210,2512,,8.1000,0.0000,1.0000,2394,7772,,,FeatherTop Extra Wide Cotton Socks,FEATHERTOP.COTTON-GREY-L
3211,2512,,8.1000,0.0000,1.0000,2394,7774,,,FeatherTop Extra Wide Cotton Socks,FEATHERTOP.COTTON-NAVY-L
3212,2512,,44.3900,0.0000,1.0000,1726,7776,,,Cheryl Ladies Ultra Wide Sandal,CHERYL-ROSE.MOSIC-7
3213,2512,,44.3900,0.0000,1.0000,1726,7778,,,Cheryl Ladies Ultra Wide Sandal,CHERYL-ROSE.MOSIC-8
3214,2513,,19.9300,0.0000,1.0000,1174,7782,,,Val Ladies Extra Wide Bootie Slipper,VAL-NAVY-9
3215,2514,,21.6400,0.0000,1.0000,942,7780,,,Dora Ladies Ultra Wide Canvas Sandal,DORA-DENIM-7
3216,2515,,18.9800,0.0000,1.0000,2012,7786,,,Doreen Ladies Ultra Wide Slipper,DOREEN-WINE-7
3217,2516,,19.9300,0.0000,1.0000,1023,7784,,,Selina Ladies Extra Wide Slipper,SELINA-NAVY.SPARK-6
3218,2517,,19.2400,0.0000,1.0000,1091,7788,,,Sophie Ladies Extra Wide Slipper,SOPHIE-NAVY-8
3219,2518,,46.0100,0.0000,1.0000,806,7790,,,Welton Ladies Extra Wide Shoe,WELTON-BLACK-8
3220,2518,,46.0100,0.0000,1.0000,806,7792,,,Welton Ladies Extra Wide Shoe,WELTON-STONE-7
3221,2518,,50.3500,0.0000,1.0000,663,7794,,,Fargo Ladies Extra Wide Shoe,FARGO-BLK.PRINT-7
3222,2518,,50.3500,0.0000,1.0000,663,7796,,,Fargo Ladies Extra Wide Shoe,FARGO-BLK.PRINT-8
3223,2518,,47.1000,0.0000,1.0000,834,7798,,,Walmer Ladies Extra Wide Stretch Shoe,WALMER-BLACK-4
3224,2518,,47.1000,0.0000,1.0000,834,7800,,,Walmer Ladies Extra Wide Stretch Shoe,WALMER-BLACK-6
3225,2518,,47.1000,0.0000,1.0000,834,7802,,,Walmer Ladies Extra Wide Stretch Shoe,WALMER-BLACK-8
3226,2518,,26.5100,0.0000,1.0000,958,7804,,,Mary Ladies Extra Wide Lightweight Shoe,MARY-NAVY-5
3227,2518,,26.5100,0.0000,1.0000,958,7806,,,Mary Ladies Extra Wide Lightweight Shoe,MARY-NAVY-7
3228,2518,,26.5100,0.0000,1.0000,958,7808,,,Mary Ladies Extra Wide Lightweight Shoe,MARY-NAVY-8
3229,2518,,8.1000,0.0000,1.0000,2394,7810,,,FeatherTop Extra Wide Cotton Socks,FEATHERTOP.COTTON-BLACK-M
3230,2519,,18.9800,0.0000,1.0000,942,7816,,,Dora Ladies Ultra Wide Canvas Sandal,DORA-DENIM-6
3231,2520,,20.4000,0.0000,1.0000,927,7814,,,Sue Ladies Extra Wide Lightweight Shoe,SUE-BEIGE.MET-9
3232,2521,,26.1000,0.0000,1.0000,2756,7812,,,Sam Unisex Extra Wide Stretch Slipper,SAM-BLACK-12
3233,2522,,47.1000,0.0000,1.0000,834,7822,,,Walmer Ladies Extra Wide Stretch Shoe,WALMER-NAVY-4
3234,2523,,18.9800,0.0000,1.0000,942,7830,,,Dora Ladies Ultra Wide Canvas Sandal,DORA-BEIGE-7
3235,2523,,19.2400,0.0000,1.0000,1091,7832,,,Sophie Ladies Extra Wide Slipper,SOPHIE-GREY.HEART-7
3236,2524,,18.9800,0.0000,1.0000,942,7826,,,Dora Ladies Ultra Wide Canvas Sandal,DORA-DENIM-4
3237,2525,,23.2500,0.0000,1.0000,958,7828,,,Mary Ladies Extra Wide Lightweight Shoe,MARY-NAVY-6
3238,2526,,19.2400,0.0000,1.0000,1091,7836,,,Sophie Ladies Extra Wide Slipper,SOPHIE-NAVY-6
3239,2527,,19.2400,0.0000,1.0000,1091,7838,,,Sophie Ladies Extra Wide Slipper,SOPHIE-NAVY.SPARK-6
3240,2528,,19.2400,0.0000,1.0000,1091,7834,,,Sophie Ladies Extra Wide Slipper,SOPHIE-NAVY.SPOT-6
3241,2529,,46.0100,0.0000,1.0000,806,7840,,,Welton Ladies Extra Wide Shoe,WELTON-BLACK-5
3242,2530,,47.1000,0.0000,1.0000,834,7842,,,Walmer Ladies Extra Wide Stretch Shoe,WALMER-NAVY-4
3243,2531,,41.3000,0.0000,1.0000,849,7844,,,Walford Ladies Extra Wide Stretch Shoe,WALFORD-BLACK-6
3244,2532,,18.9800,0.0000,1.0000,942,7846,,,Dora Ladies Ultra Wide Canvas Sandal,DORA-BEIGE-7
3245,2533,,24.4700,0.0000,2.0000,958,7848,,,Mary Ladies Extra Wide Lightweight Shoe,MARY-NAVY-4
3246,2533,,24.4700,0.0000,1.0000,958,7850,,,Mary Ladies Extra Wide Lightweight Shoe,MARY-NAVY-5
3247,2533,,24.4700,0.0000,1.0000,958,7852,,,Mary Ladies Extra Wide Lightweight Shoe,MARY-NAVY-6
3248,2533,,24.4700,0.0000,1.0000,958,7854,,,Mary Ladies Extra Wide Lightweight Shoe,MARY-NAVY-7
3249,2533,,24.4700,0.0000,1.0000,958,7856,,,Mary Ladies Extra Wide Lightweight Shoe,MARY-NAVY-8
3250,2534,,18.9800,0.0000,1.0000,942,7858,,,Dora Ladies Ultra Wide Canvas Sandal,DORA-BEIGE-7
3251,2535,,26.1000,0.0000,1.0000,1137,7860,,,Wendy Ladies Extra Wide Open-Flat Slipper,WENDY-NAVY.COMB-7
3252,2536,,19.2400,0.0000,1.0000,1091,7862,,,Sophie Ladies Extra Wide Slipper,SOPHIE-NAVY.SPARK-6
3253,2537,,44.3900,0.0000,1.0000,1726,7864,,,Cheryl Ladies Ultra Wide Sandal,CHERYL-NAVY-5
3254,2538,,18.9800,0.0000,1.0000,1015,7866,,,Sadie Ladies Extra Wide Slippers,SADIE-NAVY.FERN-9
3255,2538,,19.9300,0.0000,1.0000,1023,7868,,,Selina Ladies Extra Wide Slipper,SELINA-NAVY.SPARK-9
3256,2539,,18.9800,0.0000,1.0000,2012,7870,,,Doreen Ladies Ultra Wide Slipper,DOREEN-WINE-6
3257,2540,,18.9800,0.0000,1.0000,942,7872,,,Dora Ladies Ultra Wide Canvas Sandal,DORA-DENIM-8
3258,2541,,18.9800,0.0000,1.0000,1015,7874,,,Sadie Ladies Extra Wide Slippers,SADIE-NAVY.FERN-5
3259,2542,,8.1000,0.0000,1.0000,2394,7878,,,FeatherTop Extra Wide Cotton Socks,FEATHERTOP.COTTON-BLACK-M
3260,2542,,8.1000,0.0000,1.0000,2394,7880,,,FeatherTop Extra Wide Cotton Socks,FEATHERTOP.COTTON-GREY-M
3261,2542,,8.1000,0.0000,1.0000,2394,7882,,,FeatherTop Extra Wide Cotton Socks,FEATHERTOP.COTTON-NAVY-M
3262,2542,,8.1000,0.0000,1.0000,2394,7884,,,FeatherTop Extra Wide Cotton Socks,FEATHERTOP.COTTON-ROSE.LILAC-S
3263,2543,,48.7200,0.0000,1.0000,1504,7886,,,Easham Ladies Extra Wide Shoe,EASHAM-BLACK-8
3264,2544,,38.9300,0.0000,1.0000,1726,7888,,,Cheryl Ladies Ultra Wide Sandal,CHERYL-PLAT.FL-6
3265,2544,,38.9300,0.0000,1.0000,1726,7890,,,Cheryl Ladies Ultra Wide Sandal,CHERYL-NAVY-6
3266,2545,,19.2400,0.0000,1.0000,1091,7892,,,Sophie Ladies Extra Wide Slipper,SOPHIE-BEI.COMB-7
3267,2546,,46.0100,0.0000,1.0000,1306,7894,,,Nathan Men's Ultra Wide Sandal,NATHAN-BROWN-6
3268,2546,,29.7600,0.0000,1.0000,1415,7896,,,Sven Men's Extra Wide Slipper,SVEN-BLACK-6
3269,2546,,21.6400,0.0000,1.0000,1015,7898,,,Sadie Ladies Extra Wide Slippers,SADIE-WINE.FERN-3
3270,2546,,47.1000,0.0000,1.0000,849,7900,,,Walford Ladies Extra Wide Stretch Shoe,WALFORD-BLACK-6
3271,2546,,48.7200,0.0000,1.0000,867,7902,,,Zurich Ladies Ultra Wide Shoe,ZURICH-BLACK-6
3272,2547,,19.2400,0.0000,1.0000,1091,7906,,,Sophie Ladies Extra Wide Slipper,SOPHIE-NAVY.SPOT-7
3273,2548,,47.4800,0.0000,1.0000,1809,7904,,,Todd Men's Extra Wide Shoe,TODD-BLACK-10.5
3274,2549,,19.2400,0.0000,1.0000,1091,7908,,,Sophie Ladies Extra Wide Slipper,SOPHIE-NAVY.SPARK-5
3275,2550,,26.1000,0.0000,1.0000,1487,7876,,,Walter Men's Extra Wide Open Flat Slipper,WALTER-BLACK-12
3276,2551,,19.2400,0.0000,1.0000,1424,7051,,,Steve Men's Extra Wide Slipper,STEVE-NAVY.CHEV-6
3277,2552,,20.4000,0.0000,1.0000,927,7910,,,Sue Ladies Extra Wide Lightweight Shoe,SUE-BEIGE.MET-6
3278,2553,,40.3500,0.0000,1.0000,733,7912,,,Wardale Ladies Extra Wide Shoe,WARDALE-BEIGE-4
3279,2554,,19.2400,0.0000,1.0000,1091,7914,,,Sophie Ladies Extra Wide Slipper,SOPHIE-NAVY.SPARK-6
3280,2555,,51.4300,0.0000,1.0000,1388,7916,,,Terry Men's Extra Wide Shoe,TERRY-BLACK-10
3281,2555,,51.4300,0.0000,1.0000,1388,7918,,,Terry Men's Extra Wide Shoe,TERRY-BLACK-7
3282,2555,,52.5100,0.0000,1.0000,2747,7920,,,Troy Men's Twin Strap Extra Wide Shoe,TROY-BLACK-7
3283,2555,,52.5100,0.0000,1.0000,2747,7922,,,Troy Men's Twin Strap Extra Wide Shoe,TROY-BLACK-10
3284,2556,,19.9300,0.0000,1.0000,1023,7932,,,Selina Ladies Extra Wide Slipper,SELINA-NAVY.SPARK-5
3285,2557,,26.1000,0.0000,2.0000,1487,7934,,,Walter Men's Extra Wide Open Flat Slipper,WALTER-BLACK-11
3286,2558,,18.9800,0.0000,1.0000,973,7928,,,Tracy Ladies Extra Wide Canvas,TRACY-DENIM-5
3287,2559,,47.4800,0.0000,1.0000,1809,7930,,,Todd Men's Extra Wide Shoe,TODD-BLACK-6
3288,2560,,38.9300,0.0000,1.0000,1726,7924,,,Cheryl Ladies Ultra Wide Sandal,CHERYL-PLAT.FL-3
3289,2560,,40.3500,0.0000,1.0000,1768,7926,,,Carrie Ladies Ultra Wide Sandal,CARRIE-ROYAL.FL-6.5
3290,2561,,7.0100,0.0000,1.0000,2435,7942,,,FeatherTop Extra Wide Knee-High Socks,FEATHERTOP.KNEE.HIGH-GREY-L
3291,2562,,18.9800,0.0000,1.0000,942,7936,,,Dora Ladies Ultra Wide Canvas Sandal,DORA-BEIGE-7
3292,2563,,40.3500,0.0000,1.0000,806,7940,,,Welton Ladies Extra Wide Shoe,WELTON-RED-6
3293,2564,,19.2400,0.0000,1.0000,1091,7938,,,Sophie Ladies Extra Wide Slipper,SOPHIE-NAVY.SPARK-4
3294,2565,,8.1000,0.0000,3.0000,2394,7944,,,FeatherTop Extra Wide Cotton Socks,FEATHERTOP.COTTON-OATMEAL-L
3295,2565,,8.1000,0.0000,1.0000,2394,7946,,,FeatherTop Extra Wide Cotton Socks,FEATHERTOP.COTTON-GREY-L
3296,2566,,23.2500,0.0000,1.0000,958,7948,,,Mary Ladies Extra Wide Lightweight Shoe,MARY-NAVY-6
3297,2567,,7.0100,0.0000,1.0000,2435,7959,,,FeatherTop Extra Wide Knee-High Socks,FEATHERTOP.KNEE.HIGH-GREY-L
3298,2567,,7.0100,0.0000,2.0000,2435,7961,,,FeatherTop Extra Wide Knee-High Socks,FEATHERTOP.KNEE.HIGH-GREY-M
3299,2567,,7.0100,0.0000,1.0000,2435,7963,,,FeatherTop Extra Wide Knee-High Socks,FEATHERTOP.KNEE.HIGH-GREY-S
3300,2567,,8.1000,0.0000,1.0000,2394,7965,,,FeatherTop Extra Wide Cotton Socks,FEATHERTOP.COTTON-ROSE.LILAC-M
3301,2567,,8.1000,0.0000,1.0000,2394,7967,,,FeatherTop Extra Wide Cotton Socks,FEATHERTOP.COTTON-ROSE.LILAC-S
3302,2567,,7.0100,0.0000,2.0000,2435,7969,,,FeatherTop Extra Wide Knee-High Socks,FEATHERTOP.KNEE.HIGH-NAVY-L
3303,2568,,21.6400,0.0000,2.0000,1015,7950,,,Sadie Ladies Extra Wide Slippers,SADIE-NAVY.FERN-6
3304,2568,,50.3500,0.0000,1.0000,663,7952,,,Fargo Ladies Extra Wide Shoe,FARGO-BLK.PRINT-6
3305,2569,,19.9300,0.0000,1.0000,1174,7971,,,Val Ladies Extra Wide Bootie Slipper,VAL-BLACK-5
3306,2570,,19.9300,0.0000,1.0000,1174,7973,,,Val Ladies Extra Wide Bootie Slipper,VAL-NAVY-7
3307,2571,,18.9800,0.0000,1.0000,942,7975,,,Dora Ladies Ultra Wide Canvas Sandal,DORA-DENIM-6
3308,2572,,19.9300,0.0000,1.0000,1174,7977,,,Val Ladies Extra Wide Bootie Slipper,VAL-NAVY-6
3309,2573,,47.4800,0.0000,1.0000,883,7979,,,Bali Ladies Extra Wide Boot,BALI-BLK.PAT.PR-7
3310,2573,,40.3500,0.0000,1.0000,1768,7981,,,Carrie Ladies Ultra Wide Sandal,CARRIE-ROYAL.FL-7
3311,2574,,18.9800,0.0000,1.0000,942,7983,,,Dora Ladies Ultra Wide Canvas Sandal,DORA-DENIM-6
3312,2575,,18.9800,0.0000,1.0000,942,7985,,,Dora Ladies Ultra Wide Canvas Sandal,DORA-DENIM-9
3313,2576,,19.2400,0.0000,1.0000,1091,7987,,,Sophie Ladies Extra Wide Slipper,SOPHIE-NAVY.SPARK-7
3314,2577,,19.2400,0.0000,1.0000,1424,7989,,,Steve Men's Extra Wide Slipper,STEVE-BR.CHEV-8
3315,2578,,18.9800,0.0000,1.0000,942,7991,,,Dora Ladies Ultra Wide Canvas Sandal,DORA-DENIM-7
3316,2579,,29.7600,0.0000,1.0000,1487,7993,,,Walter Men's Extra Wide Open Flat Slipper,WALTER-BLACK-10
3317,2579,,50.3500,0.0000,1.0000,1378,7995,,,Travis Men's Extra Wide Stretch Shoe,TRAVIS-BLACK-10
3318,2579,,50.3500,0.0000,1.0000,1378,7997,,,Travis Men's Extra Wide Stretch Shoe,TRAVIS-BLACK-11
3319,2579,,47.1000,0.0000,1.0000,849,7999,,,Walford Ladies Extra Wide Stretch Shoe,WALFORD-BLACK-7
3320,2579,,47.1000,0.0000,1.0000,849,8001,,,Walford Ladies Extra Wide Stretch Shoe,WALFORD-BLACK-6
3321,2579,,52.5100,0.0000,1.0000,2747,8003,,,Troy Men's Twin Strap Extra Wide Shoe,TROY-BLACK-9
3322,2579,,37.4600,0.0000,1.0000,1543,8005,,,Ferton Ladies Extra Wide Shoe,FERTON-BLK.REPTI-4
3323,2580,,19.2400,0.0000,1.0000,1091,8009,,,Sophie Ladies Extra Wide Slipper,SOPHIE-NAVY.SPARK-4
3324,2581,,41.3000,0.0000,2.0000,849,8007,,,Walford Ladies Extra Wide Stretch Shoe,WALFORD-BLACK-7
3325,2582,,41.3000,0.0000,1.0000,834,8021,,,Walmer Ladies Extra Wide Stretch Shoe,WALMER-BLACK-5
3326,2583,,18.9800,0.0000,1.0000,942,8019,,,Dora Ladies Ultra Wide Canvas Sandal,DORA-DENIM-3
3327,2584,,19.9300,0.0000,1.0000,1174,8015,,,Val Ladies Extra Wide Bootie Slipper,VAL-WINE.FERN-6
3328,2584,,18.9800,0.0000,1.0000,1015,8017,,,Sadie Ladies Extra Wide Slippers,SADIE-NAVY.FERN-6
3329,2585,,26.1000,0.0000,1.0000,1487,8013,,,Walter Men's Extra Wide Open Flat Slipper,WALTER-BLACK-12
3330,2586,,20.4000,0.0000,1.0000,1629,8011,,,Vera Ladies Extra Wide Bootie Slipper,VERA-CHAR.POLKA-8
3331,2587,,18.9800,0.0000,1.0000,2012,8031,,,Doreen Ladies Ultra Wide Slipper,DOREEN-WINE-7
3332,2587,,26.1000,0.0000,1.0000,1137,8033,,,Wendy Ladies Extra Wide Open-Flat Slipper,WENDY-BLK.SWIRL-7
3333,2588,,19.2400,0.0000,1.0000,1091,8029,,,Sophie Ladies Extra Wide Slipper,SOPHIE-GREY.HEART-3
3334,2589,,19.2400,0.0000,1.0000,1091,8037,,,Sophie Ladies Extra Wide Slipper,SOPHIE-BEI.COMB-6
3335,2590,,19.2400,0.0000,1.0000,1091,8035,,,Sophie Ladies Extra Wide Slipper,SOPHIE-GREY.HEART-7
3336,2591,,19.9300,0.0000,1.0000,1023,8027,,,Selina Ladies Extra Wide Slipper,SELINA-NAVY.SPARK-8
3337,2592,,19.2400,0.0000,1.0000,1091,8025,,,Sophie Ladies Extra Wide Slipper,SOPHIE-NAVY-6
3338,2593,,19.2400,0.0000,1.0000,1091,8023,,,Sophie Ladies Extra Wide Slipper,SOPHIE-NAVY.SPARK-5
3339,2594,,26.1000,0.0000,1.0000,1137,8039,,,Wendy Ladies Extra Wide Open-Flat Slipper,WENDY-WINE.SWIRL-4
3340,2595,,19.2400,0.0000,1.0000,1091,8047,,,Sophie Ladies Extra Wide Slipper,SOPHIE-GREY.HEART-8
3341,2596,,19.2400,0.0000,1.0000,1091,8049,,,Sophie Ladies Extra Wide Slipper,SOPHIE-WINE.SWIRL-4
3342,2597,,38.9300,0.0000,1.0000,1726,8051,,,Cheryl Ladies Ultra Wide Sandal,CHERYL-PLAT.FL-5
3343,2598,,19.2400,0.0000,1.0000,1091,8043,,,Sophie Ladies Extra Wide Slipper,SOPHIE-WINE.SWIRL-5
3344,2599,,18.9800,0.0000,1.0000,942,8041,,,Dora Ladies Ultra Wide Canvas Sandal,DORA-DENIM-8
3345,2600,,38.9300,0.0000,1.0000,1726,8045,,,Cheryl Ladies Ultra Wide Sandal,CHERYL-PLAT.FL-8
3346,2601,,26.5100,0.0000,1.0000,958,8053,,,Mary Ladies Extra Wide Lightweight Shoe,MARY-NAVY-4
3347,2602,,20.4000,0.0000,1.0000,927,8055,,,Sue Ladies Extra Wide Lightweight Shoe,SUE-BEIGE.MET-8
3348,2603,,26.1000,0.0000,1.0000,1137,8057,,,Wendy Ladies Extra Wide Open-Flat Slipper,WENDY-WINE.SWIRL-7
3349,2604,,19.2400,0.0000,1.0000,1091,8059,,,Sophie Ladies Extra Wide Slipper,SOPHIE-NAVY-8
3350,2605,,18.9800,0.0000,1.0000,942,8061,,,Dora Ladies Ultra Wide Canvas Sandal,DORA-DENIM-7
3351,2606,,26.1000,0.0000,1.0000,1137,8063,,,Wendy Ladies Extra Wide Open-Flat Slipper,WENDY-BLK.SWIRL-6
3352,2607,,7.1500,0.0000,1.0000,2727,8069,,,FeatherTop Extra Wide Gripped Socks,FEATHERTOP.GRIPPED-NAVY-L
3353,2608,,19.2400,0.0000,1.0000,1091,8071,,,Sophie Ladies Extra Wide Slipper,SOPHIE-NAVY.SPOT-8
3354,2609,,18.9800,0.0000,1.0000,973,8067,,,Tracy Ladies Extra Wide Canvas,TRACY-DENIM-5
3355,2610,,18.9800,0.0000,1.0000,973,8065,,,Tracy Ladies Extra Wide Canvas,TRACY-BEIGE-5
3356,2611,,8.1000,0.0000,1.0000,2394,8073,,,FeatherTop Extra Wide Cotton Socks,FEATHERTOP.COTTON-BLACK-M
3357,2611,,8.1000,0.0000,1.0000,2394,8075,,,FeatherTop Extra Wide Cotton Socks,FEATHERTOP.COTTON-GREY-M
3358,2611,,8.1000,0.0000,1.0000,2394,8077,,,FeatherTop Extra Wide Cotton Socks,FEATHERTOP.COTTON-NAVY-M
3359,2611,,50.3500,0.0000,1.0000,663,8079,,,Fargo Ladies Extra Wide Shoe,FARGO-BLK.PRINT-8
3360,2612,,8.1000,0.0000,1.0000,2394,8103,,,FeatherTop Extra Wide Cotton Socks,FEATHERTOP.COTTON-ROSE.LILAC-M
3361,2612,,8.1000,0.0000,1.0000,2394,8105,,,FeatherTop Extra Wide Cotton Socks,FEATHERTOP.COTTON-NAVY-M
3362,2613,,40.3500,0.0000,1.0000,481,8085,,,Cara Ladies Ultra Wide Sandal,CARA-IVORY-8
3363,2614,,18.9800,0.0000,1.0000,942,8093,,,Dora Ladies Ultra Wide Canvas Sandal,DORA-DENIM-8
3364,2615,,18.9800,0.0000,1.0000,2012,8095,,,Doreen Ladies Ultra Wide Slipper,DOREEN-WINE-7
3365,2616,,26.1000,0.0000,1.0000,1487,8097,,,Walter Men's Extra Wide Open Flat Slipper,WALTER-BLACK-7
3366,2617,,19.2400,0.0000,1.0000,1424,8099,,,Steve Men's Extra Wide Slipper,STEVE-NAVY.CHEV-10
3367,2618,,18.9800,0.0000,1.0000,942,8089,,,Dora Ladies Ultra Wide Canvas Sandal,DORA-DENIM-7
3368,2619,,19.2400,0.0000,1.0000,1091,8101,,,Sophie Ladies Extra Wide Slipper,SOPHIE-NAVY.SPOT-5
3369,2620,,19.2400,0.0000,1.0000,1091,8087,,,Sophie Ladies Extra Wide Slipper,SOPHIE-NAVY.SPOT-6
3370,2621,,23.2500,0.0000,1.0000,958,8091,,,Mary Ladies Extra Wide Lightweight Shoe,MARY-NAVY-6
3371,2622,,26.1000,0.0000,1.0000,1137,8083,,,Wendy Ladies Extra Wide Open-Flat Slipper,WENDY-WINE.SWIRL-7
3372,2623,,19.2400,0.0000,1.0000,1091,8081,,,Sophie Ladies Extra Wide Slipper,SOPHIE-GREY.HEART-6
3373,2624,,19.2400,0.0000,1.0000,1091,8107,,,Sophie Ladies Extra Wide Slipper,SOPHIE-NAVY.SPOT-9
3374,2624,,19.2400,0.0000,1.0000,1091,8109,,,Sophie Ladies Extra Wide Slipper,SOPHIE-GREY.HEART-9
3375,2625,,18.9800,0.0000,1.0000,1015,8111,,,Sadie Ladies Extra Wide Slippers,SADIE-WINE.FERN-5
3376,2626,,18.9800,0.0000,1.0000,1015,8113,,,Sadie Ladies Extra Wide Slippers,SADIE-GREY.FERN-5
3377,2627,,40.3500,0.0000,1.0000,1600,8115,,,Coral Ladies Ultra Wide Sandal,CORAL-IVORY-3
3378,2628,,20.4000,0.0000,1.0000,1629,8117,,,Vera Ladies Extra Wide Bootie Slipper,VERA-CHAR.POLKA-9
3379,2629,,18.9800,0.0000,1.0000,942,8121,,,Dora Ladies Ultra Wide Canvas Sandal,DORA-BEIGE-4
3380,2630,,20.4000,0.0000,1.0000,927,8119,,,Sue Ladies Extra Wide Lightweight Shoe,SUE-BEIGE.MET-4
3381,2631,,19.2400,0.0000,1.0000,1091,8129,,,Sophie Ladies Extra Wide Slipper,SOPHIE-NAVY-3
3382,2632,,19.2400,0.0000,1.0000,1091,8125,,,Sophie Ladies Extra Wide Slipper,SOPHIE-GREY.HEART-8
3383,2633,,19.2400,0.0000,1.0000,1091,8123,,,Sophie Ladies Extra Wide Slipper,SOPHIE-NAVY.SPOT-8
3384,2634,,19.2400,0.0000,1.0000,1091,8127,,,Sophie Ladies Extra Wide Slipper,SOPHIE-NAVY.SPOT-6
3385,2635,,47.1000,0.0000,1.0000,834,8131,,,Walmer Ladies Extra Wide Stretch Shoe,WALMER-BLACK-6
3386,2635,,48.7200,0.0000,1.0000,348,8133,,,Falmer Ladies Extra Wide Shoe,FALMER-NAVY.PRI-7
3387,2635,,48.7200,0.0000,1.0000,348,8135,,,Falmer Ladies Extra Wide Shoe,FALMER-BLK.PRINT-6
3388,2635,,48.7200,0.0000,1.0000,2129,8137,,,Fenwick Ladies Extra Wide Shoe,FENWICK-BLK.PAT-6
3389,2635,,48.7200,0.0000,1.0000,2129,8139,,,Fenwick Ladies Extra Wide Shoe,FENWICK-NAVY-7
3390,2635,,51.4300,0.0000,1.0000,1388,8141,,,Terry Men's Extra Wide Shoe,TERRY-BLACK-9
3391,2635,,50.3500,0.0000,1.0000,1378,8143,,,Travis Men's Extra Wide Stretch Shoe,TRAVIS-BLACK-9
3392,2636,,19.2400,0.0000,1.0000,1091,8145,,,Sophie Ladies Extra Wide Slipper,SOPHIE-NAVY.SPOT-9
3393,2636,,26.1000,0.0000,1.0000,2756,8147,,,Sam Unisex Extra Wide Stretch Slipper,SAM-BLACK-9
3394,2637,,19.9300,0.0000,1.0000,1174,8149,,,Val Ladies Extra Wide Bootie Slipper,VAL-NAVY-8
3395,2638,,46.0100,0.0000,1.0000,806,8151,,,Welton Ladies Extra Wide Shoe,WELTON-BLACK-3
3396,2638,,48.7200,0.0000,1.0000,348,8153,,,Falmer Ladies Extra Wide Shoe,FALMER-BLK.PRINT-3
3397,2638,,7.1500,0.0000,1.0000,2727,8155,,,FeatherTop Extra Wide Gripped Socks,FEATHERTOP.GRIPPED-NAVY-M
3398,2638,,7.1500,0.0000,1.0000,2727,8157,,,FeatherTop Extra Wide Gripped Socks,FEATHERTOP.GRIPPED-NAVY-L
3399,2638,,50.3500,0.0000,1.0000,1378,8159,,,Travis Men's Extra Wide Stretch Shoe,TRAVIS-BLACK-10
3400,2639,,19.2400,0.0000,1.0000,1091,8171,,,Sophie Ladies Extra Wide Slipper,SOPHIE-NAVY.SPOT-5
3401,2639,,19.2400,0.0000,1.0000,1091,8173,,,Sophie Ladies Extra Wide Slipper,SOPHIE-NAVY.SPOT-6
3402,2639,,18.9800,0.0000,1.0000,942,8175,,,Dora Ladies Ultra Wide Canvas Sandal,DORA-DENIM-5
3403,2639,,18.9800,0.0000,1.0000,942,8177,,,Dora Ladies Ultra Wide Canvas Sandal,DORA-DENIM-6
3404,2640,,18.9800,0.0000,1.0000,1015,8185,,,Sadie Ladies Extra Wide Slippers,SADIE-WINE.FERN-9
3405,2640,,19.2400,0.0000,1.0000,1091,8187,,,Sophie Ladies Extra Wide Slipper,SOPHIE-GREY.HEART-9
3406,2641,,7.1500,0.0000,4.0000,2727,8183,,,FeatherTop Extra Wide Gripped Socks,FEATHERTOP.GRIPPED-NAVY-L
3407,2642,,26.1000,0.0000,1.0000,1137,8169,,,Wendy Ladies Extra Wide Open-Flat Slipper,WENDY-WINE.SWIRL-6
3408,2643,,19.9300,0.0000,1.0000,1174,8179,,,Val Ladies Extra Wide Bootie Slipper,VAL-NAVY-6
3409,2644,,19.9300,0.0000,1.0000,1023,8181,,,Selina Ladies Extra Wide Slipper,SELINA-BLK.SPARK-5
3410,2645,,18.9800,0.0000,1.0000,2012,8167,,,Doreen Ladies Ultra Wide Slipper,DOREEN-WINE-7
3411,2646,,26.1000,0.0000,1.0000,1137,8165,,,Wendy Ladies Extra Wide Open-Flat Slipper,WENDY-BLK.SWIRL-4
3412,2647,,19.2400,0.0000,1.0000,1091,8163,,,Sophie Ladies Extra Wide Slipper,SOPHIE-GREY.HEART-6
3413,2648,,19.2400,0.0000,1.0000,1091,8161,,,Sophie Ladies Extra Wide Slipper,SOPHIE-NAVY.SPARK-5
3414,2649,,18.9800,0.0000,1.0000,942,8189,,,Dora Ladies Ultra Wide Canvas Sandal,DORA-DENIM-7
3415,2650,,26.5100,0.0000,1.0000,958,8193,,,Mary Ladies Extra Wide Lightweight Shoe,MARY-NAVY-4
3416,2650,,26.5100,0.0000,1.0000,958,8195,,,Mary Ladies Extra Wide Lightweight Shoe,MARY-NAVY-5
3417,2651,,44.3900,0.0000,1.0000,1726,8197,,,Cheryl Ladies Ultra Wide Sandal,CHERYL-BLK.PAT-8
3418,2652,,20.4000,0.0000,1.0000,927,8205,,,Sue Ladies Extra Wide Lightweight Shoe,SUE-BLK.MET-9
3419,2653,,20.4000,0.0000,1.0000,927,8199,,,Sue Ladies Extra Wide Lightweight Shoe,SUE-BLK.MET-7
3420,2654,,19.2400,0.0000,1.0000,1091,8201,,,Sophie Ladies Extra Wide Slipper,SOPHIE-NAVY-7
3421,2655,,19.2400,0.0000,1.0000,1091,8203,,,Sophie Ladies Extra Wide Slipper,SOPHIE-NAVY-5
3422,2656,,26.1000,0.0000,1.0000,1137,8213,,,Wendy Ladies Extra Wide Open-Flat Slipper,WENDY-NAVY.COMB-7
3423,2657,,20.4000,0.0000,1.0000,927,8209,,,Sue Ladies Extra Wide Lightweight Shoe,SUE-BLK.MET-5
3424,2658,,19.2400,0.0000,1.0000,1424,8215,,,Steve Men's Extra Wide Slipper,STEVE-BR.CHEV-8
3425,2659,,26.1000,0.0000,1.0000,2756,8207,,,Sam Unisex Extra Wide Stretch Slipper,SAM-BLACK-8
3426,2660,,19.2400,0.0000,1.0000,1091,8211,,,Sophie Ladies Extra Wide Slipper,SOPHIE-GREY.HEART-6
3427,2661,,19.2400,0.0000,1.0000,1091,8217,,,Sophie Ladies Extra Wide Slipper,SOPHIE-NAVY.SPARK-7
3428,2662,,40.3500,0.0000,1.0000,1600,8219,,,Coral Ladies Ultra Wide Sandal,CORAL-IVORY-8
3429,2663,,20.4000,0.0000,1.0000,1437,8225,,,Gary Men's Extra Wide Bootie Slipper,GARY-NAVY.CHEV-12
3430,2664,,19.2400,0.0000,1.0000,1091,8227,,,Sophie Ladies Extra Wide Slipper,SOPHIE-NAVY.SPARK-4
3431,2664,,19.9300,0.0000,1.0000,1174,8229,,,Val Ladies Extra Wide Bootie Slipper,VAL-NAVY-4
3432,2665,,20.4000,0.0000,1.0000,1629,8221,,,Vera Ladies Extra Wide Bootie Slipper,VERA-CHAR.POLKA-7
3433,2666,,20.4000,0.0000,1.0000,1437,8223,,,Gary Men's Extra Wide Bootie Slipper,GARY-NAVY.CHEV-10
3434,2667,,19.9300,0.0000,1.0000,1023,8233,,,Selina Ladies Extra Wide Slipper,SELINA-NAVY.SPARK-5
3435,2668,,41.3000,0.0000,1.0000,834,8235,,,Walmer Ladies Extra Wide Stretch Shoe,WALMER-BLACK-7
3436,2669,,23.2500,0.0000,1.0000,958,8231,,,Mary Ladies Extra Wide Lightweight Shoe,MARY-NAVY-8
3437,2670,,19.2400,0.0000,1.0000,1091,8237,,,Sophie Ladies Extra Wide Slipper,SOPHIE-GREY.HEART-3
3438,2671,,18.9800,0.0000,1.0000,1015,8245,,,Sadie Ladies Extra Wide Slippers,SADIE-GREY.FERN-6
3439,2672,,19.2400,0.0000,1.0000,1091,8247,,,Sophie Ladies Extra Wide Slipper,SOPHIE-WINE.SWIRL-8
3440,2673,,19.2400,0.0000,1.0000,1091,8249,,,Sophie Ladies Extra Wide Slipper,SOPHIE-GREY.HEART-5
3441,2674,,20.4000,0.0000,1.0000,1437,8251,,,Gary Men's Extra Wide Bootie Slipper,GARY-NAVY.CHEV-8
3442,2675,,21.6400,0.0000,1.0000,973,8253,,,Tracy Ladies Extra Wide Canvas,TRACY-DENIM-8
3443,2676,,8.1000,0.0000,1.0000,2394,8255,,,FeatherTop Extra Wide Cotton Socks,FEATHERTOP.COTTON-BLACK-S
3444,2676,,8.1000,0.0000,1.0000,2394,8257,,,FeatherTop Extra Wide Cotton Socks,FEATHERTOP.COTTON-ROSE.LILAC-S
3445,2676,,8.1000,0.0000,1.0000,2394,8259,,,FeatherTop Extra Wide Cotton Socks,FEATHERTOP.COTTON-NAVY-S
3446,2676,,8.1000,0.0000,1.0000,2394,8261,,,FeatherTop Extra Wide Cotton Socks,FEATHERTOP.COTTON-OATMEAL-S
3447,2677,,50.3500,0.0000,1.0000,1521,8263,,,Farden Ladies Extra Wide Shoe,FARDEN-BLACK-6
3448,2678,,38.9300,0.0000,1.0000,1726,8269,,,Cheryl Ladies Ultra Wide Sandal,CHERYL-BLK.PAT-9
3449,2678,,18.9800,0.0000,1.0000,942,8271,,,Dora Ladies Ultra Wide Canvas Sandal,DORA-DENIM-9
3450,2679,,38.9300,0.0000,1.0000,1726,8265,,,Cheryl Ladies Ultra Wide Sandal,CHERYL-NAVY-6
3451,2679,,38.9300,0.0000,1.0000,1726,8267,,,Cheryl Ladies Ultra Wide Sandal,CHERYL-NAVY-7
3452,2680,,19.2400,0.0000,1.0000,1091,8273,,,Sophie Ladies Extra Wide Slipper,SOPHIE-NAVY.SPARK-7
3453,2681,,19.9300,0.0000,1.0000,1174,8275,,,Val Ladies Extra Wide Bootie Slipper,VAL-BLACK-6
3454,2682,,47.4800,0.0000,1.0000,1809,8281,,,Todd Men's Extra Wide Shoe,TODD-BROWN-12
3455,2683,,42.7300,0.0000,1.0000,2129,8283,,,Fenwick Ladies Extra Wide Shoe,FENWICK-CHER.PRI-6.5
3456,2684,,26.1000,0.0000,1.0000,1137,8295,,,Wendy Ladies Extra Wide Open-Flat Slipper,WENDY-BLK.SWIRL-6
3457,2685,,26.1000,0.0000,1.0000,1463,8293,,,Sampson Men's Extra Wide Bellows Slipper,SAMPSON-BLACK-12
3458,2686,,38.9300,0.0000,1.0000,1726,8291,,,Cheryl Ladies Ultra Wide Sandal,CHERYL-PLAT.FL-6
3459,2687,,19.2400,0.0000,1.0000,1091,8289,,,Sophie Ladies Extra Wide Slipper,SOPHIE-GREY.HEART-5
3460,2688,,19.2400,0.0000,1.0000,1424,8301,,,Steve Men's Extra Wide Slipper,STEVE-NAVY.CHEV-8
3461,2689,,20.4000,0.0000,1.0000,1629,8297,,,Vera Ladies Extra Wide Bootie Slipper,VERA-CHAR.POLKA-6
3462,2689,,20.4000,0.0000,1.0000,1629,8299,,,Vera Ladies Extra Wide Bootie Slipper,VERA-CHAR.POLKA-7
3463,2690,,54.1400,0.0000,1.0000,1332,8303,,,Tully Men's Extra Wide Shoe,TULLY-BROWN-9
3464,2691,,48.7200,0.0000,1.0000,348,8305,,,Falmer Ladies Extra Wide Shoe,FALMER-RED.FL-8
3465,2692,,19.2400,0.0000,1.0000,1091,8309,,,Sophie Ladies Extra Wide Slipper,SOPHIE-NAVY-7
3466,2693,,26.5100,0.0000,1.0000,958,8307,,,Mary Ladies Extra Wide Lightweight Shoe,MARY-NAVY-7
3467,2694,,19.2400,0.0000,1.0000,1091,8319,,,Sophie Ladies Extra Wide Slipper,SOPHIE-GREY.HEART-5
3468,2695,,19.2400,0.0000,1.0000,1091,8315,,,Sophie Ladies Extra Wide Slipper,SOPHIE-NAVY.SPARK-4
3469,2696,,18.9800,0.0000,1.0000,942,8311,,,Dora Ladies Ultra Wide Canvas Sandal,DORA-BEIGE-5
3470,2697,,18.9800,0.0000,1.0000,942,8313,,,Dora Ladies Ultra Wide Canvas Sandal,DORA-DENIM-8
3471,2698,,38.9300,0.0000,1.0000,1726,8317,,,Cheryl Ladies Ultra Wide Sandal,CHERYL-PLAT.FL-6
3472,2699,,19.2400,0.0000,1.0000,1424,8323,,,Steve Men's Extra Wide Slipper,STEVE-NAVY.CHEV-9
3473,2700,,40.3500,0.0000,1.0000,733,8321,,,Wardale Ladies Extra Wide Shoe,WARDALE-BEIGE-4
3474,2701,,47.4800,0.0000,1.0000,1809,8325,,,Todd Men's Extra Wide Shoe,TODD-BROWN-7
3475,2702,,19.2400,0.0000,1.0000,1091,8327,,,Sophie Ladies Extra Wide Slipper,SOPHIE-NAVY-7
3476,2703,,20.4000,0.0000,1.0000,1629,8329,,,Vera Ladies Extra Wide Bootie Slipper,VERA-CHAR.POLKA-8
3477,2704,,48.7200,0.0000,1.0000,348,8331,,,Falmer Ladies Extra Wide Shoe,FALMER-NAVY.PRI-6.5
3478,2705,,18.9800,0.0000,1.0000,942,8341,,,Dora Ladies Ultra Wide Canvas Sandal,DORA-DENIM-5
3479,2706,,18.9800,0.0000,1.0000,1015,8337,,,Sadie Ladies Extra Wide Slippers,SADIE-GREY.FERN-7
3480,2707,,44.1500,0.0000,1.0000,1521,8333,,,Farden Ladies Extra Wide Shoe,FARDEN-BLACK-4
3481,2708,,42.7300,0.0000,1.0000,694,8339,,,Forton Ladies Extra Wide Shoe,FORTON-NAVY.PRI-7
3482,2709,,19.2400,0.0000,1.0000,1091,8335,,,Sophie Ladies Extra Wide Slipper,SOPHIE-BEI.COMB-5
3483,2710,,19.2400,0.0000,1.0000,1091,8345,,,Sophie Ladies Extra Wide Slipper,SOPHIE-GREY.HEART-6
3484,2711,,19.2400,0.0000,1.0000,1091,8347,,,Sophie Ladies Extra Wide Slipper,SOPHIE-GREY.HEART-7
3485,2712,,19.2400,0.0000,1.0000,1091,8343,,,Sophie Ladies Extra Wide Slipper,SOPHIE-GREY.HEART-8
3486,2713,,51.4300,0.0000,1.0000,1361,8349,,,Tony Men's Extra Wide Shoe,TONY-BROWN-11
3487,2714,,19.2400,0.0000,1.0000,1091,8379,,,Sophie Ladies Extra Wide Slipper,SOPHIE-NAVY-7
3488,2715,,26.1000,0.0000,1.0000,1137,8363,,,Wendy Ladies Extra Wide Open-Flat Slipper,WENDY-WINE.SWIRL-6
3489,2716,,18.9800,0.0000,1.0000,942,8353,,,Dora Ladies Ultra Wide Canvas Sandal,DORA-BEIGE-5
3490,2717,,18.9800,0.0000,1.0000,942,8351,,,Dora Ladies Ultra Wide Canvas Sandal,DORA-DENIM-8
3491,2718,,18.9800,0.0000,1.0000,942,8355,,,Dora Ladies Ultra Wide Canvas Sandal,DORA-DENIM-7
3492,2719,,42.7300,0.0000,1.0000,265,8365,,,Filton Ladies Extra Wide Shoe,FILTON-BLK.FLORAL-6.5
3493,2719,,40.3500,0.0000,1.0000,2704,8367,,,Chloe Ladies Ultra Wide Sandal,CHLOE-SANDY-6
3494,2719,,40.3500,0.0000,1.0000,733,8369,,,Wardale Ladies Extra Wide Shoe,WARDALE-BLACK-6.5
3495,2720,,47.4800,0.0000,1.0000,1332,8377,,,Tully Men's Extra Wide Shoe,TULLY-BROWN-9
3496,2721,,19.2400,0.0000,1.0000,1091,8357,,,Sophie Ladies Extra Wide Slipper,SOPHIE-GREY.HEART-7
3497,2722,,19.2400,0.0000,1.0000,1091,8359,,,Sophie Ladies Extra Wide Slipper,SOPHIE-NAVY.SPARK-3
3498,2723,,19.2400,0.0000,1.0000,1091,8375,,,Sophie Ladies Extra Wide Slipper,SOPHIE-NAVY.SPOT-6
3499,2724,,26.1000,0.0000,1.0000,1487,8371,,,Walter Men's Extra Wide Open Flat Slipper,WALTER-BLACK-12
3500,2724,,26.1000,0.0000,1.0000,1415,8373,,,Sven Men's Extra Wide Slipper,SVEN-BLACK-12
3501,2725,,20.4000,0.0000,1.0000,1629,8361,,,Vera Ladies Extra Wide Bootie Slipper,VERA-CHAR.POLKA-7
3502,2726,,8.1000,0.0000,2.0000,2394,8381,,,FeatherTop Extra Wide Cotton Socks,FEATHERTOP.COTTON-ROSE.LILAC-M
3503,2726,,5.9300,0.0000,1.0000,2422,8383,,,FeatherTop Extra Wide Cushioned Socks,FEATHERTOP.CUSHIONED-OATMEAL-L
3504,2726,,5.9300,0.0000,1.0000,2422,8385,,,FeatherTop Extra Wide Cushioned Socks,FEATHERTOP.CUSHIONED-OATMEAL-M
3505,2726,,7.0100,0.0000,1.0000,2435,8387,,,FeatherTop Extra Wide Knee-High Socks,FEATHERTOP.KNEE.HIGH-BLACK-M
3506,2726,,9.1800,0.0000,1.0000,2409,8389,,,FeatherTop Extra Wide Wool Socks,FEATHERTOP.WOOL-GREY-M
3507,2726,,9.1800,0.0000,1.0000,2409,8391,,,FeatherTop Extra Wide Wool Socks,FEATHERTOP.WOOL-BLACK-M
3508,2726,,8.1000,0.0000,1.0000,2394,8393,,,FeatherTop Extra Wide Cotton Socks,FEATHERTOP.COTTON-GREY-M
3509,2727,,19.9300,0.0000,1.0000,1023,8399,,,Selina Ladies Extra Wide Slipper,SELINA-NAVY.SPARK-6
3510,2728,,42.7300,0.0000,1.0000,348,8395,,,Falmer Ladies Extra Wide Shoe,FALMER-NAVY.PRI-7
3511,2729,,19.2400,0.0000,1.0000,1091,8403,,,Sophie Ladies Extra Wide Slipper,SOPHIE-NAVY-9
3512,2730,,19.2400,0.0000,1.0000,1091,8401,,,Sophie Ladies Extra Wide Slipper,SOPHIE-GREY.HEART-4
3513,2731,,19.9300,0.0000,1.0000,1174,8405,,,Val Ladies Extra Wide Bootie Slipper,VAL-NAVY.FERN-9
3514,2732,,26.1000,0.0000,1.0000,2756,8407,,,Sam Unisex Extra Wide Stretch Slipper,SAM-BLACK-8
3515,2733,,19.9300,0.0000,1.0000,1174,8409,,,Val Ladies Extra Wide Bootie Slipper,VAL-NAVY-6
3516,2734,,38.9300,0.0000,1.0000,1726,8413,,,Cheryl Ladies Ultra Wide Sandal,CHERYL-BLK.PAT-6.5
3517,2735,,19.2400,0.0000,1.0000,1091,8411,,,Sophie Ladies Extra Wide Slipper,SOPHIE-GREY.HEART-8
3518,2736,,19.9300,0.0000,1.0000,1023,8419,,,Selina Ladies Extra Wide Slipper,SELINA-NAVY.SPARK-7
3519,2737,,40.3500,0.0000,1.0000,1600,8415,,,Coral Ladies Ultra Wide Sandal,CORAL-IVORY-6
3520,2738,,19.2400,0.0000,1.0000,1424,8417,,,Steve Men's Extra Wide Slipper,STEVE-GREY.CHEV-11
3521,2739,,19.2400,0.0000,1.0000,1091,8421,,,Sophie Ladies Extra Wide Slipper,SOPHIE-WINE.SWIRL-5
3522,2740,,23.2500,0.0000,1.0000,958,8423,,,Mary Ladies Extra Wide Lightweight Shoe,MARY-NAVY-6
3523,2741,,19.9300,0.0000,1.0000,1174,8425,,,Val Ladies Extra Wide Bootie Slipper,VAL-WINE.FERN-6
3524,2741,,19.9300,0.0000,1.0000,1174,8427,,,Val Ladies Extra Wide Bootie Slipper,VAL-NAVY-6
3525,2741,,19.9300,0.0000,1.0000,1023,8429,,,Selina Ladies Extra Wide Slipper,SELINA-BLK.SPARK-6
3526,2742,,29.7600,0.0000,1.0000,1487,8431,,,Walter Men's Extra Wide Open Flat Slipper,WALTER-BLACK-13
3527,2743,,19.2400,0.0000,1.0000,1091,8433,,,Sophie Ladies Extra Wide Slipper,SOPHIE-GREY.HEART-5
3528,2744,,19.2400,0.0000,1.0000,1091,8435,,,Sophie Ladies Extra Wide Slipper,SOPHIE-NAVY.SPOT-5
3529,2745,,18.9800,0.0000,1.0000,942,8437,,,Dora Ladies Ultra Wide Canvas Sandal,DORA-DENIM-5
3530,2746,,19.2400,0.0000,1.0000,1091,8439,,,Sophie Ladies Extra Wide Slipper,SOPHIE-GREY.HEART-6
3531,2747,,26.1000,0.0000,1.0000,1137,8441,,,Wendy Ladies Extra Wide Open-Flat Slipper,WENDY-NAVY.COMB-5
3532,2748,,18.9800,0.0000,1.0000,942,8443,,,Dora Ladies Ultra Wide Canvas Sandal,DORA-DENIM-7
3533,2749,,18.9800,0.0000,1.0000,2012,8445,,,Doreen Ladies Ultra Wide Slipper,DOREEN-WINE-8
3534,2750,,26.1000,0.0000,1.0000,1137,8447,,,Wendy Ladies Extra Wide Open-Flat Slipper,WENDY-WINE.SWIRL-6
3535,2751,,23.2500,0.0000,1.0000,958,8457,,,Mary Ladies Extra Wide Lightweight Shoe,MARY-NAVY-6
3536,2752,,26.1000,0.0000,1.0000,1137,8459,,,Wendy Ladies Extra Wide Open-Flat Slipper,WENDY-BLK.SWIRL-5
3537,2753,,19.2400,0.0000,1.0000,1091,8461,,,Sophie Ladies Extra Wide Slipper,SOPHIE-NAVY.SPARK-7
3538,2754,,18.9800,0.0000,1.0000,942,8463,,,Dora Ladies Ultra Wide Canvas Sandal,DORA-BEIGE-4
3539,2755,,42.7300,0.0000,1.0000,480,8455,,,Foxton Ladies Extra Wide Shoe,FOXTON-PEWTER-7
3540,2756,,23.2500,0.0000,1.0000,958,8449,,,Mary Ladies Extra Wide Lightweight Shoe,MARY-NAVY-6
3541,2757,,18.9800,0.0000,1.0000,942,8451,,,Dora Ladies Ultra Wide Canvas Sandal,DORA-BEIGE-3
3542,2758,,18.9800,0.0000,1.0000,2012,8453,,,Doreen Ladies Ultra Wide Slipper,DOREEN-WINE-5
3543,2759,,19.2400,0.0000,1.0000,1091,8469,,,Sophie Ladies Extra Wide Slipper,SOPHIE-NAVY.SPARK-5
3544,2760,,19.2400,0.0000,1.0000,1091,8471,,,Sophie Ladies Extra Wide Slipper,SOPHIE-NAVY.SPARK-6
3545,2761,,19.9300,0.0000,1.0000,1174,8279,,,Val Ladies Extra Wide Bootie Slipper,VAL-NAVY-5
3546,2762,,54.1400,0.0000,1.0000,1332,8465,,,Tully Men's Extra Wide Shoe,TULLY-BROWN-9.5
3547,2762,,8.1000,0.0000,1.0000,2394,8467,,,FeatherTop Extra Wide Cotton Socks,FEATHERTOP.COTTON-OATMEAL-S
3548,2763,,8.1000,0.0000,1.0000,2394,8473,,,FeatherTop Extra Wide Cotton Socks,FEATHERTOP.COTTON-NAVY-L
3549,2763,,8.1000,0.0000,1.0000,2394,8475,,,FeatherTop Extra Wide Cotton Socks,FEATHERTOP.COTTON-GREY-L
3550,2763,,8.1000,0.0000,1.0000,2394,8477,,,FeatherTop Extra Wide Cotton Socks,FEATHERTOP.COTTON-BLACK-L
3551,2763,,8.1000,0.0000,1.0000,2394,8479,,,FeatherTop Extra Wide Cotton Socks,FEATHERTOP.COTTON-ROSE.LILAC-S
3552,2764,,18.9800,0.0000,1.0000,942,8483,,,Dora Ladies Ultra Wide Canvas Sandal,DORA-DENIM-8
3553,2765,,47.4800,0.0000,1.0000,1342,8481,,,Percy Men's Extra Wide Deck Shoe,PERCY-NAVY/BROWN-9
3554,2766,,19.2400,0.0000,1.0000,1091,8487,,,Sophie Ladies Extra Wide Slipper,SOPHIE-WINE.SWIRL-7
3555,2767,,19.2400,0.0000,1.0000,1091,8485,,,Sophie Ladies Extra Wide Slipper,SOPHIE-GREY.HEART-4
3556,2768,,44.3900,0.0000,1.0000,1726,8489,,,Cheryl Ladies Ultra Wide Sandal,CHERYL-BLK.PAT-6
3557,2769,,18.9800,0.0000,1.0000,942,8491,,,Dora Ladies Ultra Wide Canvas Sandal,DORA-DENIM-6
3558,2770,,19.2400,0.0000,1.0000,1091,8493,,,Sophie Ladies Extra Wide Slipper,SOPHIE-GREY.HEART-5
3559,2771,,19.2400,0.0000,1.0000,1091,8397,,,Sophie Ladies Extra Wide Slipper,SOPHIE-NAVY.SPARK-3
3560,2772,,19.2400,0.0000,1.0000,1091,8495,,,Sophie Ladies Extra Wide Slipper,SOPHIE-BEI.COMB-8
3561,2773,,42.7300,0.0000,1.0000,480,8497,,,Foxton Ladies Extra Wide Shoe,FOXTON-PEWTER-8
3562,2773,,42.7300,0.0000,1.0000,265,8499,,,Filton Ladies Extra Wide Shoe,FILTON-NAVY.PAT-7
3563,2774,,18.9800,0.0000,1.0000,942,8501,,,Dora Ladies Ultra Wide Canvas Sandal,DORA-DENIM-6
3564,2775,,19.2400,0.0000,1.0000,1091,8505,,,Sophie Ladies Extra Wide Slipper,SOPHIE-GREY.HEART-8
3565,2776,,18.9800,0.0000,1.0000,942,8503,,,Dora Ladies Ultra Wide Canvas Sandal,DORA-DENIM-7
3566,2777,,50.3500,0.0000,1.0000,663,8507,,,Fargo Ladies Extra Wide Shoe,FARGO-BLK.PRINT-7
3567,2778,,38.9300,0.0000,1.0000,1726,8509,,,Cheryl Ladies Ultra Wide Sandal,CHERYL-NAVY-7
3568,2779,,26.1000,0.0000,1.0000,1137,8511,,,Wendy Ladies Extra Wide Open-Flat Slipper,WENDY-WINE.SWIRL-7
3569,2780,,48.7200,0.0000,1.0000,348,8513,,,Falmer Ladies Extra Wide Shoe,FALMER-PLAT.FL-6
3570,2781,,18.9800,0.0000,1.0000,2012,8527,,,Doreen Ladies Ultra Wide Slipper,DOREEN-WINE-7
3571,2782,,18.9800,0.0000,1.0000,2012,8531,,,Doreen Ladies Ultra Wide Slipper,DOREEN-WINE-6
3572,2783,,18.9800,0.0000,1.0000,942,8529,,,Dora Ladies Ultra Wide Canvas Sandal,DORA-DENIM-5
3573,2784,,18.9800,0.0000,1.0000,942,8523,,,Dora Ladies Ultra Wide Canvas Sandal,DORA-DENIM-6
3574,2785,,18.9800,0.0000,1.0000,1015,8535,,,Sadie Ladies Extra Wide Slippers,SADIE-GREY.FERN-7
3575,2785,,18.9800,0.0000,1.0000,1015,8537,,,Sadie Ladies Extra Wide Slippers,SADIE-NAVY.FERN-7
3576,2786,,18.9800,0.0000,1.0000,1015,8539,,,Sadie Ladies Extra Wide Slippers,SADIE-WINE.FERN-6
3577,2787,,18.9800,0.0000,1.0000,1015,8543,,,Sadie Ladies Extra Wide Slippers,SADIE-NAVY.FERN-5
3578,2788,,20.4000,0.0000,1.0000,927,8521,,,Sue Ladies Extra Wide Lightweight Shoe,SUE-BEIGE.MET-6
3579,2789,,26.1000,0.0000,1.0000,1487,8533,,,Walter Men's Extra Wide Open Flat Slipper,WALTER-BLACK-11
3580,2790,,20.4000,0.0000,1.0000,1437,8525,,,Gary Men's Extra Wide Bootie Slipper,GARY-GREY.CHEV-10
3581,2791,,7.1500,0.0000,1.0000,2727,8519,,,FeatherTop Extra Wide Gripped Socks,FEATHERTOP.GRIPPED-NAVY-L
3582,2792,,19.2400,0.0000,1.0000,1091,8515,,,Sophie Ladies Extra Wide Slipper,SOPHIE-GREY.HEART-5
3583,2793,,19.2400,0.0000,1.0000,1091,8541,,,Sophie Ladies Extra Wide Slipper,SOPHIE-NAVY.SPOT-6
3584,2794,,19.2400,0.0000,1.0000,1091,8517,,,Sophie Ladies Extra Wide Slipper,SOPHIE-GREY.HEART-6
3585,2795,,19.2400,0.0000,1.0000,1091,8554,,,Sophie Ladies Extra Wide Slipper,SOPHIE-WINE.SWIRL-6
3586,2796,,18.9800,0.0000,1.0000,942,8556,,,Dora Ladies Ultra Wide Canvas Sandal,DORA-DENIM-6
3587,2797,,19.2400,0.0000,1.0000,1091,8545,,,Sophie Ladies Extra Wide Slipper,SOPHIE-GREY.HEART-6
3588,2798,,26.1000,0.0000,1.0000,1137,8547,,,Wendy Ladies Extra Wide Open-Flat Slipper,WENDY-NAVY.COMB-7
3589,2799,,18.9800,0.0000,1.0000,942,8549,,,Dora Ladies Ultra Wide Canvas Sandal,DORA-DENIM-4
3590,2800,,19.2400,0.0000,1.0000,1091,8551,,,Sophie Ladies Extra Wide Slipper,SOPHIE-NAVY.SPOT-8
3591,2801,,7.1500,0.0000,1.0000,2727,8558,,,FeatherTop Extra Wide Gripped Socks,FEATHERTOP.GRIPPED-NAVY-S
3592,2802,,18.9800,0.0000,1.0000,942,8560,,,Dora Ladies Ultra Wide Canvas Sandal,DORA-DENIM-5
3593,2803,,19.2400,0.0000,1.0000,1091,8562,,,Sophie Ladies Extra Wide Slipper,SOPHIE-NAVY.SPARK-5
3594,2804,,19.2400,0.0000,1.0000,1091,8564,,,Sophie Ladies Extra Wide Slipper,SOPHIE-NAVY.SPARK-4
3595,2805,,19.2400,0.0000,1.0000,1091,8566,,,Sophie Ladies Extra Wide Slipper,SOPHIE-NAVY-6
3596,2806,,18.9800,0.0000,1.0000,1015,8580,,,Sadie Ladies Extra Wide Slippers,SADIE-NAVY.FERN-6
3597,2807,,19.2400,0.0000,1.0000,1091,8582,,,Sophie Ladies Extra Wide Slipper,SOPHIE-GREY.HEART-6
3598,2808,,18.9800,0.0000,1.0000,942,8576,,,Dora Ladies Ultra Wide Canvas Sandal,DORA-DENIM-4
3599,2809,,26.1000,0.0000,1.0000,1137,8574,,,Wendy Ladies Extra Wide Open-Flat Slipper,WENDY-BLK.SWIRL-4
3600,2810,,19.2400,0.0000,1.0000,1091,8578,,,Sophie Ladies Extra Wide Slipper,SOPHIE-BEI.COMB-7
3601,2811,,42.7300,0.0000,1.0000,265,8584,,,Filton Ladies Extra Wide Shoe,FILTON-BLK.PAT-7
3602,2812,,40.3500,0.0000,1.0000,733,8586,,,Wardale Ladies Extra Wide Shoe,WARDALE-BLACK-6
3603,2813,,19.2400,0.0000,1.0000,1091,8588,,,Sophie Ladies Extra Wide Slipper,SOPHIE-NAVY-4
3604,2814,,20.4000,0.0000,1.0000,1629,8590,,,Vera Ladies Extra Wide Bootie Slipper,VERA-CHAR.POLKA-6
3605,2814,,19.9300,0.0000,1.0000,1023,8592,,,Selina Ladies Extra Wide Slipper,SELINA-BLK.SPARK-6
3606,2815,,26.1000,0.0000,1.0000,1137,8594,,,Wendy Ladies Extra Wide Open-Flat Slipper,WENDY-WINE.SWIRL-5
3607,2816,,18.9800,0.0000,1.0000,1015,8596,,,Sadie Ladies Extra Wide Slippers,SADIE-GREY.FERN-6
3608,2817,,41.3000,0.0000,1.0000,834,8598,,,Walmer Ladies Extra Wide Stretch Shoe,WALMER-BLACK-3
3609,2818,,18.9800,0.0000,1.0000,1015,8604,,,Sadie Ladies Extra Wide Slippers,SADIE-NAVY.FERN-6
3610,2819,,40.3500,0.0000,1.0000,481,8600,,,Cara Ladies Ultra Wide Sandal,CARA-GREY-5
3611,2819,,40.3500,0.0000,1.0000,806,8602,,,Welton Ladies Extra Wide Shoe,WELTON-BLACK-6
3612,2820,,19.2400,0.0000,1.0000,1091,8606,,,Sophie Ladies Extra Wide Slipper,SOPHIE-GREY.HEART-7
3613,2821,,54.1400,0.0000,1.0000,898,8615,,,Barla Ladies Extra Wide Boot,BARLA-BLACK-5
3614,2821,,54.1400,0.0000,1.0000,898,8617,,,Barla Ladies Extra Wide Boot,BARLA-BLACK-6
3615,2821,,54.1400,0.0000,1.0000,883,8619,,,Bali Ladies Extra Wide Boot,BALI-BROWN-6
3616,2822,,48.7200,0.0000,1.0000,2129,8610,,,Fenwick Ladies Extra Wide Shoe,FENWICK-BLACK-7
3617,2822,,4.8500,0.0000,1.0000,2379,8612,,,Suede & Nubuck Reviver,SC-REVIVER
3618,2822,,48.7200,0.0000,1.0000,2129,8613,,,Fenwick Ladies Extra Wide Shoe,FENWICK-GREY.PAT-5
3619,2823,,26.1000,0.0000,1.0000,1137,8608,,,Wendy Ladies Extra Wide Open-Flat Slipper,WENDY-BLK.SWIRL-3
3620,2824,,20.4000,0.0000,1.0000,1629,8631,,,Vera Ladies Extra Wide Bootie Slipper,VERA-CHAR.POLKA-6
3621,2825,,20.4000,0.0000,1.0000,1629,8633,,,Vera Ladies Extra Wide Bootie Slipper,VERA-CHAR.POLKA-7
3622,2826,,47.4800,0.0000,1.0000,883,8621,,,Bali Ladies Extra Wide Boot,BALI-BLK.PAT.PR-8
3623,2827,,19.2400,0.0000,1.0000,1091,8623,,,Sophie Ladies Extra Wide Slipper,SOPHIE-NAVY.SPOT-5
3624,2828,,19.2400,0.0000,1.0000,1091,8625,,,Sophie Ladies Extra Wide Slipper,SOPHIE-NAVY.SPOT-6
3625,2829,,19.9300,0.0000,1.0000,1174,8627,,,Val Ladies Extra Wide Bootie Slipper,VAL-NAVY-7
3626,2830,,18.9800,0.0000,1.0000,1015,8629,,,Sadie Ladies Extra Wide Slippers,SADIE-NAVY.FERN-6
3627,2831,,50.3500,0.0000,1.0000,1521,8635,,,Farden Ladies Extra Wide Shoe,FARDEN-BLACK-6
3628,2832,,19.9300,0.0000,1.0000,1023,8637,,,Selina Ladies Extra Wide Slipper,SELINA-NAVY.SPARK-8
3629,2832,,19.2400,0.0000,1.0000,1424,8639,,,Steve Men's Extra Wide Slipper,STEVE-NAVY.CHEV-9
3630,2833,,20.4000,0.0000,1.0000,1629,8641,,,Vera Ladies Extra Wide Bootie Slipper,VERA-CHAR.POLKA-4
3631,2834,,19.2400,0.0000,1.0000,1091,8643,,,Sophie Ladies Extra Wide Slipper,SOPHIE-GREY.HEART-5
3632,2835,,19.2400,0.0000,1.0000,1091,8645,,,Sophie Ladies Extra Wide Slipper,SOPHIE-GREY.HEART-7
3633,2836,,19.2400,0.0000,1.0000,1091,8647,,,Sophie Ladies Extra Wide Slipper,SOPHIE-NAVY.SPARK-5
3634,2837,,8.1000,0.0000,3.0000,2394,8277,,,FeatherTop Extra Wide Cotton Socks,FEATHERTOP.COTTON-OATMEAL-M
3635,2838,,19.2400,0.0000,1.0000,1091,8651,,,Sophie Ladies Extra Wide Slipper,SOPHIE-GREY.HEART-6
3636,2839,,19.2400,0.0000,1.0000,1424,8649,,,Steve Men's Extra Wide Slipper,STEVE-NAVY.CHEV-10
3637,2840,,48.7200,0.0000,1.0000,2129,8653,,,Fenwick Ladies Extra Wide Shoe,FENWICK-NAVY-6.5
3638,2841,,7.1500,0.0000,1.0000,2727,8655,,,FeatherTop Extra Wide Gripped Socks,FEATHERTOP.GRIPPED-NAVY-M
3639,2842,,18.9800,0.0000,1.0000,942,8657,,,Dora Ladies Ultra Wide Canvas Sandal,DORA-DENIM-7
3640,2843,,18.9800,0.0000,1.0000,942,8659,,,Dora Ladies Ultra Wide Canvas Sandal,DORA-DENIM-6
3641,2844,,19.9300,0.0000,1.0000,1023,8669,,,Selina Ladies Extra Wide Slipper,SELINA-NAVY.SPARK-7
3642,2845,,19.2400,0.0000,1.0000,1091,8663,,,Sophie Ladies Extra Wide Slipper,SOPHIE-GREY.HEART-4
3643,2845,,19.9300,0.0000,1.0000,1023,8665,,,Selina Ladies Extra Wide Slipper,SELINA-NAVY.SPARK-4
3644,2846,,19.9300,0.0000,1.0000,1174,8661,,,Val Ladies Extra Wide Bootie Slipper,VAL-NAVY-6
3645,2847,,20.4000,0.0000,1.0000,1629,8667,,,Vera Ladies Extra Wide Bootie Slipper,VERA-CHAR.POLKA-6
3646,2848,,5.9300,0.0000,1.0000,2422,8671,,,FeatherTop Extra Wide Cushioned Socks,FEATHERTOP.CUSHIONED-BLACK-L
3647,2848,,5.9300,0.0000,1.0000,2422,8673,,,FeatherTop Extra Wide Cushioned Socks,FEATHERTOP.CUSHIONED-BLACK-M
3648,2848,,5.9300,0.0000,1.0000,2422,8675,,,FeatherTop Extra Wide Cushioned Socks,FEATHERTOP.CUSHIONED-GREY-L
3649,2848,,5.9300,0.0000,1.0000,2422,8677,,,FeatherTop Extra Wide Cushioned Socks,FEATHERTOP.CUSHIONED-NAVY-L
3650,2848,,50.3500,0.0000,1.0000,1521,8679,,,Farden Ladies Extra Wide Shoe,FARDEN-BLACK-6
3651,2848,,50.3500,0.0000,1.0000,663,8681,,,Fargo Ladies Extra Wide Shoe,FARGO-BLK.PRINT-5
3652,2848,,50.3500,0.0000,1.0000,663,8683,,,Fargo Ladies Extra Wide Shoe,FARGO-BLK.PRINT-6
3653,2848,,50.3500,0.0000,1.0000,663,8685,,,Fargo Ladies Extra Wide Shoe,FARGO-BLK.PRINT-7
3654,2848,,50.3500,0.0000,1.0000,663,8687,,,Fargo Ladies Extra Wide Shoe,FARGO-BLK.PRINT-8
3655,2848,,48.7200,0.0000,1.0000,348,8689,,,Falmer Ladies Extra Wide Shoe,FALMER-BLK.PRINT-6
3656,2848,,48.7200,0.0000,1.0000,2129,8691,,,Fenwick Ladies Extra Wide Shoe,FENWICK-NAVY-5
3657,2848,,47.1000,0.0000,1.0000,849,8693,,,Walford Ladies Extra Wide Stretch Shoe,WALFORD-BLACK-8
3658,2849,,19.2400,0.0000,1.0000,1091,8695,,,Sophie Ladies Extra Wide Slipper,SOPHIE-GREY.HEART-6
3659,2850,,42.7300,0.0000,1.0000,348,8697,,,Falmer Ladies Extra Wide Shoe,FALMER-PLAT.FL-6
3660,2851,,18.9800,0.0000,1.0000,942,8699,,,Dora Ladies Ultra Wide Canvas Sandal,DORA-DENIM-4
3661,2852,,19.2400,0.0000,1.0000,1091,8701,,,Sophie Ladies Extra Wide Slipper,SOPHIE-BEI.COMB-7
3662,2853,,20.4000,0.0000,1.0000,927,8705,,,Sue Ladies Extra Wide House Shoe,SUE-BEIGE.MET-6
3663,2854,,21.9400,0.0000,1.0000,1091,8703,,,Sophie Ladies Extra Wide Slipper,SOPHIE-GREY.HEART-8
3664,2855,,26.1000,0.0000,1.0000,1415,8711,,,Sven Men's Extra Wide Slipper,SVEN-BLACK-9
3665,2856,,19.2400,0.0000,1.0000,1091,8713,,,Sophie Ladies Extra Wide Slipper,SOPHIE-NAVY.SPARK-5
3666,2857,,19.2400,0.0000,1.0000,1091,8715,,,Sophie Ladies Extra Wide Slipper,SOPHIE-NAVY.SPOT-9
3667,2858,,47.4800,0.0000,1.0000,912,8717,,,Bolton Ladies Extra Wide Boot,BOLTON-BLACK-6.5
3668,2859,,18.9800,0.0000,1.0000,942,8707,,,Dora Ladies Ultra Wide Canvas Sandal,DORA-DENIM-4
3669,2860,,18.9800,0.0000,1.0000,942,8709,,,Dora Ladies Ultra Wide Canvas Sandal,DORA-DENIM-5
3670,2861,,48.7200,0.0000,1.0000,265,8719,,,Filton Ladies Extra Wide Shoe,FILTON-BLACK-5
3671,2861,,48.7200,0.0000,1.0000,265,8721,,,Filton Ladies Extra Wide Shoe,FILTON-RED.BUR.PA-4
3672,2861,,48.7200,0.0000,1.0000,265,8723,,,Filton Ladies Extra Wide Shoe,FILTON-BLK.PAT-6
3673,2862,,42.7300,0.0000,1.0000,265,8725,,,Filton Ladies Extra Wide Shoe,FILTON-BLACK-6
3674,2862,,47.4800,0.0000,1.0000,912,8727,,,Bolton Ladies Extra Wide Boot,BOLTON-BLACK-6
3675,2863,,42.7300,0.0000,1.0000,694,8729,,,Forton Ladies Extra Wide Shoe,FORTON-NAVY.PRI-6.5
3676,2864,,40.3500,0.0000,1.0000,2704,8733,,,Chloe Ladies Ultra Wide Sandal,CHLOE-SANDY-7
3677,2865,,40.3500,0.0000,1.0000,2704,8731,,,Chloe Ladies Ultra Wide Sandal,CHLOE-SANDY-8
3678,2866,,19.2400,0.0000,1.0000,1091,8735,,,Sophie Ladies Extra Wide Slipper,SOPHIE-GREY.HEART-8
3679,2867,,19.2400,0.0000,1.0000,1091,8737,,,Sophie Ladies Extra Wide Slipper,SOPHIE-NAVY.SPARK-5
3680,2868,,40.3500,0.0000,1.0000,806,8739,,,Welton Ladies Extra Wide Shoe,WELTON-BLACK-7
3681,2868,,40.3500,0.0000,1.0000,481,8741,,,Cara Ladies Ultra Wide Sandal,CARA-GREY-6
3682,2869,,19.2400,0.0000,1.0000,1424,8751,,,Steve Men's Extra Wide Slipper,STEVE-GREY.CHEV-7
3683,2869,,7.1500,0.0000,1.0000,2727,8753,,,FeatherTop Extra Wide Gripped Socks,FEATHERTOP.GRIPPED-NAVY-M
3684,2870,,18.9800,0.0000,1.0000,942,8743,,,Dora Ladies Ultra Wide Canvas Sandal,DORA-DENIM-7
3685,2871,,42.7300,0.0000,1.0000,2129,8749,,,Fenwick Ladies Extra Wide Shoe,FENWICK-NAVY-7
3686,2872,,26.1000,0.0000,1.0000,1487,8747,,,Walter Men's Extra Wide Open Flat Slipper,WALTER-BLACK-7
3687,2873,,19.2400,0.0000,1.0000,1091,8745,,,Sophie Ladies Extra Wide Slipper,SOPHIE-NAVY.SPARK-5
3688,2874,,50.3500,0.0000,1.0000,1521,8755,,,Farden Ladies Extra Wide Shoe,FARDEN-BLACK-5
3689,2874,,48.7200,0.0000,1.0000,348,8757,,,Falmer Ladies Extra Wide Shoe,FALMER-BLK.PRINT-5
3690,2875,,42.7300,0.0000,1.0000,265,8759,,,Filton Ladies Extra Wide Shoe,FILTON-BLK.PAT-5
3691,2876,,20.4000,0.0000,1.0000,927,8761,,,Sue Ladies Extra Wide House Shoe,SUE-BLK.MET-4
3692,2877,,26.1000,0.0000,1.0000,2756,8763,,,Sam Unisex Extra Wide Stretch Slipper,SAM-BLACK-8
3693,2878,,18.9800,0.0000,1.0000,1015,8765,,,Sadie Ladies Extra Wide Slippers,SADIE-NAVY.FERN-6
3694,2879,,41.3000,0.0000,1.0000,849,8767,,,Walford Ladies Extra Wide Stretch Shoe,WALFORD-BLACK-8
3695,2880,,18.9800,0.0000,1.0000,973,8769,,,Tracy Ladies Extra Wide Canvas,TRACY-BEIGE-7
3696,2881,,18.9800,0.0000,1.0000,942,8771,,,Dora Ladies Ultra Wide Canvas Sandal,DORA-DENIM-8
3697,2881,,18.9800,0.0000,1.0000,942,8773,,,Dora Ladies Ultra Wide Canvas Sandal,DORA-DENIM-9
3698,2882,,50.3500,0.0000,1.0000,663,8775,,,Fargo Ladies Extra Wide Shoe,FARGO-BLK.PRINT-4
3699,2883,,44.1500,0.0000,1.0000,1521,8777,,,Farden Ladies Extra Wide Shoe,FARDEN-BLACK-7
3700,2884,,46.0100,0.0000,1.0000,733,8779,,,Wardale Ladies Extra Wide Shoe,WARDALE-BLACK-6
3701,2885,,47.1000,0.0000,1.0000,849,8781,,,Walford Ladies Extra Wide Stretch Shoe,WALFORD-BLACK-7
3702,2885,,47.1000,0.0000,1.0000,849,8783,,,Walford Ladies Extra Wide Stretch Shoe,WALFORD-BLACK-5
3703,2885,,47.1000,0.0000,1.0000,849,8785,,,Walford Ladies Extra Wide Stretch Shoe,WALFORD-BLACK-6
3704,2886,,19.2400,0.0000,1.0000,1091,8787,,,Sophie Ladies Extra Wide Slipper,SOPHIE-NAVY.SPARK-9
3705,2887,,18.9800,0.0000,1.0000,942,8789,,,Dora Ladies Ultra Wide Canvas Sandal,DORA-BEIGE-6
3706,2887,,18.9800,0.0000,1.0000,942,8791,,,Dora Ladies Ultra Wide Canvas Sandal,DORA-DENIM-6
3707,2888,,26.1000,0.0000,1.0000,1137,8793,,,Wendy Ladies Extra Wide Open-Flat Slipper,WENDY-NAVY.COMB-7
3708,2889,,18.9800,0.0000,1.0000,2012,8795,,,Doreen Ladies Ultra Wide Slipper,DOREEN-WINE-6
3709,2890,,44.3900,0.0000,1.0000,1726,8797,,,Cheryl Ladies Ultra Wide Sandal,CHERYL-BLK.PAT-5
3710,2891,,19.2400,0.0000,1.0000,1091,8799,,,Sophie Ladies Extra Wide Slipper,SOPHIE-NAVY-5
3711,2891,,19.2400,0.0000,1.0000,1091,8801,,,Sophie Ladies Extra Wide Slipper,SOPHIE-NAVY-6
3712,2892,,7.1500,0.0000,1.0000,2727,8803,,,FeatherTop Extra Wide Gripped Socks,FEATHERTOP.GRIPPED-NAVY-M
3713,2892,,7.1500,0.0000,1.0000,2727,8805,,,FeatherTop Extra Wide Gripped Socks,FEATHERTOP.GRIPPED-NAVY-L
3714,2892,,8.1000,0.0000,1.0000,2394,8807,,,FeatherTop Extra Wide Cotton Socks,FEATHERTOP.COTTON-ROSE.LILAC-S
3715,2892,,8.1000,0.0000,1.0000,2394,8809,,,FeatherTop Extra Wide Cotton Socks,FEATHERTOP.COTTON-NAVY-S
3716,2892,,8.1000,0.0000,1.0000,2394,8811,,,FeatherTop Extra Wide Cotton Socks,FEATHERTOP.COTTON-OATMEAL-S
3717,2893,,26.1000,0.0000,1.0000,1487,8813,,,Walter Men's Extra Wide Open Flat Slipper,WALTER-BROWN-9
3718,2894,,50.3500,0.0000,1.0000,1378,8815,,,Travis Men's Extra Wide Stretch Shoe,TRAVIS-BLACK-10
3719,2894,,29.7600,0.0000,1.0000,1137,8817,,,Wendy Ladies Extra Wide Open-Flat Slipper,WENDY-NAVY.COMB-7
3720,2894,,29.7600,0.0000,1.0000,1137,8819,,,Wendy Ladies Extra Wide Open-Flat Slipper,WENDY-BLK.SWIRL-6
3721,2894,,8.1000,0.0000,1.0000,2394,8821,,,FeatherTop Extra Wide Cotton Socks,FEATHERTOP.COTTON-ROSE.LILAC-M
3722,2894,,9.1800,0.0000,1.0000,2409,8823,,,FeatherTop Extra Wide Wool Socks,FEATHERTOP.WOOL-GREY-M
3723,2895,,20.4000,0.0000,1.0000,1437,8825,,,Gary Men's Extra Wide Bootie Slipper,GARY-NAVY.CHEV-13
3724,2896,,48.7200,0.0000,1.0000,348,8827,,,Falmer Ladies Extra Wide Shoe,FALMER-BLK.PRINT-8
3725,2897,,19.9300,0.0000,1.0000,1023,8831,,,Selina Ladies Extra Wide Slipper,SELINA-BLK.SPARK-6
3726,2898,,47.4800,0.0000,1.0000,912,8829,,,Bolton Ladies Extra Wide Boot,BOLTON-BLACK-5
3727,2899,,38.9300,0.0000,1.0000,1726,8833,,,Cheryl Ladies Ultra Wide Sandal,CHERYL-BLK.PAT-6.5
3728,2900,,19.2400,0.0000,1.0000,1091,8835,,,Sophie Ladies Extra Wide Slipper,SOPHIE-WINE.SWIRL-5
3729,2901,,19.2400,0.0000,1.0000,1424,8837,,,Steve Men's Extra Wide Slipper,STEVE-NAVY.CHEV-9
3730,2902,,18.9800,0.0000,1.0000,942,8839,,,Dora Ladies Ultra Wide Canvas Sandal,DORA-DENIM-5
3731,2903,,20.4000,0.0000,1.0000,1437,8841,,,Gary Men's Extra Wide Bootie Slipper,GARY-GREY.CHEV-7
3732,2903,,20.4000,0.0000,1.0000,1437,8843,,,Gary Men's Extra Wide Bootie Slipper,GARY-NAVY.CHEV-7
3733,2904,,19.9300,0.0000,1.0000,1023,8845,,,Selina Ladies Extra Wide Slipper,SELINA-NAVY.SPARK-8
3734,2905,,19.9300,0.0000,1.0000,1023,8859,,,Selina Ladies Extra Wide Slipper,SELINA-BLK.SPARK-8
3735,2905,,19.9300,0.0000,1.0000,1023,8861,,,Selina Ladies Extra Wide Slipper,SELINA-NAVY.SPARK-8
3736,2906,,19.2400,0.0000,1.0000,1424,8849,,,Steve Men's Extra Wide Slipper,STEVE-NAVY.CHEV-11
3737,2907,,19.9300,0.0000,1.0000,1174,8855,,,Val Ladies Extra Wide Bootie Slipper,VAL-NAVY-6
3738,2908,,20.4000,0.0000,1.0000,1629,8857,,,Vera Ladies Extra Wide Bootie Slipper,VERA-CHAR.POLKA-4
3739,2909,,38.9300,0.0000,1.0000,1726,8853,,,Cheryl Ladies Ultra Wide Sandal,CHERYL-NAVY-6
3740,2910,,19.2400,0.0000,1.0000,1091,8851,,,Sophie Ladies Extra Wide Slipper,SOPHIE-GREY.HEART-6
3741,2911,,48.7200,0.0000,1.0000,1504,8847,,,Easham Ladies Extra Wide Shoe,EASHAM-RED-7
3742,2912,,48.7200,0.0000,1.0000,2129,8865,,,Fenwick Ladies Extra Wide Shoe,FENWICK-BLK.PAT-5
3743,2912,,8.1000,0.0000,1.0000,2394,8867,,,FeatherTop Extra Wide Cotton Socks,FEATHERTOP.COTTON-BLACK-L
3744,2912,,8.1000,0.0000,1.0000,2394,8869,,,FeatherTop Extra Wide Cotton Socks,FEATHERTOP.COTTON-NAVY-L
3745,2912,,8.1000,0.0000,1.0000,2394,8871,,,FeatherTop Extra Wide Cotton Socks,FEATHERTOP.COTTON-GREY-L
3746,2912,,48.7200,0.0000,1.0000,265,8873,,,Filton Ladies Extra Wide Shoe,FILTON-RED.BUR.PA-5
3747,2912,,48.7200,0.0000,1.0000,265,8875,,,Filton Ladies Extra Wide Shoe,FILTON-RED.BUR.PA-6
3748,2913,,26.1000,0.0000,1.0000,1137,8877,,,Wendy Ladies Extra Wide Open-Flat Slipper,WENDY-NAVY.COMB-5
3749,2914,,20.4000,0.0000,1.0000,1629,8879,,,Vera Ladies Extra Wide Bootie Slipper,VERA-CHAR.POLKA-8
3750,2915,,40.3500,0.0000,1.0000,806,8881,,,Welton Ladies Extra Wide Shoe,WELTON-BLACK-6
3751,2915,,19.2400,0.0000,1.0000,1091,8883,,,Sophie Ladies Extra Wide Slipper,SOPHIE-WINE.SWIRL-6
3752,2916,,19.2400,0.0000,1.0000,1424,8885,,,Steve Men's Extra Wide Slipper,STEVE-NAVY.CHEV-13
3753,2917,,27.4700,0.0000,1.0000,1487,8887,,,Walter Men's Extra Wide Open Flat Slipper,WALTER-BROWN-8
3754,2917,,24.4700,0.0000,1.0000,958,8889,,,Mary Ladies Extra Wide House Shoe,MARY-NAVY-6
3755,2917,,24.4700,0.0000,1.0000,958,8891,,,Mary Ladies Extra Wide House Shoe,MARY-NAVY-8
3756,2917,,27.4700,0.0000,1.0000,2756,8893,,,Sam Unisex Extra Wide Stretch Slipper,SAM-BLACK-7
3757,2917,,20.2500,0.0000,1.0000,1091,8895,,,Sophie Ladies Extra Wide Slipper,SOPHIE-GREY.HEART-5
3758,2917,,20.2500,0.0000,1.0000,1091,8897,,,Sophie Ladies Extra Wide Slipper,SOPHIE-GREY.HEART-6
3759,2917,,20.2500,0.0000,1.0000,1091,8899,,,Sophie Ladies Extra Wide Slipper,SOPHIE-GREY.HEART-7
3760,2917,,27.4700,0.0000,1.0000,1487,8901,,,Walter Men's Extra Wide Open Flat Slipper,WALTER-BLACK-9
3761,2918,,19.2400,0.0000,1.0000,1424,8905,,,Steve Men's Extra Wide Slipper,STEVE-NAVY.CHEV-10
3762,2919,,19.2400,0.0000,1.0000,1091,8903,,,Sophie Ladies Extra Wide Slipper,SOPHIE-NAVY.SPOT-5
3763,2920,,48.7200,0.0000,1.0000,265,8907,,,Filton Ladies Extra Wide Shoe,FILTON-RED.BUR.PA-7
3764,2921,,18.9800,0.0000,1.0000,2012,8917,,,Doreen Ladies Ultra Wide Slipper,DOREEN-WINE-6
3765,2922,,20.4000,0.0000,1.0000,927,8915,,,Sue Ladies Extra Wide House Shoe,SUE-BLK.MET-7
3766,2923,,26.1000,0.0000,1.0000,1487,8911,,,Walter Men's Extra Wide Open Flat Slipper,WALTER-BLACK-9
3767,2923,,26.1000,0.0000,1.0000,1137,8913,,,Wendy Ladies Extra Wide Open-Flat Slipper,WENDY-WINE.SWIRL-7
3768,2924,,19.2400,0.0000,1.0000,1091,8909,,,Sophie Ladies Extra Wide Slipper,SOPHIE-NAVY.SPOT-8
3769,2925,,18.9800,0.0000,1.0000,2012,8919,,,Doreen Ladies Ultra Wide Slipper,DOREEN-WINE-6
3770,2926,,48.7200,0.0000,1.0000,265,8921,,,Filton Ladies Extra Wide Shoe,FILTON-RED.BUR.PA-6.5
3771,2926,,7.0100,0.0000,1.0000,2435,8923,,,FeatherTop Extra Wide Knee-High Socks,FEATHERTOP.KNEE.HIGH-GREY-M
3772,2926,,9.1800,0.0000,2.0000,2409,8925,,,FeatherTop Extra Wide Wool Socks,FEATHERTOP.WOOL-GREY-S
3773,2926,,9.1800,0.0000,1.0000,2409,8927,,,FeatherTop Extra Wide Wool Socks,FEATHERTOP.WOOL-GREY-L
3774,2926,,21.6400,0.0000,1.0000,2012,8929,,,Doreen Ladies Ultra Wide Slipper,DOREEN-WINE-7
3775,2927,,46.0100,0.0000,1.0000,733,8931,,,Wardale Ladies Extra Wide Shoe,WARDALE-RED-5
3776,2928,,18.9800,0.0000,1.0000,942,8933,,,Dora Ladies Ultra Wide Canvas Sandal,DORA-BEIGE-5
3777,2929,,54.1400,0.0000,1.0000,1342,8285,,,Percy Men's Extra Wide Deck Shoe,PERCY-BROWN-8
3778,2929,,8.1000,0.0000,1.0000,2394,8287,,,FeatherTop Extra Wide Cotton Socks,FEATHERTOP.COTTON-OATMEAL-S
3779,2930,,19.2400,0.0000,1.0000,1091,8935,,,Sophie Ladies Extra Wide Slipper,SOPHIE-NAVY.SPOT-6
3780,2931,,48.7200,0.0000,2.0000,2129,8937,,,Fenwick Ladies Extra Wide Shoe,FENWICK-NAVY-4
3781,2931,,5.9300,0.0000,1.0000,2422,8939,,,FeatherTop Extra Wide Cushioned Socks,FEATHERTOP.CUSHIONED-BLACK-L
3782,2931,,5.9300,0.0000,1.0000,2422,8941,,,FeatherTop Extra Wide Cushioned Socks,FEATHERTOP.CUSHIONED-NAVY-L
3783,2931,,8.1000,0.0000,1.0000,2394,8943,,,FeatherTop Extra Wide Cotton Socks,FEATHERTOP.COTTON-GREY-L
3784,2931,,8.1000,0.0000,1.0000,2394,8945,,,FeatherTop Extra Wide Cotton Socks,FEATHERTOP.COTTON-NAVY-L
3785,2931,,8.1000,0.0000,1.0000,2394,8947,,,FeatherTop Extra Wide Cotton Socks,FEATHERTOP.COTTON-OATMEAL-L
3786,2932,,26.1000,0.0000,1.0000,1487,8957,,,Walter Men's Extra Wide Open Flat Slipper,WALTER-BROWN-11
3787,2933,,26.1000,0.0000,1.0000,1487,8955,,,Walter Men's Extra Wide Open Flat Slipper,WALTER-BROWN-10
3788,2934,,47.4800,0.0000,1.0000,898,8949,,,Barla Ladies Extra Wide Boot,BARLA-BLACK-8
3789,2935,,18.9800,0.0000,1.0000,2012,8951,,,Doreen Ladies Ultra Wide Slipper,DOREEN-WINE-5
3790,2935,,18.9800,0.0000,1.0000,2012,8953,,,Doreen Ladies Ultra Wide Slipper,DOREEN-WINE-6
3791,2936,,19.9300,0.0000,1.0000,1023,8959,,,Selina Ladies Extra Wide Slipper,SELINA-BLK.SPARK-8
3792,2937,,50.3500,0.0000,1.0000,1521,8961,,,Farden Ladies Extra Wide Shoe,FARDEN-BLACK-6
3793,2937,,54.1400,0.0000,1.0000,1332,8963,,,Tully Men's Extra Wide Shoe,TULLY-BROWN-6.5
3794,2937,,8.1000,0.0000,1.0000,2394,8965,,,FeatherTop Extra Wide Cotton Socks,FEATHERTOP.COTTON-BLACK-L
3795,2937,,8.1000,0.0000,1.0000,2394,8967,,,FeatherTop Extra Wide Cotton Socks,FEATHERTOP.COTTON-NAVY-L
3796,2937,,8.1000,0.0000,1.0000,2394,8969,,,FeatherTop Extra Wide Cotton Socks,FEATHERTOP.COTTON-GREY-L
3797,2938,,20.4000,0.0000,1.0000,927,8971,,,Sue Ladies Extra Wide House Shoe,SUE-BEIGE.MET-6
3798,2938,,20.4000,0.0000,1.0000,927,8973,,,Sue Ladies Extra Wide House Shoe,SUE-BLK.MET-6
3799,2939,,18.9800,0.0000,1.0000,973,8975,,,Tracy Ladies Extra Wide Canvas,TRACY-DENIM-6
3800,2940,,48.7200,0.0000,1.0000,2129,8977,,,Fenwick Ladies Extra Wide Shoe,FENWICK-BLK.PAT-6.5
3801,2941,,19.2400,0.0000,1.0000,1091,8979,,,Sophie Ladies Extra Wide Slipper,SOPHIE-NAVY.SPARK-6
3802,2942,,23.2500,0.0000,1.0000,958,8981,,,Mary Ladies Extra Wide House Shoe,MARY-NAVY-4
3803,2943,,19.2400,0.0000,1.0000,1424,8983,,,Steve Men's Extra Wide Slipper,STEVE-NAVY.CHEV-10
3804,2944,,22.7200,0.0000,1.0000,1023,8985,,,Selina Ladies Extra Wide Slipper,SELINA-NAVY.SPARK-6
3805,2945,,46.0100,0.0000,1.0000,733,8987,,,Wardale Ladies Extra Wide Shoe,WARDALE-NAVY-5
3806,2945,,46.0100,0.0000,1.0000,733,8989,,,Wardale Ladies Extra Wide Shoe,WARDALE-BLACK-8
3807,2945,,50.3500,0.0000,1.0000,2901,8991,,,Fairmont Ladies Extra Wide Shoe,FAIRMONT-BLACK-8
3808,2945,,50.3500,0.0000,1.0000,2901,8993,,,Fairmont Ladies Extra Wide Shoe,FAIRMONT-BLACK-7
3809,2945,,50.3500,0.0000,1.0000,2901,8995,,,Fairmont Ladies Extra Wide Shoe,FAIRMONT-BLACK-6
3810,2945,,50.3500,0.0000,1.0000,2901,8997,,,Fairmont Ladies Extra Wide Shoe,FAIRMONT-BLACK-5
3811,2946,,26.1000,0.0000,1.0000,1137,9001,,,Wendy Ladies Extra Wide Open-Flat Slipper,WENDY-BLK.SWIRL-9
3812,2947,,19.2400,0.0000,1.0000,1091,8999,,,Sophie Ladies Extra Wide Slipper,SOPHIE-NAVY-9
3813,2948,,54.1400,0.0000,1.0000,912,9003,,,Bolton Ladies Extra Wide Boot,BOLTON-BLACK-6.5
3814,2948,,54.1400,0.0000,1.0000,912,9005,,,Bolton Ladies Extra Wide Boot,BOLTON-BLACK-7
3815,2949,,20.4000,0.0000,1.0000,927,8863,,,Sue Ladies Extra Wide House Shoe,SUE-BEIGE.MET-4
3816,2950,,26.1000,0.0000,1.0000,1487,9007,,,Walter Men's Extra Wide Open Flat Slipper,WALTER-BROWN-12
3817,2951,,19.9300,0.0000,1.0000,1174,9009,,,Val Ladies Extra Wide Bootie Slipper,VAL-NAVY-5
3818,2952,,19.2400,0.0000,1.0000,1091,9011,,,Sophie Ladies Extra Wide Slipper,SOPHIE-GREY.HEART-6
3819,2953,,19.2400,0.0000,1.0000,1091,9013,,,Sophie Ladies Extra Wide Slipper,SOPHIE-WINE.SWIRL-6
3820,2954,,45.1000,0.0000,1.0000,1388,9019,,,Terry Men's Extra Wide Shoe,TERRY-BLACK-10
3821,2954,,45.1000,0.0000,1.0000,1388,9021,,,Terry Men's Extra Wide Shoe,TERRY-BLACK-11
3822,2955,,20.4000,0.0000,1.0000,1629,9017,,,Vera Ladies Extra Wide Bootie Slipper,VERA-CHAR.POLKA-3
3823,2956,,19.2400,0.0000,1.0000,1091,9023,,,Sophie Ladies Extra Wide Slipper,SOPHIE-NAVY.SPOT-8
3824,2957,,19.2400,0.0000,1.0000,1091,9025,,,Sophie Ladies Extra Wide Slipper,SOPHIE-GREY.HEART-6
3825,2958,,19.2400,0.0000,1.0000,1091,9015,,,Sophie Ladies Extra Wide Slipper,SOPHIE-NAVY.SPARK-7
3826,2959,,18.9800,0.0000,1.0000,973,9027,,,Tracy Ladies Extra Wide Canvas,TRACY-DENIM-7
3827,2960,,19.2400,0.0000,1.0000,1091,9029,,,Sophie Ladies Extra Wide Slipper,SOPHIE-NAVY.SPOT-6
3828,2961,,50.3500,0.0000,1.0000,1521,9031,,,Farden Ladies Extra Wide Shoe,FARDEN-BLACK-6.5
3829,2962,,18.9800,0.0000,1.0000,2012,9039,,,Doreen Ladies Ultra Wide Slipper,DOREEN-WINE-7
3830,2963,,23.2500,0.0000,1.0000,958,9037,,,Mary Ladies Extra Wide House Shoe,MARY-NAVY-7
3831,2964,,26.1000,0.0000,1.0000,1487,9047,,,Walter Men's Extra Wide Open Flat Slipper,WALTER-BROWN-11
3832,2965,,26.1000,0.0000,1.0000,1487,9041,,,Walter Men's Extra Wide Open Flat Slipper,WALTER-BLACK-11
3833,2966,,19.2400,0.0000,1.0000,1091,9035,,,Sophie Ladies Extra Wide Slipper,SOPHIE-WINE-9
3834,2967,,42.7300,0.0000,1.0000,265,9033,,,Filton Ladies Extra Wide Shoe,FILTON-BEIGE.PRI-6
3835,2968,,19.9300,0.0000,1.0000,1174,9045,,,Val Ladies Extra Wide Bootie Slipper,VAL-NAVY-6
3836,2969,,19.9300,0.0000,1.0000,1174,9043,,,Val Ladies Extra Wide Bootie Slipper,VAL-NAVY-7
3837,2970,,19.2400,0.0000,2.0000,1091,9049,,,Sophie Ladies Extra Wide Slipper,SOPHIE-WINE.SWIRL-6
3838,2971,,26.1000,0.0000,1.0000,1137,9051,,,Wendy Ladies Extra Wide Open-Flat Slipper,WENDY-NAVY.COMB-6
3839,2971,,19.2400,0.0000,1.0000,1091,9053,,,Sophie Ladies Extra Wide Slipper,SOPHIE-BEI.COMB-6
3840,2971,,26.1000,0.0000,1.0000,1487,9055,,,Walter Men's Extra Wide Open Flat Slipper,WALTER-BROWN-6
3841,2972,,19.9300,0.0000,1.0000,1174,9059,,,Val Ladies Extra Wide Bootie Slipper,VAL-BLACK-6
3842,2973,,19.2400,0.0000,1.0000,1091,9057,,,Sophie Ladies Extra Wide Slipper,SOPHIE-NAVY.SPARK-6
3843,2974,,20.4000,0.0000,1.0000,1437,9063,,,Gary Men's Extra Wide Bootie Slipper,GARY-NAVY.CHEV-10
3844,2975,,26.1000,0.0000,1.0000,1487,9061,,,Walter Men's Extra Wide Open Flat Slipper,WALTER-BROWN-9
3845,2976,,18.9800,0.0000,1.0000,2012,9073,,,Doreen Ladies Ultra Wide Slipper,DOREEN-WINE-7
3846,2977,,18.9800,0.0000,1.0000,2012,9067,,,Doreen Ladies Ultra Wide Slipper,DOREEN-WINE-5
3847,2978,,23.2500,0.0000,1.0000,958,9071,,,Mary Ladies Extra Wide House Shoe,MARY-NAVY-6
3848,2979,,20.4000,0.0000,1.0000,1437,9069,,,Gary Men's Extra Wide Bootie Slipper,GARY-NAVY.CHEV-13
3849,2980,,41.3000,0.0000,1.0000,849,9065,,,Walford Ladies Extra Wide Stretch Shoe,WALFORD-BLACK-6
3850,2981,,26.1000,0.0000,1.0000,1137,9075,,,Wendy Ladies Extra Wide Open-Flat Slipper,WENDY-BLK.SWIRL-7
3851,2982,,19.2400,0.0000,1.0000,1424,9077,,,Steve Men's Extra Wide Slipper,STEVE-NAVY.CHEV-10
3852,2983,,19.2400,0.0000,1.0000,1091,9079,,,Sophie Ladies Extra Wide Slipper,SOPHIE-NAVY.SPARK-4
3853,2984,,19.9300,0.0000,1.0000,1023,9081,,,Selina Ladies Extra Wide Slipper,SELINA-NAVY.SPARK-5
3854,2984,,19.9300,0.0000,1.0000,1023,9083,,,Selina Ladies Extra Wide Slipper,SELINA-NAVY.SPARK-6
3855,2985,,26.1000,0.0000,1.0000,1137,9087,,,Wendy Ladies Extra Wide Open-Flat Slipper,WENDY-WINE.SWIRL-5
3856,2986,,19.9300,0.0000,1.0000,1023,9091,,,Selina Ladies Extra Wide Slipper,SELINA-NAVY.SPARK-7
3857,2987,,23.2500,0.0000,1.0000,958,9093,,,Mary Ladies Extra Wide House Shoe,MARY-NAVY-6
3858,2988,,26.1000,0.0000,1.0000,1487,9089,,,Walter Men's Extra Wide Open Flat Slipper,WALTER-BLACK-8
3859,2989,,26.1000,0.0000,1.0000,1137,9101,,,Wendy Ladies Extra Wide Open-Flat Slipper,WENDY-NAVY.COMB-6
3860,2990,,26.1000,0.0000,1.0000,1137,9095,,,Wendy Ladies Extra Wide Open-Flat Slipper,WENDY-WINE.SWIRL-7
3861,2991,,26.1000,0.0000,1.0000,1487,9097,,,Walter Men's Extra Wide Open Flat Slipper,WALTER-BLACK-7
3862,2992,,19.9300,0.0000,1.0000,1174,9099,,,Val Ladies Extra Wide Bootie Slipper,VAL-NAVY-6
3863,2993,,19.2400,0.0000,1.0000,1091,9103,,,Sophie Ladies Extra Wide Slipper,SOPHIE-WINE.SWIRL-6
3864,2994,,20.4000,0.0000,1.0000,927,9123,,,Sue Ladies Extra Wide House Shoe,SUE-BEIGE.MET-3
3865,2995,,19.2400,0.0000,1.0000,1091,9121,,,Sophie Ladies Extra Wide Slipper,SOPHIE-WINE.SWIRL-7
3866,2996,,19.9300,0.0000,1.0000,1023,9119,,,Selina Ladies Extra Wide Slipper,SELINA-BLK.SPARK-8
3867,2997,,26.1000,0.0000,1.0000,1487,9117,,,Walter Men's Extra Wide Open Flat Slipper,WALTER-BLACK-8
3868,2998,,19.2400,0.0000,1.0000,1091,9107,,,Sophie Ladies Extra Wide Slipper,SOPHIE-NAVY.SPARK-6
3869,2999,,26.1000,0.0000,1.0000,1137,9105,,,Wendy Ladies Extra Wide Open-Flat Slipper,WENDY-WINE.SWIRL-5
3870,3000,,20.4000,0.0000,1.0000,1629,9113,,,Vera Ladies Extra Wide Bootie Slipper,VERA-CHAR.POLKA-6
3871,3001,,19.9300,0.0000,1.0000,1174,9111,,,Val Ladies Extra Wide Bootie Slipper,VAL-NAVY-4
3872,3002,,19.2400,0.0000,1.0000,1091,9109,,,Sophie Ladies Extra Wide Slipper,SOPHIE-BEI.COMB-7
3873,3003,,42.7300,0.0000,1.0000,265,9115,,,Filton Ladies Extra Wide Shoe,FILTON-BLACK-7
3874,3004,,42.7300,0.0000,1.0000,348,9125,,,Falmer Ladies Extra Wide Shoe,FALMER-NAVY.PRI-6.5
3875,3005,,19.9300,0.0000,1.0000,1023,9129,,,Selina Ladies Extra Wide Slipper,SELINA-NAVY.SPARK-7
3876,3006,,26.1000,0.0000,2.0000,1487,9127,,,Walter Men's Extra Wide Open Flat Slipper,WALTER-BROWN-10
3877,3007,,26.1000,0.0000,1.0000,1487,9131,,,Walter Men's Extra Wide Open Flat Slipper,WALTER-BLACK-10
3878,3008,,19.2400,0.0000,1.0000,1091,9135,,,Sophie Ladies Extra Wide Slipper,SOPHIE-GREY.HEART-6
3879,3009,,19.2400,0.0000,1.0000,1091,9133,,,Sophie Ladies Extra Wide Slipper,SOPHIE-NAVY.SPOT-7
3880,3010,,26.1000,0.0000,1.0000,1137,9141,,,Wendy Ladies Extra Wide Open-Flat Slipper,WENDY-NAVY.COMB-7
3881,3011,,26.1000,0.0000,1.0000,1137,9143,,,Wendy Ladies Extra Wide Open-Flat Slipper,WENDY-NAVY.COMB-5
3882,3012,,18.9800,0.0000,1.0000,1015,9139,,,Sadie Ladies Extra Wide Slippers,SADIE-GREY.FERN-6
3883,3013,,26.1000,0.0000,1.0000,1487,9137,,,Walter Men's Extra Wide Open Flat Slipper,WALTER-BLACK-8
3884,3014,,20.4000,0.0000,1.0000,1437,9145,,,Gary Men's Extra Wide Bootie Slipper,GARY-NAVY.CHEV-9
3885,3015,,20.4000,0.0000,1.0000,1629,9149,,,Vera Ladies Extra Wide Bootie Slipper,VERA-CHAR.POLKA-5
3886,3016,,38.9300,0.0000,1.0000,1726,9147,,,Cheryl Ladies Ultra Wide Sandal,CHERYL-BLK.PAT-7
3887,3017,,19.9300,0.0000,1.0000,1023,9155,,,Selina Ladies Extra Wide Slipper,SELINA-BLK.SPARK-6
3888,3018,,26.1000,0.0000,1.0000,1487,9151,,,Walter Men's Extra Wide Open Flat Slipper,WALTER-BLACK-8
3889,3018,,19.2400,0.0000,1.0000,1424,9153,,,Steve Men's Extra Wide Slipper,STEVE-NAVY.CHEV-8
3890,3019,,26.1000,0.0000,1.0000,1487,9157,,,Walter Men's Extra Wide Open Flat Slipper,WALTER-BROWN-6
3891,3020,,26.1000,0.0000,1.0000,1487,9161,,,Walter Men's Extra Wide Open Flat Slipper,WALTER-BLACK-10
3892,3021,,19.2400,0.0000,1.0000,1424,9159,,,Steve Men's Extra Wide Slipper,STEVE-GREY.CHEV-8
3893,3022,,20.4000,0.0000,1.0000,927,9163,,,Sue Ladies Extra Wide House Shoe,SUE-BEIGE.MET-8
3894,3023,,26.1000,0.0000,1.0000,1487,9171,,,Walter Men's Extra Wide Open Flat Slipper,WALTER-BROWN-8
3895,3024,,26.5100,0.0000,1.0000,958,9165,,,Mary Ladies Extra Wide House Shoe,MARY-NAVY-7
3896,3024,,54.1400,0.0000,1.0000,1342,9167,,,Percy Men's Extra Wide Deck Shoe,PERCY-BROWN-8
3897,3024,,54.1400,0.0000,1.0000,1342,9169,,,Percy Men's Extra Wide Deck Shoe,PERCY-NAVY/BROWN-9
3898,3025,,19.2400,0.0000,1.0000,1091,9173,,,Sophie Ladies Extra Wide Slipper,SOPHIE-WINE.SWIRL-5
3899,3026,,26.1000,0.0000,1.0000,1487,9175,,,Walter Men's Extra Wide Open Flat Slipper,WALTER-BLACK-12
3900,3027,,48.7200,0.0000,1.0000,348,9177,,,Falmer Ladies Extra Wide Shoe,FALMER-NAVY.PRI-7
3901,3027,,48.7200,0.0000,1.0000,348,9179,,,Falmer Ladies Extra Wide Shoe,FALMER-BLK.PRINT-4
3902,3027,,48.7200,0.0000,1.0000,348,9181,,,Falmer Ladies Extra Wide Shoe,FALMER-BLK.PRINT-8
3903,3027,,48.7200,0.0000,1.0000,348,9183,,,Falmer Ladies Extra Wide Shoe,FALMER-CHER.PRI-6.5
3904,3027,,8.1000,0.0000,1.0000,2394,9185,,,FeatherTop Extra Wide Cotton Socks,FEATHERTOP.COTTON-BLACK-M
3905,3027,,8.1000,0.0000,1.0000,2394,9187,,,FeatherTop Extra Wide Cotton Socks,FEATHERTOP.COTTON-NAVY-M
3906,3027,,8.1000,0.0000,1.0000,2394,9189,,,FeatherTop Extra Wide Cotton Socks,FEATHERTOP.COTTON-OATMEAL-M
3907,3028,,26.1000,0.0000,1.0000,1137,9211,,,Wendy Ladies Extra Wide Open-Flat Slipper,WENDY-WINE.SWIRL-8
3908,3029,,26.1000,0.0000,1.0000,1137,9199,,,Wendy Ladies Extra Wide Open-Flat Slipper,WENDY-NAVY.COMB-6
3909,3029,,26.1000,0.0000,1.0000,2756,9201,,,Sam Unisex Extra Wide Stretch Slipper,SAM-BLACK-6
3910,3030,,26.1000,0.0000,1.0000,1137,9203,,,Wendy Ladies Extra Wide Open-Flat Slipper,WENDY-BLK.SWIRL-5
3911,3031,,20.4000,0.0000,1.0000,1629,9205,,,Vera Ladies Extra Wide Bootie Slipper,VERA-CHAR.POLKA-7
3912,3032,,26.1000,0.0000,1.0000,2756,9209,,,Sam Unisex Extra Wide Stretch Slipper,SAM-BLACK-6
3913,3033,,26.1000,0.0000,1.0000,2756,9195,,,Sam Unisex Extra Wide Stretch Slipper,SAM-BLACK-6
3914,3034,,19.2400,0.0000,1.0000,1091,9207,,,Sophie Ladies Extra Wide Slipper,SOPHIE-WINE.SWIRL-3
3915,3035,,19.2400,0.0000,1.0000,1091,9193,,,Sophie Ladies Extra Wide Slipper,SOPHIE-NAVY-7
3916,3036,,19.2400,0.0000,1.0000,1091,9197,,,Sophie Ladies Extra Wide Slipper,SOPHIE-GREY.HEART-5
3917,3037,,19.2400,0.0000,1.0000,1091,9191,,,Sophie Ladies Extra Wide Slipper,SOPHIE-NAVY.SPARK-6
3918,3038,,19.9300,0.0000,1.0000,1023,9223,,,Selina Ladies Extra Wide Slipper,SELINA-NAVY.SPARK-5
3919,3038,,8.1000,0.0000,1.0000,2394,9225,,,FeatherTop Extra Wide Cotton Socks,FEATHERTOP.COTTON-ROSE.LILAC-M
3920,3039,,19.2400,0.0000,1.0000,1091,9221,,,Sophie Ladies Extra Wide Slipper,SOPHIE-NAVY-8
3921,3040,,26.1000,0.0000,1.0000,1137,9213,,,Wendy Ladies Extra Wide Open-Flat Slipper,WENDY-NAVY.COMB-8
3922,3041,,18.9800,0.0000,1.0000,942,9219,,,Dora Ladies Ultra Wide Canvas Sandal,DORA-BEIGE-8
3923,3042,,26.1000,0.0000,1.0000,1137,9215,,,Wendy Ladies Extra Wide Open-Flat Slipper,WENDY-BLK.SWIRL-7
3924,3043,,19.9300,0.0000,1.0000,1023,9217,,,Selina Ladies Extra Wide Slipper,SELINA-NAVY.SPARK-5
3925,3044,,19.2400,0.0000,1.0000,1091,9237,,,Sophie Ladies Extra Wide Slipper,SOPHIE-BEI.COMB-3
3926,3045,,19.2400,0.0000,1.0000,1091,9235,,,Sophie Ladies Extra Wide Slipper,SOPHIE-NAVY-6
3927,3046,,26.1000,0.0000,1.0000,1137,9239,,,Wendy Ladies Extra Wide Open-Flat Slipper,WENDY-NAVY.COMB-5
3928,3047,,19.9300,0.0000,1.0000,1023,9241,,,Selina Ladies Extra Wide Slipper,SELINA-NAVY.SPARK-6
3929,3047,,19.9300,0.0000,1.0000,1023,9243,,,Selina Ladies Extra Wide Slipper,SELINA-NAVY.SPARK-7
3930,3048,,7.0100,0.0000,2.0000,2435,9249,,,FeatherTop Extra Wide Knee-High Socks,FEATHERTOP.KNEE.HIGH-BLACK-L
3931,3049,,26.1000,0.0000,1.0000,1137,9245,,,Wendy Ladies Extra Wide Open-Flat Slipper,WENDY-NAVY.COMB-7
3932,3050,,26.1000,0.0000,1.0000,1137,9253,,,Wendy Ladies Extra Wide Open-Flat Slipper,WENDY-WINE.SWIRL-8
3933,3051,,20.4000,0.0000,1.0000,927,9247,,,Sue Ladies Extra Wide House Shoe,SUE-BLK.MET-6
3934,3052,,26.1000,0.0000,1.0000,1487,9251,,,Walter Men's Extra Wide Open Flat Slipper,WALTER-BLACK-8
3935,3053,,19.2400,0.0000,1.0000,1091,9255,,,Sophie Ladies Extra Wide Slipper,SOPHIE-NAVY.SPOT-9
3936,3054,,19.2400,0.0000,1.0000,1091,9257,,,Sophie Ladies Extra Wide Slipper,SOPHIE-BEI.COMB-5
3937,3055,,8.1000,0.0000,1.0000,2394,9259,,,FeatherTop Extra Wide Cotton Socks,FEATHERTOP.COTTON-OATMEAL-L
3938,3055,,8.1000,0.0000,1.0000,2394,9261,,,FeatherTop Extra Wide Cotton Socks,FEATHERTOP.COTTON-GREY-L
3939,3055,,8.1000,0.0000,1.0000,2394,9263,,,FeatherTop Extra Wide Cotton Socks,FEATHERTOP.COTTON-NAVY-L
3940,3055,,8.1000,0.0000,1.0000,2394,9265,,,FeatherTop Extra Wide Cotton Socks,FEATHERTOP.COTTON-ROSE.LILAC-M
3941,3055,,8.1000,0.0000,1.0000,2394,9267,,,FeatherTop Extra Wide Cotton Socks,FEATHERTOP.COTTON-OATMEAL-M
3942,3056,,18.9800,0.0000,1.0000,2012,9271,,,Doreen Ladies Ultra Wide Slipper,DOREEN-WINE-4
3943,3057,,19.2400,0.0000,1.0000,1091,9269,,,Sophie Ladies Extra Wide Slipper,SOPHIE-NAVY.SPARK-7
3944,3058,,19.9300,0.0000,1.0000,1174,9275,,,Val Ladies Extra Wide Bootie Slipper,VAL-NAVY-7
3945,3059,,19.2400,0.0000,1.0000,1091,9273,,,Sophie Ladies Extra Wide Slipper,SOPHIE-BEI.COMB-7
3946,3060,,26.1000,0.0000,1.0000,1137,9277,,,Wendy Ladies Extra Wide Open-Flat Slipper,WENDY-BLK.SWIRL-8
3947,3061,,19.9300,0.0000,1.0000,1023,9285,,,Selina Ladies Extra Wide Slipper,SELINA-NAVY.SPARK-5
3948,3062,,19.2400,0.0000,1.0000,1091,9281,,,Sophie Ladies Extra Wide Slipper,SOPHIE-NAVY.SPARK-8
3949,3062,,19.2400,0.0000,1.0000,1091,9283,,,Sophie Ladies Extra Wide Slipper,SOPHIE-NAVY.SPARK-9
3950,3063,,19.2400,0.0000,1.0000,1091,9287,,,Sophie Ladies Extra Wide Slipper,SOPHIE-NAVY.SPARK-7
3951,3064,,19.2400,0.0000,1.0000,1091,9279,,,Sophie Ladies Extra Wide Slipper,SOPHIE-NAVY.SPARK-7
3952,3065,,48.7200,0.0000,1.0000,348,9289,,,Falmer Ladies Extra Wide Shoe,FALMER-BLK.PRINT-3
3953,3065,,50.3500,0.0000,1.0000,663,9291,,,Fargo Ladies Extra Wide Shoe,FARGO-BLK.PRINT-5
3954,3065,,21.6400,0.0000,1.0000,1015,9293,,,Sadie Ladies Extra Wide Slippers,SADIE-WINE.FERN-5
3955,3066,,29.7600,0.0000,1.0000,1487,9295,,,Walter Men's Extra Wide Open Flat Slipper,WALTER-BROWN-10
3956,3067,,27.5300,0.0000,1.0000,1471,9305,,,Wesley Men's Extra Wide Open-Flat PU Slipper,WESLEY-BLACK-11
3957,3068,,23.2500,0.0000,1.0000,958,9297,,,Mary Ladies Extra Wide House Shoe,MARY-NAVY-6
3958,3069,,19.9300,0.0000,1.0000,1174,9299,,,Val Ladies Extra Wide Bootie Slipper,VAL-NAVY-6
3959,3070,,19.2400,0.0000,1.0000,1091,9303,,,Sophie Ladies Extra Wide Slipper,SOPHIE-GREY.HEART-8
3960,3071,,19.2400,0.0000,1.0000,1091,9301,,,Sophie Ladies Extra Wide Slipper,SOPHIE-NAVY.SPARK-5
3961,3072,,8.1000,0.0000,1.0000,2394,9307,,,FeatherTop Extra Wide Cotton Socks,FEATHERTOP.COTTON-NAVY-L
3962,3072,,8.1000,0.0000,1.0000,2394,9309,,,FeatherTop Extra Wide Cotton Socks,FEATHERTOP.COTTON-OATMEAL-L
3963,3073,,19.9300,0.0000,1.0000,1023,9311,,,Selina Ladies Extra Wide Slipper,SELINA-NAVY.SPARK-6
3964,3073,,26.1000,0.0000,1.0000,1137,9313,,,Wendy Ladies Extra Wide Open-Flat Slipper,WENDY-NAVY.COMB-7
3965,3073,,19.2400,0.0000,1.0000,1091,9315,,,Sophie Ladies Extra Wide Slipper,SOPHIE-NAVY.SPARK-6
3966,3074,,42.7300,0.0000,1.0000,2129,9317,,,Fenwick Ladies Extra Wide Shoe,FENWICK-CHER.PRI-7
3967,3075,,19.2400,0.0000,1.0000,1091,9319,,,Sophie Ladies Extra Wide Slipper,SOPHIE-WINE.SWIRL-4
3968,3076,,19.9300,0.0000,1.0000,1023,9321,,,Selina Ladies Extra Wide Slipper,SELINA-NAVY.SPARK-6
3969,3077,,20.4000,0.0000,1.0000,927,9337,,,Sue Ladies Extra Wide House Shoe,SUE-BLK.MET-5
3970,3078,,26.1000,0.0000,1.0000,1137,9327,,,Wendy Ladies Extra Wide Open-Flat Slipper,WENDY-WINE.SWIRL-9
3971,3079,,18.9800,0.0000,1.0000,2012,9325,,,Doreen Ladies Ultra Wide Slipper,DOREEN-WINE-4
3972,3080,,26.1000,0.0000,1.0000,1137,9335,,,Wendy Ladies Extra Wide Open-Flat Slipper,WENDY-BLK.SWIRL-6
3973,3081,,26.1000,0.0000,1.0000,1487,9323,,,Walter Men's Extra Wide Open Flat Slipper,WALTER-BLACK-12
3974,3082,,26.1000,0.0000,1.0000,1487,9339,,,Walter Men's Extra Wide Open Flat Slipper,WALTER-BLACK-10
3975,3083,,26.1000,0.0000,1.0000,1487,9333,,,Walter Men's Extra Wide Open Flat Slipper,WALTER-BLACK-9
3976,3084,,19.2400,0.0000,1.0000,1091,9329,,,Sophie Ladies Extra Wide Slipper,SOPHIE-NAVY.SPARK-6
3977,3085,,19.2400,0.0000,1.0000,1091,9331,,,Sophie Ladies Extra Wide Slipper,SOPHIE-NAVY.SPARK-6
3978,3086,,41.3000,0.0000,1.0000,849,9341,,,Walford Ladies Extra Wide Stretch Shoe,WALFORD-BLACK-7
3979,3086,,19.2400,0.0000,1.0000,1091,9343,,,Sophie Ladies Extra Wide Slipper,SOPHIE-GREY.HEART-7
3980,3087,,26.1000,0.0000,1.0000,1137,9357,,,Wendy Ladies Extra Wide Open-Flat Slipper,WENDY-NAVY.COMB-6
3981,3088,,18.9800,0.0000,1.0000,2012,9347,,,Doreen Ladies Ultra Wide Slipper,DOREEN-WINE-5
3982,3089,,26.1000,0.0000,1.0000,1137,9355,,,Wendy Ladies Extra Wide Open-Flat Slipper,WENDY-BLK.SWIRL-5
3983,3090,,42.7300,0.0000,1.0000,2129,9349,,,Fenwick Ladies Extra Wide Shoe,FENWICK-CHER.PRI-6
3984,3090,,42.7300,0.0000,1.0000,2129,9351,,,Fenwick Ladies Extra Wide Shoe,FENWICK-CHER.PRI-6.5
3985,3091,,20.4000,0.0000,1.0000,1437,9345,,,Gary Men's Extra Wide Bootie Slipper,GARY-NAVY.CHEV-10
3986,3092,,42.7300,0.0000,1.0000,2129,9353,,,Fenwick Ladies Extra Wide Shoe,FENWICK-BLACK-6.5
3987,3093,,26.1000,0.0000,1.0000,1487,9359,,,Walter Men's Extra Wide Open Flat Slipper,WALTER-BLACK-11
3988,3094,,8.1000,0.0000,2.0000,2394,9361,,,FeatherTop Extra Wide Cotton Socks,FEATHERTOP.COTTON-ROSE.LILAC-M
3989,3094,,8.1000,0.0000,2.0000,2394,9363,,,FeatherTop Extra Wide Cotton Socks,FEATHERTOP.COTTON-NAVY-M
3990,3094,,9.1800,0.0000,1.0000,2409,9365,,,FeatherTop Extra Wide Wool Socks,FEATHERTOP.WOOL-GREY-L
3991,3095,,46.0100,0.0000,1.0000,1306,9367,,,Nathan Men's Ultra Wide Sandal,NATHAN-BROWN-11
3992,3095,,46.0100,0.0000,1.0000,1306,9369,,,Nathan Men's Ultra Wide Sandal,NATHAN-BROWN-12
3993,3096,,48.7200,0.0000,1.0000,2129,9371,,,Fenwick Ladies Extra Wide Shoe,FENWICK-CHER.PRI-6
3994,3096,,48.7200,0.0000,1.0000,265,9373,,,Filton Ladies Extra Wide Shoe,FILTON-BLACK-6
3995,3096,,50.3500,0.0000,1.0000,663,9375,,,Fargo Ladies Extra Wide Shoe,FARGO-BLK.PRINT-6
3996,3097,,19.2400,0.0000,1.0000,1091,9377,,,Sophie Ladies Extra Wide Slipper,SOPHIE-NAVY-7
3997,3098,,19.2400,0.0000,1.0000,1091,9379,,,Sophie Ladies Extra Wide Slipper,SOPHIE-NAVY-7
3998,3099,,42.7300,0.0000,1.0000,265,9381,,,Filton Ladies Extra Wide Shoe,FILTON-BLACK-8
3999,3100,,29.7600,0.0000,1.0000,1487,9383,,,Walter Men's Extra Wide Open Flat Slipper,WALTER-BLACK-9
4000,3100,,5.9300,0.0000,1.0000,2422,9385,,,FeatherTop Extra Wide Cushioned Socks,FEATHERTOP.CUSHIONED-BLACK-M
4001,3100,,5.9300,0.0000,1.0000,2422,9387,,,FeatherTop Extra Wide Cushioned Socks,FEATHERTOP.CUSHIONED-NAVY-M
4002,3100,,5.9300,0.0000,1.0000,2422,9389,,,FeatherTop Extra Wide Cushioned Socks,FEATHERTOP.CUSHIONED-OATMEAL-M
4003,3101,,26.1000,0.0000,1.0000,1487,9397,,,Walter Men's Extra Wide Open Flat Slipper,WALTER-BLACK-10
4004,3102,,47.4800,0.0000,1.0000,912,9403,,,Bolton Ladies Extra Wide Boot,BOLTON-BLACK-4
4005,3103,,18.9800,0.0000,1.0000,2012,9405,,,Doreen Ladies Ultra Wide Slipper,DOREEN-WINE-5
4006,3104,,18.9800,0.0000,1.0000,2012,9407,,,Doreen Ladies Ultra Wide Slipper,DOREEN-WINE-5
4007,3105,,20.4000,0.0000,1.0000,1437,9399,,,Gary Men's Extra Wide Bootie Slipper,GARY-NAVY.CHEV-9
4008,3105,,47.4800,0.0000,1.0000,1322,9401,,,Trent Men's Extra Wide Shoe,TRENT-BLACK-9
4009,3106,,26.1000,0.0000,1.0000,1137,9409,,,Wendy Ladies Extra Wide Open-Flat Slipper,WENDY-BLK.SWIRL-6
4010,3107,,19.2400,0.0000,1.0000,1091,9391,,,Sophie Ladies Extra Wide Slipper,SOPHIE-GREY.HEART-6
4011,3108,,19.2400,0.0000,1.0000,1091,9393,,,Sophie Ladies Extra Wide Slipper,SOPHIE-NAVY.SPARK-6
4012,3109,,19.2400,0.0000,1.0000,1091,9395,,,Sophie Ladies Extra Wide Slipper,SOPHIE-NAVY-5
4013,3110,,18.9800,0.0000,1.0000,2012,9411,,,Doreen Ladies Ultra Wide Slipper,DOREEN-WINE-6
4014,3111,,26.1000,0.0000,1.0000,1487,9413,,,Walter Men's Extra Wide Open Flat Slipper,WALTER-BLACK-10
4015,3112,,26.1000,0.0000,1.0000,2756,9415,,,Sam Unisex Extra Wide Stretch Slipper,SAM-BLACK-12
4016,3113,,20.4000,0.0000,1.0000,1629,9417,,,Vera Ladies Extra Wide Bootie Slipper,VERA-CHAR.POLKA-4
4017,3114,,19.2400,0.0000,1.0000,1091,9419,,,Sophie Ladies Extra Wide Slipper,SOPHIE-GREY.HEART-6
4018,3115,,9.1800,0.0000,2.0000,2409,9421,,,FeatherTop Extra Wide Wool Socks,FEATHERTOP.WOOL-GREY-M
4019,3115,,54.1400,0.0000,1.0000,883,9423,,,Bali Ladies Extra Wide Boot,BALI-GREY.PRI-6.5
4020,3116,,26.1000,0.0000,1.0000,1137,9427,,,Wendy Ladies Extra Wide Open-Flat Slipper,WENDY-WINE.SWIRL-4
4021,3117,,20.4000,0.0000,1.0000,1629,9425,,,Vera Ladies Extra Wide Bootie Slipper,VERA-CHAR.POLKA-6
4022,3118,,20.4000,0.0000,1.0000,1437,9431,,,Gary Men's Extra Wide Bootie Slipper,GARY-NAVY.CHEV-12
4023,3118,,7.0100,0.0000,1.0000,2435,9433,,,FeatherTop Extra Wide Knee-High Socks,FEATHERTOP.KNEE.HIGH-OATMEAL-L
4024,3118,,7.0100,0.0000,2.0000,2435,9435,,,FeatherTop Extra Wide Knee-High Socks,FEATHERTOP.KNEE.HIGH-GREY-L
4025,3119,,18.9800,0.0000,1.0000,973,9439,,,Tracy Ladies Extra Wide Canvas,TRACY-BEIGE-8
4026,3120,,18.9800,0.0000,1.0000,1015,9437,,,Sadie Ladies Extra Wide Slippers,SADIE-WINE.FERN-7
4027,3121,,29.7600,0.0000,1.0000,1487,9441,,,Walter Men's Extra Wide Open Flat Slipper,WALTER-BLACK-10
4028,3122,,23.2500,0.0000,1.0000,958,9443,,,Mary Ladies Extra Wide House Shoe,MARY-NAVY-5
4029,3123,,18.9800,0.0000,1.0000,2012,9445,,,Doreen Ladies Ultra Wide Slipper,DOREEN-WINE-8
4030,3124,,19.2400,0.0000,1.0000,1091,9449,,,Sophie Ladies Extra Wide Slipper,SOPHIE-GREY.HEART-6
4031,3125,,26.1000,0.0000,1.0000,1487,9447,,,Walter Men's Extra Wide Open Flat Slipper,WALTER-BLACK-11
4032,3126,,26.1000,0.0000,1.0000,1137,9451,,,Wendy Ladies Extra Wide Open-Flat Slipper,WENDY-WINE.SWIRL-4
4033,3127,,50.3500,0.0000,1.0000,663,9453,,,Fargo Ladies Extra Wide Shoe,FARGO-BLK.PRINT-8
4034,3127,,48.7200,0.0000,1.0000,348,9455,,,Falmer Ladies Extra Wide Shoe,FALMER-NAVY.PRI-5
4035,3127,,48.7200,0.0000,1.0000,348,9457,,,Falmer Ladies Extra Wide Shoe,FALMER-BLK.PRINT-8
4036,3128,,19.9300,0.0000,1.0000,1023,9459,,,Selina Ladies Extra Wide Slipper,SELINA-BLK.SPARK-5
4037,3129,,40.3500,0.0000,1.0000,806,9461,,,Welton Ladies Extra Wide Shoe,WELTON-BLACK-6.5
4038,3130,,19.9300,0.0000,1.0000,1174,9463,,,Val Ladies Extra Wide Bootie Slipper,VAL-BLACK-7
4039,3131,,19.2400,0.0000,1.0000,1091,9465,,,Sophie Ladies Extra Wide Slipper,SOPHIE-NAVY.SPARK-6
4040,3132,,26.1000,0.0000,1.0000,1137,9467,,,Wendy Ladies Extra Wide Open-Flat Slipper,WENDY-WINE.SWIRL-8
4041,3133,,48.7200,0.0000,1.0000,348,9469,,,Falmer Ladies Extra Wide Shoe,FALMER-BLK.PRINT-5
4042,3134,,26.1000,0.0000,1.0000,1137,9479,,,Wendy Ladies Extra Wide Open-Flat Slipper,WENDY-NAVY.COMB-4
4043,3135,,26.1000,0.0000,1.0000,1137,9483,,,Wendy Ladies Extra Wide Open-Flat Slipper,WENDY-WINE.SWIRL-7
4044,3136,,26.1000,0.0000,1.0000,1137,9471,,,Wendy Ladies Extra Wide Open-Flat Slipper,WENDY-WINE.SWIRL-8
4045,3137,,19.9300,0.0000,1.0000,1174,9473,,,Val Ladies Extra Wide Bootie Slipper,VAL-NAVY-4
4046,3137,,8.1000,0.0000,1.0000,2394,9475,,,FeatherTop Extra Wide Cotton Socks,FEATHERTOP.COTTON-OATMEAL-S
4047,3138,,19.2400,0.0000,1.0000,1091,9481,,,Sophie Ladies Extra Wide Slipper,SOPHIE-GREY.HEART-9
4048,3139,,19.2400,0.0000,1.0000,1424,9477,,,Steve Men's Extra Wide Slipper,STEVE-NAVY.CHEV-10
4049,3140,,18.9800,0.0000,1.0000,1015,9487,,,Sadie Ladies Extra Wide Slippers,SADIE-WINE.FERN-6
4050,3140,,18.9800,0.0000,1.0000,1015,9489,,,Sadie Ladies Extra Wide Slippers,SADIE-GREY.FERN-6
4051,3140,,26.1000,0.0000,1.0000,2756,9491,,,Sam Unisex Extra Wide Stretch Slipper,SAM-BLACK-6
4052,3141,,18.9800,0.0000,1.0000,2012,9485,,,Doreen Ladies Ultra Wide Slipper,DOREEN-WINE-5
4053,3142,,26.5100,0.0000,1.0000,958,9493,,,Mary Ladies Extra Wide House Shoe,MARY-NAVY-5
4054,3142,,26.5100,0.0000,1.0000,958,9495,,,Mary Ladies Extra Wide House Shoe,MARY-NAVY-6
4055,3142,,5.9300,0.0000,1.0000,2422,9497,,,FeatherTop Extra Wide Cushioned Socks,FEATHERTOP.CUSHIONED-BLACK-L
4056,3142,,5.9300,0.0000,1.0000,2422,9499,,,FeatherTop Extra Wide Cushioned Socks,FEATHERTOP.CUSHIONED-BLACK-M
4057,3142,,5.9300,0.0000,1.0000,2422,9501,,,FeatherTop Extra Wide Cushioned Socks,FEATHERTOP.CUSHIONED-GREY-M
4058,3143,,18.9800,0.0000,1.0000,942,9503,,,Dora Ladies Ultra Wide Canvas Sandal,DORA-BEIGE-8
4059,3144,,42.7300,0.0000,1.0000,1504,9505,,,Easham Ladies Extra Wide Shoe,EASHAM-BLACK-8
4060,3145,,19.2400,0.0000,1.0000,1091,9507,,,Sophie Ladies Extra Wide Slipper,SOPHIE-GREY.HEART-6
4061,3146,,5.9300,0.0000,1.0000,2422,9509,,,FeatherTop Extra Wide Cushioned Socks,FEATHERTOP.CUSHIONED-BLACK-L
4062,3146,,5.9300,0.0000,1.0000,2422,9511,,,FeatherTop Extra Wide Cushioned Socks,FEATHERTOP.CUSHIONED-BLACK-M
4063,3146,,5.9300,0.0000,1.0000,2422,9513,,,FeatherTop Extra Wide Cushioned Socks,FEATHERTOP.CUSHIONED-GREY-M
4064,3146,,5.9300,0.0000,1.0000,2422,9515,,,FeatherTop Extra Wide Cushioned Socks,FEATHERTOP.CUSHIONED-OATMEAL-M
4065,3146,,8.1000,0.0000,1.0000,2394,9517,,,FeatherTop Extra Wide Cotton Socks,FEATHERTOP.COTTON-ROSE.LILAC-M
4066,3146,,8.1000,0.0000,1.0000,2394,9519,,,FeatherTop Extra Wide Cotton Socks,FEATHERTOP.COTTON-ROSE.LILAC-S
4067,3146,,8.1000,0.0000,1.0000,2394,9521,,,FeatherTop Extra Wide Cotton Socks,FEATHERTOP.COTTON-BLACK-S
4068,3146,,8.1000,0.0000,1.0000,2394,9523,,,FeatherTop Extra Wide Cotton Socks,FEATHERTOP.COTTON-OATMEAL-L
4069,3147,,42.7300,0.0000,1.0000,2129,9525,,,Fenwick Ladies Extra Wide Shoe,FENWICK-BLK.PAT-6.5
4070,3148,,42.7300,0.0000,1.0000,1504,9527,,,Easham Ladies Extra Wide Shoe,EASHAM-BLACK-6.5
4071,3149,,19.2400,0.0000,1.0000,1091,9547,,,Sophie Ladies Extra Wide Slipper,SOPHIE-GREY.HEART-6
4072,3150,,41.3000,0.0000,1.0000,834,9549,,,Walmer Ladies Extra Wide Stretch Shoe,WALMER-BLACK-4
4073,3151,,19.2400,0.0000,1.0000,1091,9551,,,Sophie Ladies Extra Wide Slipper,SOPHIE-NAVY.SPOT-5
4074,3152,,19.2400,0.0000,1.0000,1091,9553,,,Sophie Ladies Extra Wide Slipper,SOPHIE-NAVY.SPOT-5
4075,3153,,26.1000,0.0000,1.0000,1137,9529,,,Wendy Ladies Extra Wide Open-Flat Slipper,WENDY-WINE.SWIRL-4
4076,3154,,18.9800,0.0000,1.0000,2012,9543,,,Doreen Ladies Ultra Wide Slipper,DOREEN-WINE-5
4077,3154,,18.9800,0.0000,1.0000,2012,9545,,,Doreen Ladies Ultra Wide Slipper,DOREEN-WINE-6
4078,3155,,50.3500,0.0000,1.0000,663,9555,,,Fargo Ladies Extra Wide Shoe,FARGO-BLK.PRINT-6
4079,3156,,24.4700,0.0000,1.0000,958,9557,,,Mary Ladies Extra Wide House Shoe,MARY-NAVY-4
4080,3156,,20.2500,0.0000,1.0000,1091,9559,,,Sophie Ladies Extra Wide Slipper,SOPHIE-NAVY.SPARK-7
4081,3156,,27.4700,0.0000,2.0000,1487,9561,,,Walter Men's Extra Wide Open Flat Slipper,WALTER-BLACK-10
4082,3156,,27.4700,0.0000,1.0000,1487,9563,,,Walter Men's Extra Wide Open Flat Slipper,WALTER-BLACK-8
4083,3157,,51.4300,0.0000,1.0000,1361,9569,,,Tony Men's Extra Wide Shoe,TONY-BLACK-10
4084,3158,,19.2400,0.0000,1.0000,1091,9565,,,Sophie Ladies Extra Wide Slipper,SOPHIE-NAVY-4
4085,3159,,46.0100,0.0000,1.0000,806,9567,,,Welton Ladies Extra Wide Shoe,WELTON-STONE-8
4086,3160,,50.3500,0.0000,1.0000,1521,9571,,,Farden Ladies Extra Wide Shoe,FARDEN-BLACK-6
4087,3161,,44.1500,0.0000,1.0000,663,9573,,,Fargo Ladies Extra Wide Shoe,FARGO-BLK.PRINT-6
4088,3162,,26.1000,0.0000,1.0000,1137,9575,,,Wendy Ladies Extra Wide Open-Flat Slipper,WENDY-NAVY.COMB-8
4089,3163,,18.9800,0.0000,1.0000,2012,9577,,,Doreen Ladies Ultra Wide Slipper,DOREEN-WINE-8
4090,3164,,46.0100,0.0000,1.0000,806,9579,,,Welton Ladies Extra Wide Shoe,WELTON-BLACK-7
4091,3165,,8.1000,0.0000,1.0000,2394,9587,,,FeatherTop Extra Wide Cotton Socks,FEATHERTOP.COTTON-BLACK-S
4092,3165,,8.1000,0.0000,1.0000,2394,9589,,,FeatherTop Extra Wide Cotton Socks,FEATHERTOP.COTTON-BLACK-M
4093,3165,,8.1000,0.0000,1.0000,2394,9591,,,FeatherTop Extra Wide Cotton Socks,FEATHERTOP.COTTON-OATMEAL-M
4094,3165,,8.1000,0.0000,1.0000,2394,9593,,,FeatherTop Extra Wide Cotton Socks,FEATHERTOP.COTTON-ROSE.LILAC-M
4095,3166,,21.6400,0.0000,1.0000,1015,9581,,,Sadie Ladies Extra Wide Slippers,SADIE-GREY.FERN-5
4096,3166,,8.1000,0.0000,2.0000,2394,9583,,,FeatherTop Extra Wide Cotton Socks,FEATHERTOP.COTTON-ROSE.LILAC-M
4097,3166,,8.1000,0.0000,1.0000,2394,9585,,,FeatherTop Extra Wide Cotton Socks,FEATHERTOP.COTTON-OATMEAL-M
4098,3167,,23.2500,0.0000,1.0000,958,9595,,,Mary Ladies Extra Wide House Shoe,MARY-NAVY-4
4099,3168,,42.7300,0.0000,1.0000,2129,9597,,,Fenwick Ladies Extra Wide Shoe,FENWICK-BLK.PAT-6.5
4100,3169,,5.9300,0.0000,1.0000,2422,9599,,,FeatherTop Extra Wide Cushioned Socks,FEATHERTOP.CUSHIONED-BLACK-L
4101,3170,,26.1000,0.0000,1.0000,1137,9601,,,Wendy Ladies Extra Wide Open-Flat Slipper,WENDY-NAVY.COMB-6
4102,3171,,20.4000,0.0000,1.0000,1437,9603,,,Gary Men's Extra Wide Bootie Slipper,GARY-NAVY.CHEV-10
4103,3172,,23.2500,0.0000,1.0000,958,9605,,,Mary Ladies Extra Wide House Shoe,MARY-NAVY-3
4104,3173,,40.3500,0.0000,1.0000,1306,9607,,,Nathan Men's Ultra Wide Sandal,NATHAN-BROWN-10
4105,3174,,5.9300,0.0000,3.0000,2422,9429,,,FeatherTop Extra Wide Cushioned Socks,FEATHERTOP.CUSHIONED-NAVY-M
4106,3175,,50.3500,0.0000,1.0000,663,9609,,,Fargo Ladies Extra Wide Shoe,FARGO-BLK.PRINT-5
4107,3175,,50.3500,0.0000,1.0000,663,9611,,,Fargo Ladies Extra Wide Shoe,FARGO-BLK.PRINT-7
4108,3176,,19.9300,0.0000,1.0000,1023,9619,,,Selina Ladies Extra Wide Slipper,SELINA-NAVY.SPARK-6
4109,3177,,19.9300,0.0000,1.0000,1023,9613,,,Selina Ladies Extra Wide Slipper,SELINA-BLK.SPARK-3
4110,3178,,40.3500,0.0000,1.0000,1768,9617,,,Carrie Ladies Ultra Wide Sandal,CARRIE-ROYAL.FL-6
4111,3179,,19.2400,0.0000,1.0000,1091,9615,,,Sophie Ladies Extra Wide Slipper,SOPHIE-GREY.HEART-8
4112,3180,,22.7200,0.0000,1.0000,1174,9621,,,Val Ladies Extra Wide Bootie Slipper,VAL-BLACK-7
4113,3180,,7.1500,0.0000,1.0000,2727,9623,,,FeatherTop Extra Wide Gripped Socks,FEATHERTOP.GRIPPED-NAVY-S
4114,3180,,7.1500,0.0000,1.0000,2727,9625,,,FeatherTop Extra Wide Gripped Socks,FEATHERTOP.GRIPPED-NAVY-M
4115,3180,,7.1500,0.0000,1.0000,2727,9627,,,FeatherTop Extra Wide Gripped Socks,FEATHERTOP.GRIPPED-NAVY-L
4116,3181,,23.2500,0.0000,1.0000,958,9629,,,Mary Ladies Extra Wide House Shoe,MARY-NAVY-7
4117,3181,,23.2500,0.0000,1.0000,958,9631,,,Mary Ladies Extra Wide House Shoe,MARY-NAVY-8
4118,3182,,8.1000,0.0000,1.0000,2394,9633,,,FeatherTop Extra Wide Cotton Socks,FEATHERTOP.COTTON-BLACK-L
4119,3182,,8.1000,0.0000,1.0000,2394,9635,,,FeatherTop Extra Wide Cotton Socks,FEATHERTOP.COTTON-GREY-L
4120,3182,,8.1000,0.0000,1.0000,2394,9637,,,FeatherTop Extra Wide Cotton Socks,FEATHERTOP.COTTON-NAVY-L
4121,3182,,8.1000,0.0000,1.0000,2394,9639,,,FeatherTop Extra Wide Cotton Socks,FEATHERTOP.COTTON-NAVY-M
4122,3183,,26.1000,0.0000,1.0000,1137,9641,,,Wendy Ladies Extra Wide Open-Flat Slipper,WENDY-NAVY.COMB-6
4123,3184,,8.1000,0.0000,1.0000,2394,9643,,,FeatherTop Extra Wide Cotton Socks,FEATHERTOP.COTTON-OATMEAL-M
4124,3184,,8.1000,0.0000,1.0000,2394,9645,,,FeatherTop Extra Wide Cotton Socks,FEATHERTOP.COTTON-NAVY-M
4125,3184,,8.1000,0.0000,1.0000,2394,9647,,,FeatherTop Extra Wide Cotton Socks,FEATHERTOP.COTTON-ROSE.LILAC-M
4126,3185,,52.5100,0.0000,1.0000,2747,9649,,,Troy Men's Twin Strap Extra Wide Shoe,TROY-NAVY/BROWN-9
4127,3185,,48.7200,0.0000,1.0000,2129,9651,,,Fenwick Ladies Extra Wide Shoe,FENWICK-GREY.MOSIC-7
4128,3185,,21.6400,0.0000,1.0000,973,9653,,,Tracy Ladies Extra Wide Canvas,TRACY-DENIM-7
4129,3185,,8.1000,0.0000,3.0000,2394,9655,,,FeatherTop Extra Wide Cotton Socks,FEATHERTOP.COTTON-BLACK-L
4130,3186,,19.9300,0.0000,1.0000,1023,9657,,,Selina Ladies Extra Wide Slipper,SELINA-BLK.SPARK-6
4131,3187,,26.1000,0.0000,1.0000,1137,9661,,,Wendy Ladies Extra Wide Open-Flat Slipper,WENDY-WINE.SWIRL-4
4132,3187,,8.1000,0.0000,1.0000,2394,9663,,,FeatherTop Extra Wide Cotton Socks,FEATHERTOP.COTTON-ROSE.LILAC-S
4133,3188,,42.7300,0.0000,1.0000,1504,9659,,,Easham Ladies Extra Wide Shoe,EASHAM-BLACK-8
4134,3189,,19.2400,0.0000,1.0000,1091,9665,,,Sophie Ladies Extra Wide Slipper,SOPHIE-NAVY.SPOT-8
4135,3189,,19.2400,0.0000,1.0000,1091,9667,,,Sophie Ladies Extra Wide Slipper,SOPHIE-WINE.SWIRL-8
4136,3190,,19.2400,0.0000,1.0000,1091,9669,,,Sophie Ladies Extra Wide Slipper,SOPHIE-GREY.HEART-3
4137,3191,,5.9300,0.0000,1.0000,2422,9671,,,FeatherTop Extra Wide Cushioned Socks,FEATHERTOP.CUSHIONED-NAVY-L
4138,3191,,5.9300,0.0000,1.0000,2422,9673,,,FeatherTop Extra Wide Cushioned Socks,FEATHERTOP.CUSHIONED-OATMEAL-L
4139,3192,,8.1000,0.0000,1.0000,2394,9675,,,FeatherTop Extra Wide Cotton Socks,FEATHERTOP.COTTON-BLACK-L
4140,3192,,8.1000,0.0000,1.0000,2394,9677,,,FeatherTop Extra Wide Cotton Socks,FEATHERTOP.COTTON-NAVY-L
4141,3192,,8.1000,0.0000,1.0000,2394,9679,,,FeatherTop Extra Wide Cotton Socks,FEATHERTOP.COTTON-GREY-L
4142,3192,,8.1000,0.0000,1.0000,2394,9681,,,FeatherTop Extra Wide Cotton Socks,FEATHERTOP.COTTON-BLACK-S
4143,3193,,8.1000,0.0000,2.0000,2394,9685,,,FeatherTop Extra Wide Cotton Socks,FEATHERTOP.COTTON-OATMEAL-L
4144,3193,,8.1000,0.0000,1.0000,2394,9687,,,FeatherTop Extra Wide Cotton Socks,FEATHERTOP.COTTON-BLACK-L
4145,3194,,19.2400,0.0000,1.0000,1091,9683,,,Sophie Ladies Extra Wide Slipper,SOPHIE-NAVY-7
4146,3195,,48.7200,0.0000,1.0000,2129,9689,,,Fenwick Ladies Extra Wide Shoe,FENWICK-GREY.MOSIC-6.5
4147,3195,,48.7200,0.0000,1.0000,2129,9691,,,Fenwick Ladies Extra Wide Shoe,FENWICK-BLK.PAT-6.5
4148,3196,,29.7600,0.0000,1.0000,2756,9693,,,Sam Unisex Extra Wide Stretch Slipper,SAM-BLACK-4
4149,3196,,29.7600,0.0000,1.0000,2756,9695,,,Sam Unisex Extra Wide Stretch Slipper,SAM-BLACK-6
4150,3196,,29.7600,0.0000,1.0000,2756,9697,,,Sam Unisex Extra Wide Stretch Slipper,SAM-BLACK-9
4151,3197,,26.1000,0.0000,1.0000,2756,9699,,,Sam Unisex Extra Wide Stretch Slipper,SAM-BLACK-11
4152,3198,,19.2400,0.0000,1.0000,1091,9713,,,Sophie Ladies Extra Wide Slipper,SOPHIE-GREY.HEART-6
4153,3199,,50.3500,0.0000,1.0000,1378,9703,,,Travis Men's Extra Wide Stretch Shoe,TRAVIS-BLACK-13
4154,3199,,29.7600,0.0000,1.0000,1137,9705,,,Wendy Ladies Extra Wide Open-Flat Slipper,WENDY-WINE.SWIRL-8
4155,3199,,9.1800,0.0000,1.0000,2409,9707,,,FeatherTop Extra Wide Wool Socks,FEATHERTOP.WOOL-BLACK-L
4156,3199,,9.1800,0.0000,1.0000,2409,9709,,,FeatherTop Extra Wide Wool Socks,FEATHERTOP.WOOL-BLACK-M
4157,3199,,7.0100,0.0000,2.0000,2009,9711,,,Naples Disabled Badge Holder,NAPLES-BROWN
4158,3200,,48.7200,0.0000,1.0000,265,9715,,,Filton Ladies Extra Wide Shoe,FILTON-RED.BUR.PA-5
4159,3201,,26.1000,0.0000,1.0000,1137,9717,,,Wendy Ladies Extra Wide Open-Flat Slipper,WENDY-WINE.SWIRL-6
4160,3201,,26.1000,0.0000,1.0000,1137,9719,,,Wendy Ladies Extra Wide Open-Flat Slipper,WENDY-NAVY.COMB-6
4161,3202,,19.2400,0.0000,1.0000,1091,9721,,,Sophie Ladies Extra Wide Slipper,SOPHIE-GREY.HEART-6
4162,3203,,27.4700,0.0000,1.0000,1137,9723,,,Wendy Ladies Extra Wide Open-Flat Slipper,WENDY-BLK.SWIRL-7
4163,3203,,24.4700,0.0000,1.0000,958,9725,,,Mary Ladies Extra Wide House Shoe,MARY-NAVY-7
4164,3203,,20.2500,0.0000,1.0000,1091,9727,,,Sophie Ladies Extra Wide Slipper,SOPHIE-GREY.HEART-5
4165,3204,,20.4000,0.0000,1.0000,927,9729,,,Sue Ladies Extra Wide House Shoe,SUE-BLK.MET-6
4166,3205,,20.4000,0.0000,1.0000,1629,9731,,,Vera Ladies Extra Wide Bootie Slipper,VERA-CHAR.POLKA-7
4167,3206,,54.1400,0.0000,1.0000,1332,9733,,,Tully Men's Extra Wide Shoe,TULLY-BROWN-10.5
4168,3207,,19.2400,0.0000,1.0000,1091,9735,,,Sophie Ladies Extra Wide Slipper,SOPHIE-GREY.HEART-8
4169,3208,,19.2400,0.0000,1.0000,1424,9737,,,Steve Men's Extra Wide Slipper,STEVE-NAVY.CHEV-8
4170,3208,,19.2400,0.0000,1.0000,1424,9739,,,Steve Men's Extra Wide Slipper,STEVE-GREY.CHEV-8
4171,3209,,50.3500,0.0000,1.0000,1521,9741,,,Farden Ladies Extra Wide Shoe,FARDEN-BLACK-5
4172,3209,,46.0100,0.0000,1.0000,733,9743,,,Wardale Ladies Extra Wide Shoe,WARDALE-BLACK-5
4173,3210,,50.3500,0.0000,1.0000,1521,9741,,,Farden Ladies Extra Wide Shoe,FARDEN-BLACK-5
4174,3210,,46.0100,0.0000,1.0000,733,9743,,,Wardale Ladies Extra Wide Shoe,WARDALE-BLACK-5
4175,3211,,19.2400,0.0000,1.0000,1424,9747,,,Steve Men's Extra Wide Slipper,STEVE-GREY.CHEV-13
4176,3211,,19.2400,0.0000,1.0000,1424,9749,,,Steve Men's Extra Wide Slipper,STEVE-NAVY.CHEV-13
4177,3212,,19.2400,0.0000,1.0000,1091,9745,,,Sophie Ladies Extra Wide Slipper,SOPHIE-GREY.HEART-5
4178,3213,,19.2400,0.0000,1.0000,1424,9751,,,Steve Men's Extra Wide Slipper,STEVE-GREY.CHEV-6
4179,3214,,18.9800,0.0000,1.0000,2012,9755,,,Doreen Ladies Ultra Wide Slipper,DOREEN-WINE-7
4180,3215,,48.7200,0.0000,1.0000,2129,9757,,,Fenwick Ladies Extra Wide Shoe,FENWICK-GREY.PAT-4
4181,3216,,40.3500,0.0000,1.0000,2704,9759,,,Chloe Ladies Ultra Wide Sandal,CHLOE-SANDY-3
4182,3216,,41.7800,0.0000,1.0000,787,9761,,,Welland Ladies Extra Wide Shoe,WELLAND-IVORY-3
4183,3216,,40.3500,0.0000,1.0000,733,9763,,,Wardale Ladies Extra Wide Shoe,WARDALE-BLACK-3
4184,3216,,44.1500,0.0000,1.0000,1521,9765,,,Farden Ladies Extra Wide Shoe,FARDEN-BLACK-3
4185,3217,,19.2400,0.0000,1.0000,1424,9767,,,Steve Men's Extra Wide Slipper,STEVE-GREY.CHEV-12
4186,3218,,18.9800,0.0000,1.0000,942,9769,,,Dora Ladies Ultra Wide Canvas Sandal,DORA-DENIM-9
4187,3219,,18.9800,0.0000,1.0000,942,9771,,,Dora Ladies Ultra Wide Canvas Sandal,DORA-BEIGE-6
4188,3220,,29.7600,0.0000,1.0000,1137,9781,,,Wendy Ladies Extra Wide Open-Flat Slipper,WENDY-WINE.SWIRL-5
4189,3220,,29.7600,0.0000,1.0000,1137,9783,,,Wendy Ladies Extra Wide Open-Flat Slipper,WENDY-BLK.SWIRL-5
4190,3221,,26.5100,0.0000,1.0000,958,9773,,,Mary Ladies Extra Wide House Shoe,MARY-NAVY-3
4191,3221,,26.5100,0.0000,1.0000,958,9775,,,Mary Ladies Extra Wide House Shoe,MARY-NAVY-4
4192,3221,,26.5100,0.0000,1.0000,958,9777,,,Mary Ladies Extra Wide House Shoe,MARY-NAVY-8
4193,3221,,26.5100,0.0000,1.0000,958,9779,,,Mary Ladies Extra Wide House Shoe,MARY-NAVY-7
4194,3222,,19.2400,0.0000,1.0000,1091,9785,,,Sophie Ladies Extra Wide Slipper,SOPHIE-GREY.HEART-4
4195,3223,,18.9800,0.0000,1.0000,942,9787,,,Dora Ladies Ultra Wide Canvas Sandal,DORA-BEIGE-8
4196,3224,,19.2400,0.0000,1.0000,1091,9789,,,Sophie Ladies Extra Wide Slipper,SOPHIE-NAVY-4
4197,3225,,18.9800,0.0000,1.0000,973,9791,,,Tracy Ladies Extra Wide Canvas,TRACY-DENIM-5
4198,3226,,9.1800,0.0000,1.0000,2409,9793,,,FeatherTop Extra Wide Wool Socks,FEATHERTOP.WOOL-BLACK-L
4199,3226,,9.1800,0.0000,1.0000,2409,9795,,,FeatherTop Extra Wide Wool Socks,FEATHERTOP.WOOL-NAVY-L
4200,3226,,8.1000,0.0000,1.0000,2394,9797,,,FeatherTop Extra Wide Cotton Socks,FEATHERTOP.COTTON-BLACK-M
4201,3226,,8.1000,0.0000,1.0000,2394,9799,,,FeatherTop Extra Wide Cotton Socks,FEATHERTOP.COTTON-NAVY-M
4202,3226,,8.1000,0.0000,1.0000,2394,9801,,,FeatherTop Extra Wide Cotton Socks,FEATHERTOP.COTTON-GREY-L
4203,3226,,8.1000,0.0000,1.0000,2394,9803,,,FeatherTop Extra Wide Cotton Socks,FEATHERTOP.COTTON-BLACK-L
4204,3227,,20.4000,0.0000,1.0000,1437,9807,,,Gary Men's Extra Wide Bootie Slipper,GARY-GREY.CHEV-9
4205,3227,,20.4000,0.0000,1.0000,1437,9809,,,Gary Men's Extra Wide Bootie Slipper,GARY-NAVY.CHEV-9
4206,3228,,18.9800,0.0000,1.0000,973,9811,,,Tracy Ladies Extra Wide Canvas,TRACY-BEIGE-5
4207,3229,,48.7200,0.0000,1.0000,348,9813,,,Falmer Ladies Extra Wide Shoe,FALMER-BLK.PRINT-5
4208,3230,,18.9800,0.0000,1.0000,1015,9815,,,Sadie Ladies Extra Wide Slippers,SADIE-WINE.FERN-5
4209,3231,,23.2500,0.0000,1.0000,958,9817,,,Mary Ladies Extra Wide House Shoe,MARY-NAVY-6
4210,3232,,23.2500,0.0000,1.0000,958,9819,,,Mary Ladies Extra Wide House Shoe,MARY-NAVY-4
4211,3232,,47.4800,0.0000,1.0000,898,9821,,,Barla Ladies Extra Wide Boot,BARLA-BLACK-4
4212,3233,,18.9800,0.0000,1.0000,942,9823,,,Dora Ladies Ultra Wide Canvas Sandal,DORA-BEIGE-6
4213,3234,,42.7300,0.0000,1.0000,348,9825,,,Falmer Ladies Extra Wide Shoe,FALMER-PLAT.FL-7
4214,3235,,21.6400,0.0000,1.0000,2012,9827,,,Doreen Ladies Ultra Wide Slipper,DOREEN-WINE-8
4215,3235,,9.1800,0.0000,1.0000,2409,9829,,,FeatherTop Extra Wide Wool Socks,FEATHERTOP.WOOL-NAVY-L
4216,3235,,9.1800,0.0000,1.0000,2409,9831,,,FeatherTop Extra Wide Wool Socks,FEATHERTOP.WOOL-NAVY-M
4217,3235,,8.1000,0.0000,4.0000,2394,9833,,,FeatherTop Extra Wide Cotton Socks,FEATHERTOP.COTTON-BLACK-L
4218,3235,,8.1000,0.0000,2.0000,2394,9835,,,FeatherTop Extra Wide Cotton Socks,FEATHERTOP.COTTON-BLACK-M
4219,3235,,8.1000,0.0000,1.0000,2394,9837,,,FeatherTop Extra Wide Cotton Socks,FEATHERTOP.COTTON-NAVY-M
4220,3236,,54.1400,0.0000,1.0000,898,9839,,,Barla Ladies Extra Wide Boot,BARLA-RED-5
4221,3236,,54.1400,0.0000,1.0000,898,9841,,,Barla Ladies Extra Wide Boot,BARLA-RED-6
4222,3237,,19.2400,0.0000,1.0000,1424,9849,,,Steve Men's Extra Wide Slipper,STEVE-NAVY.CHEV-10
4223,3238,,26.1000,0.0000,1.0000,1137,9843,,,Wendy Ladies Extra Wide Open-Flat Slipper,WENDY-NAVY.COMB-5
4224,3239,,19.2400,0.0000,1.0000,1091,9845,,,Sophie Ladies Extra Wide Slipper,SOPHIE-GREY.HEART-6
4225,3240,,18.9800,0.0000,1.0000,942,9847,,,Dora Ladies Ultra Wide Canvas Sandal,DORA-DENIM-3
4226,3241,,19.2400,0.0000,1.0000,1091,9851,,,Sophie Ladies Extra Wide Slipper,SOPHIE-BEI.COMB-3
4227,3242,,38.9300,0.0000,1.0000,1726,9853,,,Cheryl Ladies Ultra Wide Sandal,CHERYL-PLAT.FL-8
4228,3243,,42.7300,0.0000,1.0000,1504,9867,,,Easham Ladies Extra Wide Shoe,EASHAM-BLACK-7
4229,3243,,5.9300,0.0000,1.0000,2422,9869,,,FeatherTop Extra Wide Cushioned Socks,FEATHERTOP.CUSHIONED-NAVY-M
4230,3244,,26.1000,0.0000,1.0000,1487,9861,,,Walter Men's Extra Wide Open Flat Slipper,WALTER-BLACK-10
4231,3245,,26.1000,0.0000,1.0000,1415,9863,,,Sven Men's Extra Wide Slipper,SVEN-BLACK-10
4232,3246,,42.7300,0.0000,1.0000,2129,9865,,,Fenwick Ladies Extra Wide Shoe,FENWICK-NAVY-7
4233,3247,,38.9300,0.0000,1.0000,1726,9855,,,Cheryl Ladies Ultra Wide Sandal,CHERYL-NAVY-4
4234,3248,,41.3000,0.0000,1.0000,834,9857,,,Walmer Ladies Extra Wide Stretch Shoe,WALMER-BLACK-8
4235,3249,,23.2500,0.0000,1.0000,958,9871,,,Mary Ladies Extra Wide House Shoe,MARY-NAVY-6
4236,3250,,18.9800,0.0000,1.0000,2012,9877,,,Doreen Ladies Ultra Wide Slipper,DOREEN-WINE-6
4237,3251,,26.1000,0.0000,1.0000,1487,9879,,,Walter Men's Extra Wide Open Flat Slipper,WALTER-BLACK-11
4238,3252,,19.2400,0.0000,1.0000,1424,9881,,,Steve Men's Extra Wide Slipper,STEVE-NAVY.CHEV-12
4239,3253,,20.4000,0.0000,1.0000,1437,9883,,,Gary Men's Extra Wide Bootie Slipper,GARY-NAVY.CHEV-11
4240,3253,,20.4000,0.0000,1.0000,1437,9885,,,Gary Men's Extra Wide Bootie Slipper,GARY-NAVY.CHEV-12
4241,3253,,19.2400,0.0000,1.0000,1424,9887,,,Steve Men's Extra Wide Slipper,STEVE-NAVY.CHEV-11
4242,3253,,8.1000,0.0000,1.0000,2394,9889,,,FeatherTop Extra Wide Cotton Socks,FEATHERTOP.COTTON-BLACK-L
4243,3254,,18.9800,0.0000,1.0000,942,9891,,,Dora Ladies Ultra Wide Canvas Sandal,DORA-BEIGE-4
4244,3255,,19.2400,0.0000,1.0000,1091,9893,,,Sophie Ladies Extra Wide Slipper,SOPHIE-NAVY.SPARK-9
4245,3255,,40.3500,0.0000,1.0000,806,9895,,,Welton Ladies Extra Wide Shoe,WELTON-RED-8
4246,3256,,26.1000,0.0000,1.0000,2756,9897,,,Sam Unisex Extra Wide Stretch Slipper,SAM-BLACK-3
4247,3257,,47.1000,0.0000,1.0000,834,9899,,,Walmer Ladies Extra Wide Stretch Shoe,WALMER-NAVY-5
4248,3258,,48.7200,0.0000,1.0000,694,9901,,,Forton Ladies Extra Wide Shoe,FORTON-NAVY.PRI-6.5
4249,3258,,48.7200,0.0000,1.0000,694,9903,,,Forton Ladies Extra Wide Shoe,FORTON-NAVY.PRI-7
4250,3259,,18.9800,0.0000,1.0000,942,9915,,,Dora Ladies Ultra Wide Canvas Sandal,DORA-BEIGE-8
4251,3260,,42.7300,0.0000,1.0000,265,9911,,,Filton Ladies Extra Wide Shoe,FILTON-RED.BUR.PA-6
4252,3261,,26.1000,0.0000,1.0000,1487,9905,,,Walter Men's Extra Wide Open Flat Slipper,WALTER-BLACK-11
4253,3262,,47.4800,0.0000,1.0000,912,9913,,,Bolton Ladies Extra Wide Boot,BOLTON-BLACK-5
4254,3263,,19.9300,0.0000,1.0000,1174,9907,,,Val Ladies Extra Wide Bootie Slipper,VAL-BLACK-6
4255,3264,,19.2400,0.0000,1.0000,1091,9909,,,Sophie Ladies Extra Wide Slipper,SOPHIE-NAVY-6
4256,3265,,50.3500,0.0000,1.0000,1378,9925,,,Travis Men's Extra Wide Stretch Shoe,TRAVIS-BLACK-6
4257,3265,,8.1000,0.0000,2.0000,2394,9927,,,FeatherTop Extra Wide Cotton Socks,FEATHERTOP.COTTON-ROSE.LILAC-S
4258,3265,,8.1000,0.0000,1.0000,2394,9929,,,FeatherTop Extra Wide Cotton Socks,FEATHERTOP.COTTON-ROSE.LILAC-M
4259,3266,,54.1400,0.0000,1.0000,1342,9917,,,Percy Men's Extra Wide Deck Shoe,PERCY-NAVY/BROWN-11
4260,3266,,50.3500,0.0000,1.0000,1378,9919,,,Travis Men's Extra Wide Stretch Shoe,TRAVIS-BLACK-11
4261,3266,,54.1400,0.0000,1.0000,1332,9921,,,Tully Men's Extra Wide Shoe,TULLY-NAVY/BROWN-11
4262,3266,,7.1500,0.0000,4.0000,2727,9923,,,FeatherTop Extra Wide Gripped Socks,FEATHERTOP.GRIPPED-NAVY-S
4263,3267,,19.2400,0.0000,1.0000,1091,9931,,,Sophie Ladies Extra Wide Slipper,SOPHIE-GREY.HEART-5
4264,3268,,41.3000,0.0000,1.0000,834,9933,,,Walmer Ladies Extra Wide Stretch Shoe,WALMER-NAVY-5
4265,3269,,49.9700,0.0000,1.0000,883,9935,,,Bali Ladies Extra Wide Boot,BALI-GREY.PRI-5
4266,3269,,20.2500,0.0000,1.0000,1091,9937,,,Sophie Ladies Extra Wide Slipper,SOPHIE-GREY.HEART-5
4267,3270,,19.9300,0.0000,1.0000,1174,9939,,,Val Ladies Extra Wide Bootie Slipper,VAL-BLACK-3
4268,3271,,26.1000,0.0000,1.0000,1487,9941,,,Walter Men's Extra Wide Open Flat Slipper,WALTER-BROWN-11
4269,3272,,18.9800,0.0000,1.0000,2012,9943,,,Doreen Ladies Ultra Wide Slipper,DOREEN-WINE-6
4270,3273,,42.7300,0.0000,1.0000,2129,9949,,,Fenwick Ladies Extra Wide Shoe,FENWICK-NAVY-4
4271,3274,,20.4000,0.0000,1.0000,927,9951,,,Sue Ladies Extra Wide House Shoe,SUE-BLK.MET-6
4272,3275,,18.9800,0.0000,1.0000,2012,9953,,,Doreen Ladies Ultra Wide Slipper,DOREEN-WINE-7
4273,3276,,48.7200,0.0000,1.0000,2759,9957,,,Bella Ladies 4E Shoe,BELLA-SANDY-6.5
4274,3276,,21.6400,0.0000,1.0000,1015,9959,,,Sadie Ladies Extra Wide Slippers,SADIE-WINE.FERN-7
4275,3276,,5.9300,0.0000,2.0000,2422,9961,,,FeatherTop Extra Wide Cushioned Socks,FEATHERTOP.CUSHIONED-GREY-L
4276,3276,,5.9300,0.0000,1.0000,2422,9963,,,FeatherTop Extra Wide Cushioned Socks,FEATHERTOP.CUSHIONED-GREY-M
4277,3276,,5.9300,0.0000,1.0000,2422,9965,,,FeatherTop Extra Wide Cushioned Socks,FEATHERTOP.CUSHIONED-GREY-S
4278,3277,,18.9800,0.0000,1.0000,1015,9967,,,Sadie Ladies Extra Wide Slippers,SADIE-WINE.FERN-7
4279,3278,,19.9300,0.0000,1.0000,1023,9969,,,Selina Ladies Extra Wide Slipper,SELINA-BLK.SPARK-8
4280,3279,,18.9800,0.0000,1.0000,2012,9971,,,Doreen Ladies Ultra Wide Slipper,DOREEN-WINE-5
4281,3280,,44.1500,0.0000,1.0000,663,9973,,,Fargo Ladies Extra Wide Shoe,FARGO-BLK.PRINT-5
4282,3281,,18.9800,0.0000,1.0000,942,9985,,,Dora Ladies Ultra Wide Canvas Sandal,DORA-DENIM-5
4283,3281,,19.9300,0.0000,1.0000,1174,9987,,,Val Ladies Extra Wide Bootie Slipper,VAL-NAVY-5
4284,3282,,46.0100,0.0000,1.0000,2704,9975,,,Chloe Ladies Ultra Wide Sandal,CHLOE-LILAC-8
4285,3282,,47.1000,0.0000,1.0000,834,9977,,,Walmer Ladies Extra Wide Stretch Shoe,WALMER-BLACK-4
4286,3282,,47.1000,0.0000,1.0000,834,9979,,,Walmer Ladies Extra Wide Stretch Shoe,WALMER-BLACK-6
4287,3282,,47.1000,0.0000,1.0000,834,9981,,,Walmer Ladies Extra Wide Stretch Shoe,WALMER-NAVY-5
4288,3282,,48.7200,0.0000,1.0000,265,9983,,,Filton Ladies Extra Wide Shoe,FILTON-ROYAL.FL-7
4289,3283,,5.9300,0.0000,1.0000,2422,9989,,,FeatherTop Extra Wide Cushioned Socks,FEATHERTOP.CUSHIONED-BLACK-L
4290,3283,,5.9300,0.0000,2.0000,2422,9991,,,FeatherTop Extra Wide Cushioned Socks,FEATHERTOP.CUSHIONED-GREY-L
4291,3283,,5.9300,0.0000,1.0000,2422,9993,,,FeatherTop Extra Wide Cushioned Socks,FEATHERTOP.CUSHIONED-NAVY-L
4292,3283,,5.9300,0.0000,2.0000,2422,9995,,,FeatherTop Extra Wide Cushioned Socks,FEATHERTOP.CUSHIONED-OATMEAL-L
4293,3283,,8.1000,0.0000,1.0000,2394,9997,,,FeatherTop Extra Wide Cotton Socks,FEATHERTOP.COTTON-NAVY-L
4294,3283,,8.1000,0.0000,1.0000,2394,9999,,,FeatherTop Extra Wide Cotton Socks,FEATHERTOP.COTTON-OATMEAL-L
4295,3284,,19.2400,0.0000,1.0000,1424,10001,,,Steve Men's Extra Wide Slipper,STEVE-GREY.CHEV-13
4296,3285,,38.9300,0.0000,1.0000,1726,10003,,,Cheryl Ladies Ultra Wide Sandal,CHERYL-BLK.PAT-5
4297,3286,,40.3500,0.0000,1.0000,1768,10005,,,Carrie Ladies Ultra Wide Sandal,CARRIE-ROYAL.FL-8
4298,3287,,19.2400,0.0000,1.0000,1091,10007,,,Sophie Ladies Extra Wide Slipper,SOPHIE-NAVY.SPARK-3
4299,3288,,19.2400,0.0000,1.0000,1091,10009,,,Sophie Ladies Extra Wide Slipper,SOPHIE-NAVY.SPARK-5
4300,3289,,27.0600,0.0000,2.0000,1159,10021,,,Wyn Ladies Extra Wide Open-Flat Slipper,WYN-NAVY.SPARK-5
4301,3290,,26.1000,0.0000,1.0000,1487,10019,,,Walter Men's Extra Wide Open Flat Slipper,WALTER-BLACK-9
4302,3291,,40.3500,0.0000,1.0000,1306,10017,,,Nathan Men's Ultra Wide Sandal,NATHAN-BROWN-8
4303,3292,,48.7200,0.0000,1.0000,348,10023,,,Falmer Ladies Extra Wide Shoe,FALMER-BLK.PRINT-5
4304,3292,,48.7200,0.0000,1.0000,875,10025,,,Zinder Ladies Ultra Wide Shoe,ZINDER-BLACK-5
4305,3292,,48.7200,0.0000,1.0000,1504,10027,,,Easham Ladies Extra Wide Shoe,EASHAM-BLACK-6
4306,3293,,8.1000,0.0000,1.0000,2394,10029,,,FeatherTop Extra Wide Cotton Socks,FEATHERTOP.COTTON-BLACK-M
4307,3293,,29.7600,0.0000,1.0000,1415,10031,,,Sven Men's Extra Wide Slipper,SVEN-BLACK-10
4308,3293,,21.9400,0.0000,1.0000,1091,10033,,,Sophie Ladies Extra Wide Slipper,SOPHIE-GREY.HEART-6
4309,3294,,46.0100,0.0000,1.0000,2704,10035,,,Chloe Ladies Ultra Wide Sandal,CHLOE-LILAC-7
4310,3294,,46.0100,0.0000,1.0000,2704,10037,,,Chloe Ladies Ultra Wide Sandal,CHLOE-SANDY-7
4311,3294,,26.5100,0.0000,1.0000,958,10039,,,Mary Ladies Extra Wide House Shoe,MARY-NAVY-4
4312,3294,,26.5100,0.0000,1.0000,958,10041,,,Mary Ladies Extra Wide House Shoe,MARY-NAVY-8
4313,3294,,7.1500,0.0000,1.0000,2727,10043,,,FeatherTop Extra Wide Gripped Socks,FEATHERTOP.GRIPPED-NAVY-S
4314,3294,,5.9300,0.0000,1.0000,2422,10045,,,FeatherTop Extra Wide Cushioned Socks,FEATHERTOP.CUSHIONED-NAVY-L
4315,3295,,23.2600,0.0000,1.0000,1437,10049,,,Gary Men's Extra Wide Bootie Slipper,GARY-GREY.CHEV-11
4316,3295,,29.7600,0.0000,1.0000,1137,10051,,,Wendy Ladies Extra Wide Open-Flat Slipper,WENDY-BLK.SWIRL-5
4317,3296,,42.7300,0.0000,1.0000,265,10047,,,Filton Ladies Extra Wide Shoe,FILTON-BLACK-4
4318,3297,,47.1000,0.0000,1.0000,849,10053,,,Walford Ladies Extra Wide Stretch Shoe,WALFORD-BLACK-6
4319,3298,,20.4000,0.0000,1.0000,1437,10055,,,Gary Men's Extra Wide Bootie Slipper,GARY-GREY.CHEV-9
4320,3299,,42.7300,0.0000,1.0000,694,10057,,,Forton Ladies Extra Wide Shoe,FORTON-NAVY.PRI-5
4321,3299,,42.7300,0.0000,1.0000,2129,10059,,,Fenwick Ladies Extra Wide Shoe,FENWICK-CHER.PRI-5
4322,3300,,19.2400,0.0000,1.0000,1424,10061,,,Steve Men's Extra Wide Slipper,STEVE-GREY.CHEV-9
4323,3301,,38.9300,0.0000,1.0000,1726,9955,,,Cheryl Ladies Ultra Wide Sandal,CHERYL-PLAT.FL-7
4324,3302,,38.9300,0.0000,1.0000,1726,10013,,,Cheryl Ladies Ultra Wide Sandal,CHERYL-NAVY-9
4325,3303,,38.9300,0.0000,1.0000,1726,10015,,,Cheryl Ladies Ultra Wide Sandal,CHERYL-NAVY-6.5
4326,3304,,38.9300,0.0000,1.0000,1726,10063,,,Cheryl Ladies Ultra Wide Sandal,CHERYL-PLAT.FL-6
4327,3305,,38.9300,0.0000,1.0000,1726,10065,,,Cheryl Ladies Ultra Wide Sandal,CHERYL-NAVY-6
4328,3306,,18.9800,0.0000,1.0000,2012,10067,,,Doreen Ladies Ultra Wide Slipper,DOREEN-WINE-7
4329,3307,,42.7300,0.0000,1.0000,1504,10073,,,Easham Ladies Extra Wide Shoe,EASHAM-BLACK-4
4330,3308,,8.1000,0.0000,1.0000,2394,10075,,,FeatherTop Extra Wide Cotton Socks,FEATHERTOP.COTTON-NAVY-L
4331,3308,,26.5100,0.0000,1.0000,958,10077,,,Mary Ladies Extra Wide House Shoe,MARY-NAVY-7
4332,3308,,8.1000,0.0000,1.0000,2394,10079,,,FeatherTop Extra Wide Cotton Socks,FEATHERTOP.COTTON-OATMEAL-L
4333,3308,,5.9300,0.0000,1.0000,2422,10081,,,FeatherTop Extra Wide Cushioned Socks,FEATHERTOP.CUSHIONED-BLACK-L
4334,3308,,5.9300,0.0000,1.0000,2422,10083,,,FeatherTop Extra Wide Cushioned Socks,FEATHERTOP.CUSHIONED-NAVY-L
4335,3308,,47.6400,0.0000,1.0000,787,10085,,,Welland Ladies Extra Wide Shoe,WELLAND-TAN-7
4336,3308,,21.6400,0.0000,1.0000,973,10087,,,Tracy Ladies Extra Wide Canvas,TRACY-DENIM-7
4337,3308,,8.1000,0.0000,1.0000,2394,10089,,,FeatherTop Extra Wide Cotton Socks,FEATHERTOP.COTTON-BLACK-M
4338,3309,,41.3000,0.0000,1.0000,849,10091,,,Walford Ladies Extra Wide Stretch Shoe,WALFORD-BROWN-4
4339,3310,,54.1400,0.0000,1.0000,1332,10093,,,Tully Men's Extra Wide Shoe,TULLY-NAVY/BROWN-10
4340,3310,,8.1000,0.0000,1.0000,2394,10095,,,FeatherTop Extra Wide Cotton Socks,FEATHERTOP.COTTON-NAVY-L
4341,3310,,8.1000,0.0000,1.0000,2394,10097,,,FeatherTop Extra Wide Cotton Socks,FEATHERTOP.COTTON-NAVY-S
4342,3311,,40.3500,0.0000,1.0000,1306,10099,,,Nathan Men's Ultra Wide Sandal,NATHAN-BROWN-9
4343,3312,,18.9800,0.0000,1.0000,1015,10101,,,Sadie Ladies Extra Wide Slippers,SADIE-GREY.FERN-6
4344,3313,,46.0100,0.0000,1.0000,1768,10103,,,Carrie Ladies Ultra Wide Sandal,CARRIE-TAN-7
4345,3313,,46.0100,0.0000,1.0000,1768,10105,,,Carrie Ladies Ultra Wide Sandal,CARRIE-ROYAL.FL-7
4346,3314,,40.3500,0.0000,1.0000,733,10069,,,Wardale Ladies Extra Wide Shoe,WARDALE-BLACK-7
4347,3314,,26.1000,0.0000,1.0000,1137,10071,,,Wendy Ladies Extra Wide Open-Flat Slipper,WENDY-WINE.SWIRL-7
4348,3315,,42.7300,0.0000,1.0000,480,10107,,,Foxton Ladies Extra Wide Shoe,FOXTON-PEWTER-5
4349,3316,,20.4000,0.0000,1.0000,927,10109,,,Sue Ladies Extra Wide House Shoe,SUE-BLK.MET-6
4350,3316,,26.1000,0.0000,1.0000,1137,10111,,,Wendy Ladies Extra Wide Open-Flat Slipper,WENDY-BLK.SWIRL-6
4351,3317,,38.9300,0.0000,1.0000,1726,10113,,,Cheryl Ladies Ultra Wide Sandal,CHERYL-PLAT.FL-7
4352,3318,,19.2400,0.0000,1.0000,1091,10117,,,Sophie Ladies Extra Wide Slipper,SOPHIE-GREY.HEART-7
4353,3319,,26.1000,0.0000,1.0000,1415,10119,,,Sven Men's Extra Wide Slipper,SVEN-BLACK-9
4354,3320,,18.9800,0.0000,1.0000,942,10123,,,Dora Ladies Ultra Wide Canvas Sandal,DORA-BEIGE-9
4355,3321,,26.1000,0.0000,1.0000,1415,10125,,,Sven Men's Extra Wide Slipper,SVEN-BLACK-11
4356,3322,,20.4000,0.0000,1.0000,927,10127,,,Sue Ladies Extra Wide House Shoe,SUE-BLK.MET-7
4357,3323,,26.1000,0.0000,1.0000,1137,10129,,,Wendy Ladies Extra Wide Open-Flat Slipper,WENDY-BLK.SWIRL-7
4358,3324,,8.1000,0.0000,2.0000,2394,10141,,,FeatherTop Extra Wide Cotton Socks,FEATHERTOP.COTTON-GREY-L
4359,3324,,26.1000,0.0000,1.0000,1487,10143,,,Walter Men's Extra Wide Open Flat Slipper,WALTER-BLACK-9
4360,3325,,40.3500,0.0000,1.0000,1768,10145,,,Carrie Ladies Ultra Wide Sandal,CARRIE-TAN-3
4361,3326,,54.1500,0.0000,1.0000,2844,10147,,,Bertie Men's Extra Wide Boot,BERTIE-BROWN-9
4362,3326,,8.1000,0.0000,1.0000,2394,10149,,,FeatherTop Extra Wide Cotton Socks,FEATHERTOP.COTTON-BLACK-L
4363,3327,,38.9300,0.0000,1.0000,1726,10151,,,Cheryl Ladies Ultra Wide Sandal,CHERYL-NAVY-6.5
4364,3328,,20.4000,0.0000,1.0000,927,10153,,,Sue Ladies Extra Wide House Shoe,SUE-BEIGE.MET-5
4365,3329,,23.2500,0.0000,1.0000,958,10155,,,Mary Ladies Extra Wide House Shoe,MARY-NAVY-3
4366,3329,,41.3000,0.0000,1.0000,834,10157,,,Walmer Ladies Extra Wide Stretch Shoe,WALMER-BLACK-3
4367,3330,,18.9800,0.0000,1.0000,973,10159,,,Tracy Ladies Extra Wide Canvas,TRACY-BEIGE-7
4368,3331,,40.3500,0.0000,1.0000,1768,10167,,,Carrie Ladies Ultra Wide Sandal,CARRIE-ROYAL.FL-5
4369,3332,,40.3500,0.0000,1.0000,1768,10161,,,Carrie Ladies Ultra Wide Sandal,CARRIE-TAN-7
4370,3333,,26.1000,0.0000,1.0000,1487,10163,,,Walter Men's Extra Wide Open Flat Slipper,WALTER-BROWN-6
4371,3334,,20.4000,0.0000,1.0000,927,10165,,,Sue Ladies Extra Wide House Shoe,SUE-BLK.MET-8
4372,3335,,40.3500,0.0000,1.0000,1306,10011,,,Nathan Men's Ultra Wide Sandal,NATHAN-BROWN-12
4373,3336,,54.1500,0.0000,1.0000,2844,10169,,,Bertie Men's Extra Wide Boot,BERTIE-BROWN-8
4374,3336,,54.1500,0.0000,1.0000,2844,10171,,,Bertie Men's Extra Wide Boot,BERTIE-BROWN-9
4375,3336,,47.1000,0.0000,1.0000,834,10173,,,Walmer Ladies Extra Wide Stretch Shoe,WALMER-BLACK-5
4376,3337,,19.2400,0.0000,1.0000,1091,9805,,,Sophie Ladies Extra Wide Slipper,SOPHIE-NAVY-3
4377,3338,,18.9800,0.0000,1.0000,942,10175,,,Dora Ladies Ultra Wide Canvas Sandal,DORA-BEIGE-7
4378,3339,,46.0100,0.0000,1.0000,1306,10177,,,Nathan Men's Ultra Wide Sandal,NATHAN-BROWN-8
4379,3339,,46.0100,0.0000,1.0000,1306,10179,,,Nathan Men's Ultra Wide Sandal,NATHAN-BROWN-9
4380,3340,,26.1000,0.0000,1.0000,1415,10181,,,Sven Men's Extra Wide Slipper,SVEN-BLACK-8
4381,3341,,19.2400,0.0000,1.0000,1091,10183,,,Sophie Ladies Extra Wide Slipper,SOPHIE-GREY.HEART-5
4382,3342,,54.1400,0.0000,1.0000,1342,10185,,,Percy Men's Extra Wide Deck Shoe,PERCY-NAVY/BROWN-9.5
4383,3342,,54.1400,0.0000,1.0000,1342,10187,,,Percy Men's Extra Wide Deck Shoe,PERCY-BROWN-10
4384,3342,,54.1400,0.0000,1.0000,1332,10189,,,Tully Men's Extra Wide Shoe,TULLY-NAVY/BROWN-10
4385,3342,,48.7200,0.0000,1.0000,480,10191,,,Foxton Ladies Extra Wide Shoe,FOXTON-PEWTER-6
4386,3343,,47.4800,0.0000,1.0000,1332,10193,,,Tully Men's Extra Wide Shoe,TULLY-BROWN-10.5
4387,3344,,5.9300,0.0000,1.0000,2422,10195,,,FeatherTop Extra Wide Cushioned Socks,FEATHERTOP.CUSHIONED-BLACK-M
4388,3344,,5.9300,0.0000,1.0000,2422,10197,,,FeatherTop Extra Wide Cushioned Socks,FEATHERTOP.CUSHIONED-GREY-M
4389,3344,,5.9300,0.0000,1.0000,2422,10199,,,FeatherTop Extra Wide Cushioned Socks,FEATHERTOP.CUSHIONED-NAVY-M
4390,3344,,29.7600,0.0000,1.0000,1415,10201,,,Sven Men's Extra Wide Slipper,SVEN-BLACK-11
4391,3345,,19.2400,0.0000,1.0000,1091,10203,,,Sophie Ladies Extra Wide Slipper,SOPHIE-WINE.SWIRL-9
4392,3346,,18.9800,0.0000,1.0000,942,10205,,,Dora Ladies Ultra Wide Canvas Sandal,DORA-DENIM-4
4393,3347,,9.1800,0.0000,1.0000,2409,10207,,,FeatherTop Extra Wide Wool Socks,FEATHERTOP.WOOL-BLACK-L
4394,3347,,9.1800,0.0000,1.0000,2409,10209,,,FeatherTop Extra Wide Wool Socks,FEATHERTOP.WOOL-GREY-L
4395,3347,,9.1800,0.0000,1.0000,2409,10211,,,FeatherTop Extra Wide Wool Socks,FEATHERTOP.WOOL-NAVY-L
4396,3347,,9.1800,0.0000,1.0000,2409,10213,,,FeatherTop Extra Wide Wool Socks,FEATHERTOP.WOOL-OATMEAL-L
4397,3348,,18.9800,0.0000,1.0000,942,10215,,,Dora Ladies Ultra Wide Canvas Sandal,DORA-BEIGE-9
4398,3349,,41.3000,0.0000,1.0000,834,10217,,,Walmer Ladies Extra Wide Stretch Shoe,WALMER-BLACK-4
4399,3350,,26.1000,0.0000,1.0000,1487,10219,,,Walter Men's Extra Wide Open Flat Slipper,WALTER-BLACK-8
4400,3351,,48.7200,0.0000,1.0000,265,10221,,,Filton Ladies Extra Wide Shoe,FILTON-ROSE.MOSIC-8
4401,3351,,48.7200,0.0000,1.0000,480,10223,,,Foxton Ladies Extra Wide Shoe,FOXTON-BEIGE-7
4402,3352,,40.3500,0.0000,1.0000,2704,10225,,,Chloe Ladies Ultra Wide Sandal,CHLOE-SANDY-6.5
4403,3353,,46.0100,0.0000,1.0000,1306,10227,,,Nathan Men's Ultra Wide Sandal,NATHAN-BROWN-9
4404,3354,,48.7200,0.0000,1.0000,2129,10229,,,Fenwick Ladies Extra Wide Shoe,FENWICK-BRZ.PRINT-5
4405,3355,,42.7300,0.0000,1.0000,265,10231,,,Filton Ladies Extra Wide Shoe,FILTON-BLK.PAT-8
4406,3356,,26.1000,0.0000,1.0000,2756,9859,,,Sam Unisex Extra Wide Stretch Slipper,SAM-BLACK-8
4407,3357,,26.1000,0.0000,1.0000,2756,10121,,,Sam Unisex Extra Wide Stretch Slipper,SAM-BLACK-8
4408,3358,,48.7200,0.0000,1.0000,480,10233,,,Foxton Ladies Extra Wide Shoe,FOXTON-PEWTER-7
4409,3359,,19.2400,0.0000,1.0000,1091,10235,,,Sophie Ladies Extra Wide Slipper,SOPHIE-NAVY.SPOT-7
4410,3360,,42.7300,0.0000,1.0000,694,10237,,,Forton Ladies Extra Wide Shoe,FORTON-NAVY.PRI-6
4411,3361,,21.6400,0.0000,1.0000,942,10239,,,Dora Ladies Ultra Wide Canvas Sandal,DORA-DENIM-4
4412,3362,,47.6400,0.0000,1.0000,787,10241,,,Welland Ladies Extra Wide Shoe,WELLAND-IVORY-5
4413,3363,,40.3500,0.0000,1.0000,1600,10243,,,Coral Ladies Ultra Wide Sandal,CORAL-IVORY-6
4414,3364,,47.4800,0.0000,1.0000,912,10245,,,Bolton Ladies Extra Wide Boot,BOLTON-BLACK-6
4415,3365,,19.2400,0.0000,1.0000,1424,10247,,,Steve Men's Extra Wide Slipper,STEVE-NAVY.CHEV-10
4416,3366,,44.1500,0.0000,1.0000,663,10249,,,Fargo Ladies Extra Wide Shoe,FARGO-BLK.PRINT-7
4417,3367,,26.1000,0.0000,1.0000,1415,10251,,,Sven Men's Extra Wide Slipper,SVEN-BLACK-7
4418,3368,,19.2400,0.0000,1.0000,1091,10253,,,Sophie Ladies Extra Wide Slipper,SOPHIE-GREY.HEART-6
4419,3369,,8.1000,0.0000,2.0000,2394,10255,,,FeatherTop Extra Wide Cotton Socks,FEATHERTOP.COTTON-GREY-L
4420,3369,,8.1000,0.0000,1.0000,2394,10257,,,FeatherTop Extra Wide Cotton Socks,FEATHERTOP.COTTON-OATMEAL-L
4421,3370,,21.9400,0.0000,1.0000,1091,10259,,,Sophie Ladies Extra Wide Slipper,SOPHIE-BEI.COMB-6
4422,3371,,19.2400,0.0000,1.0000,1091,10263,,,Sophie Ladies Extra Wide Slipper,SOPHIE-NAVY.SPOT-5
4423,3372,,18.9800,0.0000,1.0000,1015,10261,,,Sadie Ladies Extra Wide Slippers,SADIE-GREY.FERN-6
4424,3373,,18.9800,0.0000,1.0000,942,10265,,,Dora Ladies Ultra Wide Canvas Sandal,DORA-BEIGE-6
4425,3374,,23.2500,0.0000,1.0000,958,10267,,,Mary Ladies Extra Wide House Shoe,MARY-NAVY-5
4426,3375,,44.3900,0.0000,1.0000,1726,10275,,,Cheryl Ladies Ultra Wide Sandal,CHERYL-ROSE.MOSIC-8
4427,3376,,40.3500,0.0000,1.0000,733,10277,,,Wardale Ladies Extra Wide Shoe,WARDALE-BLACK-6.5
4428,3377,,26.1000,0.0000,1.0000,1137,10279,,,Wendy Ladies Extra Wide Open-Flat Slipper,WENDY-NAVY.COMB-8
4429,3378,,18.9800,0.0000,1.0000,1015,10281,,,Sadie Ladies Extra Wide Slippers,SADIE-GREY.FERN-8
4430,3378,,18.9800,0.0000,1.0000,1015,10283,,,Sadie Ladies Extra Wide Slippers,SADIE-GREY.FERN-7
4431,3379,,38.9300,0.0000,1.0000,1726,10285,,,Cheryl Ladies Ultra Wide Sandal,CHERYL-NAVY-6.5
4432,3380,,26.1000,0.0000,1.0000,1137,10291,,,Wendy Ladies Extra Wide Open-Flat Slipper,WENDY-BLK.SWIRL-4
4433,3381,,19.9300,0.0000,1.0000,1174,10287,,,Val Ladies Extra Wide Bootie Slipper,VAL-NAVY-7
4434,3382,,18.9800,0.0000,1.0000,1015,10293,,,Sadie Ladies Extra Wide Slippers,SADIE-WINE.FERN-8
4435,3383,,38.9300,0.0000,1.0000,1726,10295,,,Cheryl Ladies Ultra Wide Sandal,CHERYL-PLAT.FL-3
4436,3384,,19.2400,0.0000,1.0000,1091,10297,,,Sophie Ladies Extra Wide Slipper,SOPHIE-NAVY.SPARK-6
4437,3385,,42.7300,0.0000,1.0000,867,10299,,,Zurich Ladies Ultra Wide Shoe,ZURICH-BLACK-7
4438,3386,,42.7300,0.0000,1.0000,265,10301,,,Filton Ladies Extra Wide Shoe,FILTON-BEIGE.PRI-6
4439,3387,,46.0100,0.0000,1.0000,806,10303,,,Welton Ladies Extra Wide Shoe,WELTON-STONE-6
4440,3388,,46.0100,0.0000,1.0000,481,10305,,,Cara Ladies Ultra Wide Sandal,CARA-GREY-8
4441,3388,,44.3900,0.0000,1.0000,1726,10307,,,Cheryl Ladies Ultra Wide Sandal,CHERYL-STONE.PEAR-5
4442,3388,,44.3900,0.0000,1.0000,1726,10309,,,Cheryl Ladies Ultra Wide Sandal,CHERYL-PLAT.FL-5
4443,3388,,46.0100,0.0000,1.0000,2704,10311,,,Chloe Ladies Ultra Wide Sandal,CHLOE-SANDY-5
4444,3389,,27.5300,0.0000,1.0000,1471,10313,,,Wesley Men's Extra Wide Open-Flat PU Slipper,WESLEY-BLACK-11
4445,3390,,26.1000,0.0000,1.0000,1487,10315,,,Walter Men's Extra Wide Open Flat Slipper,WALTER-BLACK-10
4446,3391,,26.1000,0.0000,1.0000,1487,10317,,,Walter Men's Extra Wide Open Flat Slipper,WALTER-BLACK-8
4447,3392,,18.9800,0.0000,1.0000,2012,10321,,,Doreen Ladies Ultra Wide Slipper,DOREEN-WINE-7
4448,3393,,42.7300,0.0000,1.0000,694,10319,,,Forton Ladies Extra Wide Shoe,FORTON-NAVY.PRI-5
4449,3394,,26.1000,0.0000,1.0000,1487,10323,,,Walter Men's Extra Wide Open Flat Slipper,WALTER-BLACK-8
4450,3395,,38.9300,0.0000,1.0000,1726,10325,,,Cheryl Ladies Ultra Wide Sandal,CHERYL-PLAT.FL-6.5
4451,3396,,44.3900,0.0000,1.0000,1726,10327,,,Cheryl Ladies Ultra Wide Sandal,CHERYL-ROSE.MOSIC-4
4452,3397,,18.9800,0.0000,1.0000,973,10329,,,Tracy Ladies Extra Wide Canvas,TRACY-BEIGE-5
4453,3397,,18.9800,0.0000,1.0000,973,10331,,,Tracy Ladies Extra Wide Canvas,TRACY-DENIM-5
4454,3398,,18.9800,0.0000,1.0000,1015,10333,,,Sadie Ladies Extra Wide Slippers,SADIE-GREY.FERN-8
4455,3399,,18.9800,0.0000,1.0000,1015,10337,,,Sadie Ladies Extra Wide Slippers,SADIE-GREY.FERN-8
4456,3400,,26.1000,0.0000,1.0000,2756,10335,,,Sam Unisex Extra Wide Stretch Slipper,SAM-BLACK-12
4457,3401,,40.3500,0.0000,1.0000,1768,10339,,,Carrie Ladies Ultra Wide Sandal,CARRIE-TAN-7
4458,3402,,38.9300,0.0000,1.0000,1314,10115,,,Neil Men's Ultra Wide Sandal,NEIL-BROWN-10
4459,3403,,44.3900,0.0000,1.0000,1726,10341,,,Cheryl Ladies Ultra Wide Sandal,CHERYL-NAVY-7
4460,3404,,19.2400,0.0000,1.0000,1091,10345,,,Sophie Ladies Extra Wide Slipper,SOPHIE-GREY.HEART-5
4461,3405,,19.2400,0.0000,1.0000,1091,10347,,,Sophie Ladies Extra Wide Slipper,SOPHIE-WINE.SWIRL-6
4462,3406,,8.1000,0.0000,1.0000,2394,10355,,,FeatherTop Extra Wide Cotton Socks,FEATHERTOP.COTTON-OATMEAL-L
4463,3406,,8.1000,0.0000,1.0000,2394,10357,,,FeatherTop Extra Wide Cotton Socks,FEATHERTOP.COTTON-BLACK-L
4464,3406,,8.1000,0.0000,1.0000,2394,10359,,,FeatherTop Extra Wide Cotton Socks,FEATHERTOP.COTTON-NAVY-L
4465,3406,,8.1000,0.0000,1.0000,2394,10361,,,FeatherTop Extra Wide Cotton Socks,FEATHERTOP.COTTON-NAVY-S
4466,3406,,47.1000,0.0000,1.0000,849,10363,,,Walford Ladies Extra Wide Stretch Shoe,WALFORD-BLACK-4
4467,3407,,23.2600,0.0000,1.0000,1437,10349,,,Gary Men's Extra Wide Bootie Slipper,GARY-NAVY.CHEV-10
4468,3407,,21.6400,0.0000,1.0000,1212,10351,,,Beryl Ladies Extra Wide Bootie Slipper,BERYL-WINE.FL-4
4469,3407,,21.9400,0.0000,1.0000,1091,10353,,,Sophie Ladies Extra Wide Slipper,SOPHIE-WINE.FL-3
4470,3408,,42.7300,0.0000,1.0000,348,10365,,,Falmer Ladies Extra Wide Shoe,FALMER-PLAT.FL-5
4471,3409,,19.2400,0.0000,1.0000,1424,10367,,,Steve Men's Extra Wide Slipper,STEVE-NAVY.CHEV-8
4472,3410,,19.2400,0.0000,1.0000,1091,10369,,,Sophie Ladies Extra Wide Slipper,SOPHIE-NAVY.SPOT-5
4473,3411,,8.1000,0.0000,2.0000,2394,10371,,,FeatherTop Extra Wide Cotton Socks,FEATHERTOP.COTTON-GREY-L
4474,3412,,19.2400,0.0000,1.0000,1091,10373,,,Sophie Ladies Extra Wide Slipper,SOPHIE-NAVY.SPARK-4
4475,3413,,19.2400,0.0000,1.0000,1091,10375,,,Sophie Ladies Extra Wide Slipper,SOPHIE-GREY.HEART-3
4476,3414,,19.2400,0.0000,1.0000,1091,10377,,,Sophie Ladies Extra Wide Slipper,SOPHIE-NAVY.SPARK-7
4477,3415,,40.3500,0.0000,1.0000,1768,10379,,,Carrie Ladies Ultra Wide Sandal,CARRIE-TAN-6.5
4478,3416,,40.3500,0.0000,1.0000,2704,10381,,,Chloe Ladies Ultra Wide Sandal,CHLOE-SANDY-6
4479,3417,,47.4800,0.0000,1.0000,1388,10383,,,Terry Men's Extra Wide Shoe,TERRY-BLACK-9
4480,3417,,24.4700,0.0000,1.0000,958,10385,,,Mary Ladies Extra Wide House Shoe,MARY-NAVY-6
4481,3417,,24.4700,0.0000,1.0000,958,10387,,,Mary Ladies Extra Wide House Shoe,MARY-NAVY-8
4482,3417,,20.2500,0.0000,1.0000,1091,10389,,,Sophie Ladies Extra Wide Slipper,SOPHIE-GREY.HEART-5
4483,3417,,20.2500,0.0000,1.0000,1091,10391,,,Sophie Ladies Extra Wide Slipper,SOPHIE-GREY.HEART-8
4484,3417,,27.4700,0.0000,1.0000,1487,10393,,,Walter Men's Extra Wide Open Flat Slipper,WALTER-BLACK-10
4485,3417,,27.4700,0.0000,1.0000,1487,10395,,,Walter Men's Extra Wide Open Flat Slipper,WALTER-BLACK-12
4486,3418,,23.2500,0.0000,1.0000,958,10401,,,Mary Ladies Extra Wide House Shoe,MARY-NAVY-6
4487,3419,,40.3500,0.0000,1.0000,1600,10397,,,Coral Ladies Ultra Wide Sandal,CORAL-IVORY-6
4488,3419,,40.3500,0.0000,1.0000,481,10399,,,Cara Ladies Ultra Wide Sandal,CARA-GREY-6
4489,3420,,54.1400,0.0000,1.0000,1332,10407,,,Tully Men's Extra Wide Shoe,TULLY-NAVY/BROWN-11
4490,3420,,21.9400,0.0000,1.0000,1424,10409,,,Steve Men's Extra Wide Slipper,STEVE-NAVY.CHEV-8
4491,3420,,8.1000,0.0000,1.0000,2394,10411,,,FeatherTop Extra Wide Cotton Socks,FEATHERTOP.COTTON-ROSE.LILAC-M
4492,3420,,7.1500,0.0000,2.0000,2727,10413,,,FeatherTop Extra Wide Gripped Socks,FEATHERTOP.GRIPPED-NAVY-S
4493,3420,,8.1000,0.0000,1.0000,2394,10415,,,FeatherTop Extra Wide Cotton Socks,FEATHERTOP.COTTON-NAVY-L
4494,3421,,26.1000,0.0000,1.0000,1137,10403,,,Wendy Ladies Extra Wide Open-Flat Slipper,WENDY-NAVY.COMB-9
4495,3422,,20.4000,0.0000,1.0000,1629,10405,,,Vera Ladies Extra Wide Bootie Slipper,VERA-CHAR.POLKA-5
4496,3423,,38.9300,0.0000,1.0000,1726,10417,,,Cheryl Ladies Ultra Wide Sandal,CHERYL-PLAT.FL-4
4497,3424,,20.4000,0.0000,1.0000,1629,10425,,,Vera Ladies Extra Wide Bootie Slipper,VERA-CHAR.POLKA-7
4498,3425,,18.9800,0.0000,1.0000,942,10423,,,Dora Ladies Ultra Wide Canvas Sandal,DORA-DENIM-6
4499,3426,,20.4000,0.0000,1.0000,927,10421,,,Sue Ladies Extra Wide House Shoe,SUE-BLK.MET-4
4500,3427,,42.7300,0.0000,1.0000,265,10419,,,Filton Ladies Extra Wide Shoe,FILTON-BEIGE.PRI-7
4501,3428,,41.3000,0.0000,1.0000,834,10429,,,Walmer Ladies Extra Wide Stretch Shoe,WALMER-BLACK-8
4502,3428,,38.9300,0.0000,1.0000,1726,10431,,,Cheryl Ladies Ultra Wide Sandal,CHERYL-BLK.PAT-8
4503,3428,,47.4800,0.0000,1.0000,883,10433,,,Bali Ladies Extra Wide Boot,BALI-BLK.PAT.PR-8
4504,3429,,20.4000,0.0000,1.0000,1437,10427,,,Gary Men's Extra Wide Bootie Slipper,GARY-NAVY.CHEV-11
4505,3430,,8.1000,0.0000,1.0000,2394,10435,,,FeatherTop Extra Wide Cotton Socks,FEATHERTOP.COTTON-GREY-L
4506,3430,,8.1000,0.0000,1.0000,2394,10437,,,FeatherTop Extra Wide Cotton Socks,FEATHERTOP.COTTON-GREY-M
4507,3430,,8.1000,0.0000,1.0000,2394,10439,,,FeatherTop Extra Wide Cotton Socks,FEATHERTOP.COTTON-NAVY-M
4508,3430,,8.1000,0.0000,1.0000,2394,10441,,,FeatherTop Extra Wide Cotton Socks,FEATHERTOP.COTTON-ROSE.LILAC-M
4509,3431,,19.9300,0.0000,1.0000,1023,10443,,,Selina Ladies Extra Wide Slipper,SELINA-NAVY.SPARK-5
4510,3432,,18.9800,0.0000,1.0000,1015,10449,,,Sadie Ladies Extra Wide Slippers,SADIE-GREY.FERN-5
4511,3433,,18.9800,0.0000,1.0000,1015,10445,,,Sadie Ladies Extra Wide Slippers,SADIE-GREY.FERN-5
4512,3433,,23.2500,0.0000,1.0000,958,10447,,,Mary Ladies Extra Wide House Shoe,MARY-NAVY-5
4513,3434,,19.2400,0.0000,1.0000,1091,10451,,,Sophie Ladies Extra Wide Slipper,SOPHIE-NAVY.SPOT-9
4514,3435,,42.7300,0.0000,1.0000,265,10453,,,Filton Ladies Extra Wide Shoe,FILTON-BEIGE.PRI-7
4515,3436,,41.7800,0.0000,1.0000,787,10455,,,Welland Ladies Extra Wide Shoe,WELLAND-IVORY-7
4516,3437,,19.2400,0.0000,1.0000,1091,10457,,,Sophie Ladies Extra Wide Slipper,SOPHIE-WINE.SWIRL-7
4517,3438,,18.9800,0.0000,1.0000,2012,10459,,,Doreen Ladies Ultra Wide Slipper,DOREEN-WINE-6
4518,3439,,38.9300,0.0000,1.0000,1726,10463,,,Cheryl Ladies Ultra Wide Sandal,CHERYL-NAVY-6.5
4519,3440,,19.2400,0.0000,1.0000,1424,10467,,,Steve Men's Extra Wide Slipper,STEVE-NAVY.CHEV-6
4520,3441,,18.9800,0.0000,1.0000,942,10469,,,Dora Ladies Ultra Wide Canvas Sandal,DORA-DENIM-5
4521,3442,,19.2400,0.0000,1.0000,1091,10471,,,Sophie Ladies Extra Wide Slipper,SOPHIE-GREY.HEART-7
4522,3443,,48.7200,0.0000,1.0000,480,10473,,,Foxton Ladies Extra Wide Shoe,FOXTON-PEWTER-8
4523,3444,,23.2600,0.0000,1.0000,1629,10475,,,Vera Ladies Extra Wide Bootie Slipper,VERA-CHAR.POLKA-4
4524,3445,,26.5100,0.0000,1.0000,958,10477,,,Mary Ladies Extra Wide House Shoe,MARY-NAVY-5
4525,3445,,48.7200,0.0000,1.0000,348,10479,,,Falmer Ladies Extra Wide Shoe,FALMER-BLK.PRINT-5
4526,3445,,48.7200,0.0000,1.0000,348,10481,,,Falmer Ladies Extra Wide Shoe,FALMER-BLK.PRINT-6
4527,3445,,50.3500,0.0000,2.0000,1378,10483,,,Travis Men's Extra Wide Stretch Shoe,TRAVIS-BLACK-9
4528,3445,,50.3500,0.0000,1.0000,1378,10485,,,Travis Men's Extra Wide Stretch Shoe,TRAVIS-BLACK-10
4529,3445,,50.3500,0.0000,1.0000,1378,10487,,,Travis Men's Extra Wide Stretch Shoe,TRAVIS-BLACK-8
4530,3445,,5.9300,0.0000,1.0000,2422,10489,,,FeatherTop Extra Wide Cushioned Socks,FEATHERTOP.CUSHIONED-BLACK-M
4531,3445,,5.9300,0.0000,1.0000,2422,10491,,,FeatherTop Extra Wide Cushioned Socks,FEATHERTOP.CUSHIONED-NAVY-M
4532,3445,,5.9300,0.0000,1.0000,2422,10493,,,FeatherTop Extra Wide Cushioned Socks,FEATHERTOP.CUSHIONED-OATMEAL-M
4533,3445,,7.1500,0.0000,1.0000,2727,10495,,,FeatherTop Extra Wide Gripped Socks,FEATHERTOP.GRIPPED-NAVY-L
4534,3446,,46.0100,0.0000,1.0000,1306,10497,,,Nathan Men's Ultra Wide Sandal,NATHAN-BROWN-10
4535,3447,,41.7800,0.0000,1.0000,787,10499,,,Welland Ladies Extra Wide Shoe,WELLAND-IVORY-4
4536,3448,,38.9300,0.0000,1.0000,1314,10501,,,Neil Men's Ultra Wide Sandal,NEIL-BROWN-9
4537,3449,,19.2400,0.0000,1.0000,1091,10503,,,Sophie Ladies Extra Wide Slipper,SOPHIE-NAVY.SPOT-5
4538,3450,,38.9300,0.0000,1.0000,1726,10505,,,Cheryl Ladies Ultra Wide Sandal,CHERYL-BLK.PAT-7
4539,3451,,18.9800,0.0000,1.0000,1015,10507,,,Sadie Ladies Extra Wide Slippers,SADIE-WINE.FERN-6
4540,3452,,26.1000,0.0000,1.0000,1137,10509,,,Wendy Ladies Extra Wide Open-Flat Slipper,WENDY-BLK.SWIRL-7
4541,3452,,40.3500,0.0000,1.0000,733,10511,,,Wardale Ladies Extra Wide Shoe,WARDALE-BLACK-7
4542,3453,,47.4800,0.0000,1.0000,912,10513,,,Bolton Ladies Extra Wide Boot,BOLTON-BR.PAT-6.5
4543,3454,,48.7200,0.0000,1.0000,875,10515,,,Zinder Ladies Ultra Wide Shoe,ZINDER-BLACK-4
4544,3455,,38.9300,0.0000,1.0000,1726,10519,,,Cheryl Ladies Ultra Wide Sandal,CHERYL-PLAT.FL-7
4545,3456,,26.1000,0.0000,1.0000,1415,10517,,,Sven Men's Extra Wide Slipper,SVEN-BLACK-9
4546,3457,,21.6400,0.0000,1.0000,942,10521,,,Dora Ladies Ultra Wide Canvas Sandal,DORA-DENIM-4
4547,3457,,48.7200,0.0000,1.0000,265,10523,,,Filton Ladies Extra Wide Shoe,FILTON-ROSE.MOSIC-4
4548,3457,,47.1000,0.0000,1.0000,834,10525,,,Walmer Ladies Extra Wide Stretch Shoe,WALMER-NAVY-4
4549,3458,,40.3500,0.0000,1.0000,806,10527,,,Welton Ladies Extra Wide Shoe,WELTON-BLACK-8
4550,3459,,26.1000,0.0000,1.0000,1137,10529,,,Wendy Ladies Extra Wide Open-Flat Slipper,WENDY-NAVY.COMB-8
4551,3460,,18.9800,0.0000,1.0000,1015,10531,,,Sadie Ladies Extra Wide Slippers,SADIE-GREY.FERN-6
4552,3461,,8.1000,0.0000,4.0000,2394,10533,,,FeatherTop Extra Wide Cotton Socks,FEATHERTOP.COTTON-BLACK-M
4553,3462,,26.1000,0.0000,2.0000,1137,10537,,,Wendy Ladies Extra Wide Open-Flat Slipper,WENDY-NAVY.COMB-8
4554,3463,,19.2400,0.0000,1.0000,1091,10535,,,Sophie Ladies Extra Wide Slipper,SOPHIE-NAVY-7
4555,3464,,19.2400,0.0000,1.0000,1091,10539,,,Sophie Ladies Extra Wide Slipper,SOPHIE-GREY.HEART-8
4556,3465,,18.9800,0.0000,1.0000,1015,10541,,,Sadie Ladies Extra Wide Slippers,SADIE-WINE.FERN-8
4557,3466,,8.1000,0.0000,2.0000,2394,10543,,,FeatherTop Extra Wide Cotton Socks,FEATHERTOP.COTTON-BLACK-L
4558,3466,,8.1000,0.0000,2.0000,2394,10545,,,FeatherTop Extra Wide Cotton Socks,FEATHERTOP.COTTON-BLACK-M
4559,3466,,8.1000,0.0000,2.0000,2394,10547,,,FeatherTop Extra Wide Cotton Socks,FEATHERTOP.COTTON-BLACK-S
4560,3466,,8.1000,0.0000,2.0000,2394,10549,,,FeatherTop Extra Wide Cotton Socks,FEATHERTOP.COTTON-GREY-L
4561,3466,,8.1000,0.0000,2.0000,2394,10551,,,FeatherTop Extra Wide Cotton Socks,FEATHERTOP.COTTON-GREY-M
4562,3466,,8.1000,0.0000,2.0000,2394,10553,,,FeatherTop Extra Wide Cotton Socks,FEATHERTOP.COTTON-GREY-S
4563,3466,,8.1000,0.0000,2.0000,2394,10555,,,FeatherTop Extra Wide Cotton Socks,FEATHERTOP.COTTON-NAVY-L
4564,3466,,8.1000,0.0000,2.0000,2394,10557,,,FeatherTop Extra Wide Cotton Socks,FEATHERTOP.COTTON-NAVY-M
4565,3466,,8.1000,0.0000,2.0000,2394,10559,,,FeatherTop Extra Wide Cotton Socks,FEATHERTOP.COTTON-NAVY-S
4566,3466,,8.1000,0.0000,2.0000,2394,10561,,,FeatherTop Extra Wide Cotton Socks,FEATHERTOP.COTTON-OATMEAL-L
4567,3466,,8.1000,0.0000,2.0000,2394,10563,,,FeatherTop Extra Wide Cotton Socks,FEATHERTOP.COTTON-OATMEAL-M
4568,3466,,8.1000,0.0000,2.0000,2394,10565,,,FeatherTop Extra Wide Cotton Socks,FEATHERTOP.COTTON-OATMEAL-S
4569,3466,,8.1000,0.0000,2.0000,2394,10567,,,FeatherTop Extra Wide Cotton Socks,FEATHERTOP.COTTON-ROSE.LILAC-M
4570,3466,,8.1000,0.0000,2.0000,2394,10569,,,FeatherTop Extra Wide Cotton Socks,FEATHERTOP.COTTON-ROSE.LILAC-S
4571,3466,,7.1500,0.0000,2.0000,2727,10571,,,FeatherTop Extra Wide Gripped Socks,FEATHERTOP.GRIPPED-NAVY-S
4572,3466,,7.1500,0.0000,2.0000,2727,10573,,,FeatherTop Extra Wide Gripped Socks,FEATHERTOP.GRIPPED-NAVY-M
4573,3466,,7.1500,0.0000,2.0000,2727,10575,,,FeatherTop Extra Wide Gripped Socks,FEATHERTOP.GRIPPED-NAVY-L
4574,3466,,44.3900,0.0000,2.0000,1726,10577,,,Cheryl Ladies Ultra Wide Sandal,CHERYL-PLAT.FL-6
4575,3467,,26.1000,0.0000,1.0000,1415,10587,,,Sven Men's Extra Wide Slipper,SVEN-BLACK-7
4576,3468,,38.9300,0.0000,1.0000,1314,10579,,,Neil Men's Ultra Wide Sandal,NEIL-BROWN-10
4577,3469,,19.2400,0.0000,1.0000,1091,10581,,,Sophie Ladies Extra Wide Slipper,SOPHIE-NAVY-6
4578,3470,,40.3500,0.0000,1.0000,806,10583,,,Welton Ladies Extra Wide Shoe,WELTON-RED-7
4579,3471,,19.2400,0.0000,1.0000,1091,10585,,,Sophie Ladies Extra Wide Slipper,SOPHIE-GREY.HEART-9
4580,3472,,26.5100,0.0000,1.0000,958,10593,,,Mary Ladies Extra Wide House Shoe,MARY-NAVY-3
4581,3472,,26.5100,0.0000,1.0000,958,10595,,,Mary Ladies Extra Wide House Shoe,MARY-NAVY-5
4582,3472,,26.5100,0.0000,1.0000,958,10597,,,Mary Ladies Extra Wide House Shoe,MARY-NAVY-6
4583,3472,,26.5100,0.0000,1.0000,958,10599,,,Mary Ladies Extra Wide House Shoe,MARY-NAVY-7
4584,3472,,26.5100,0.0000,1.0000,958,10601,,,Mary Ladies Extra Wide House Shoe,MARY-NAVY-9
4585,3473,,50.3500,0.0000,1.0000,663,10589,,,Fargo Ladies Extra Wide Shoe,FARGO-BLK.PRINT-4
4586,3473,,50.3500,0.0000,1.0000,663,10591,,,Fargo Ladies Extra Wide Shoe,FARGO-GREY.PRI-5
4587,3474,,4.8500,0.0000,1.0000,2378,10603,,,Eco Waterproof Protector,SC-PROTECTOR-SPRAY
4588,3474,,48.7200,0.0000,1.0000,265,10604,,,Filton Ladies Extra Wide Shoe,FILTON-BLK.PAT-4
4589,3474,,48.7200,0.0000,1.0000,265,10606,,,Filton Ladies Extra Wide Shoe,FILTON-BLK.PAT-5
4590,3475,,42.7300,0.0000,1.0000,333,10612,,,Farlow Ladies Extra Wide Shoe,FARLOW-ROYAL-6
4591,3476,,19.9300,0.0000,1.0000,1174,10608,,,Val Ladies Extra Wide Bootie Slipper,VAL-BLACK-4
4592,3477,,26.1000,0.0000,1.0000,1487,10610,,,Walter Men's Extra Wide Open Flat Slipper,WALTER-BLACK-7
4593,3478,,38.9300,0.0000,1.0000,1726,10626,,,Cheryl Ladies Ultra Wide Sandal,CHERYL-NAVY-7
4594,3479,,18.9800,0.0000,1.0000,1015,10628,,,Sadie Ladies Extra Wide Slippers,SADIE-WINE.FERN-9
4595,3480,,18.9800,0.0000,1.0000,1015,10618,,,Sadie Ladies Extra Wide Slippers,SADIE-GREY.FERN-6
4596,3481,,18.9800,0.0000,1.0000,2012,10616,,,Doreen Ladies Ultra Wide Slipper,DOREEN-WINE-7
4597,3482,,26.1000,0.0000,1.0000,1137,10614,,,Wendy Ladies Extra Wide Open-Flat Slipper,WENDY-NAVY.COMB-6
4598,3483,,54.1400,0.0000,1.0000,1332,10638,,,Tully Men's Extra Wide Shoe,TULLY-NAVY/BROWN-8
4599,3484,,47.4800,0.0000,1.0000,912,10620,,,Bolton Ladies Extra Wide Boot,BOLTON-BR.PAT-3
4600,3484,,41.3000,0.0000,1.0000,849,10622,,,Walford Ladies Extra Wide Stretch Shoe,WALFORD-BROWN-3
4601,3484,,47.4800,0.0000,1.0000,883,10624,,,Bali Ladies Extra Wide Boot,BALI-BLK.PAT.PR-3
4602,3485,,26.1000,0.0000,1.0000,1137,10642,,,Wendy Ladies Extra Wide Open-Flat Slipper,WENDY-NAVY.COMB-7
4603,3486,,38.9300,0.0000,1.0000,1726,10640,,,Cheryl Ladies Ultra Wide Sandal,CHERYL-NAVY-6
4604,3487,,26.1000,0.0000,1.0000,1487,10644,,,Walter Men's Extra Wide Open Flat Slipper,WALTER-BLACK-8
4605,3488,,18.9800,0.0000,1.0000,973,10652,,,Tracy Ladies Extra Wide Canvas,TRACY-BEIGE-6
4606,3489,,41.7800,0.0000,1.0000,787,10650,,,Welland Ladies Extra Wide Shoe,WELLAND-TAN-7
4607,3490,,40.3500,0.0000,1.0000,1600,10646,,,Coral Ladies Ultra Wide Sandal,CORAL-IVORY-6
4608,3491,,19.2400,0.0000,1.0000,1091,10648,,,Sophie Ladies Extra Wide Slipper,SOPHIE-NAVY.SPARK-9
4609,3492,,54.1400,0.0000,1.0000,1332,10654,,,Tully Men's Extra Wide Shoe,TULLY-NAVY/BROWN-7
4610,3493,,29.7600,0.0000,1.0000,2756,10656,,,Sam Unisex Extra Wide Stretch Slipper,SAM-BLACK-6
4611,3493,,51.4300,0.0000,1.0000,1388,10658,,,Terry Men's Extra Wide Shoe,TERRY-BLACK-6
4612,3495,,42.7300,0.0000,1.0000,265,10660,,,Filton Ladies Extra Wide Shoe,FILTON-BLK.PAT-7
4613,3494,,42.7300,0.0000,1.0000,265,10660,,,Filton Ladies Extra Wide Shoe,FILTON-BLK.PAT-7
4614,3496,,19.2400,0.0000,1.0000,1091,10662,,,Sophie Ladies Extra Wide Slipper,SOPHIE-GREY.HEART-6
4615,3497,,19.2400,0.0000,1.0000,1091,10662,,,Sophie Ladies Extra Wide Slipper,SOPHIE-GREY.HEART-6
4616,3498,,26.1000,0.0000,1.0000,1487,10664,,,Walter Men's Extra Wide Open Flat Slipper,WALTER-BLACK-9
4617,3499,,26.5100,0.0000,1.0000,958,10666,,,Mary Ladies Extra Wide House Shoe,MARY-NAVY-7
4618,3499,,50.3500,0.0000,1.0000,663,10668,,,Fargo Ladies Extra Wide Shoe,FARGO-BLK.PRINT-3
4619,3499,,50.3500,0.0000,1.0000,663,10670,,,Fargo Ladies Extra Wide Shoe,FARGO-BLK.PRINT-4
4620,3499,,50.3500,0.0000,1.0000,663,10672,,,Fargo Ladies Extra Wide Shoe,FARGO-BLK.PRINT-6
4621,3499,,50.3500,0.0000,1.0000,663,10674,,,Fargo Ladies Extra Wide Shoe,FARGO-BLK.PRINT-8
4622,3499,,50.3500,0.0000,1.0000,663,10676,,,Fargo Ladies Extra Wide Shoe,FARGO-GREY.PRI-5
4623,3499,,51.4300,0.0000,1.0000,1361,10678,,,Tony Men's Extra Wide Shoe,TONY-BLACK-8
4624,3499,,51.4300,0.0000,1.0000,1361,10680,,,Tony Men's Extra Wide Shoe,TONY-BLACK-9
4625,3500,,46.0100,0.0000,1.0000,806,10682,,,Welton Ladies Extra Wide Shoe,WELTON-BLACK-4
4626,3500,,46.0100,0.0000,1.0000,806,10684,,,Welton Ladies Extra Wide Shoe,WELTON-BLACK-6
4627,3500,,46.0100,0.0000,1.0000,806,10686,,,Welton Ladies Extra Wide Shoe,WELTON-BLACK-7
4628,3500,,46.0100,0.0000,1.0000,806,10688,,,Welton Ladies Extra Wide Shoe,WELTON-BLACK-8
4629,3500,,46.0100,0.0000,1.0000,806,10690,,,Welton Ladies Extra Wide Shoe,WELTON-RED-5
4630,3501,,48.7200,0.0000,1.0000,867,10692,,,Zurich Ladies Ultra Wide Shoe,ZURICH-BLACK-7
4631,3502,,52.5100,0.0000,1.0000,1707,10694,,,Paul Men's Extra Wide Shoe,PAUL-BLACK-8
4632,3503,,18.9800,0.0000,1.0000,1015,10696,,,Sadie Ladies Extra Wide Slippers,SADIE-GREY.FERN-5
4633,3504,,51.4300,0.0000,1.0000,1361,10698,,,Tony Men's Extra Wide Shoe,TONY-BLACK-9
4634,3505,,19.2400,0.0000,1.0000,1091,10700,,,Sophie Ladies Extra Wide Slipper,SOPHIE-NAVY-8
4635,3506,,46.0100,0.0000,1.0000,806,10702,,,Welton Ladies Extra Wide Shoe,WELTON-RED-6.5
4636,3507,,26.1000,0.0000,1.0000,1487,10704,,,Walter Men's Extra Wide Open Flat Slipper,WALTER-BLACK-6
4637,3508,,8.6400,0.0000,5.0000,2394,10708,,,FeatherTop Extra Wide Cotton Socks,FEATHERTOP.COTTON-NAVY-M
4638,3509,,19.9300,0.0000,1.0000,1174,10706,,,Val Ladies Extra Wide Bootie Slipper,VAL-NAVY.FL/BU-4
4639,3510,,19.2400,0.0000,1.0000,1091,10710,,,Sophie Ladies Extra Wide Slipper,SOPHIE-GREY.HEART-5
4640,3511,,26.1000,0.0000,1.0000,1487,10712,,,Walter Men's Extra Wide Open Flat Slipper,WALTER-BLACK-10
4641,3512,,18.9800,0.0000,1.0000,1015,10756,,,Sadie Ladies Extra Wide Slippers,SADIE-WINE.FERN-6
4642,3513,,21.9400,0.0000,1.0000,1091,10714,,,Sophie Ladies Extra Wide Slipper,SOPHIE-NAVY-4
4643,3513,,21.9400,0.0000,1.0000,1091,10716,,,Sophie Ladies Extra Wide Slipper,SOPHIE-NAVY-5
4644,3513,,21.9400,0.0000,1.0000,1091,10718,,,Sophie Ladies Extra Wide Slipper,SOPHIE-NAVY-6
4645,3513,,21.9400,0.0000,1.0000,1091,10720,,,Sophie Ladies Extra Wide Slipper,SOPHIE-NAVY-7
4646,3513,,21.9400,0.0000,1.0000,1091,10722,,,Sophie Ladies Extra Wide Slipper,SOPHIE-NAVY-8
4647,3513,,21.6400,0.0000,1.0000,1015,10724,,,Sadie Ladies Extra Wide Slippers,SADIE-NAVY.FERN-8
4648,3513,,21.6400,0.0000,1.0000,1015,10726,,,Sadie Ladies Extra Wide Slippers,SADIE-NAVY.FERN-7
4649,3513,,21.6400,0.0000,1.0000,1015,10728,,,Sadie Ladies Extra Wide Slippers,SADIE-NAVY.FERN-4
4650,3513,,21.6400,0.0000,1.0000,1015,10730,,,Sadie Ladies Extra Wide Slippers,SADIE-GREY.FERN-6
4651,3513,,21.6400,0.0000,1.0000,1015,10732,,,Sadie Ladies Extra Wide Slippers,SADIE-GREY.FERN-5
4652,3513,,50.3500,0.0000,1.0000,663,10734,,,Fargo Ladies Extra Wide Shoe,FARGO-BLK.PRINT-4
4653,3513,,50.3500,0.0000,1.0000,663,10736,,,Fargo Ladies Extra Wide Shoe,FARGO-BLK.PRINT-7
4654,3513,,50.3500,0.0000,1.0000,663,10738,,,Fargo Ladies Extra Wide Shoe,FARGO-GREY.PRI-6
4655,3513,,29.7600,0.0000,1.0000,1487,10740,,,Walter Men's Extra Wide Open Flat Slipper,WALTER-BLACK-8
4656,3513,,29.7600,0.0000,1.0000,1487,10742,,,Walter Men's Extra Wide Open Flat Slipper,WALTER-BLACK-9
4657,3513,,29.7600,0.0000,1.0000,2756,10744,,,Sam Unisex Extra Wide Stretch Slipper,SAM-BLACK-10
4658,3513,,29.7600,0.0000,1.0000,2756,10746,,,Sam Unisex Extra Wide Stretch Slipper,SAM-BLACK-9
4659,3513,,23.2600,0.0000,1.0000,1437,10748,,,Gary Men's Extra Wide Bootie Slipper,GARY-NAVY.CHEV-10
4660,3513,,21.9400,0.0000,1.0000,1424,10750,,,Steve Men's Extra Wide Slipper,STEVE-GREY.CHEV-8
4661,3513,,21.9400,0.0000,1.0000,1424,10752,,,Steve Men's Extra Wide Slipper,STEVE-GREY.CHEV-9
4662,3513,,21.9400,0.0000,1.0000,1424,10754,,,Steve Men's Extra Wide Slipper,STEVE-GREY.CHEV-11
4663,3514,,18.9800,0.0000,1.0000,2012,10758,,,Doreen Ladies Ultra Wide Slipper,DOREEN-WINE-8
4664,3515,,44.1500,0.0000,1.0000,663,10630,,,Fargo Ladies Extra Wide Shoe,FARGO-MULB.FL-4
4665,3515,,44.1500,0.0000,1.0000,663,10632,,,Fargo Ladies Extra Wide Shoe,FARGO-BLK.PRINT-4
4666,3515,,8.1000,0.0000,1.0000,2394,10634,,,FeatherTop Extra Wide Cotton Socks,FEATHERTOP.COTTON-ROSE.LILAC-S
4667,3515,,8.1000,0.0000,1.0000,2394,10636,,,FeatherTop Extra Wide Cotton Socks,FEATHERTOP.COTTON-OATMEAL-S
4668,3516,,51.4300,0.0000,1.0000,1388,10760,,,Terry Men's Extra Wide Shoe,TERRY-BLACK-6
4669,3516,,51.4300,0.0000,1.0000,1388,10762,,,Terry Men's Extra Wide Shoe,TERRY-BLACK-7
4670,3517,,24.4700,0.0000,1.0000,958,10764,,,Mary Ladies Extra Wide House Shoe,MARY-NAVY-3
4671,3517,,24.4700,0.0000,1.0000,958,10766,,,Mary Ladies Extra Wide House Shoe,MARY-NAVY-5
4672,3517,,24.4700,0.0000,1.0000,958,10768,,,Mary Ladies Extra Wide House Shoe,MARY-NAVY-7
4673,3517,,24.4700,0.0000,1.0000,958,10770,,,Mary Ladies Extra Wide House Shoe,MARY-NAVY-8
4674,3517,,20.2500,0.0000,1.0000,1091,10772,,,Sophie Ladies Extra Wide Slipper,SOPHIE-GREY.HEART-7
4675,3517,,47.4800,0.0000,1.0000,1388,10774,,,Terry Men's Extra Wide Shoe,TERRY-BLACK-10
4676,3518,,29.7600,0.0000,1.0000,1137,10776,,,Wendy Ladies Extra Wide Open-Flat Slipper,WENDY-NAVY.COMB-5
4677,3519,,54.1400,0.0000,1.0000,1332,10778,,,Tully Men's Extra Wide Shoe,TULLY-NAVY/BROWN-11
4678,3519,,54.1400,0.0000,1.0000,1342,10780,,,Percy Men's Extra Wide Deck Shoe,PERCY-NAVY/BROWN-11
4679,3520,,46.0100,0.0000,1.0000,806,10784,,,Welton Ladies Extra Wide Shoe,WELTON-BLACK-3
4680,3520,,46.0100,0.0000,1.0000,806,10786,,,Welton Ladies Extra Wide Shoe,WELTON-RED-3
4681,3520,,46.0100,0.0000,1.0000,806,10788,,,Welton Ladies Extra Wide Shoe,WELTON-BLACK-2
4682,3521,,46.0100,0.0000,1.0000,806,10782,,,Welton Ladies Extra Wide Shoe,WELTON-RED-4
4683,3522,,54.1500,0.0000,1.0000,2844,10790,,,Bertie Men's Extra Wide Boot,BERTIE-BLACK-6
4684,3523,,26.5100,0.0000,1.0000,958,10794,,,Mary Ladies Extra Wide House Shoe,MARY-NAVY-4
4685,3523,,26.5100,0.0000,1.0000,958,10796,,,Mary Ladies Extra Wide House Shoe,MARY-NAVY-7
4686,3524,,42.7300,0.0000,1.0000,2129,10792,,,Fenwick Ladies Extra Wide Shoe,FENWICK-NAVY-6
4687,3525,,29.7600,0.0000,1.0000,1415,10798,,,Sven Men's Extra Wide Slipper,SVEN-BLACK-10
4688,3526,,21.6400,0.0000,1.0000,1015,10800,,,Sadie Ladies Extra Wide Slippers,SADIE-GREY.FERN-8
4689,3526,,21.9400,0.0000,1.0000,1091,10802,,,Sophie Ladies Extra Wide Slipper,SOPHIE-GREY.HEART-3
4690,3526,,8.6400,0.0000,2.0000,2394,10804,,,FeatherTop Extra Wide Cotton Socks,FEATHERTOP.COTTON-ROSE.LILAC-M
4691,3526,,8.6400,0.0000,1.0000,2394,10806,,,FeatherTop Extra Wide Cotton Socks,FEATHERTOP.COTTON-ROSE.LILAC-S
4692,3526,,7.5900,0.0000,1.0000,2727,10808,,,FeatherTop Extra Wide Gripped Socks,FEATHERTOP.GRIPPED-NAVY-M
4693,3526,,7.3100,0.0000,2.0000,2422,10810,,,FeatherTop Extra Wide Cushioned Socks,FEATHERTOP.CUSHIONED-OATMEAL-L
4694,3526,,7.3100,0.0000,1.0000,2422,10812,,,FeatherTop Extra Wide Cushioned Socks,FEATHERTOP.CUSHIONED-BLACK-L
4695,3526,,8.6400,0.0000,1.0000,2394,10814,,,FeatherTop Extra Wide Cotton Socks,FEATHERTOP.COTTON-OATMEAL-L
4696,3526,,21.9400,0.0000,1.0000,1091,10816,,,Sophie Ladies Extra Wide Slipper,SOPHIE-GREY.HEART-7
4697,3527,,19.2400,0.0000,1.0000,1091,10818,,,Sophie Ladies Extra Wide Slipper,SOPHIE-NAVY-6
4698,3528,,29.7600,0.0000,1.0000,2756,10820,,,Sam Unisex Extra Wide Stretch Slipper,SAM-BLACK-3
4699,3529,,50.3500,0.0000,1.0000,663,10822,,,Fargo Ladies Extra Wide Shoe,FARGO-GREY.PRI-8
4700,3530,,20.4000,0.0000,2.0000,1437,10826,,,Gary Men's Extra Wide Bootie Slipper,GARY-NAVY.CHEV-8
4701,3531,,18.9800,0.0000,1.0000,1015,10824,,,Sadie Ladies Extra Wide Slippers,SADIE-GREY.FERN-9
4702,3532,,8.6400,0.0000,2.0000,2394,10828,,,FeatherTop Extra Wide Cotton Socks,FEATHERTOP.COTTON-BLACK-M
4703,3532,,8.6400,0.0000,2.0000,2394,10830,,,FeatherTop Extra Wide Cotton Socks,FEATHERTOP.COTTON-NAVY-M
4704,3533,,50.3500,0.0000,1.0000,2901,10832,,,Fairmont Ladies Extra Wide Shoe,FAIRMONT-BLACK-7
4705,3534,,20.4000,0.0000,1.0000,927,10834,,,Sue Ladies Extra Wide House Shoe,SUE-BEIGE.MET-6
4706,3535,,19.2400,0.0000,1.0000,1091,10836,,,Sophie Ladies Extra Wide Slipper,SOPHIE-NAVY.SPARK-5
4707,3536,,21.6400,0.0000,1.0000,1015,10838,,,Sadie Ladies Extra Wide Slippers,SADIE-NAVY.FERN-5
4708,3536,,21.9400,0.0000,1.0000,1091,10840,,,Sophie Ladies Extra Wide Slipper,SOPHIE-GREY.HEART-5
4709,3536,,46.0100,0.0000,1.0000,806,10842,,,Welton Ladies Extra Wide Shoe,WELTON-BLACK-3
4710,3537,,26.1000,0.0000,1.0000,2756,10850,,,Sam Unisex Extra Wide Stretch Slipper,SAM-BLACK-5
4711,3538,,46.0100,0.0000,1.0000,806,10844,,,Welton Ladies Extra Wide Shoe,WELTON-BLACK-6
4712,3539,,22.7200,0.0000,1.0000,1174,10846,,,Val Ladies Extra Wide Bootie Slipper,VAL-BLACK-8
4713,3539,,50.3500,0.0000,1.0000,2901,10848,,,Fairmont Ladies Extra Wide Shoe,FAIRMONT-BLACK-7
4714,3540,,29.7600,0.0000,1.0000,1415,10852,,,Sven Men's Extra Wide Slipper,SVEN-BLACK-11
4715,3541,,20.4000,0.0000,1.0000,927,10854,,,Sue Ladies Extra Wide House Shoe,SUE-BEIGE.MET-6
4716,3542,,47.1000,0.0000,1.0000,849,10856,,,Walford Ladies Extra Wide Stretch Shoe,WALFORD-BLACK-5
4717,3542,,54.1400,0.0000,1.0000,898,10858,,,Barla Ladies Extra Wide Boot,BARLA-BLACK-5
4718,3543,,48.7200,0.0000,1.0000,2129,10860,,,Fenwick Ladies Extra Wide Shoe,FENWICK-NAVY-6
4719,3544,,48.7200,0.0000,1.0000,867,10862,,,Zurich Ladies Ultra Wide Shoe,ZURICH-BLACK-5
4720,3544,,26.5100,0.0000,1.0000,958,10864,,,Mary Ladies Extra Wide House Shoe,MARY-NAVY-6
4721,3544,,26.5100,0.0000,1.0000,958,10866,,,Mary Ladies Extra Wide House Shoe,MARY-NAVY-7
4722,3544,,26.5100,0.0000,1.0000,958,10868,,,Mary Ladies Extra Wide House Shoe,MARY-NAVY-8
4723,3545,,40.3500,0.0000,1.0000,2704,10870,,,Chloe Ladies Ultra Wide Sandal,CHLOE-SANDY-6
4724,3546,,50.3500,0.0000,1.0000,2901,10872,,,Fairmont Ladies Extra Wide Shoe,FAIRMONT-BLACK-6
4725,3546,,50.3500,0.0000,1.0000,2901,10874,,,Fairmont Ladies Extra Wide Shoe,FAIRMONT-BLACK-5
4726,3546,,48.7200,0.0000,1.0000,875,10876,,,Zinder Ladies Ultra Wide Shoe,ZINDER-BLACK-5
4727,3546,,48.7200,0.0000,1.0000,875,10878,,,Zinder Ladies Ultra Wide Shoe,ZINDER-BLACK-6
4728,3546,,48.7200,0.0000,1.0000,875,10880,,,Zinder Ladies Ultra Wide Shoe,ZINDER-BLACK-7
4729,3546,,48.7200,0.0000,1.0000,867,10882,,,Zurich Ladies Ultra Wide Shoe,ZURICH-BLACK-5
4730,3546,,48.7200,0.0000,1.0000,867,10884,,,Zurich Ladies Ultra Wide Shoe,ZURICH-BLACK-6
4731,3546,,48.7200,0.0000,1.0000,867,10886,,,Zurich Ladies Ultra Wide Shoe,ZURICH-BLACK-7
4732,3547,,48.7200,0.0000,1.0000,2129,10888,,,Fenwick Ladies Extra Wide Shoe,FENWICK-CHER.PRI-4
4733,3547,,51.4300,0.0000,1.0000,1388,10890,,,Terry Men's Extra Wide Shoe,TERRY-BLACK-9
4734,3547,,52.5100,0.0000,1.0000,2747,10892,,,Troy Men's Twin Strap Extra Wide Shoe,TROY-BLACK-9
4735,3547,,51.4300,0.0000,1.0000,1361,10894,,,Tony Men's Extra Wide Shoe,TONY-BLACK-9
4736,3548,,29.7600,0.0000,1.0000,2756,10896,,,Sam Unisex Extra Wide Stretch Slipper,SAM-BLACK-11
4737,3549,,26.1000,0.0000,1.0000,1487,10898,,,Walter Men's Extra Wide Open Flat Slipper,WALTER-BLACK-8
4738,3550,,19.9300,0.0000,1.0000,1174,10900,,,Val Ladies Extra Wide Bootie Slipper,VAL-BLACK-8
4739,3551,,18.9800,0.0000,1.0000,2012,10902,,,Doreen Ladies Ultra Wide Slipper,DOREEN-WINE-5
4740,3552,,22.7200,0.0000,1.0000,1174,10919,,,Val Ladies Extra Wide Bootie Slipper,VAL-WINE.ST/BU-5
4741,3553,,8.6400,0.0000,1.0000,2394,10904,,,FeatherTop Extra Wide Cotton Socks,FEATHERTOP.COTTON-BLACK-M
4742,3553,,8.6400,0.0000,1.0000,2394,10906,,,FeatherTop Extra Wide Cotton Socks,FEATHERTOP.COTTON-NAVY-M
4743,3553,,7.0100,0.0000,1.0000,1894,10908,,,Splayfoot Cushioning Pad Set,SPLAYFOOT.PAD-5
4744,3553,,4.8500,0.0000,1.0000,2378,10910,,,Eco Waterproof Protector,SC-PROTECTOR-SPRAY
4745,3553,,26.5100,0.0000,1.0000,958,10911,,,Mary Ladies Extra Wide House Shoe,MARY-NAVY-8
4746,3553,,29.7600,0.0000,1.0000,1137,10913,,,Wendy Ladies Extra Wide Open-Flat Slipper,WENDY-WINE.SWIRL-6
4747,3553,,29.7600,0.0000,1.0000,1137,10915,,,Wendy Ladies Extra Wide Open-Flat Slipper,WENDY-WINE.SWIRL-7
4748,3553,,29.7600,0.0000,1.0000,1137,10917,,,Wendy Ladies Extra Wide Open-Flat Slipper,WENDY-BLK.SWIRL-5
4749,3554,,21.9400,0.0000,1.0000,1091,10921,,,Sophie Ladies Extra Wide Slipper,SOPHIE-NAVY-9
4750,3554,,21.9400,0.0000,1.0000,1091,10923,,,Sophie Ladies Extra Wide Slipper,SOPHIE-NAVY-5
4751,3554,,23.2600,0.0000,1.0000,1629,10925,,,Vera Ladies Extra Wide Bootie Slipper,VERA-CHAR.POLKA-6
4752,3555,,47.1000,0.0000,1.0000,849,10927,,,Walford Ladies Extra Wide Stretch Shoe,WALFORD-BLACK-5
4753,3556,,48.7200,0.0000,1.0000,2129,10929,,,Fenwick Ladies Extra Wide Shoe,FENWICK-CHER.PRI-5
4754,3556,,54.1400,0.0000,1.0000,1332,10931,,,Tully Men's Extra Wide Shoe,TULLY-NAVY/BROWN-11
4755,3556,,8.6400,0.0000,1.0000,2394,10933,,,FeatherTop Extra Wide Cotton Socks,FEATHERTOP.COTTON-GREEN-L
4756,3556,,8.6400,0.0000,1.0000,2394,10935,,,FeatherTop Extra Wide Cotton Socks,FEATHERTOP.COTTON-WINE-M
4757,3556,,8.6400,0.0000,1.0000,2394,10937,,,FeatherTop Extra Wide Cotton Socks,FEATHERTOP.COTTON-WHITE-S
4758,3557,,29.7600,0.0000,1.0000,1487,10939,,,Walter Men's Extra Wide Open Flat Slipper,WALTER-NAVY-9
4759,3558,,48.7200,0.0000,1.0000,2129,10941,,,Fenwick Ladies Extra Wide Shoe,FENWICK-CHER.PRI-7
4760,3559,,50.3500,0.0000,1.0000,1378,10943,,,Travis Men's Extra Wide Stretch Shoe,TRAVIS-BLACK-10
4761,3559,,50.3500,0.0000,1.0000,1378,10945,,,Travis Men's Extra Wide Stretch Shoe,TRAVIS-BLACK-11
4762,3560,,47.1000,0.0000,1.0000,849,10947,,,Walford Ladies Extra Wide Stretch Shoe,WALFORD-BLACK-8
4763,3560,,46.0100,0.0000,1.0000,806,10949,,,Welton Ladies Extra Wide Shoe,WELTON-BLACK-6
4764,3561,,18.9800,0.0000,1.0000,2012,10951,,,Doreen Ladies Ultra Wide Slipper,DOREEN-WINE-6
4765,3562,,26.1000,0.0000,1.0000,1137,10953,,,Wendy Ladies Extra Wide Open-Flat Slipper,WENDY-BLK.SWIRL-6
4766,3563,,19.2400,0.0000,1.0000,1424,10955,,,Steve Men's Extra Wide Slipper,STEVE-NAVY.CHEV-8
4767,3564,,8.6400,0.0000,1.0000,2394,10957,,,FeatherTop Extra Wide Cotton Socks,FEATHERTOP.COTTON-WINE-L
4768,3564,,8.6400,0.0000,1.0000,2394,10959,,,FeatherTop Extra Wide Cotton Socks,FEATHERTOP.COTTON-GREEN-L
4769,3564,,8.6400,0.0000,1.0000,2394,10961,,,FeatherTop Extra Wide Cotton Socks,FEATHERTOP.COTTON-NAVY-L
4770,3564,,8.6400,0.0000,1.0000,2394,10963,,,FeatherTop Extra Wide Cotton Socks,FEATHERTOP.COTTON-GREEN-M
4771,3565,,18.9800,0.0000,1.0000,2012,10967,,,Doreen Ladies Ultra Wide Slipper,DOREEN-WINE-7
4772,3566,,45.1000,0.0000,1.0000,1361,10965,,,Tony Men's Extra Wide Shoe,TONY-BLACK-8
4773,3567,,19.2400,0.0000,1.0000,1424,10969,,,Steve Men's Extra Wide Slipper,STEVE-NAVY.CHEV-8
4774,3568,,18.9800,0.0000,1.0000,2012,10971,,,Doreen Ladies Ultra Wide Slipper,DOREEN-WINE-4
4775,3569,,54.1400,0.0000,1.0000,898,11001,,,Barla Ladies Extra Wide Boot,BARLA-BLACK-8
4776,3570,,8.6400,0.0000,2.0000,2394,11003,,,FeatherTop Extra Wide Cotton Socks,FEATHERTOP.COTTON-BLACK-L
4777,3570,,20.4000,0.0000,1.0000,1437,11005,,,Gary Men's Extra Wide Bootie Slipper,GARY-NAVY.CHEV-11
4778,3571,,20.2500,0.0000,1.0000,1091,11007,,,Sophie Ladies Extra Wide Slipper,SOPHIE-GREY.HEART-4
4779,3571,,47.4800,0.0000,1.0000,1388,11009,,,Terry Men's Extra Wide Shoe,TERRY-BLACK-12
4780,3571,,47.4800,0.0000,1.0000,1388,11011,,,Terry Men's Extra Wide Shoe,TERRY-BLACK-8
4781,3571,,47.4800,0.0000,1.0000,1388,11013,,,Terry Men's Extra Wide Shoe,TERRY-BLACK-9
4782,3571,,27.4700,0.0000,1.0000,1487,11015,,,Walter Men's Extra Wide Open Flat Slipper,WALTER-BLACK-10
4783,3572,,21.6400,0.0000,1.0000,1015,11017,,,Sadie Ladies Extra Wide Slippers,SADIE-NAVY.FERN-7
4784,3572,,21.6400,0.0000,1.0000,1015,11019,,,Sadie Ladies Extra Wide Slippers,SADIE-WINE.FERN-8
4785,3572,,8.6400,0.0000,1.0000,2394,11021,,,FeatherTop Extra Wide Cotton Socks,FEATHERTOP.COTTON-GREEN-L
4786,3572,,54.1400,0.0000,1.0000,883,11023,,,Bali Ladies Extra Wide Boot,BALI-GREY.PRI-6.5
4787,3572,,54.1400,0.0000,1.0000,883,11025,,,Bali Ladies Extra Wide Boot,BALI-GREY.PRI-7
4788,3572,,21.6400,0.0000,1.0000,1015,11027,,,Sadie Ladies Extra Wide Slippers,SADIE-GREY.FERN-7
4789,3572,,8.6400,0.0000,1.0000,2394,11029,,,FeatherTop Extra Wide Cotton Socks,FEATHERTOP.COTTON-WINE-M
4790,3573,,48.7200,0.0000,1.0000,265,11031,,,Filton Ladies Extra Wide Shoe,FILTON-RED.BUR.PA-7
4791,3573,,48.7200,0.0000,1.0000,265,11033,,,Filton Ladies Extra Wide Shoe,FILTON-NAVY.PAT-6.5
4792,3573,,48.7200,0.0000,1.0000,1504,11035,,,Easham Ladies Extra Wide Shoe,EASHAM-RED-6
4793,3573,,48.7200,0.0000,1.0000,1504,11037,,,Easham Ladies Extra Wide Shoe,EASHAM-BLACK-4
4794,3573,,48.7200,0.0000,1.0000,1504,11039,,,Easham Ladies Extra Wide Shoe,EASHAM-BLACK-5
4795,3573,,46.0100,0.0000,1.0000,733,11041,,,Wardale Ladies Extra Wide Shoe,WARDALE-BLACK-4
4796,3573,,46.0100,0.0000,1.0000,733,11043,,,Wardale Ladies Extra Wide Shoe,WARDALE-BLACK-5
4797,3573,,46.0100,0.0000,1.0000,733,11045,,,Wardale Ladies Extra Wide Shoe,WARDALE-RED-6.5
4798,3573,,46.0100,0.0000,1.0000,733,11047,,,Wardale Ladies Extra Wide Shoe,WARDALE-NAVY-8
4799,3573,,46.0100,0.0000,1.0000,733,11049,,,Wardale Ladies Extra Wide Shoe,WARDALE-NAVY-7
4800,3573,,46.0100,0.0000,1.0000,733,11051,,,Wardale Ladies Extra Wide Shoe,WARDALE-NAVY-5
4801,3574,,19.2400,0.0000,1.0000,1091,11053,,,Sophie Ladies Extra Wide Slipper,SOPHIE-NAVY.SPARK-6
4802,3575,,19.9300,0.0000,1.0000,1023,11055,,,Selina Ladies Extra Wide Slipper,SELINA-BLK.SPARK-8
4803,3576,,19.2400,0.0000,1.0000,1091,11057,,,Sophie Ladies Extra Wide Slipper,SOPHIE-WINE.SWIRL-5
4804,3577,,7.3100,0.0000,1.0000,2422,11059,,,FeatherTop Extra Wide Cushioned Socks,FEATHERTOP.CUSHIONED-BLACK-M
4805,3577,,8.6400,0.0000,1.0000,2394,11061,,,FeatherTop Extra Wide Cotton Socks,FEATHERTOP.COTTON-BLACK-M
4806,3577,,21.9400,0.0000,1.0000,1091,11063,,,Sophie Ladies Extra Wide Slipper,SOPHIE-GREY.HEART-7
4807,3577,,21.6400,0.0000,1.0000,1015,11065,,,Sadie Ladies Extra Wide Slippers,SADIE-GREY.FERN-7
4808,3578,,8.6400,0.0000,1.0000,2394,11067,,,FeatherTop Extra Wide Cotton Socks,FEATHERTOP.COTTON-ROSE.LILAC-M
4809,3578,,54.1400,0.0000,1.0000,912,11069,,,Bolton Ladies Extra Wide Boot,BOLTON-BLACK-6.5
4810,3578,,54.1400,0.0000,1.0000,912,11071,,,Bolton Ladies Extra Wide Boot,BOLTON-BLACK-7
4811,3578,,54.1400,0.0000,1.0000,898,11073,,,Barla Ladies Extra Wide Boot,BARLA-BLACK-6.5
4812,3578,,54.1400,0.0000,1.0000,898,11075,,,Barla Ladies Extra Wide Boot,BARLA-BLACK-7
4813,3579,,19.9300,0.0000,1.0000,1023,11077,,,Selina Ladies Extra Wide Slipper,SELINA-BLK.SPARK-8
4814,3580,,48.7200,0.0000,1.0000,2129,11079,,,Fenwick Ladies Extra Wide Shoe,FENWICK-CHER.PRI-5
4815,3580,,23.2600,0.0000,1.0000,1629,11081,,,Vera Ladies Extra Wide Bootie Slipper,VERA-CHAR.POLKA-6
4816,3580,,7.3100,0.0000,1.0000,2422,11083,,,FeatherTop Extra Wide Cushioned Socks,FEATHERTOP.CUSHIONED-GREY-M
4817,3580,,7.3100,0.0000,1.0000,2422,11085,,,FeatherTop Extra Wide Cushioned Socks,FEATHERTOP.CUSHIONED-NAVY-M
4818,3581,,20.4000,0.0000,1.0000,1437,11087,,,Gary Men's Extra Wide Bootie Slipper,GARY-NAVY.CHEV-13
4819,3582,,48.7200,0.0000,1.0000,2129,11089,,,Fenwick Ladies Extra Wide Shoe,FENWICK-BLACK-6
4820,3582,,50.3500,0.0000,1.0000,1378,11091,,,Travis Men's Extra Wide Stretch Shoe,TRAVIS-BLACK-6
4821,3583,,19.2400,0.0000,1.0000,1091,11093,,,Sophie Ladies Extra Wide Slipper,SOPHIE-WINE.SWIRL-7
4822,3584,,21.9400,0.0000,1.0000,1091,11095,,,Sophie Ladies Extra Wide Slipper,SOPHIE-NAVY.SPARK-5
4823,3584,,23.2600,0.0000,1.0000,1437,11097,,,Gary Men's Extra Wide Bootie Slipper,GARY-NAVY.CHEV-9
4824,3585,,19.9300,0.0000,1.0000,1174,11101,,,Val Ladies Extra Wide Bootie Slipper,VAL-BLACK-6
4825,3586,,18.9800,0.0000,1.0000,1015,11103,,,Sadie Ladies Extra Wide Slippers,SADIE-WINE.FERN-8
4826,3587,,18.9800,0.0000,2.0000,1015,11099,,,Sadie Ladies Extra Wide Slippers,SADIE-GREY.FERN-4
4827,3588,,18.9800,0.0000,1.0000,2012,11107,,,Doreen Ladies Ultra Wide Slipper,DOREEN-WINE-7
4828,3589,,19.2400,0.0000,1.0000,1424,11105,,,Steve Men's Extra Wide Slipper,STEVE-NAVY.CHEV-10
4829,3590,,22.7200,0.0000,1.0000,1174,11109,,,Val Ladies Extra Wide Bootie Slipper,VAL-WINE.FERN-6
4830,3590,,22.7200,0.0000,1.0000,1174,11111,,,Val Ladies Extra Wide Bootie Slipper,VAL-WINE.ST/BU-6
4831,3590,,22.7200,0.0000,1.0000,1174,11113,,,Val Ladies Extra Wide Bootie Slipper,VAL-WINE.ST/BU-7
4832,3591,,21.9400,0.0000,1.0000,1424,11115,,,Steve Men's Extra Wide Slipper,STEVE-NAVY.CHEV-9
4833,3592,,19.9300,0.0000,1.0000,1174,11117,,,Val Ladies Extra Wide Bootie Slipper,VAL-BLACK-5
4834,3593,,18.9800,0.0000,1.0000,1015,11119,,,Sadie Ladies Extra Wide Slippers,SADIE-GREY.FERN-5
4835,3594,,48.7200,0.0000,1.0000,2129,11121,,,Fenwick Ladies Extra Wide Shoe,FENWICK-BR.PAT-4
4836,3594,,50.3500,0.0000,1.0000,663,11123,,,Fargo Ladies Extra Wide Shoe,FARGO-GREY.PRI-5
4837,3594,,50.3500,0.0000,1.0000,663,11125,,,Fargo Ladies Extra Wide Shoe,FARGO-BLK.PRINT-5
4838,3594,,50.3500,0.0000,1.0000,663,11127,,,Fargo Ladies Extra Wide Shoe,FARGO-BLK.PRINT-8
4839,3594,,50.3500,0.0000,1.0000,663,11129,,,Fargo Ladies Extra Wide Shoe,FARGO-GREY.PRI-7
4840,3595,,19.2400,0.0000,1.0000,1424,11131,,,Steve Men's Extra Wide Slipper,STEVE-NAVY.CHEV-13
4841,3596,,54.1400,0.0000,1.0000,883,11133,,,Bali Ladies Extra Wide Boot,BALI-BLK.PAT.PR-4
4842,3596,,54.1400,0.0000,1.0000,883,11135,,,Bali Ladies Extra Wide Boot,BALI-GREY.PRI-4
4843,3597,,18.9800,0.0000,1.0000,1015,11139,,,Sadie Ladies Extra Wide Slippers,SADIE-WINE.FERN-7
4844,3598,,26.1000,0.0000,1.0000,1137,11137,,,Wendy Ladies Extra Wide Open-Flat Slipper,WENDY-NAVY.COMB-3
4845,3599,,8.6400,0.0000,1.0000,2394,11141,,,FeatherTop Extra Wide Cotton Socks,FEATHERTOP.COTTON-GREEN-L
4846,3599,,8.6400,0.0000,1.0000,2394,11143,,,FeatherTop Extra Wide Cotton Socks,FEATHERTOP.COTTON-GREEN-M
4847,3599,,8.6400,0.0000,1.0000,2394,11145,,,FeatherTop Extra Wide Cotton Socks,FEATHERTOP.COTTON-GREEN-S
4848,3599,,8.6400,0.0000,1.0000,2394,11147,,,FeatherTop Extra Wide Cotton Socks,FEATHERTOP.COTTON-WINE-L
4849,3599,,8.6400,0.0000,1.0000,2394,11149,,,FeatherTop Extra Wide Cotton Socks,FEATHERTOP.COTTON-WINE-M
4850,3599,,8.6400,0.0000,1.0000,2394,11151,,,FeatherTop Extra Wide Cotton Socks,FEATHERTOP.COTTON-WINE-S
4851,3600,,50.3500,0.0000,1.0000,663,11153,,,Fargo Ladies Extra Wide Shoe,FARGO-BR.PRINT-4
4852,3601,,26.1000,0.0000,1.0000,1487,11155,,,Walter Men's Extra Wide Open Flat Slipper,WALTER-BLACK-12
4853,3602,,46.0100,0.0000,1.0000,806,11157,,,Welton Ladies Extra Wide Shoe,WELTON-BLACK-5
4854,3602,,31.3900,0.0000,1.0000,1471,11159,,,Wesley Men's Extra Wide Open-Flat PU Slipper,WESLEY-BLACK-10
4855,3602,,31.3900,0.0000,1.0000,1471,11161,,,Wesley Men's Extra Wide Open-Flat PU Slipper,WESLEY-BLACK-9
4856,3603,,8.6400,0.0000,1.0000,2394,11163,,,FeatherTop Extra Wide Cotton Socks,FEATHERTOP.COTTON-OATMEAL-M
4857,3603,,8.6400,0.0000,2.0000,2394,11165,,,FeatherTop Extra Wide Cotton Socks,FEATHERTOP.COTTON-ROSE.LILAC-M
4858,3603,,8.6400,0.0000,1.0000,2394,11167,,,FeatherTop Extra Wide Cotton Socks,FEATHERTOP.COTTON-BLACK-M
4859,3604,,26.1000,0.0000,1.0000,1487,11171,,,Walter Men's Extra Wide Open Flat Slipper,WALTER-BLACK-12
4860,3605,,20.4000,0.0000,1.0000,927,11169,,,Sue Ladies Extra Wide House Shoe,SUE-BEIGE.MET-9
4861,3606,,21.6400,0.0000,1.0000,1015,11173,,,Sadie Ladies Extra Wide Slippers,SADIE-GREY.FERN-9
4862,3607,,19.9300,0.0000,1.0000,1174,11175,,,Val Ladies Extra Wide Bootie Slipper,VAL-BLACK-6
4863,3608,,18.9800,0.0000,1.0000,2012,11177,,,Doreen Ladies Ultra Wide Slipper,DOREEN-WINE-7
4864,3609,,18.9800,0.0000,1.0000,1015,11179,,,Sadie Ladies Extra Wide Slippers,SADIE-WINE.FERN-5
4865,3609,,19.9300,0.0000,1.0000,1174,11181,,,Val Ladies Extra Wide Bootie Slipper,VAL-BLACK-5
4866,3610,,19.2400,0.0000,1.0000,1424,11183,,,Steve Men's Extra Wide Slipper,STEVE-NAVY.CHEV-7
4867,3611,,8.6400,0.0000,3.0000,2394,11185,,,FeatherTop Extra Wide Cotton Socks,FEATHERTOP.COTTON-BLACK-L
4868,3611,,8.6400,0.0000,3.0000,2394,11187,,,FeatherTop Extra Wide Cotton Socks,FEATHERTOP.COTTON-GREY-L
4869,3611,,8.6400,0.0000,3.0000,2394,11189,,,FeatherTop Extra Wide Cotton Socks,FEATHERTOP.COTTON-NAVY-L
4870,3611,,8.6400,0.0000,2.0000,2394,11191,,,FeatherTop Extra Wide Cotton Socks,FEATHERTOP.COTTON-OATMEAL-L
4871,3612,,20.4000,0.0000,1.0000,1437,11201,,,Gary Men's Extra Wide Bootie Slipper,GARY-NAVY.CHEV-10
4872,3613,,19.9300,0.0000,1.0000,1174,11203,,,Val Ladies Extra Wide Bootie Slipper,VAL-BLACK-7
4873,3614,,26.1000,0.0000,1.0000,1137,11195,,,Wendy Ladies Extra Wide Open-Flat Slipper,WENDY-WINE.SWIRL-7
4874,3615,,18.9800,0.0000,1.0000,2012,11197,,,Doreen Ladies Ultra Wide Slipper,DOREEN-WINE-4
4875,3616,,19.9300,0.0000,1.0000,1023,11193,,,Selina Ladies Extra Wide Slipper,SELINA-BLK.SPARK-5
4876,3617,,19.2400,0.0000,1.0000,1424,11199,,,Steve Men's Extra Wide Slipper,STEVE-NAVY.CHEV-9
4877,3618,,26.1000,0.0000,1.0000,1137,11205,,,Wendy Ladies Extra Wide Open-Flat Slipper,WENDY-WINE.SWIRL-8
4878,3619,,52.5100,0.0000,1.0000,1707,11207,,,Paul Men's Extra Wide Shoe,PAUL-BLACK-8
4879,3619,,8.6400,0.0000,1.0000,2394,11209,,,FeatherTop Extra Wide Cotton Socks,FEATHERTOP.COTTON-ROSE.LILAC-M
4880,3619,,8.6400,0.0000,1.0000,2394,11211,,,FeatherTop Extra Wide Cotton Socks,FEATHERTOP.COTTON-WINE-M
4881,3619,,8.6400,0.0000,1.0000,2394,11213,,,FeatherTop Extra Wide Cotton Socks,FEATHERTOP.COTTON-WHITE-M
4882,3619,,8.6400,0.0000,1.0000,2394,11215,,,FeatherTop Extra Wide Cotton Socks,FEATHERTOP.COTTON-GREY-M
4883,3619,,8.6400,0.0000,1.0000,2394,11217,,,FeatherTop Extra Wide Cotton Socks,FEATHERTOP.COTTON-BLACK-L
4884,3619,,8.6400,0.0000,1.0000,2394,11219,,,FeatherTop Extra Wide Cotton Socks,FEATHERTOP.COTTON-NAVY-L
4885,3620,,46.0500,0.0000,1.0000,2747,11221,,,Troy Men's Twin Strap Extra Wide Shoe,TROY-BLACK-11
4886,3621,,26.1000,0.0000,1.0000,1137,11225,,,Wendy Ladies Extra Wide Open-Flat Slipper,WENDY-WINE.SWIRL-7
4887,3622,,18.9800,0.0000,1.0000,1015,11223,,,Sadie Ladies Extra Wide Slippers,SADIE-WINE.FERN-7
4888,3623,,50.3500,0.0000,1.0000,663,11233,,,Fargo Ladies Extra Wide Shoe,FARGO-BLK.PRINT-8
4889,3623,,7.5900,0.0000,1.0000,2727,11235,,,FeatherTop Extra Wide Gripped Socks,FEATHERTOP.GRIPPED-NAVY-M
4890,3624,,52.5100,0.0000,1.0000,2747,11227,,,Troy Men's Twin Strap Extra Wide Shoe,TROY-NAVY/BROWN-10
4891,3624,,21.9400,0.0000,1.0000,1424,11229,,,Steve Men's Extra Wide Slipper,STEVE-GREY.CHEV-10
4892,3624,,51.4300,0.0000,1.0000,1361,11231,,,Tony Men's Extra Wide Shoe,TONY-BROWN-8
4893,3625,,26.1000,0.0000,1.0000,2756,11237,,,Sam Unisex Extra Wide Stretch Slipper,SAM-BLACK-12
4894,3626,,21.9400,0.0000,1.0000,1091,11239,,,Sophie Ladies Extra Wide Slipper,SOPHIE-NAVY-4
4895,3626,,21.9400,0.0000,1.0000,1091,11241,,,Sophie Ladies Extra Wide Slipper,SOPHIE-NAVY-7
4896,3626,,21.9400,0.0000,1.0000,1091,11243,,,Sophie Ladies Extra Wide Slipper,SOPHIE-NAVY-8
4897,3626,,22.7200,0.0000,1.0000,1174,11245,,,Val Ladies Extra Wide Bootie Slipper,VAL-NAVY-6
4898,3627,,31.3900,0.0000,1.0000,1471,11247,,,Wesley Men's Extra Wide Open-Flat PU Slipper,WESLEY-BLACK-8
4899,3628,,19.9300,0.0000,1.0000,1174,11253,,,Val Ladies Extra Wide Bootie Slipper,VAL-BLACK-7
4900,3629,,18.9800,0.0000,1.0000,1015,11255,,,Sadie Ladies Extra Wide Slippers,SADIE-GREY.FERN-7
4901,3630,,19.2400,0.0000,1.0000,1424,11257,,,Steve Men's Extra Wide Slipper,STEVE-GREY.CHEV-8
4902,3631,,10.0200,0.0000,1.0000,2409,11249,,,FeatherTop Extra Wide Wool Socks,FEATHERTOP.WOOL-BLACK-S
4903,3631,,8.6400,0.0000,1.0000,2394,11251,,,FeatherTop Extra Wide Cotton Socks,FEATHERTOP.COTTON-ROSE.LILAC-S
4904,3632,,26.1000,0.0000,1.0000,1137,11261,,,Wendy Ladies Extra Wide Open-Flat Slipper,WENDY-WINE.SWIRL-9
4905,3633,,26.1000,0.0000,1.0000,1137,11259,,,Wendy Ladies Extra Wide Open-Flat Slipper,WENDY-BLK.SWIRL-6
4906,3634,,26.5100,0.0000,1.0000,958,11263,,,Mary Ladies Extra Wide House Shoe,MARY-NAVY-7
4907,3634,,51.4300,0.0000,1.0000,1361,11265,,,Tony Men's Extra Wide Shoe,TONY-BLACK-9
4908,3634,,8.6400,0.0000,1.0000,2394,11267,,,FeatherTop Extra Wide Cotton Socks,FEATHERTOP.COTTON-BLACK-M
4909,3634,,8.6400,0.0000,1.0000,2394,11269,,,FeatherTop Extra Wide Cotton Socks,FEATHERTOP.COTTON-GREY-M
4910,3635,,19.9300,0.0000,1.0000,1174,11271,,,Val Ladies Extra Wide Bootie Slipper,VAL-BLACK-6
4911,3636,,8.6400,0.0000,1.0000,2394,11273,,,FeatherTop Extra Wide Cotton Socks,FEATHERTOP.COTTON-NAVY-M
4912,3636,,8.6400,0.0000,1.0000,2394,11275,,,FeatherTop Extra Wide Cotton Socks,FEATHERTOP.COTTON-WINE-M
4913,3636,,8.6400,0.0000,2.0000,2394,11277,,,FeatherTop Extra Wide Cotton Socks,FEATHERTOP.COTTON-GREEN-M
4914,3636,,54.1400,0.0000,1.0000,883,11279,,,Bali Ladies Extra Wide Boot,BALI-GREY.PRI-6.5
4915,3636,,26.5100,0.0000,1.0000,958,11281,,,Mary Ladies Extra Wide House Shoe,MARY-NAVY-5
4916,3636,,7.3100,0.0000,1.0000,2422,11283,,,FeatherTop Extra Wide Cushioned Socks,FEATHERTOP.CUSHIONED-BLACK-L
4917,3636,,7.3100,0.0000,1.0000,2422,11285,,,FeatherTop Extra Wide Cushioned Socks,FEATHERTOP.CUSHIONED-NAVY-L
4918,3637,,18.9800,0.0000,1.0000,1015,11287,,,Sadie Ladies Extra Wide Slippers,SADIE-GREY.FERN-5
4919,3638,,26.1000,0.0000,1.0000,1137,11289,,,Wendy Ladies Extra Wide Open-Flat Slipper,WENDY-WINE.SWIRL-6
4920,3639,,19.9300,0.0000,1.0000,1174,11291,,,Val Ladies Extra Wide Bootie Slipper,VAL-BLACK-7
4921,3640,,26.5100,0.0000,1.0000,958,11293,,,Mary Ladies Extra Wide House Shoe,MARY-NAVY-9
4922,3641,,18.9800,0.0000,1.0000,2012,11295,,,Doreen Ladies Ultra Wide Slipper,DOREEN-WINE-7
4923,3642,,10.0200,0.0000,2.0000,2409,11297,,,FeatherTop Extra Wide Wool Socks,FEATHERTOP.WOOL-NAVY-L
4924,3643,,26.1000,0.0000,1.0000,2756,11321,,,Sam Unisex Extra Wide Stretch Slipper,SAM-BLACK-5
4925,3644,,19.2400,0.0000,1.0000,1091,11319,,,Sophie Ladies Extra Wide Slipper,SOPHIE-WINE.SWIRL-7
4926,3645,,8.6400,0.0000,1.0000,2394,11299,,,FeatherTop Extra Wide Cotton Socks,FEATHERTOP.COTTON-GREEN-M
4927,3645,,8.6400,0.0000,1.0000,2394,11301,,,FeatherTop Extra Wide Cotton Socks,FEATHERTOP.COTTON-GREEN-S
4928,3645,,8.6400,0.0000,1.0000,2394,11303,,,FeatherTop Extra Wide Cotton Socks,FEATHERTOP.COTTON-BLACK-M
4929,3645,,8.6400,0.0000,1.0000,2394,11305,,,FeatherTop Extra Wide Cotton Socks,FEATHERTOP.COTTON-WINE-M
4930,3645,,8.6400,0.0000,1.0000,2394,11307,,,FeatherTop Extra Wide Cotton Socks,FEATHERTOP.COTTON-WINE-S
4931,3645,,8.6400,0.0000,1.0000,2394,11309,,,FeatherTop Extra Wide Cotton Socks,FEATHERTOP.COTTON-ROSE.LILAC-M
4932,3645,,8.6400,0.0000,2.0000,2394,11311,,,FeatherTop Extra Wide Cotton Socks,FEATHERTOP.COTTON-WHITE-L
4933,3645,,8.6400,0.0000,1.0000,2394,11313,,,FeatherTop Extra Wide Cotton Socks,FEATHERTOP.COTTON-WHITE-M
4934,3645,,8.6400,0.0000,1.0000,2394,11315,,,FeatherTop Extra Wide Cotton Socks,FEATHERTOP.COTTON-GREY-L
4935,3645,,8.6400,0.0000,1.0000,2394,11317,,,FeatherTop Extra Wide Cotton Socks,FEATHERTOP.COTTON-GREY-M
4936,3646,,19.2400,0.0000,1.0000,1424,11323,,,Steve Men's Extra Wide Slipper,STEVE-GREY.CHEV-7
4937,3647,,48.7200,0.0000,1.0000,265,11325,,,Filton Ladies Extra Wide Shoe,FILTON-RED.BUR.PA-6.5
4938,3647,,48.7200,0.0000,1.0000,2759,11327,,,Bella Ladies 4E Shoe,BELLA-LILAC-6.5
4939,3648,,29.7600,0.0000,1.0000,1137,11329,,,Wendy Ladies Extra Wide Open-Flat Slipper,WENDY-BLK.SWIRL-7
4940,3648,,29.7600,0.0000,1.0000,1137,11331,,,Wendy Ladies Extra Wide Open-Flat Slipper,WENDY-BLK.SWIRL-6
4941,3648,,29.7600,0.0000,1.0000,1137,11333,,,Wendy Ladies Extra Wide Open-Flat Slipper,WENDY-BLK.SWIRL-8
4942,3649,,26.1000,0.0000,1.0000,1487,11335,,,Walter Men's Extra Wide Open Flat Slipper,WALTER-BLACK-8
4943,3650,,22.7200,0.0000,1.0000,1174,11337,,,Val Ladies Extra Wide Bootie Slipper,VAL-WINE.ST/BU-5
4944,3650,,29.7600,0.0000,1.0000,1487,11339,,,Walter Men's Extra Wide Open Flat Slipper,WALTER-NAVY-8
4945,3650,,29.7600,0.0000,1.0000,2756,11341,,,Sam Unisex Extra Wide Stretch Slipper,SAM-BLACK-5
4946,3651,,52.5100,0.0000,1.0000,2747,11349,,,Troy Men's Twin Strap Extra Wide Shoe,TROY-NAVY/BROWN-10
4947,3652,,29.7600,0.0000,1.0000,1487,11343,,,Walter Men's Extra Wide Open Flat Slipper,WALTER-NAVY-10
4948,3652,,20.0100,0.0000,1.0000,1040,11345,,,Sabrina Ladies Extra Wide Slipper,SABRINA-BLK.SPARK-5
4949,3652,,46.0100,0.0000,1.0000,806,11347,,,Welton Ladies Extra Wide Shoe,WELTON-STONE-5
4950,3653,,46.0100,0.0000,1.0000,733,11353,,,Wardale Ladies Extra Wide Shoe,WARDALE-NAVY-6
4951,3654,,48.7200,0.0000,1.0000,265,11355,,,Filton Ladies Extra Wide Shoe,FILTON-BLK.PAT-3
4952,3654,,48.7200,0.0000,1.0000,265,11357,,,Filton Ladies Extra Wide Shoe,FILTON-NAVY.PAT-8
4953,3654,,50.3500,0.0000,1.0000,663,11359,,,Fargo Ladies Extra Wide Shoe,FARGO-BLK.PRINT-5
4954,3654,,50.3500,0.0000,1.0000,663,11361,,,Fargo Ladies Extra Wide Shoe,FARGO-BLK.PRINT-7
4955,3654,,48.7200,0.0000,1.0000,2129,11363,,,Fenwick Ladies Extra Wide Shoe,FENWICK-BLK.PAT-7
4956,3654,,48.7200,0.0000,1.0000,2129,11365,,,Fenwick Ladies Extra Wide Shoe,FENWICK-NAVY-8
4957,3654,,48.7200,0.0000,1.0000,2129,11367,,,Fenwick Ladies Extra Wide Shoe,FENWICK-BLACK-4
4958,3654,,48.7200,0.0000,1.0000,867,11369,,,Zurich Ladies Ultra Wide Shoe,ZURICH-BLACK-6
4959,3654,,21.9400,0.0000,1.0000,1091,11371,,,Sophie Ladies Extra Wide Slipper,SOPHIE-NAVY.SPARK-9
4960,3654,,21.9400,0.0000,1.0000,1091,11373,,,Sophie Ladies Extra Wide Slipper,SOPHIE-WINE.SWIRL-3
4961,3654,,26.5100,0.0000,1.0000,958,11375,,,Mary Ladies Extra Wide House Shoe,MARY-NAVY-7
4962,3654,,51.4300,0.0000,1.0000,1361,11377,,,Tony Men's Extra Wide Shoe,TONY-BLACK-6
4963,3654,,51.4300,0.0000,1.0000,1361,11379,,,Tony Men's Extra Wide Shoe,TONY-BROWN-12
4964,3654,,29.7600,0.0000,1.0000,2756,11381,,,Sam Unisex Extra Wide Stretch Slipper,SAM-BLACK-10
4965,3654,,29.7600,0.0000,1.0000,2756,11383,,,Sam Unisex Extra Wide Stretch Slipper,SAM-BLACK-11
4966,3654,,29.7600,0.0000,1.0000,2756,11385,,,Sam Unisex Extra Wide Stretch Slipper,SAM-BLACK-12
4967,3654,,29.7600,0.0000,1.0000,2756,11387,,,Sam Unisex Extra Wide Stretch Slipper,SAM-BLACK-6
4968,3654,,29.7600,0.0000,1.0000,2756,11389,,,Sam Unisex Extra Wide Stretch Slipper,SAM-BLACK-7
4969,3654,,29.7600,0.0000,1.0000,2756,11391,,,Sam Unisex Extra Wide Stretch Slipper,SAM-BLACK-8
4970,3655,,54.1400,0.0000,1.0000,1332,11393,,,Tully Men's Extra Wide Shoe,TULLY-NAVY/BROWN-7
4971,3656,,21.9400,0.0000,1.0000,1091,11395,,,Sophie Ladies Extra Wide Slipper,SOPHIE-WINE-4
4972,3657,,23.2600,0.0000,1.0000,927,11397,,,Sue Ladies Extra Wide House Shoe,SUE-BLK.MET-6
4973,3657,,23.2600,0.0000,1.0000,1437,11399,,,Gary Men's Extra Wide Bootie Slipper,GARY-NAVY.CHEV-11
4974,3657,,21.9400,0.0000,1.0000,1091,11401,,,Sophie Ladies Extra Wide Slipper,SOPHIE-NAVY-5
4975,3658,,26.5100,0.0000,1.0000,958,11403,,,Mary Ladies Extra Wide House Shoe,MARY-NAVY-6
4976,3659,,26.1000,0.0000,1.0000,1487,11411,,,Walter Men's Extra Wide Open Flat Slipper,WALTER-BLACK-10
4977,3659,,26.1000,0.0000,1.0000,1487,11413,,,Walter Men's Extra Wide Open Flat Slipper,WALTER-BLACK-12
4978,3660,,19.2400,0.0000,1.0000,1424,11405,,,Steve Men's Extra Wide Slipper,STEVE-GREY.CHEV-8
4979,3660,,19.2400,0.0000,1.0000,1424,11407,,,Steve Men's Extra Wide Slipper,STEVE-GREY.CHEV-9
4980,3661,,26.1000,0.0000,1.0000,1487,11409,,,Walter Men's Extra Wide Open Flat Slipper,WALTER-BROWN-10
4981,3662,,24.4700,0.0000,2.0000,958,11415,,,Mary Ladies Extra Wide House Shoe,MARY-NAVY-5
4982,3662,,24.4700,0.0000,1.0000,958,11417,,,Mary Ladies Extra Wide House Shoe,MARY-NAVY-6
4983,3662,,24.4700,0.0000,1.0000,958,11419,,,Mary Ladies Extra Wide House Shoe,MARY-NAVY-7
4984,3662,,24.4700,0.0000,1.0000,958,11421,,,Mary Ladies Extra Wide House Shoe,MARY-NAVY-8
4985,3662,,20.2500,0.0000,1.0000,1091,11423,,,Sophie Ladies Extra Wide Slipper,SOPHIE-GREY.HEART-6
4986,3662,,47.4800,0.0000,1.0000,1388,11425,,,Terry Men's Extra Wide Shoe,TERRY-BLACK-11
4987,3662,,27.4700,0.0000,1.0000,1487,11427,,,Walter Men's Extra Wide Open Flat Slipper,WALTER-BLACK-11
4988,3662,,27.4700,0.0000,1.0000,1487,11429,,,Walter Men's Extra Wide Open Flat Slipper,WALTER-BLACK-7
4989,3662,,27.4700,0.0000,1.0000,1487,11431,,,Walter Men's Extra Wide Open Flat Slipper,WALTER-BLACK-8
4990,3663,,48.7200,0.0000,1.0000,1504,11433,,,Easham Ladies Extra Wide Shoe,EASHAM-BLACK-6
4991,3664,,18.9800,0.0000,1.0000,2012,11435,,,Doreen Ladies Ultra Wide Slipper,DOREEN-PURPLE-5
4992,3664,,18.9800,0.0000,1.0000,2012,11437,,,Doreen Ladies Ultra Wide Slipper,DOREEN-WINE-4
4993,3665,,50.3500,0.0000,1.0000,1378,11439,,,Travis Men's Extra Wide Stretch Shoe,TRAVIS-BLACK-11
4994,3666,,10.0200,0.0000,1.0000,2409,11443,,,FeatherTop Extra Wide Wool Socks,FEATHERTOP.WOOL-BLACK-L
4995,3666,,26.1000,0.0000,1.0000,1487,11445,,,Walter Men's Extra Wide Open Flat Slipper,WALTER-BLACK-9
4996,3667,,19.2400,0.0000,1.0000,1424,11441,,,Steve Men's Extra Wide Slipper,STEVE-NAVY.CHEV-9
4997,3668,,48.7200,0.0000,1.0000,2129,11447,,,Fenwick Ladies Extra Wide Shoe,FENWICK-BLACK-5
4998,3669,,19.2400,0.0000,1.0000,1091,11449,,,Sophie Ladies Extra Wide Slipper,SOPHIE-GREY.HEART-5
4999,3670,,21.6400,0.0000,1.0000,1015,11451,,,Sadie Ladies Extra Wide Slippers,SADIE-WINE.FL/BU-4
5000,3670,,21.6400,0.0000,1.0000,1015,11453,,,Sadie Ladies Extra Wide Slippers,SADIE-WINE.FERN-5
5001,3670,,21.6400,0.0000,1.0000,1015,11455,,,Sadie Ladies Extra Wide Slippers,SADIE-NAVY.FERN-6
5002,3670,,21.6400,0.0000,1.0000,1015,11457,,,Sadie Ladies Extra Wide Slippers,SADIE-WINE.FERN-8
5003,3671,,50.3500,0.0000,1.0000,1378,11459,,,Travis Men's Extra Wide Stretch Shoe,TRAVIS-BLACK-8
5004,3672,,19.2400,0.0000,1.0000,1091,11461,,,Sophie Ladies Extra Wide Slipper,SOPHIE-NAVY-5
5005,3673,,18.9800,0.0000,1.0000,1015,11463,,,Sadie Ladies Extra Wide Slippers,SADIE-NAVY.FERN-7
5006,3674,,22.7200,0.0000,1.0000,1023,11465,,,Selina Ladies Extra Wide Slipper,SELINA-NAVY.SPARK-6
5007,3675,,22.7200,0.0000,1.0000,1174,11467,,,Val Ladies Extra Wide Bootie Slipper,VAL-NAVY-7
5008,3676,,19.9300,0.0000,1.0000,1174,11469,,,Val Ladies Extra Wide Bootie Slipper,VAL-BLACK-6
5009,3677,,19.2400,0.0000,1.0000,1424,11471,,,Steve Men's Extra Wide Slipper,STEVE-NAVY.CHEV-6
5010,3678,,7.8500,0.0000,1.0000,2435,11473,,,FeatherTop Extra Wide Knee-High Socks,FEATHERTOP.KNEE.HIGH-BLACK-L
5011,3678,,7.5900,0.0000,1.0000,2727,11475,,,FeatherTop Extra Wide Gripped Socks,FEATHERTOP.GRIPPED-NAVY-M
5012,3678,,22.7200,0.0000,1.0000,1174,11477,,,Val Ladies Extra Wide Bootie Slipper,VAL-WINE.ST/BU-4
5013,3679,,18.9800,0.0000,1.0000,1015,11479,,,Sadie Ladies Extra Wide Slippers,SADIE-GREY.FERN-6
5014,3680,,20.4000,0.0000,1.0000,927,11481,,,Sue Ladies Extra Wide House Shoe,SUE-BEIGE.MET-8
5015,3681,,26.5100,0.0000,1.0000,958,11483,,,Mary Ladies Extra Wide House Shoe,MARY-NAVY-6
5016,3681,,54.1400,0.0000,1.0000,1342,11485,,,Percy Men's Extra Wide Deck Shoe,PERCY-NAVY/BROWN-9
5017,3681,,54.1400,0.0000,1.0000,1342,11487,,,Percy Men's Extra Wide Deck Shoe,PERCY-NAVY/BROWN-8
5018,3681,,54.1400,0.0000,1.0000,1342,11489,,,Percy Men's Extra Wide Deck Shoe,PERCY-NAVY/BROWN-10
5019,3682,,19.2400,0.0000,1.0000,1091,11491,,,Sophie Ladies Extra Wide Slipper,SOPHIE-NAVY.SPOT-7
5020,3683,,48.7200,0.0000,1.0000,875,11493,,,Zinder Ladies Ultra Wide Shoe,ZINDER-BLACK-6
5021,3684,,7.3100,0.0000,1.0000,2422,11495,,,FeatherTop Extra Wide Cushioned Socks,FEATHERTOP.CUSHIONED-BLACK-M
5022,3684,,7.3100,0.0000,1.0000,2422,11497,,,FeatherTop Extra Wide Cushioned Socks,FEATHERTOP.CUSHIONED-GREY-M
5023,3684,,46.0100,0.0000,1.0000,733,11499,,,Wardale Ladies Extra Wide Shoe,WARDALE-BLACK-6
5024,3684,,31.3900,0.0000,1.0000,1471,11501,,,Wesley Men's Extra Wide Open-Flat PU Slipper,WESLEY-BLACK-10
5025,3684,,7.3100,0.0000,1.0000,2422,11503,,,FeatherTop Extra Wide Cushioned Socks,FEATHERTOP.CUSHIONED-BLACK-L
5026,3684,,7.3100,0.0000,1.0000,2422,11505,,,FeatherTop Extra Wide Cushioned Socks,FEATHERTOP.CUSHIONED-GREY-L
5027,3685,,7.3100,0.0000,1.0000,2422,11507,,,FeatherTop Extra Wide Cushioned Socks,FEATHERTOP.CUSHIONED-NAVY-M
5028,3685,,26.1000,0.0000,1.0000,2756,11509,,,Sam Unisex Extra Wide Stretch Slipper,SAM-BLACK-9
5029,3686,,19.9300,0.0000,1.0000,1174,11511,,,Val Ladies Extra Wide Bootie Slipper,VAL-BLACK-6
5030,3687,,51.4300,0.0000,1.0000,1388,11513,,,Terry Men's Extra Wide Shoe,TERRY-BLACK-6
5031,3688,,47.1000,0.0000,1.0000,834,11515,,,Walmer Ladies Extra Wide Stretch Shoe,WALMER-NAVY-4
5032,3689,,24.4700,0.0000,1.0000,958,11517,,,Mary Ladies Extra Wide House Shoe,MARY-NAVY-5
5033,3689,,24.4700,0.0000,1.0000,958,11519,,,Mary Ladies Extra Wide House Shoe,MARY-NAVY-7
5034,3689,,20.2500,0.0000,1.0000,1091,11521,,,Sophie Ladies Extra Wide Slipper,SOPHIE-GREY.HEART-5
5035,3689,,20.2500,0.0000,1.0000,1091,11523,,,Sophie Ladies Extra Wide Slipper,SOPHIE-GREY.HEART-6
5036,3689,,20.2500,0.0000,1.0000,1091,11525,,,Sophie Ladies Extra Wide Slipper,SOPHIE-GREY.HEART-7
5037,3690,,26.1000,0.0000,1.0000,2756,11527,,,Sam Unisex Extra Wide Stretch Slipper,SAM-BLACK-4
5038,3691,,48.7200,0.0000,1.0000,265,11529,,,Filton Ladies Extra Wide Shoe,FILTON-BLK.PAT-6.5
5039,3691,,50.3500,0.0000,1.0000,663,11531,,,Fargo Ladies Extra Wide Shoe,FARGO-BLK.PRINT-5
5040,3692,,19.2400,0.0000,1.0000,1091,11535,,,Sophie Ladies Extra Wide Slipper,SOPHIE-GREY.HEART-3
5041,3693,,26.1000,0.0000,1.0000,1137,11533,,,Wendy Ladies Extra Wide Open-Flat Slipper,WENDY-NAVY.COMB-5
5042,3694,,19.9300,0.0000,1.0000,1023,11537,,,Selina Ladies Extra Wide Slipper,SELINA-NAVY.SPARK-7
5043,3695,,21.9400,0.0000,1.0000,1091,11539,,,Sophie Ladies Extra Wide Slipper,SOPHIE-NAVY-5
5044,3696,,54.1400,0.0000,1.0000,1332,11541,,,Tully Men's Extra Wide Shoe,TULLY-NAVY/BROWN-12
5045,3696,,54.1400,0.0000,1.0000,912,11543,,,Bolton Ladies Extra Wide Boot,BOLTON-BLACK-7
5046,3696,,54.1400,0.0000,1.0000,898,11545,,,Barla Ladies Extra Wide Boot,BARLA-BLACK-7
5047,3696,,54.1400,0.0000,1.0000,898,11547,,,Barla Ladies Extra Wide Boot,BARLA-BLACK-8
5048,3696,,21.6400,0.0000,1.0000,1015,11549,,,Sadie Ladies Extra Wide Slippers,SADIE-GREY.FERN-8
5049,3697,,44.3900,0.0000,1.0000,1726,11551,,,Cheryl Ladies Ultra Wide Sandal,CHERYL-NAVY-6
5050,3698,,19.2400,0.0000,1.0000,1091,11553,,,Sophie Ladies Extra Wide Slipper,SOPHIE-NAVY.SPARK-6
5051,3699,,26.5100,0.0000,1.0000,958,11555,,,Mary Ladies Extra Wide House Shoe,MARY-NAVY-8
5052,3699,,51.4300,0.0000,1.0000,1388,11557,,,Terry Men's Extra Wide Shoe,TERRY-BLACK-10
5053,3700,,54.1400,0.0000,1.0000,1332,11559,,,Tully Men's Extra Wide Shoe,TULLY-NAVY/BROWN-11
5054,3700,,54.1400,0.0000,1.0000,1332,11561,,,Tully Men's Extra Wide Shoe,TULLY-BROWN-11
5055,3701,,19.2400,0.0000,1.0000,1424,11563,,,Steve Men's Extra Wide Slipper,STEVE-GREY.CHEV-7
5056,3702,,19.2400,0.0000,1.0000,1091,11565,,,Sophie Ladies Extra Wide Slipper,SOPHIE-GREY.HEART-8
5057,3703,,50.3500,0.0000,1.0000,663,11567,,,Fargo Ladies Extra Wide Shoe,FARGO-BLK.PRINT-8
5058,3703,,8.6400,0.0000,1.0000,2394,11569,,,FeatherTop Extra Wide Cotton Socks,FEATHERTOP.COTTON-GREEN-L
5059,3703,,8.6400,0.0000,1.0000,2394,11571,,,FeatherTop Extra Wide Cotton Socks,FEATHERTOP.COTTON-NAVY-L
5060,3703,,8.6400,0.0000,1.0000,2394,11573,,,FeatherTop Extra Wide Cotton Socks,FEATHERTOP.COTTON-WINE-L
5061,3703,,46.0100,0.0000,1.0000,806,11575,,,Welton Ladies Extra Wide Shoe,WELTON-BLACK-2
5062,3704,,23.2500,0.0000,1.0000,958,11577,,,Mary Ladies Extra Wide House Shoe,MARY-NAVY-5
5063,3705,,44.3900,0.0000,1.0000,1726,11579,,,Cheryl Ladies Ultra Wide Sandal,CHERYL-STONE.PEAR-2
5064,3705,,50.3500,0.0000,1.0000,1378,11581,,,Travis Men's Extra Wide Stretch Shoe,TRAVIS-BLACK-10
5065,3705,,51.4300,0.0000,1.0000,1388,11583,,,Terry Men's Extra Wide Shoe,TERRY-BLACK-10
5066,3705,,51.4300,0.0000,1.0000,1361,11585,,,Tony Men's Extra Wide Shoe,TONY-BROWN-10
5067,3706,,18.9800,0.0000,1.0000,1015,11587,,,Sadie Ladies Extra Wide Slippers,SADIE-GREY.FERN-8
5068,3707,,19.2400,0.0000,1.0000,1424,11589,,,Steve Men's Extra Wide Slipper,STEVE-GREY.CHEV-9
5069,3708,,48.7200,0.0000,1.0000,333,11619,,,Farlow Ladies Extra Wide Shoe,FARLOW-ROYAL-6.5
5070,3708,,47.6400,0.0000,1.0000,787,11621,,,Welland Ladies Extra Wide Shoe,WELLAND-IVORY-6.5
5071,3708,,29.7600,0.0000,1.0000,2756,11623,,,Sam Unisex Extra Wide Stretch Slipper,SAM-BLACK-8
5072,3709,,26.5600,0.0000,1.0000,1415,11591,,,Sven Men's Extra Wide Slipper,SVEN-BLACK-6
5073,3709,,43.4800,0.0000,1.0000,2129,11593,,,Fenwick Ladies Extra Wide Shoe,FENWICK-BRZ.PRINT-7
5074,3709,,43.4800,0.0000,1.0000,2129,11595,,,Fenwick Ladies Extra Wide Shoe,FENWICK-CHER.PRI-6
5075,3709,,43.4800,0.0000,1.0000,480,11597,,,Foxton Ladies Extra Wide Shoe,FOXTON-PEWTER-6
5076,3709,,39.6100,0.0000,1.0000,1726,11599,,,Cheryl Ladies Ultra Wide Sandal,CHERYL-PLAT.FL-6
5077,3709,,44.9300,0.0000,1.0000,663,11601,,,Fargo Ladies Extra Wide Shoe,FARGO-BLK.PRINT-6
5078,3709,,26.5600,0.0000,1.0000,1137,11603,,,Wendy Ladies Extra Wide Open-Flat Slipper,WENDY-BLK.SWIRL-5
5079,3709,,20.7600,0.0000,1.0000,1629,11605,,,Vera Ladies Extra Wide Bootie Slipper,VERA-CHAR.POLKA-6
5080,3709,,45.9000,0.0000,1.0000,1361,11607,,,Tony Men's Extra Wide Shoe,TONY-BROWN-9
5081,3709,,8.6400,0.0000,3.0000,2394,11609,,,FeatherTop Extra Wide Cotton Socks,FEATHERTOP.COTTON-BLACK-M
5082,3709,,8.6400,0.0000,2.0000,2394,11611,,,FeatherTop Extra Wide Cotton Socks,FEATHERTOP.COTTON-ROSE.LILAC-S
5083,3709,,8.6400,0.0000,2.0000,2394,11613,,,FeatherTop Extra Wide Cotton Socks,FEATHERTOP.COTTON-NAVY-M
5084,3709,,8.6400,0.0000,2.0000,2394,11615,,,FeatherTop Extra Wide Cotton Socks,FEATHERTOP.COTTON-OATMEAL-S
5085,3709,,8.6400,0.0000,2.0000,2394,11617,,,FeatherTop Extra Wide Cotton Socks,FEATHERTOP.COTTON-ROSE.LILAC-M
5086,3710,,19.2400,0.0000,1.0000,1091,11625,,,Sophie Ladies Extra Wide Slipper,SOPHIE-GREY.HEART-7
