tax_item_id,tax_id,item_id,tax_percent,amount,base_amount,real_amount,real_base_amount,associated_item_id,taxable_item_type
16,12,,20.0000,0.7900,0.7900,0.7900,0.7900,,shipping
18,13,,20.0000,0.7900,0.7900,0.7900,0.7900,,shipping
20,14,,20.0000,0.7900,0.7900,0.7900,0.7900,,shipping
23,15,,20.0000,1.1900,1.1900,1.1900,1.1900,,shipping
25,16,,20.0000,1.7900,1.7900,1.7900,1.7900,,shipping
27,17,,20.0000,0.7900,0.7900,0.7900,0.7900,,shipping
29,18,,20.0000,0.7900,0.7900,0.7900,0.7900,,shipping
31,19,,20.0000,0.7900,0.7900,0.7900,0.7900,,shipping
33,20,,20.0000,0.7900,0.7900,0.7900,0.7900,,shipping
35,21,,20.0000,0.6600,0.6600,0.6600,0.6600,,shipping
37,22,,20.0000,0.6600,0.6600,0.6600,0.6600,,shipping
39,23,,20.0000,0.6600,0.6600,0.6600,0.6600,,shipping
41,24,,20.0000,0.6600,0.6600,0.6600,0.6600,,shipping
43,25,,20.0000,0.6600,0.6600,0.6600,0.6600,,shipping
45,26,,20.0000,0.6600,0.6600,0.6600,0.6600,,shipping
47,27,,20.0000,0.6600,0.6600,0.6600,0.6600,,shipping
49,28,,20.0000,0.6600,0.6600,0.6600,0.6600,,shipping
51,29,,20.0000,0.9900,0.9900,0.9900,0.9900,,shipping
53,30,,20.0000,0.6600,0.6600,0.6600,0.6600,,shipping
55,31,,20.0000,0.6600,0.6600,0.6600,0.6600,,shipping
57,32,,20.0000,0.6600,0.6600,0.6600,0.6600,,shipping
59,33,,20.0000,0.6600,0.6600,0.6600,0.6600,,shipping
61,34,,20.0000,0.6600,0.6600,0.6600,0.6600,,shipping
63,35,,20.0000,0.6600,0.6600,0.6600,0.6600,,shipping
65,36,,20.0000,0.6600,0.6600,0.6600,0.6600,,shipping
67,37,,20.0000,0.6600,0.6600,0.6600,0.6600,,shipping
69,38,,20.0000,0.6600,0.6600,0.6600,0.6600,,shipping
71,39,,20.0000,0.6600,0.6600,0.6600,0.6600,,shipping
73,40,,20.0000,0.6600,0.6600,0.6600,0.6600,,shipping
75,41,,20.0000,0.6600,0.6600,0.6600,0.6600,,shipping
77,42,,20.0000,0.6600,0.6600,0.6600,0.6600,,shipping
79,43,,20.0000,0.6600,0.6600,0.6600,0.6600,,shipping
82,44,,20.0000,0.9900,0.9900,0.9900,0.9900,,shipping
84,45,,20.0000,0.6600,0.6600,0.6600,0.6600,,shipping
86,46,,20.0000,0.6600,0.6600,0.6600,0.6600,,shipping
88,47,,20.0000,0.6600,0.6600,0.6600,0.6600,,shipping
90,48,,20.0000,0.6600,0.6600,0.6600,0.6600,,shipping
92,49,,20.0000,0.6600,0.6600,0.6600,0.6600,,shipping
94,50,,20.0000,0.6600,0.6600,0.6600,0.6600,,shipping
96,51,,20.0000,0.6600,0.6600,0.6600,0.6600,,shipping
98,52,,20.0000,0.6600,0.6600,0.6600,0.6600,,shipping
100,53,,20.0000,0.9900,0.9900,0.9900,0.9900,,shipping
102,54,,20.0000,0.6600,0.6600,0.6600,0.6600,,shipping
104,55,,20.0000,0.9900,0.9900,0.9900,0.9900,,shipping
106,56,,20.0000,0.6600,0.6600,0.6600,0.6600,,shipping
108,57,,20.0000,0.6600,0.6600,0.6600,0.6600,,shipping
110,58,,20.0000,0.6600,0.6600,0.6600,0.6600,,shipping
112,59,,20.0000,0.6500,0.6500,0.6500,0.6500,,shipping
114,60,,20.0000,0.6600,0.6600,0.6600,0.6600,,shipping
116,61,,20.0000,0.6500,0.6500,0.6500,0.6500,,shipping
118,62,,20.0000,0.6600,0.6600,0.6600,0.6600,,shipping
120,63,,20.0000,0.6600,0.6600,0.6600,0.6600,,shipping
122,64,,20.0000,0.6600,0.6600,0.6600,0.6600,,shipping
124,65,,20.0000,0.6600,0.6600,0.6600,0.6600,,shipping
126,66,,20.0000,0.6600,0.6600,0.6600,0.6600,,shipping
128,67,,20.0000,0.6600,0.6600,0.6600,0.6600,,shipping
130,68,,20.0000,0.6600,0.6600,0.6600,0.6600,,shipping
132,69,,20.0000,0.6600,0.6600,0.6600,0.6600,,shipping
134,70,,20.0000,0.6600,0.6600,0.6600,0.6600,,shipping
136,71,,20.0000,0.6600,0.6600,0.6600,0.6600,,shipping
138,72,,20.0000,0.6600,0.6600,0.6600,0.6600,,shipping
140,73,,20.0000,0.6600,0.6600,0.6600,0.6600,,shipping
142,74,,20.0000,0.6600,0.6600,0.6600,0.6600,,shipping
144,75,,20.0000,0.6600,0.6600,0.6600,0.6600,,shipping
146,76,,20.0000,0.6600,0.6600,0.6600,0.6600,,shipping
148,77,,20.0000,0.6600,0.6600,0.6600,0.6600,,shipping
150,78,,20.0000,0.6600,0.6600,0.6600,0.6600,,shipping
152,79,,20.0000,0.6600,0.6600,0.6600,0.6600,,shipping
154,80,,20.0000,0.6600,0.6600,0.6600,0.6600,,shipping
156,81,,20.0000,0.6600,0.6600,0.6600,0.6600,,shipping
158,82,,20.0000,0.6600,0.6600,0.6600,0.6600,,shipping
160,83,,20.0000,0.6600,0.6600,0.6600,0.6600,,shipping
162,84,,20.0000,0.6600,0.6600,0.6600,0.6600,,shipping
164,85,,20.0000,0.6600,0.6600,0.6600,0.6600,,shipping
166,86,,20.0000,0.6600,0.6600,0.6600,0.6600,,shipping
168,87,,20.0000,0.6600,0.6600,0.6600,0.6600,,shipping
170,88,,20.0000,0.6600,0.6600,0.6600,0.6600,,shipping
172,89,,20.0000,0.6600,0.6600,0.6600,0.6600,,shipping
174,90,,20.0000,0.6600,0.6600,0.6600,0.6600,,shipping
176,91,,20.0000,0.6600,0.6600,0.6600,0.6600,,shipping
181,92,,20.0000,0.9900,0.9900,0.9900,0.9900,,shipping
183,93,,20.0000,0.6600,0.6600,0.6600,0.6600,,shipping
185,94,,20.0000,0.6600,0.6600,0.6600,0.6600,,shipping
187,95,,20.0000,0.6600,0.6600,0.6600,0.6600,,shipping
189,96,,20.0000,0.6600,0.6600,0.6600,0.6600,,shipping
191,97,,20.0000,0.6600,0.6600,0.6600,0.6600,,shipping
194,98,,20.0000,0.9900,0.9900,0.9900,0.9900,,shipping
197,99,,20.0000,0.6600,0.6600,0.6600,0.6600,,shipping
200,100,,20.0000,0.6600,0.6600,0.6600,0.6600,,shipping
203,101,,20.0000,0.6600,0.6600,0.6600,0.6600,,shipping
206,102,,20.0000,0.6600,0.6600,0.6600,0.6600,,shipping
209,103,,20.0000,0.6600,0.6600,0.6600,0.6600,,shipping
212,104,,20.0000,0.6600,0.6600,0.6600,0.6600,,shipping
214,105,,20.0000,0.6600,0.6600,0.6600,0.6600,,shipping
216,106,,20.0000,0.6600,0.6600,0.6600,0.6600,,shipping
218,107,,20.0000,0.6600,0.6600,0.6600,0.6600,,shipping
220,108,,20.0000,0.6600,0.6600,0.6600,0.6600,,shipping
222,109,,20.0000,0.6600,0.6600,0.6600,0.6600,,shipping
224,110,,20.0000,0.6600,0.6600,0.6600,0.6600,,shipping
226,111,,20.0000,0.6600,0.6600,0.6600,0.6600,,shipping
228,112,,20.0000,0.6600,0.6600,0.6600,0.6600,,shipping
230,113,,20.0000,0.6600,0.6600,0.6600,0.6600,,shipping
232,114,,20.0000,0.6600,0.6600,0.6600,0.6600,,shipping
234,115,,20.0000,0.6600,0.6600,0.6600,0.6600,,shipping
236,116,,20.0000,0.6600,0.6600,0.6600,0.6600,,shipping
238,117,,20.0000,0.6600,0.6600,0.6600,0.6600,,shipping
241,118,,20.0000,0.6600,0.6600,0.6600,0.6600,,shipping
243,119,,20.0000,0.6600,0.6600,0.6600,0.6600,,shipping
246,120,,20.0000,0.6500,0.6500,0.6500,0.6500,,shipping
248,121,,20.0000,0.6600,0.6600,0.6600,0.6600,,shipping
251,122,,20.0000,0.6600,0.6600,0.6600,0.6600,,shipping
253,123,,20.0000,0.6600,0.6600,0.6600,0.6600,,shipping
255,124,,20.0000,0.6600,0.6600,0.6600,0.6600,,shipping
258,125,,20.0000,0.6600,0.6600,0.6600,0.6600,,shipping
260,126,,20.0000,0.6600,0.6600,0.6600,0.6600,,shipping
263,127,,20.0000,0.6600,0.6600,0.6600,0.6600,,shipping
266,128,,20.0000,0.6600,0.6600,0.6600,0.6600,,shipping
268,129,,20.0000,0.6600,0.6600,0.6600,0.6600,,shipping
270,130,,20.0000,0.6600,0.6600,0.6600,0.6600,,shipping
272,131,,20.0000,0.6600,0.6600,0.6600,0.6600,,shipping
274,132,,20.0000,0.6600,0.6600,0.6600,0.6600,,shipping
276,133,,20.0000,0.9900,0.9900,0.9900,0.9900,,shipping
278,134,,20.0000,0.6600,0.6600,0.6600,0.6600,,shipping
280,135,,20.0000,0.6600,0.6600,0.6600,0.6600,,shipping
282,136,,20.0000,0.6600,0.6600,0.6600,0.6600,,shipping
284,137,,20.0000,0.6600,0.6600,0.6600,0.6600,,shipping
287,138,,20.0000,0.6600,0.6600,0.6600,0.6600,,shipping
292,139,,20.0000,0.6600,0.6600,0.6600,0.6600,,shipping
295,140,,20.0000,0.6500,0.6500,0.6500,0.6500,,shipping
298,141,,20.0000,0.9900,0.9900,0.9900,0.9900,,shipping
301,142,,20.0000,0.6500,0.6500,0.6500,0.6500,,shipping
304,143,,20.0000,0.6500,0.6500,0.6500,0.6500,,shipping
308,144,,20.0000,0.6500,0.6500,0.6500,0.6500,,shipping
312,145,,20.0000,0.9900,0.9900,0.9900,0.9900,,shipping
316,146,,20.0000,0.6600,0.6600,0.6600,0.6600,,shipping
319,147,,20.0000,0.6600,0.6600,0.6600,0.6600,,shipping
322,148,,20.0000,0.6500,0.6500,0.6500,0.6500,,shipping
325,149,,20.0000,0.6500,0.6500,0.6500,0.6500,,shipping
329,150,,20.0000,0.6500,0.6500,0.6500,0.6500,,shipping
333,151,,20.0000,0.6600,0.6600,0.6600,0.6600,,shipping
335,152,,20.0000,2.1600,2.1600,2.1600,2.1600,,shipping
337,153,,20.0000,0.6600,0.6600,0.6600,0.6600,,shipping
339,154,,20.0000,0.6600,0.6600,0.6600,0.6600,,shipping
341,155,,20.0000,0.6600,0.6600,0.6600,0.6600,,shipping
343,156,,20.0000,0.6600,0.6600,0.6600,0.6600,,shipping
345,157,,20.0000,0.6500,0.6500,0.6500,0.6500,,shipping
347,158,,20.0000,0.6600,0.6600,0.6600,0.6600,,shipping
349,159,,20.0000,0.6600,0.6600,0.6600,0.6600,,shipping
351,160,,20.0000,0.6500,0.6500,0.6500,0.6500,,shipping
353,161,,20.0000,0.6600,0.6600,0.6600,0.6600,,shipping
355,162,,20.0000,1.0000,1.0000,1.0000,1.0000,,shipping
357,163,,20.0000,0.6600,0.6600,0.6600,0.6600,,shipping
359,164,,20.0000,0.0000,0.0000,0.0000,0.0000,,shipping
361,165,,20.0000,0.0000,0.0000,0.0000,0.0000,,shipping
364,166,,20.0000,0.9900,0.9900,0.9900,0.9900,,shipping
366,167,,20.0000,0.9900,0.9900,0.9900,0.9900,,shipping
368,168,,20.0000,0.6600,0.6600,0.6600,0.6600,,shipping
370,169,,20.0000,0.6600,0.6600,0.6600,0.6600,,shipping
372,170,,20.0000,0.6600,0.6600,0.6600,0.6600,,shipping
377,171,,20.0000,0.0000,0.0000,0.0000,0.0000,,shipping
379,172,,20.0000,0.6600,0.6600,0.6600,0.6600,,shipping
381,173,,20.0000,0.6600,0.6600,0.6600,0.6600,,shipping
383,174,,20.0000,0.6600,0.6600,0.6600,0.6600,,shipping
385,175,,20.0000,0.6600,0.6600,0.6600,0.6600,,shipping
387,176,,20.0000,0.6600,0.6600,0.6600,0.6600,,shipping
389,177,,20.0000,0.6600,0.6600,0.6600,0.6600,,shipping
391,178,,20.0000,0.6600,0.6600,0.6600,0.6600,,shipping
393,179,,20.0000,0.6600,0.6600,0.6600,0.6600,,shipping
395,180,,20.0000,0.6600,0.6600,0.6600,0.6600,,shipping
397,181,,20.0000,0.9900,0.9900,0.9900,0.9900,,shipping
399,182,,20.0000,0.6600,0.6600,0.6600,0.6600,,shipping
401,183,,20.0000,0.6600,0.6600,0.6600,0.6600,,shipping
403,184,,20.0000,0.6600,0.6600,0.6600,0.6600,,shipping
405,185,,20.0000,0.6600,0.6600,0.6600,0.6600,,shipping
407,186,,20.0000,0.6600,0.6600,0.6600,0.6600,,shipping
409,187,,20.0000,0.6600,0.6600,0.6600,0.6600,,shipping
412,188,,20.0000,0.6600,0.6600,0.6600,0.6600,,shipping
414,189,,20.0000,0.6600,0.6600,0.6600,0.6600,,shipping
416,190,,20.0000,0.6600,0.6600,0.6600,0.6600,,shipping
418,191,,20.0000,0.6600,0.6600,0.6600,0.6600,,shipping
420,192,,20.0000,0.6600,0.6600,0.6600,0.6600,,shipping
422,193,,20.0000,0.6600,0.6600,0.6600,0.6600,,shipping
424,194,,20.0000,0.6600,0.6600,0.6600,0.6600,,shipping
426,195,,20.0000,0.6600,0.6600,0.6600,0.6600,,shipping
428,196,,20.0000,0.6600,0.6600,0.6600,0.6600,,shipping
432,197,,20.0000,0.6600,0.6600,0.6600,0.6600,,shipping
434,198,,20.0000,0.6600,0.6600,0.6600,0.6600,,shipping
437,199,,20.0000,0.0000,0.0000,0.0000,0.0000,,shipping
439,200,,20.0000,0.6600,0.6600,0.6600,0.6600,,shipping
441,201,,20.0000,0.0000,0.0000,0.0000,0.0000,,shipping
443,202,,20.0000,0.0000,0.0000,0.0000,0.0000,,shipping
445,203,,20.0000,0.6600,0.6600,0.6600,0.6600,,shipping
447,204,,20.0000,0.0000,0.0000,0.0000,0.0000,,shipping
449,205,,20.0000,0.0000,0.0000,0.0000,0.0000,,shipping
451,206,,20.0000,0.0000,0.0000,0.0000,0.0000,,shipping
453,207,,20.0000,0.0000,0.0000,0.0000,0.0000,,shipping
455,208,,20.0000,0.6600,0.6600,0.6600,0.6600,,shipping
457,209,,20.0000,0.6600,0.6600,0.6600,0.6600,,shipping
459,210,,20.0000,0.6600,0.6600,0.6600,0.6600,,shipping
461,211,,20.0000,0.6600,0.6600,0.6600,0.6600,,shipping
463,212,,20.0000,0.6600,0.6600,0.6600,0.6600,,shipping
465,213,,20.0000,0.6600,0.6600,0.6600,0.6600,,shipping
467,214,,20.0000,0.9900,0.9900,0.9900,0.9900,,shipping
469,215,,20.0000,0.0000,0.0000,0.0000,0.0000,,shipping
471,216,,20.0000,0.6600,0.6600,0.6600,0.6600,,shipping
473,217,,20.0000,0.6600,0.6600,0.6600,0.6600,,shipping
477,218,,20.0000,0.6600,0.6600,0.6600,0.6600,,shipping
480,219,,20.0000,0.6600,0.6600,0.6600,0.6600,,shipping
483,220,,20.0000,0.9900,0.9900,0.9900,0.9900,,shipping
485,221,,20.0000,0.6600,0.6600,0.6600,0.6600,,shipping
487,222,,20.0000,0.6600,0.6600,0.6600,0.6600,,shipping
489,223,,20.0000,0.6500,0.6500,0.6500,0.6500,,shipping
491,224,,20.0000,0.6600,0.6600,0.6600,0.6600,,shipping
493,225,,20.0000,0.6600,0.6600,0.6600,0.6600,,shipping
495,226,,20.0000,0.6600,0.6600,0.6600,0.6600,,shipping
497,227,,20.0000,0.6600,0.6600,0.6600,0.6600,,shipping
499,228,,20.0000,0.6600,0.6600,0.6600,0.6600,,shipping
503,229,,20.0000,0.6600,0.6600,0.6600,0.6600,,shipping
506,230,,20.0000,2.1500,2.1500,2.1500,2.1500,,shipping
508,231,,20.0000,0.6600,0.6600,0.6600,0.6600,,shipping
510,232,,20.0000,0.6600,0.6600,0.6600,0.6600,,shipping
512,233,,20.0000,0.6600,0.6600,0.6600,0.6600,,shipping
517,234,,20.0000,0.6600,0.6600,0.6600,0.6600,,shipping
519,235,,20.0000,0.6600,0.6600,0.6600,0.6600,,shipping
521,236,,20.0000,0.6600,0.6600,0.6600,0.6600,,shipping
524,237,,20.0000,0.6500,0.6500,0.6500,0.6500,,shipping
526,238,,20.0000,0.9900,0.9900,0.9900,0.9900,,shipping
528,239,,20.0000,1.4900,1.4900,1.4900,1.4900,,shipping
530,240,,20.0000,0.6600,0.6600,0.6600,0.6600,,shipping
532,241,,20.0000,0.6600,0.6600,0.6600,0.6600,,shipping
534,242,,20.0000,0.6600,0.6600,0.6600,0.6600,,shipping
536,243,,20.0000,0.6600,0.6600,0.6600,0.6600,,shipping
538,244,,20.0000,0.6600,0.6600,0.6600,0.6600,,shipping
541,245,,20.0000,0.6600,0.6600,0.6600,0.6600,,shipping
543,246,,20.0000,0.6600,0.6600,0.6600,0.6600,,shipping
545,247,,20.0000,0.6600,0.6600,0.6600,0.6600,,shipping
547,248,,20.0000,0.6600,0.6600,0.6600,0.6600,,shipping
550,249,,20.0000,0.6600,0.6600,0.6600,0.6600,,shipping
552,250,,20.0000,0.6600,0.6600,0.6600,0.6600,,shipping
554,251,,20.0000,0.6600,0.6600,0.6600,0.6600,,shipping
556,252,,20.0000,0.6600,0.6600,0.6600,0.6600,,shipping
558,253,,20.0000,0.6600,0.6600,0.6600,0.6600,,shipping
560,254,,20.0000,0.6600,0.6600,0.6600,0.6600,,shipping
562,255,,20.0000,1.4900,1.4900,1.4900,1.4900,,shipping
566,256,,20.0000,0.6600,0.6600,0.6600,0.6600,,shipping
570,257,,20.0000,0.6600,0.6600,0.6600,0.6600,,shipping
572,258,,20.0000,0.6600,0.6600,0.6600,0.6600,,shipping
574,259,,20.0000,0.6600,0.6600,0.6600,0.6600,,shipping
577,260,,20.0000,0.6500,0.6500,0.6500,0.6500,,shipping
579,261,,20.0000,0.6600,0.6600,0.6600,0.6600,,shipping
581,262,,20.0000,0.6600,0.6600,0.6600,0.6600,,shipping
583,263,,20.0000,0.6600,0.6600,0.6600,0.6600,,shipping
585,264,,20.0000,0.6600,0.6600,0.6600,0.6600,,shipping
588,265,,20.0000,0.6500,0.6500,0.6500,0.6500,,shipping
591,266,,20.0000,0.6500,0.6500,0.6500,0.6500,,shipping
593,267,,20.0000,0.6600,0.6600,0.6600,0.6600,,shipping
597,268,,20.0000,0.6600,0.6600,0.6600,0.6600,,shipping
599,269,,20.0000,0.6600,0.6600,0.6600,0.6600,,shipping
601,270,,20.0000,0.6600,0.6600,0.6600,0.6600,,shipping
603,271,,20.0000,0.6600,0.6600,0.6600,0.6600,,shipping
605,272,,20.0000,0.6600,0.6600,0.6600,0.6600,,shipping
607,273,,20.0000,0.6600,0.6600,0.6600,0.6600,,shipping
609,274,,20.0000,0.6600,0.6600,0.6600,0.6600,,shipping
612,275,,20.0000,0.6500,0.6500,0.6500,0.6500,,shipping
614,276,,20.0000,0.6600,0.6600,0.6600,0.6600,,shipping
616,277,,20.0000,0.6600,0.6600,0.6600,0.6600,,shipping
618,278,,20.0000,0.6600,0.6600,0.6600,0.6600,,shipping
620,279,,20.0000,0.6600,0.6600,0.6600,0.6600,,shipping
622,280,,20.0000,0.6600,0.6600,0.6600,0.6600,,shipping
624,281,,20.0000,0.6600,0.6600,0.6600,0.6600,,shipping
626,282,,20.0000,0.6600,0.6600,0.6600,0.6600,,shipping
628,283,,20.0000,0.6600,0.6600,0.6600,0.6600,,shipping
630,284,,20.0000,0.6600,0.6600,0.6600,0.6600,,shipping
632,285,,20.0000,0.6600,0.6600,0.6600,0.6600,,shipping
634,286,,20.0000,0.9900,0.9900,0.9900,0.9900,,shipping
636,287,,20.0000,0.6600,0.6600,0.6600,0.6600,,shipping
638,288,,20.0000,0.6600,0.6600,0.6600,0.6600,,shipping
640,289,,20.0000,0.9900,0.9900,0.9900,0.9900,,shipping
642,290,,20.0000,0.6600,0.6600,0.6600,0.6600,,shipping
644,291,,20.0000,0.0000,0.0000,0.0000,0.0000,,shipping
646,292,,20.0000,0.6600,0.6600,0.6600,0.6600,,shipping
648,293,,20.0000,0.0000,0.0000,0.0000,0.0000,,shipping
651,294,,20.0000,0.6600,0.6600,0.6600,0.6600,,shipping
654,295,,20.0000,0.6600,0.6600,0.6600,0.6600,,shipping
656,296,,20.0000,0.6600,0.6600,0.6600,0.6600,,shipping
658,297,,20.0000,0.6600,0.6600,0.6600,0.6600,,shipping
660,298,,20.0000,0.6600,0.6600,0.6600,0.6600,,shipping
662,299,,20.0000,0.6600,0.6600,0.6600,0.6600,,shipping
664,300,,20.0000,0.6600,0.6600,0.6600,0.6600,,shipping
666,301,,20.0000,0.6600,0.6600,0.6600,0.6600,,shipping
668,302,,20.0000,0.6600,0.6600,0.6600,0.6600,,shipping
670,303,,20.0000,0.6600,0.6600,0.6600,0.6600,,shipping
672,304,,20.0000,0.6600,0.6600,0.6600,0.6600,,shipping
675,305,,20.0000,0.6500,0.6500,0.6500,0.6500,,shipping
678,306,,20.0000,1.5000,1.5000,1.5000,1.5000,,shipping
680,307,,20.0000,0.6600,0.6600,0.6600,0.6600,,shipping
682,308,,20.0000,0.6600,0.6600,0.6600,0.6600,,shipping
684,309,,20.0000,0.6600,0.6600,0.6600,0.6600,,shipping
686,310,,20.0000,0.9900,0.9900,0.9900,0.9900,,shipping
688,311,,20.0000,0.6600,0.6600,0.6600,0.6600,,shipping
690,312,,20.0000,0.6600,0.6600,0.6600,0.6600,,shipping
692,313,,20.0000,0.6600,0.6600,0.6600,0.6600,,shipping
694,314,,20.0000,0.6600,0.6600,0.6600,0.6600,,shipping
696,315,,20.0000,0.6600,0.6600,0.6600,0.6600,,shipping
698,316,,20.0000,0.9900,0.9900,0.9900,0.9900,,shipping
700,317,,20.0000,0.6600,0.6600,0.6600,0.6600,,shipping
702,318,,20.0000,0.9900,0.9900,0.9900,0.9900,,shipping
704,319,,20.0000,0.6600,0.6600,0.6600,0.6600,,shipping
706,320,,20.0000,0.6600,0.6600,0.6600,0.6600,,shipping
713,321,,20.0000,0.6600,0.6600,0.6600,0.6600,,shipping
716,322,,20.0000,2.1500,2.1500,2.1500,2.1500,,shipping
718,323,,20.0000,0.6600,0.6600,0.6600,0.6600,,shipping
720,324,,20.0000,0.6600,0.6600,0.6600,0.6600,,shipping
723,325,,20.0000,0.6600,0.6600,0.6600,0.6600,,shipping
728,326,,20.0000,0.9900,0.9900,0.9900,0.9900,,shipping
731,327,,20.0000,0.6500,0.6500,0.6500,0.6500,,shipping
734,328,,20.0000,0.6500,0.6500,0.6500,0.6500,,shipping
737,329,,20.0000,0.6500,0.6500,0.6500,0.6500,,shipping
740,330,,20.0000,0.6600,0.6600,0.6600,0.6600,,shipping
742,331,,20.0000,0.6600,0.6600,0.6600,0.6600,,shipping
747,332,,20.0000,0.6600,0.6600,0.6600,0.6600,,shipping
749,333,,20.0000,0.6600,0.6600,0.6600,0.6600,,shipping
751,334,,20.0000,0.6600,0.6600,0.6600,0.6600,,shipping
753,335,,20.0000,0.6600,0.6600,0.6600,0.6600,,shipping
755,336,,20.0000,0.6600,0.6600,0.6600,0.6600,,shipping
757,337,,20.0000,0.6600,0.6600,0.6600,0.6600,,shipping
759,338,,20.0000,0.9900,0.9900,0.9900,0.9900,,shipping
761,339,,20.0000,0.9900,0.9900,0.9900,0.9900,,shipping
763,340,,20.0000,0.6600,0.6600,0.6600,0.6600,,shipping
765,341,,20.0000,0.6600,0.6600,0.6600,0.6600,,shipping
767,342,,20.0000,0.6600,0.6600,0.6600,0.6600,,shipping
769,343,,20.0000,0.6600,0.6600,0.6600,0.6600,,shipping
771,344,,20.0000,0.6600,0.6600,0.6600,0.6600,,shipping
773,345,,20.0000,0.6600,0.6600,0.6600,0.6600,,shipping
775,346,,20.0000,0.6600,0.6600,0.6600,0.6600,,shipping
778,347,,20.0000,0.6600,0.6600,0.6600,0.6600,,shipping
781,348,,20.0000,1.0000,1.0000,1.0000,1.0000,,shipping
783,349,,20.0000,0.6600,0.6600,0.6600,0.6600,,shipping
785,350,,20.0000,0.6600,0.6600,0.6600,0.6600,,shipping
787,351,,20.0000,1.4900,1.4900,1.4900,1.4900,,shipping
789,352,,20.0000,0.6600,0.6600,0.6600,0.6600,,shipping
792,353,,20.0000,0.6600,0.6600,0.6600,0.6600,,shipping
794,354,,20.0000,0.6600,0.6600,0.6600,0.6600,,shipping
798,355,,20.0000,0.6600,0.6600,0.6600,0.6600,,shipping
800,356,,20.0000,0.6600,0.6600,0.6600,0.6600,,shipping
802,357,,20.0000,0.6600,0.6600,0.6600,0.6600,,shipping
804,358,,20.0000,0.6600,0.6600,0.6600,0.6600,,shipping
806,359,,20.0000,0.6600,0.6600,0.6600,0.6600,,shipping
812,360,,20.0000,0.6600,0.6600,0.6600,0.6600,,shipping
814,361,,20.0000,0.6600,0.6600,0.6600,0.6600,,shipping
816,362,,20.0000,1.4900,1.4900,1.4900,1.4900,,shipping
819,363,,20.0000,0.6500,0.6500,0.6500,0.6500,,shipping
821,364,,20.0000,0.6600,0.6600,0.6600,0.6600,,shipping
823,365,,20.0000,0.6600,0.6600,0.6600,0.6600,,shipping
825,366,,20.0000,0.6500,0.6500,0.6500,0.6500,,shipping
831,367,,20.0000,0.9900,0.9900,0.9900,0.9900,,shipping
837,368,,20.0000,0.9900,0.9900,0.9900,0.9900,,shipping
839,369,,20.0000,0.6600,0.6600,0.6600,0.6600,,shipping
841,370,,20.0000,0.6600,0.6600,0.6600,0.6600,,shipping
843,371,,20.0000,0.6600,0.6600,0.6600,0.6600,,shipping
845,372,,20.0000,0.6600,0.6600,0.6600,0.6600,,shipping
848,373,,20.0000,0.6500,0.6500,0.6500,0.6500,,shipping
851,374,,20.0000,0.6500,0.6500,0.6500,0.6500,,shipping
854,375,,20.0000,0.6500,0.6500,0.6500,0.6500,,shipping
857,376,,20.0000,0.6500,0.6500,0.6500,0.6500,,shipping
860,377,,20.0000,0.6500,0.6500,0.6500,0.6500,,shipping
862,378,,20.0000,0.6600,0.6600,0.6600,0.6600,,shipping
865,379,,20.0000,0.6500,0.6500,0.6500,0.6500,,shipping
867,380,,20.0000,0.6600,0.6600,0.6600,0.6600,,shipping
869,381,,20.0000,0.6600,0.6600,0.6600,0.6600,,shipping
871,382,,20.0000,0.6600,0.6600,0.6600,0.6600,,shipping
873,383,,20.0000,0.6600,0.6600,0.6600,0.6600,,shipping
876,384,,20.0000,0.6500,0.6500,0.6500,0.6500,,shipping
878,385,,20.0000,0.6600,0.6600,0.6600,0.6600,,shipping
882,386,,20.0000,1.4900,1.4900,1.4900,1.4900,,shipping
886,387,,20.0000,0.6600,0.6600,0.6600,0.6600,,shipping
889,388,,20.0000,0.6600,0.6600,0.6600,0.6600,,shipping
891,389,,20.0000,0.6600,0.6600,0.6600,0.6600,,shipping
893,390,,20.0000,0.6600,0.6600,0.6600,0.6600,,shipping
896,391,,20.0000,0.6500,0.6500,0.6500,0.6500,,shipping
899,392,,20.0000,0.6600,0.6600,0.6600,0.6600,,shipping
903,393,,20.0000,0.6500,0.6500,0.6500,0.6500,,shipping
905,394,,20.0000,0.6600,0.6600,0.6600,0.6600,,shipping
908,395,,20.0000,0.9900,0.9900,0.9900,0.9900,,shipping
910,396,,20.0000,0.6600,0.6600,0.6600,0.6600,,shipping
913,397,,20.0000,0.6500,0.6500,0.6500,0.6500,,shipping
915,398,,20.0000,0.6500,0.6500,0.6500,0.6500,,shipping
917,399,,20.0000,0.6600,0.6600,0.6600,0.6600,,shipping
919,400,,20.0000,0.6600,0.6600,0.6600,0.6600,,shipping
922,401,,20.0000,0.6600,0.6600,0.6600,0.6600,,shipping
924,402,,20.0000,0.6600,0.6600,0.6600,0.6600,,shipping
926,403,,20.0000,0.6600,0.6600,0.6600,0.6600,,shipping
928,404,,20.0000,0.6600,0.6600,0.6600,0.6600,,shipping
931,405,,20.0000,0.6500,0.6500,0.6500,0.6500,,shipping
933,406,,20.0000,0.6600,0.6600,0.6600,0.6600,,shipping
937,407,,20.0000,0.6600,0.6600,0.6600,0.6600,,shipping
939,408,,20.0000,0.6600,0.6600,0.6600,0.6600,,shipping
941,409,,20.0000,0.6600,0.6600,0.6600,0.6600,,shipping
943,410,,20.0000,0.6600,0.6600,0.6600,0.6600,,shipping
945,411,,20.0000,0.6600,0.6600,0.6600,0.6600,,shipping
947,412,,20.0000,0.6600,0.6600,0.6600,0.6600,,shipping
949,413,,20.0000,0.6600,0.6600,0.6600,0.6600,,shipping
951,414,,20.0000,0.6600,0.6600,0.6600,0.6600,,shipping
954,415,,20.0000,0.6500,0.6500,0.6500,0.6500,,shipping
956,416,,20.0000,0.9900,0.9900,0.9900,0.9900,,shipping
958,417,,20.0000,0.6600,0.6600,0.6600,0.6600,,shipping
960,418,,20.0000,0.6600,0.6600,0.6600,0.6600,,shipping
962,419,,20.0000,0.6600,0.6600,0.6600,0.6600,,shipping
964,420,,20.0000,0.6600,0.6600,0.6600,0.6600,,shipping
966,421,,20.0000,0.6600,0.6600,0.6600,0.6600,,shipping
968,422,,20.0000,0.6600,0.6600,0.6600,0.6600,,shipping
970,423,,20.0000,0.6600,0.6600,0.6600,0.6600,,shipping
972,424,,20.0000,0.6600,0.6600,0.6600,0.6600,,shipping
974,425,,20.0000,0.6600,0.6600,0.6600,0.6600,,shipping
976,426,,20.0000,0.6600,0.6600,0.6600,0.6600,,shipping
978,427,,20.0000,0.6600,0.6600,0.6600,0.6600,,shipping
983,428,,20.0000,0.6600,0.6600,0.6600,0.6600,,shipping
988,429,,20.0000,0.6600,0.6600,0.6600,0.6600,,shipping
990,430,,20.0000,0.6500,0.6500,0.6500,0.6500,,shipping
992,431,,20.0000,0.6500,0.6500,0.6500,0.6500,,shipping
994,432,,20.0000,0.6600,0.6600,0.6600,0.6600,,shipping
998,433,,20.0000,1.4900,1.4900,1.4900,1.4900,,shipping
1002,434,,20.0000,1.4900,1.4900,1.4900,1.4900,,shipping
1005,435,,20.0000,0.9900,0.9900,0.9900,0.9900,,shipping
1007,436,,20.0000,0.6600,0.6600,0.6600,0.6600,,shipping
1009,437,,20.0000,0.6600,0.6600,0.6600,0.6600,,shipping
1011,438,,20.0000,0.6600,0.6600,0.6600,0.6600,,shipping
1013,439,,20.0000,0.6600,0.6600,0.6600,0.6600,,shipping
1015,440,,20.0000,2.1500,2.1500,2.1500,2.1500,,shipping
1018,441,,20.0000,1.4900,1.4900,1.4900,1.4900,,shipping
1020,442,,20.0000,0.6600,0.6600,0.6600,0.6600,,shipping
1022,443,,20.0000,0.6600,0.6600,0.6600,0.6600,,shipping
1024,444,,20.0000,0.6500,0.6500,0.6500,0.6500,,shipping
1026,445,,20.0000,0.6600,0.6600,0.6600,0.6600,,shipping
1028,446,,20.0000,0.6600,0.6600,0.6600,0.6600,,shipping
1030,447,,20.0000,0.6600,0.6600,0.6600,0.6600,,shipping
1032,448,,20.0000,0.6600,0.6600,0.6600,0.6600,,shipping
1034,449,,20.0000,0.6500,0.6500,0.6500,0.6500,,shipping
1037,450,,20.0000,0.9900,0.9900,0.9900,0.9900,,shipping
1039,451,,20.0000,0.6600,0.6600,0.6600,0.6600,,shipping
1041,452,,20.0000,0.6600,0.6600,0.6600,0.6600,,shipping
1043,453,,20.0000,0.6600,0.6600,0.6600,0.6600,,shipping
1045,454,,20.0000,0.6600,0.6600,0.6600,0.6600,,shipping
1048,455,,20.0000,0.6500,0.6500,0.6500,0.6500,,shipping
1051,456,,20.0000,0.6600,0.6600,0.6600,0.6600,,shipping
1053,457,,20.0000,0.6600,0.6600,0.6600,0.6600,,shipping
1055,458,,20.0000,0.6600,0.6600,0.6600,0.6600,,shipping
1057,459,,20.0000,0.6600,0.6600,0.6600,0.6600,,shipping
1059,460,,20.0000,1.4900,1.4900,1.4900,1.4900,,shipping
1061,461,,20.0000,1.4900,1.4900,1.4900,1.4900,,shipping
1063,462,,20.0000,0.6600,0.6600,0.6600,0.6600,,shipping
1065,463,,20.0000,0.6600,0.6600,0.6600,0.6600,,shipping
1067,464,,20.0000,0.6600,0.6600,0.6600,0.6600,,shipping
1069,465,,20.0000,1.5000,1.5000,1.5000,1.5000,,shipping
1072,466,,20.0000,0.6600,0.6600,0.6600,0.6600,,shipping
1074,467,,20.0000,0.6600,0.6600,0.6600,0.6600,,shipping
1077,468,,20.0000,0.6500,0.6500,0.6500,0.6500,,shipping
1079,469,,20.0000,0.9900,0.9900,0.9900,0.9900,,shipping
1081,470,,20.0000,0.6600,0.6600,0.6600,0.6600,,shipping
1083,471,,20.0000,0.6600,0.6600,0.6600,0.6600,,shipping
1085,472,,20.0000,0.6600,0.6600,0.6600,0.6600,,shipping
1087,473,,20.0000,1.4900,1.4900,1.4900,1.4900,,shipping
1091,474,,20.0000,0.6600,0.6600,0.6600,0.6600,,shipping
1093,475,,20.0000,0.6600,0.6600,0.6600,0.6600,,shipping
1096,476,,20.0000,0.6600,0.6600,0.6600,0.6600,,shipping
1098,477,,20.0000,0.6600,0.6600,0.6600,0.6600,,shipping
1100,478,,20.0000,0.9900,0.9900,0.9900,0.9900,,shipping
1102,479,,20.0000,0.6600,0.6600,0.6600,0.6600,,shipping
1104,480,,20.0000,0.6600,0.6600,0.6600,0.6600,,shipping
1107,481,,20.0000,0.6500,0.6500,0.6500,0.6500,,shipping
1110,482,,20.0000,0.6500,0.6500,0.6500,0.6500,,shipping
1113,483,,20.0000,0.6500,0.6500,0.6500,0.6500,,shipping
1116,484,,20.0000,0.6500,0.6500,0.6500,0.6500,,shipping
1118,485,,20.0000,0.6600,0.6600,0.6600,0.6600,,shipping
1120,486,,20.0000,0.6600,0.6600,0.6600,0.6600,,shipping
1122,487,,20.0000,0.9900,0.9900,0.9900,0.9900,,shipping
1125,488,,20.0000,0.6600,0.6600,0.6600,0.6600,,shipping
1127,489,,20.0000,0.6600,0.6600,0.6600,0.6600,,shipping
1129,490,,20.0000,0.9900,0.9900,0.9900,0.9900,,shipping
1131,491,,20.0000,0.6600,0.6600,0.6600,0.6600,,shipping
1133,492,,20.0000,0.6600,0.6600,0.6600,0.6600,,shipping
1135,493,,20.0000,0.6600,0.6600,0.6600,0.6600,,shipping
1137,494,,20.0000,0.6600,0.6600,0.6600,0.6600,,shipping
1139,495,,20.0000,0.6600,0.6600,0.6600,0.6600,,shipping
1141,496,,20.0000,0.6600,0.6600,0.6600,0.6600,,shipping
1144,497,,20.0000,0.6500,0.6500,0.6500,0.6500,,shipping
1146,498,,20.0000,0.6600,0.6600,0.6600,0.6600,,shipping
1148,499,,20.0000,0.9900,0.9900,0.9900,0.9900,,shipping
1153,500,,20.0000,0.6500,0.6500,0.6500,0.6500,,shipping
1155,501,,20.0000,0.6600,0.6600,0.6600,0.6600,,shipping
1157,502,,20.0000,0.6600,0.6600,0.6600,0.6600,,shipping
1159,503,,20.0000,0.6600,0.6600,0.6600,0.6600,,shipping
1162,504,,20.0000,0.9900,0.9900,0.9900,0.9900,,shipping
1164,505,,20.0000,0.6600,0.6600,0.6600,0.6600,,shipping
1166,506,,20.0000,0.6600,0.6600,0.6600,0.6600,,shipping
1168,507,,20.0000,0.6600,0.6600,0.6600,0.6600,,shipping
1170,508,,20.0000,0.6600,0.6600,0.6600,0.6600,,shipping
1172,509,,20.0000,0.6600,0.6600,0.6600,0.6600,,shipping
1174,510,,20.0000,0.6600,0.6600,0.6600,0.6600,,shipping
1177,511,,20.0000,1.4900,1.4900,1.4900,1.4900,,shipping
1179,512,,20.0000,0.6600,0.6600,0.6600,0.6600,,shipping
1181,513,,20.0000,0.6600,0.6600,0.6600,0.6600,,shipping
1183,514,,20.0000,0.6600,0.6600,0.6600,0.6600,,shipping
1185,515,,20.0000,0.6600,0.6600,0.6600,0.6600,,shipping
1187,516,,20.0000,0.6600,0.6600,0.6600,0.6600,,shipping
1190,517,,20.0000,0.6600,0.6600,0.6600,0.6600,,shipping
1193,518,,20.0000,0.6600,0.6600,0.6600,0.6600,,shipping
1195,519,,20.0000,0.6600,0.6600,0.6600,0.6600,,shipping
1197,520,,20.0000,0.6600,0.6600,0.6600,0.6600,,shipping
1201,521,,20.0000,1.0000,1.0000,1.0000,1.0000,,shipping
1203,522,,20.0000,0.6600,0.6600,0.6600,0.6600,,shipping
1207,523,,20.0000,0.9900,0.9900,0.9900,0.9900,,shipping
1209,524,,20.0000,0.6600,0.6600,0.6600,0.6600,,shipping
1211,525,,20.0000,0.6600,0.6600,0.6600,0.6600,,shipping
1213,526,,20.0000,0.6600,0.6600,0.6600,0.6600,,shipping
1215,527,,20.0000,0.9900,0.9900,0.9900,0.9900,,shipping
1217,528,,20.0000,0.6600,0.6600,0.6600,0.6600,,shipping
1219,529,,20.0000,0.6600,0.6600,0.6600,0.6600,,shipping
1221,530,,20.0000,0.6600,0.6600,0.6600,0.6600,,shipping
1224,531,,20.0000,0.6600,0.6600,0.6600,0.6600,,shipping
1226,532,,20.0000,0.6600,0.6600,0.6600,0.6600,,shipping
1229,533,,20.0000,0.6500,0.6500,0.6500,0.6500,,shipping
1231,534,,20.0000,0.6600,0.6600,0.6600,0.6600,,shipping
1233,535,,20.0000,0.6600,0.6600,0.6600,0.6600,,shipping
1235,536,,20.0000,0.6600,0.6600,0.6600,0.6600,,shipping
1237,537,,20.0000,0.6600,0.6600,0.6600,0.6600,,shipping
1239,538,,20.0000,0.6600,0.6600,0.6600,0.6600,,shipping
1241,539,,20.0000,0.6600,0.6600,0.6600,0.6600,,shipping
1243,540,,20.0000,0.6600,0.6600,0.6600,0.6600,,shipping
1246,541,,20.0000,0.6500,0.6500,0.6500,0.6500,,shipping
1249,542,,20.0000,0.6500,0.6500,0.6500,0.6500,,shipping
1251,543,,20.0000,0.6600,0.6600,0.6600,0.6600,,shipping
1253,544,,20.0000,0.6600,0.6600,0.6600,0.6600,,shipping
1255,545,,20.0000,0.6600,0.6600,0.6600,0.6600,,shipping
1257,546,,20.0000,0.6600,0.6600,0.6600,0.6600,,shipping
1259,547,,20.0000,0.6600,0.6600,0.6600,0.6600,,shipping
1261,548,,20.0000,0.6600,0.6600,0.6600,0.6600,,shipping
1263,549,,20.0000,0.6600,0.6600,0.6600,0.6600,,shipping
1265,550,,20.0000,0.6600,0.6600,0.6600,0.6600,,shipping
1268,551,,20.0000,0.9900,0.9900,0.9900,0.9900,,shipping
1272,552,,20.0000,0.6600,0.6600,0.6600,0.6600,,shipping
1276,553,,20.0000,0.6600,0.6600,0.6600,0.6600,,shipping
1279,554,,20.0000,1.4900,1.4900,1.4900,1.4900,,shipping
1281,555,,20.0000,0.6600,0.6600,0.6600,0.6600,,shipping
1283,556,,20.0000,0.6600,0.6600,0.6600,0.6600,,shipping
1285,557,,20.0000,0.6600,0.6600,0.6600,0.6600,,shipping
1287,558,,20.0000,0.6600,0.6600,0.6600,0.6600,,shipping
1289,559,,20.0000,0.6600,0.6600,0.6600,0.6600,,shipping
1291,560,,20.0000,0.6600,0.6600,0.6600,0.6600,,shipping
1293,561,,20.0000,0.6600,0.6600,0.6600,0.6600,,shipping
1295,562,,20.0000,0.6600,0.6600,0.6600,0.6600,,shipping
1297,563,,20.0000,0.6600,0.6600,0.6600,0.6600,,shipping
1300,564,,20.0000,0.6500,0.6500,0.6500,0.6500,,shipping
1302,565,,20.0000,0.6600,0.6600,0.6600,0.6600,,shipping
1304,566,,20.0000,0.6600,0.6600,0.6600,0.6600,,shipping
1307,567,,20.0000,0.6600,0.6600,0.6600,0.6600,,shipping
1309,568,,20.0000,0.6600,0.6600,0.6600,0.6600,,shipping
1311,569,,20.0000,0.6600,0.6600,0.6600,0.6600,,shipping
1313,570,,20.0000,0.6600,0.6600,0.6600,0.6600,,shipping
1315,571,,20.0000,0.9900,0.9900,0.9900,0.9900,,shipping
1317,572,,20.0000,0.6600,0.6600,0.6600,0.6600,,shipping
1319,573,,20.0000,0.6600,0.6600,0.6600,0.6600,,shipping
1321,574,,20.0000,0.6600,0.6600,0.6600,0.6600,,shipping
1324,575,,20.0000,0.6600,0.6600,0.6600,0.6600,,shipping
1327,576,,20.0000,0.6600,0.6600,0.6600,0.6600,,shipping
1329,577,,20.0000,0.6600,0.6600,0.6600,0.6600,,shipping
1332,578,,20.0000,0.6600,0.6600,0.6600,0.6600,,shipping
1334,579,,20.0000,0.6600,0.6600,0.6600,0.6600,,shipping
1336,580,,20.0000,0.6600,0.6600,0.6600,0.6600,,shipping
1338,581,,20.0000,0.6600,0.6600,0.6600,0.6600,,shipping
1340,582,,20.0000,0.6600,0.6600,0.6600,0.6600,,shipping
1342,583,,20.0000,0.6600,0.6600,0.6600,0.6600,,shipping
1344,584,,20.0000,0.6600,0.6600,0.6600,0.6600,,shipping
1348,585,,20.0000,0.6600,0.6600,0.6600,0.6600,,shipping
1351,586,,20.0000,0.6600,0.6600,0.6600,0.6600,,shipping
1353,587,,20.0000,0.6600,0.6600,0.6600,0.6600,,shipping
1355,588,,20.0000,0.6600,0.6600,0.6600,0.6600,,shipping
1357,589,,20.0000,0.6600,0.6600,0.6600,0.6600,,shipping
1359,590,,20.0000,0.6600,0.6600,0.6600,0.6600,,shipping
1361,591,,20.0000,0.6600,0.6600,0.6600,0.6600,,shipping
1363,592,,20.0000,0.6600,0.6600,0.6600,0.6600,,shipping
1365,593,,20.0000,0.6600,0.6600,0.6600,0.6600,,shipping
1367,594,,20.0000,0.6600,0.6600,0.6600,0.6600,,shipping
1370,595,,20.0000,0.6600,0.6600,0.6600,0.6600,,shipping
1372,596,,20.0000,0.6600,0.6600,0.6600,0.6600,,shipping
1379,597,,20.0000,0.6600,0.6600,0.6600,0.6600,,shipping
1381,598,,20.0000,0.6600,0.6600,0.6600,0.6600,,shipping
1384,599,,20.0000,0.6600,0.6600,0.6600,0.6600,,shipping
1386,600,,20.0000,0.6600,0.6600,0.6600,0.6600,,shipping
1388,601,,20.0000,0.9900,0.9900,0.9900,0.9900,,shipping
1391,602,,20.0000,0.6500,0.6500,0.6500,0.6500,,shipping
1393,603,,20.0000,0.6600,0.6600,0.6600,0.6600,,shipping
1395,604,,20.0000,0.6600,0.6600,0.6600,0.6600,,shipping
1397,605,,20.0000,0.6600,0.6600,0.6600,0.6600,,shipping
1399,606,,20.0000,0.6600,0.6600,0.6600,0.6600,,shipping
1402,607,,20.0000,0.6600,0.6600,0.6600,0.6600,,shipping
1404,608,,20.0000,0.9900,0.9900,0.9900,0.9900,,shipping
1406,609,,20.0000,0.9900,0.9900,0.9900,0.9900,,shipping
1408,610,,20.0000,0.6600,0.6600,0.6600,0.6600,,shipping
1410,611,,20.0000,0.6600,0.6600,0.6600,0.6600,,shipping
1412,612,,20.0000,0.6600,0.6600,0.6600,0.6600,,shipping
1414,613,,20.0000,0.6600,0.6600,0.6600,0.6600,,shipping
1416,614,,20.0000,0.6600,0.6600,0.6600,0.6600,,shipping
1420,615,,20.0000,0.6600,0.6600,0.6600,0.6600,,shipping
1423,616,,20.0000,0.6600,0.6600,0.6600,0.6600,,shipping
1425,617,,20.0000,0.6600,0.6600,0.6600,0.6600,,shipping
1427,618,,20.0000,0.6600,0.6600,0.6600,0.6600,,shipping
1429,619,,20.0000,0.6600,0.6600,0.6600,0.6600,,shipping
1431,620,,20.0000,1.4900,1.4900,1.4900,1.4900,,shipping
1433,621,,20.0000,20.0000,20.0000,20.0000,20.0000,,shipping
1435,622,,20.0000,0.9900,0.9900,0.9900,0.9900,,shipping
1437,623,,20.0000,0.6600,0.6600,0.6600,0.6600,,shipping
1439,624,,20.0000,0.6600,0.6600,0.6600,0.6600,,shipping
1441,625,,20.0000,0.9000,0.9000,0.9000,0.9000,,shipping
1443,626,,20.0000,0.9000,0.9000,0.9000,0.9000,,shipping
1445,627,,20.0000,0.9000,0.9000,0.9000,0.9000,,shipping
1447,628,,20.0000,0.6600,0.6600,0.6600,0.6600,,shipping
1449,629,,20.0000,0.6600,0.6600,0.6600,0.6600,,shipping
1453,630,,20.0000,0.6600,0.6600,0.6600,0.6600,,shipping
1455,631,,20.0000,0.6600,0.6600,0.6600,0.6600,,shipping
1461,632,,20.0000,0.6500,0.6500,0.6500,0.6500,,shipping
1464,633,,20.0000,0.6600,0.6600,0.6600,0.6600,,shipping
1466,634,,20.0000,0.6500,0.6500,0.6500,0.6500,,shipping
1472,635,,20.0000,0.6600,0.6600,0.6600,0.6600,,shipping
1481,636,,20.0000,0.0000,0.0000,0.0000,0.0000,,shipping
1483,637,,20.0000,0.6500,0.6500,0.6500,0.6500,,shipping
1485,638,,20.0000,0.9000,0.9000,0.9000,0.9000,,shipping
1487,639,,20.0000,0.9000,0.9000,0.9000,0.9000,,shipping
1492,640,,20.0000,0.9000,0.9000,0.9000,0.9000,,shipping
1501,641,,20.0000,0.9000,0.9000,0.9000,0.9000,,shipping
1503,642,,20.0000,0.9000,0.9000,0.9000,0.9000,,shipping
1505,643,,20.0000,0.9000,0.9000,0.9000,0.9000,,shipping
1507,644,,20.0000,0.0000,0.0000,0.0000,0.0000,,shipping
1509,645,,20.0000,0.9000,0.9000,0.9000,0.9000,,shipping
1511,646,,20.0000,0.0000,0.0000,0.0000,0.0000,,shipping
1518,647,,20.0000,0.0000,0.0000,0.0000,0.0000,,shipping
1520,648,,20.0000,0.9000,0.9000,0.9000,0.9000,,shipping
1529,649,,20.0000,0.0000,0.0000,0.0000,0.0000,,shipping
1533,650,,20.0000,0.9000,0.9000,0.9000,0.9000,,shipping
1535,651,,20.0000,0.6600,0.6600,0.6600,0.6600,,shipping
1538,652,,20.0000,0.9000,0.9000,0.9000,0.9000,,shipping
1542,653,,20.0000,0.9000,0.9000,0.9000,0.9000,,shipping
1547,654,,20.0000,0.0000,0.0000,0.0000,0.0000,,shipping
1549,655,,20.0000,0.9000,0.9000,0.9000,0.9000,,shipping
1551,656,,20.0000,0.9000,0.9000,0.9000,0.9000,,shipping
1553,657,,20.0000,0.9000,0.9000,0.9000,0.9000,,shipping
1555,658,,20.0000,0.9000,0.9000,0.9000,0.9000,,shipping
1557,659,,20.0000,0.9000,0.9000,0.9000,0.9000,,shipping
1566,660,,20.0000,0.9000,0.9000,0.9000,0.9000,,shipping
1569,661,,20.0000,0.9000,0.9000,0.9000,0.9000,,shipping
1571,662,,20.0000,0.9000,0.9000,0.9000,0.9000,,shipping
1573,663,,20.0000,0.9000,0.9000,0.9000,0.9000,,shipping
1580,664,,20.0000,0.9000,0.9000,0.9000,0.9000,,shipping
1588,665,,20.0000,0.0000,0.0000,0.0000,0.0000,,shipping
1590,666,,20.0000,0.9000,0.9000,0.9000,0.9000,,shipping
1593,667,,20.0000,0.9000,0.9000,0.9000,0.9000,,shipping
1596,668,,20.0000,0.9900,0.9900,0.9900,0.9900,,shipping
1600,669,,20.0000,0.9900,0.9900,0.9900,0.9900,,shipping
1603,670,,20.0000,0.0000,0.0000,0.0000,0.0000,,shipping
1608,671,,20.0000,0.0000,0.0000,0.0000,0.0000,,shipping
1615,672,,20.0000,0.9000,0.9000,0.9000,0.9000,,shipping
1618,673,,20.0000,0.9000,0.9000,0.9000,0.9000,,shipping
1621,674,,20.0000,0.9000,0.9000,0.9000,0.9000,,shipping
1626,675,,20.0000,0.9000,0.9000,0.9000,0.9000,,shipping
1636,676,,20.0000,0.0000,0.0000,0.0000,0.0000,,shipping
1644,677,,20.0000,0.9000,0.9000,0.9000,0.9000,,shipping
1647,678,,20.0000,0.9900,0.9900,0.9900,0.9900,,shipping
1649,679,,20.0000,0.9900,0.9900,0.9900,0.9900,,shipping
1654,680,,20.0000,0.9900,0.9900,0.9900,0.9900,,shipping
1657,681,,20.0000,0.9900,0.9900,0.9900,0.9900,,shipping
1660,682,,20.0000,1.0000,1.0000,1.0000,1.0000,,shipping
1664,683,,20.0000,0.9900,0.9900,0.9900,0.9900,,shipping
1667,684,,20.0000,0.0000,0.0000,0.0000,0.0000,,shipping
1670,685,,20.0000,0.0000,0.0000,0.0000,0.0000,,shipping
1673,686,,20.0000,0.6500,0.6500,0.6500,0.6500,,shipping
1676,687,,20.0000,0.6600,0.6600,0.6600,0.6600,,shipping
1680,688,,20.0000,0.0000,0.0000,0.0000,0.0000,,shipping
1684,689,,20.0000,0.6600,0.6600,0.6600,0.6600,,shipping
1687,690,,20.0000,0.6600,0.6600,0.6600,0.6600,,shipping
1690,691,,20.0000,0.6600,0.6600,0.6600,0.6600,,shipping
1693,692,,20.0000,0.6600,0.6600,0.6600,0.6600,,shipping
1696,693,,20.0000,0.6600,0.6600,0.6600,0.6600,,shipping
1699,694,,20.0000,0.0000,0.0000,0.0000,0.0000,,shipping
1702,695,,20.0000,0.6600,0.6600,0.6600,0.6600,,shipping
1706,696,,20.0000,0.9900,0.9900,0.9900,0.9900,,shipping
1713,697,,20.0000,0.0000,0.0000,0.0000,0.0000,,shipping
1718,698,,20.0000,0.9900,0.9900,0.9900,0.9900,,shipping
1723,699,,20.0000,0.9900,0.9900,0.9900,0.9900,,shipping
1728,700,,20.0000,0.9900,0.9900,0.9900,0.9900,,shipping
1733,701,,20.0000,0.9900,0.9900,0.9900,0.9900,,shipping
1738,702,,20.0000,0.9900,0.9900,0.9900,0.9900,,shipping
1742,703,,20.0000,0.9900,0.9900,0.9900,0.9900,,shipping
1745,704,,20.0000,0.9900,0.9900,0.9900,0.9900,,shipping
1747,705,,20.0000,0.0000,0.0000,0.0000,0.0000,,shipping
1749,706,,20.0000,0.6600,0.6600,0.6600,0.6600,,shipping
1754,707,,20.0000,0.9900,0.9900,0.9900,0.9900,,shipping
1756,708,,20.0000,0.0000,0.0000,0.0000,0.0000,,shipping
1758,709,,20.0000,0.6600,0.6600,0.6600,0.6600,,shipping
1761,710,,20.0000,0.0000,0.0000,0.0000,0.0000,,shipping
1764,711,,20.0000,0.6600,0.6600,0.6600,0.6600,,shipping
1766,712,,20.0000,0.9000,0.9000,0.9000,0.9000,,shipping
1768,713,,20.0000,0.9000,0.9000,0.9000,0.9000,,shipping
1770,714,,20.0000,0.9000,0.9000,0.9000,0.9000,,shipping
1772,715,,20.0000,0.9000,0.9000,0.9000,0.9000,,shipping
1775,716,,20.0000,0.0000,0.0000,0.0000,0.0000,,shipping
1778,717,,20.0000,0.9000,0.9000,0.9000,0.9000,,shipping
1780,718,,20.0000,0.6600,0.6600,0.6600,0.6600,,shipping
1782,719,,20.0000,0.6600,0.6600,0.6600,0.6600,,shipping
1784,720,,20.0000,0.6600,0.6600,0.6600,0.6600,,shipping
1786,721,,20.0000,0.6600,0.6600,0.6600,0.6600,,shipping
1788,722,,20.0000,0.6600,0.6600,0.6600,0.6600,,shipping
1791,723,,20.0000,0.0000,0.0000,0.0000,0.0000,,shipping
1794,724,,20.0000,0.6600,0.6600,0.6600,0.6600,,shipping
1796,725,,20.0000,0.6600,0.6600,0.6600,0.6600,,shipping
1799,726,,20.0000,0.9000,0.9000,0.9000,0.9000,,shipping
1804,727,,20.0000,0.9000,0.9000,0.9000,0.9000,,shipping
1808,728,,20.0000,0.0000,0.0000,0.0000,0.0000,,shipping
1810,729,,20.0000,0.9000,0.9000,0.9000,0.9000,,shipping
1816,730,,20.0000,0.9000,0.9000,0.9000,0.9000,,shipping
1819,731,,20.0000,0.9900,0.9900,0.9900,0.9900,,shipping
1821,732,,20.0000,0.9900,0.9900,0.9900,0.9900,,shipping
1823,733,,20.0000,0.9900,0.9900,0.9900,0.9900,,shipping
1826,734,,20.0000,0.0000,0.0000,0.0000,0.0000,,shipping
1830,735,,20.0000,0.0000,0.0000,0.0000,0.0000,,shipping
1832,736,,20.0000,0.6600,0.6600,0.6600,0.6600,,shipping
1836,737,,20.0000,0.6500,0.6500,0.6500,0.6500,,shipping
1838,738,,20.0000,0.0000,0.0000,0.0000,0.0000,,shipping
1842,739,,20.0000,0.0000,0.0000,0.0000,0.0000,,shipping
1844,740,,20.0000,0.6600,0.6600,0.6600,0.6600,,shipping
1848,741,,20.0000,0.6600,0.6600,0.6600,0.6600,,shipping
1851,742,,20.0000,0.0000,0.0000,0.0000,0.0000,,shipping
1855,743,,20.0000,0.0000,0.0000,0.0000,0.0000,,shipping
1857,744,,20.0000,0.6500,0.6500,0.6500,0.6500,,shipping
1862,745,,20.0000,0.6600,0.6600,0.6600,0.6600,,shipping
1863,746,1994,20.0000,3.5100,3.5100,3.5100,3.5100,,product
1864,746,,20.0000,0.9000,0.9000,0.9000,0.9000,,shipping
1865,747,1995,20.0000,3.5100,3.5100,3.5100,3.5100,,product
1866,747,,20.0000,0.9000,0.9000,0.9000,0.9000,,shipping
1867,748,1997,20.0000,3.5100,3.5100,3.5100,3.5100,,product
1868,748,,20.0000,0.9000,0.9000,0.9000,0.9000,,shipping
1869,749,1998,20.0000,3.8000,3.8000,3.8000,3.8000,,product
1870,749,,20.0000,0.9000,0.9000,0.9000,0.9000,,shipping
1871,750,2000,20.0000,2.4700,2.4700,2.4700,2.4700,,product
1872,750,,20.0000,0.9000,0.9000,0.9000,0.9000,,shipping
1873,751,2001,20.0000,3.8000,3.8000,3.8000,3.8000,,product
1874,751,,20.0000,0.9000,0.9000,0.9000,0.9000,,shipping
1875,752,2002,20.0000,8.5500,8.5500,8.5500,8.5500,,product
1876,752,2003,20.0000,8.0700,8.0700,8.0700,8.0700,,product
1877,752,2004,20.0000,9.4900,9.4900,9.4900,9.4900,,product
1878,752,,20.0000,0.9000,0.9000,0.9000,0.9000,,shipping
1879,753,2005,20.0000,3.8000,3.8000,3.8000,3.8000,,product
1880,753,,20.0000,0.9000,0.9000,0.9000,0.9000,,shipping
1881,754,2006,20.0000,8.5500,8.5500,8.5500,8.5500,,product
1882,754,2007,20.0000,8.5400,8.5400,8.5400,8.5400,,product
1883,754,,20.0000,0.9000,0.9000,0.9000,0.9000,,shipping
1884,755,2008,20.0000,3.8000,3.8000,3.8000,3.8000,,product
1885,755,,20.0000,0.9000,0.9000,0.9000,0.9000,,shipping
1886,756,2009,20.0000,3.8000,3.8000,3.8000,3.8000,,product
1887,756,,20.0000,0.9000,0.9000,0.9000,0.9000,,shipping
1888,757,2010,20.0000,9.7400,9.7400,9.7400,9.7400,,product
1889,757,2011,20.0000,9.7500,9.7500,9.7500,9.7500,,product
1890,757,,20.0000,0.0000,0.0000,0.0000,0.0000,,shipping
1891,758,2012,20.0000,4.6500,4.6500,4.6500,4.6500,,product
1892,758,,20.0000,0.9000,0.9000,0.9000,0.9000,,shipping
1893,759,2013,20.0000,2.4700,2.4700,2.4700,2.4700,,product
1894,759,2014,20.0000,5.2200,5.2200,5.2200,5.2200,,product
1895,759,,20.0000,0.9000,0.9000,0.9000,0.9000,,shipping
1896,760,2015,20.0000,7.0200,7.0200,7.0200,7.0200,,product
1897,760,,20.0000,0.9000,0.9000,0.9000,0.9000,,shipping
1898,761,2016,20.0000,5.2200,5.2200,5.2200,5.2200,,product
1899,761,,20.0000,0.9000,0.9000,0.9000,0.9000,,shipping
1900,762,2017,20.0000,6.6200,6.6200,6.6200,6.6200,,product
1901,762,,20.0000,0.0000,0.0000,0.0000,0.0000,,shipping
1902,763,2018,20.0000,3.8000,3.8000,3.8000,3.8000,,product
1903,763,,20.0000,0.9000,0.9000,0.9000,0.9000,,shipping
1904,764,2019,20.0000,2.9400,2.9400,2.9400,2.9400,,product
1905,764,,20.0000,0.9000,0.9000,0.9000,0.9000,,shipping
1906,765,2020,20.0000,3.8000,3.8000,3.8000,3.8000,,product
1907,765,,20.0000,0.9000,0.9000,0.9000,0.9000,,shipping
1908,766,2021,20.0000,5.2200,5.2200,5.2200,5.2200,,product
1909,766,,20.0000,0.9000,0.9000,0.9000,0.9000,,shipping
1910,767,2022,20.0000,4.6500,4.6500,4.6500,4.6500,,product
1911,767,,20.0000,0.9000,0.9000,0.9000,0.9000,,shipping
1912,768,2023,20.0000,3.8000,3.8000,3.8000,3.8000,,product
1913,768,,20.0000,0.9000,0.9000,0.9000,0.9000,,shipping
1914,769,2024,20.0000,3.5100,3.5100,3.5100,3.5100,,product
1915,769,,20.0000,0.9000,0.9000,0.9000,0.9000,,shipping
1916,770,2025,20.0000,3.8000,3.8000,3.8000,3.8000,,product
1917,770,,20.0000,0.9000,0.9000,0.9000,0.9000,,shipping
1918,771,2026,20.0000,3.8000,3.8000,3.8000,3.8000,,product
1919,771,,20.0000,0.9000,0.9000,0.9000,0.9000,,shipping
1920,772,2027,20.0000,3.8000,3.8000,3.8000,3.8000,,product
1921,772,,20.0000,0.9000,0.9000,0.9000,0.9000,,shipping
1922,773,2028,20.0000,8.0700,8.0700,8.0700,8.0700,,product
1923,773,,20.0000,0.9000,0.9000,0.9000,0.9000,,shipping
1924,774,2029,20.0000,3.8000,3.8000,3.8000,3.8000,,product
1925,774,,20.0000,0.9000,0.9000,0.9000,0.9000,,shipping
1926,775,2030,20.0000,3.5100,3.5100,3.5100,3.5100,,product
1927,775,,20.0000,0.9000,0.9000,0.9000,0.9000,,shipping
1928,776,2031,20.0000,8.0700,8.0700,8.0700,8.0700,,product
1929,776,,20.0000,0.9000,0.9000,0.9000,0.9000,,shipping
1930,777,2032,20.0000,3.8000,3.8000,3.8000,3.8000,,product
1931,777,,20.0000,0.9000,0.9000,0.9000,0.9000,,shipping
1932,778,2033,20.0000,5.2200,5.2200,5.2200,5.2200,,product
1933,778,2034,20.0000,3.8000,3.8000,3.8000,3.8000,,product
1934,778,2035,20.0000,9.4900,9.4900,9.4900,9.4900,,product
1935,778,,20.0000,0.9000,0.9000,0.9000,0.9000,,shipping
1936,779,2036,20.0000,4.1600,4.1600,4.1600,4.1600,,product
1937,779,,20.0000,0.9000,0.9000,0.9000,0.9000,,shipping
1938,780,2037,20.0000,3.8000,3.8000,3.8000,3.8000,,product
1939,780,,20.0000,0.9000,0.9000,0.9000,0.9000,,shipping
1940,781,2038,20.0000,3.8000,3.8000,3.8000,3.8000,,product
1941,781,,20.0000,0.9000,0.9000,0.9000,0.9000,,shipping
1942,782,2040,20.0000,3.8000,3.8000,3.8000,3.8000,,product
1943,782,,20.0000,0.9000,0.9000,0.9000,0.9000,,shipping
1944,783,2041,20.0000,3.8000,3.8000,3.8000,3.8000,,product
1945,783,,20.0000,0.9000,0.9000,0.9000,0.9000,,shipping
1946,784,2042,20.0000,3.8000,3.8000,3.8000,3.8000,,product
1947,784,,20.0000,0.9000,0.9000,0.9000,0.9000,,shipping
1948,785,2043,20.0000,7.5900,7.5900,7.5900,7.5900,,product
1949,785,2044,20.0000,3.8000,3.8000,3.8000,3.8000,,product
1950,785,,20.0000,0.9000,0.9000,0.9000,0.9000,,shipping
1951,786,2045,20.0000,3.5100,3.5100,3.5100,3.5100,,product
1952,786,2047,20.0000,3.8000,3.8000,3.8000,3.8000,,product
1953,786,,20.0000,0.9000,0.9000,0.9000,0.9000,,shipping
1954,787,2049,20.0000,3.8000,3.8000,3.8000,3.8000,,product
1955,787,,20.0000,0.9000,0.9000,0.9000,0.9000,,shipping
1956,788,2050,20.0000,4.0800,4.0800,4.0800,4.0800,,product
1957,788,,20.0000,0.9000,0.9000,0.9000,0.9000,,shipping
1958,789,2051,20.0000,3.5100,3.5100,3.5100,3.5100,,product
1959,789,,20.0000,0.9000,0.9000,0.9000,0.9000,,shipping
1960,790,2053,20.0000,8.5500,8.5500,8.5500,8.5500,,product
1961,790,2054,20.0000,8.5400,8.5400,8.5400,8.5400,,product
1962,790,,20.0000,0.9000,0.9000,0.9000,0.9000,,shipping
1963,791,2055,20.0000,3.8000,3.8000,3.8000,3.8000,,product
1964,791,,20.0000,0.9000,0.9000,0.9000,0.9000,,shipping
1965,792,2057,20.0000,3.8000,3.8000,3.8000,3.8000,,product
1966,792,,20.0000,0.9000,0.9000,0.9000,0.9000,,shipping
1967,793,2059,20.0000,3.5100,3.5100,3.5100,3.5100,,product
1968,793,2061,20.0000,4.1600,4.1600,4.1600,4.1600,,product
1969,793,,20.0000,0.9000,0.9000,0.9000,0.9000,,shipping
1970,794,2063,20.0000,6.1600,6.1600,6.1600,6.1600,,product
1971,794,,20.0000,0.9000,0.9000,0.9000,0.9000,,shipping
1972,795,2064,20.0000,5.2200,5.2200,5.2200,5.2200,,product
1973,795,,20.0000,0.9000,0.9000,0.9000,0.9000,,shipping
1974,796,2065,20.0000,3.8000,3.8000,3.8000,3.8000,,product
1975,796,,20.0000,0.9000,0.9000,0.9000,0.9000,,shipping
1976,797,2067,20.0000,3.8000,3.8000,3.8000,3.8000,,product
1977,797,,20.0000,0.9000,0.9000,0.9000,0.9000,,shipping
1978,798,2069,20.0000,3.8000,3.8000,3.8000,3.8000,,product
1979,798,,20.0000,0.9000,0.9000,0.9000,0.9000,,shipping
1980,799,2071,20.0000,3.8000,3.8000,3.8000,3.8000,,product
1981,799,,20.0000,0.9000,0.9000,0.9000,0.9000,,shipping
1982,800,2073,20.0000,3.5100,3.5100,3.5100,3.5100,,product
1983,800,,20.0000,0.9000,0.9000,0.9000,0.9000,,shipping
1984,801,2075,20.0000,3.8000,3.8000,3.8000,3.8000,,product
1985,801,,20.0000,0.9000,0.9000,0.9000,0.9000,,shipping
1986,802,2076,20.0000,3.8000,3.8000,3.8000,3.8000,,product
1987,802,,20.0000,0.9000,0.9000,0.9000,0.9000,,shipping
1988,803,2078,20.0000,3.8000,3.8000,3.8000,3.8000,,product
1989,803,,20.0000,0.9000,0.9000,0.9000,0.9000,,shipping
1990,804,2080,20.0000,3.8000,3.8000,3.8000,3.8000,,product
1991,804,,20.0000,0.9000,0.9000,0.9000,0.9000,,shipping
1992,805,2081,20.0000,3.8000,3.8000,3.8000,3.8000,,product
1993,805,,20.0000,0.9000,0.9000,0.9000,0.9000,,shipping
1994,806,2083,20.0000,3.8000,3.8000,3.8000,3.8000,,product
1995,806,,20.0000,0.9000,0.9000,0.9000,0.9000,,shipping
1996,807,2084,20.0000,3.5100,3.5100,3.5100,3.5100,,product
1997,807,,20.0000,0.9000,0.9000,0.9000,0.9000,,shipping
1998,808,2086,20.0000,5.1600,5.1600,5.1600,5.1600,,product
1999,808,,20.0000,0.9000,0.9000,0.9000,0.9000,,shipping
2000,809,2088,20.0000,3.8000,3.8000,3.8000,3.8000,,product
2001,809,,20.0000,0.9000,0.9000,0.9000,0.9000,,shipping
2002,810,2090,20.0000,5.2200,5.2200,5.2200,5.2200,,product
2003,810,,20.0000,0.9000,0.9000,0.9000,0.9000,,shipping
2004,811,2092,20.0000,3.8000,3.8000,3.8000,3.8000,,product
2005,811,,20.0000,0.9000,0.9000,0.9000,0.9000,,shipping
2006,812,2094,20.0000,5.2200,5.2200,5.2200,5.2200,,product
2007,812,,20.0000,0.9000,0.9000,0.9000,0.9000,,shipping
2008,813,2096,20.0000,3.8000,3.8000,3.8000,3.8000,,product
2009,813,,20.0000,0.9000,0.9000,0.9000,0.9000,,shipping
2010,814,2098,20.0000,3.8000,3.8000,3.8000,3.8000,,product
2011,814,,20.0000,0.9000,0.9000,0.9000,0.9000,,shipping
2012,815,2100,20.0000,3.5100,3.5100,3.5100,3.5100,,product
2013,815,,20.0000,0.9000,0.9000,0.9000,0.9000,,shipping
2014,816,2102,20.0000,3.8000,3.8000,3.8000,3.8000,,product
2015,816,,20.0000,0.9000,0.9000,0.9000,0.9000,,shipping
2016,817,2104,20.0000,9.5000,9.5000,9.5000,9.5000,,product
2017,817,,20.0000,0.9000,0.9000,0.9000,0.9000,,shipping
2018,818,2106,20.0000,5.2200,5.2200,5.2200,5.2200,,product
2019,818,,20.0000,0.9000,0.9000,0.9000,0.9000,,shipping
2020,819,2108,20.0000,9.1600,9.1600,9.1600,9.1600,,product
2021,819,2109,20.0000,9.7400,9.7400,9.7400,9.7400,,product
2022,819,2110,20.0000,9.7500,9.7500,9.7500,9.7500,,product
2023,819,,20.0000,0.0000,0.0000,0.0000,0.0000,,shipping
2024,820,2111,20.0000,9.7400,9.7400,9.7400,9.7400,,product
2025,820,2112,20.0000,13.3300,13.3300,13.3300,13.3300,,product
2026,820,2114,20.0000,9.7400,9.7400,9.7400,9.7400,,product
2027,820,2115,20.0000,9.7500,9.7500,9.7500,9.7500,,product
2028,820,2116,20.0000,9.7400,9.7400,9.7400,9.7400,,product
2029,820,2117,20.0000,5.3000,5.3000,5.3000,5.3000,,product
2030,820,2118,20.0000,5.3000,5.3000,5.3000,5.3000,,product
2031,820,,20.0000,0.0000,0.0000,0.0000,0.0000,,shipping
2032,821,2119,20.0000,3.5100,3.5100,3.5100,3.5100,,product
2033,821,,20.0000,0.9000,0.9000,0.9000,0.9000,,shipping
2034,822,2121,20.0000,3.8000,3.8000,3.8000,3.8000,,product
2035,822,,20.0000,0.9000,0.9000,0.9000,0.9000,,shipping
2036,823,2123,20.0000,8.0700,8.0700,8.0700,8.0700,,product
2037,823,,20.0000,0.9000,0.9000,0.9000,0.9000,,shipping
2038,824,2124,20.0000,8.5500,8.5500,8.5500,8.5500,,product
2039,824,2125,20.0000,8.5400,8.5400,8.5400,8.5400,,product
2040,824,,20.0000,0.9000,0.9000,0.9000,0.9000,,shipping
2041,825,2126,20.0000,3.8000,3.8000,3.8000,3.8000,,product
2042,825,,20.0000,0.9000,0.9000,0.9000,0.9000,,shipping
2043,826,2127,20.0000,3.8000,3.8000,3.8000,3.8000,,product
2044,826,,20.0000,0.9000,0.9000,0.9000,0.9000,,shipping
2045,827,2129,20.0000,3.8000,3.8000,3.8000,3.8000,,product
2046,827,,20.0000,0.9000,0.9000,0.9000,0.9000,,shipping
2047,828,2131,20.0000,8.5500,8.5500,8.5500,8.5500,,product
2048,828,,20.0000,0.9000,0.9000,0.9000,0.9000,,shipping
2049,829,2133,20.0000,3.5100,3.5100,3.5100,3.5100,,product
2050,829,,20.0000,0.9000,0.9000,0.9000,0.9000,,shipping
2051,830,2135,20.0000,3.8000,3.8000,3.8000,3.8000,,product
2052,830,,20.0000,0.9000,0.9000,0.9000,0.9000,,shipping
2053,831,2136,20.0000,3.8000,3.8000,3.8000,3.8000,,product
2054,831,,20.0000,0.9000,0.9000,0.9000,0.9000,,shipping
2055,832,2137,20.0000,3.5100,3.5100,3.5100,3.5100,,product
2056,832,2139,20.0000,3.8000,3.8000,3.8000,3.8000,,product
2057,832,2141,20.0000,7.7800,7.7800,7.7800,7.7800,,product
2058,832,2142,20.0000,8.0700,8.0700,8.0700,8.0700,,product
2059,832,,20.0000,0.9000,0.9000,0.9000,0.9000,,shipping
2060,833,2143,20.0000,4.0800,4.0800,4.0800,4.0800,,product
2061,833,,20.0000,0.9000,0.9000,0.9000,0.9000,,shipping
2062,834,2144,20.0000,3.8000,3.8000,3.8000,3.8000,,product
2063,834,,20.0000,0.9000,0.9000,0.9000,0.9000,,shipping
2064,835,2146,20.0000,3.8000,3.8000,3.8000,3.8000,,product
2065,835,,20.0000,0.9000,0.9000,0.9000,0.9000,,shipping
2066,836,2148,20.0000,3.8000,3.8000,3.8000,3.8000,,product
2067,836,,20.0000,0.9000,0.9000,0.9000,0.9000,,shipping
2068,837,2150,20.0000,4.6500,4.6500,4.6500,4.6500,,product
2069,837,,20.0000,0.9000,0.9000,0.9000,0.9000,,shipping
2070,838,2152,20.0000,5.2200,5.2200,5.2200,5.2200,,product
2071,838,,20.0000,0.9000,0.9000,0.9000,0.9000,,shipping
2072,839,2154,20.0000,7.7900,7.7900,7.7900,7.7900,,product
2073,839,,20.0000,0.9000,0.9000,0.9000,0.9000,,shipping
2074,840,2156,20.0000,3.8000,3.8000,3.8000,3.8000,,product
2075,840,,20.0000,0.9000,0.9000,0.9000,0.9000,,shipping
2076,841,2158,20.0000,5.3000,5.3000,5.3000,5.3000,,product
2077,841,,20.0000,0.0000,0.0000,0.0000,0.0000,,shipping
2078,842,2160,20.0000,3.8000,3.8000,3.8000,3.8000,,product
2079,842,,20.0000,0.9000,0.9000,0.9000,0.9000,,shipping
2080,843,2162,20.0000,4.0800,4.0800,4.0800,4.0800,,product
2081,843,2164,20.0000,4.0800,4.0800,4.0800,4.0800,,product
2082,843,2166,20.0000,4.0800,4.0800,4.0800,4.0800,,product
2083,843,2168,20.0000,4.0800,4.0800,4.0800,4.0800,,product
2084,843,,20.0000,0.9000,0.9000,0.9000,0.9000,,shipping
2085,844,2170,20.0000,3.8000,3.8000,3.8000,3.8000,,product
2086,844,,20.0000,0.9000,0.9000,0.9000,0.9000,,shipping
2087,845,2172,20.0000,3.8000,3.8000,3.8000,3.8000,,product
2088,845,,20.0000,0.9000,0.9000,0.9000,0.9000,,shipping
2089,846,2174,20.0000,8.0700,8.0700,8.0700,8.0700,,product
2090,846,2176,20.0000,3.8000,3.8000,3.8000,3.8000,,product
2091,846,,20.0000,0.9000,0.9000,0.9000,0.9000,,shipping
2092,847,2178,20.0000,3.8000,3.8000,3.8000,3.8000,,product
2093,847,,20.0000,0.9000,0.9000,0.9000,0.9000,,shipping
2094,848,2180,20.0000,3.8000,3.8000,3.8000,3.8000,,product
2095,848,,20.0000,0.9000,0.9000,0.9000,0.9000,,shipping
2096,849,2182,20.0000,3.8000,3.8000,3.8000,3.8000,,product
2097,849,,20.0000,0.9000,0.9000,0.9000,0.9000,,shipping
2098,850,2184,20.0000,3.5100,3.5100,3.5100,3.5100,,product
2099,850,,20.0000,0.9000,0.9000,0.9000,0.9000,,shipping
2100,851,2186,20.0000,3.8000,3.8000,3.8000,3.8000,,product
2101,851,,20.0000,0.9000,0.9000,0.9000,0.9000,,shipping
2102,852,2188,20.0000,3.5100,3.5100,3.5100,3.5100,,product
2103,852,,20.0000,0.9000,0.9000,0.9000,0.9000,,shipping
2104,853,2190,20.0000,3.5100,3.5100,3.5100,3.5100,,product
2105,853,,20.0000,0.9000,0.9000,0.9000,0.9000,,shipping
2106,854,2192,20.0000,3.8000,3.8000,3.8000,3.8000,,product
2107,854,,20.0000,0.9000,0.9000,0.9000,0.9000,,shipping
2108,855,2194,20.0000,3.8000,3.8000,3.8000,3.8000,,product
2109,855,,20.0000,0.9000,0.9000,0.9000,0.9000,,shipping
2110,856,2196,20.0000,8.0700,8.0700,8.0700,8.0700,,product
2111,856,,20.0000,0.9000,0.9000,0.9000,0.9000,,shipping
2112,857,2198,20.0000,3.5100,3.5100,3.5100,3.5100,,product
2113,857,,20.0000,0.9000,0.9000,0.9000,0.9000,,shipping
2114,858,2200,20.0000,3.8000,3.8000,3.8000,3.8000,,product
2115,858,,20.0000,0.9000,0.9000,0.9000,0.9000,,shipping
2116,859,2202,20.0000,8.5500,8.5500,8.5500,8.5500,,product
2117,859,,20.0000,0.9000,0.9000,0.9000,0.9000,,shipping
2118,860,2204,20.0000,9.7400,9.7400,9.7400,9.7400,,product
2119,860,,20.0000,0.0000,0.0000,0.0000,0.0000,,shipping
2120,861,2206,20.0000,4.6500,4.6500,4.6500,4.6500,,product
2121,861,,20.0000,0.9000,0.9000,0.9000,0.9000,,shipping
2122,862,2208,20.0000,3.5100,3.5100,3.5100,3.5100,,product
2123,862,,20.0000,0.9000,0.9000,0.9000,0.9000,,shipping
2124,863,2210,20.0000,3.8000,3.8000,3.8000,3.8000,,product
2125,863,,20.0000,0.9000,0.9000,0.9000,0.9000,,shipping
2126,864,2212,20.0000,3.5100,3.5100,3.5100,3.5100,,product
2127,864,2214,20.0000,5.2200,5.2200,5.2200,5.2200,,product
2128,864,2216,20.0000,0.8500,0.8500,0.8500,0.8500,,product
2129,864,2218,20.0000,1.2300,1.2300,1.2300,1.2300,,product
2130,864,,20.0000,0.9000,0.9000,0.9000,0.9000,,shipping
2131,865,2220,20.0000,3.5100,3.5100,3.5100,3.5100,,product
2132,865,,20.0000,0.9000,0.9000,0.9000,0.9000,,shipping
2133,866,2222,20.0000,5.2200,5.2200,5.2200,5.2200,,product
2134,866,,20.0000,0.9000,0.9000,0.9000,0.9000,,shipping
2135,867,2224,20.0000,3.8000,3.8000,3.8000,3.8000,,product
2136,867,,20.0000,0.9000,0.9000,0.9000,0.9000,,shipping
2137,868,2226,20.0000,3.8000,3.8000,3.8000,3.8000,,product
2138,868,,20.0000,0.9000,0.9000,0.9000,0.9000,,shipping
2139,869,2228,20.0000,4.6500,4.6500,4.6500,4.6500,,product
2140,869,,20.0000,0.9000,0.9000,0.9000,0.9000,,shipping
2141,870,2230,20.0000,3.8000,3.8000,3.8000,3.8000,,product
2142,870,,20.0000,0.9000,0.9000,0.9000,0.9000,,shipping
2143,871,2232,20.0000,5.2200,5.2200,5.2200,5.2200,,product
2144,871,,20.0000,0.9000,0.9000,0.9000,0.9000,,shipping
2145,872,2234,20.0000,3.8000,3.8000,3.8000,3.8000,,product
2146,872,,20.0000,0.9000,0.9000,0.9000,0.9000,,shipping
2147,873,2236,20.0000,6.1600,6.1600,6.1600,6.1600,,product
2148,873,,20.0000,0.9000,0.9000,0.9000,0.9000,,shipping
2149,874,2238,20.0000,3.8000,3.8000,3.8000,3.8000,,product
2150,874,,20.0000,0.9000,0.9000,0.9000,0.9000,,shipping
2151,875,2240,20.0000,7.7900,7.7900,7.7900,7.7900,,product
2152,875,,20.0000,0.9000,0.9000,0.9000,0.9000,,shipping
2153,876,2242,20.0000,5.2200,5.2200,5.2200,5.2200,,product
2154,876,,20.0000,0.9000,0.9000,0.9000,0.9000,,shipping
2155,877,2244,20.0000,5.2200,5.2200,5.2200,5.2200,,product
2156,877,,20.0000,0.9000,0.9000,0.9000,0.9000,,shipping
2157,878,2246,20.0000,3.8000,3.8000,3.8000,3.8000,,product
2158,878,,20.0000,0.9000,0.9000,0.9000,0.9000,,shipping
2159,879,2248,20.0000,5.2200,5.2200,5.2200,5.2200,,product
2160,879,,20.0000,0.9000,0.9000,0.9000,0.9000,,shipping
2161,880,2250,20.0000,3.8000,3.8000,3.8000,3.8000,,product
2162,880,2252,20.0000,3.7900,3.7900,3.7900,3.7900,,product
2163,880,,20.0000,0.9000,0.9000,0.9000,0.9000,,shipping
2164,881,2254,20.0000,3.8000,3.8000,3.8000,3.8000,,product
2165,881,,20.0000,0.9000,0.9000,0.9000,0.9000,,shipping
2166,882,2256,20.0000,3.8000,3.8000,3.8000,3.8000,,product
2167,882,,20.0000,0.9000,0.9000,0.9000,0.9000,,shipping
2168,883,2258,20.0000,3.5100,3.5100,3.5100,3.5100,,product
2169,883,,20.0000,0.9000,0.9000,0.9000,0.9000,,shipping
2170,884,2260,20.0000,3.8000,3.8000,3.8000,3.8000,,product
2171,884,,20.0000,0.9000,0.9000,0.9000,0.9000,,shipping
2172,885,2262,20.0000,3.8000,3.8000,3.8000,3.8000,,product
2173,885,2264,20.0000,3.7900,3.7900,3.7900,3.7900,,product
2174,885,,20.0000,0.9000,0.9000,0.9000,0.9000,,shipping
2175,886,2266,20.0000,4.6500,4.6500,4.6500,4.6500,,product
2176,886,,20.0000,0.9000,0.9000,0.9000,0.9000,,shipping
2177,887,2268,20.0000,3.8000,3.8000,3.8000,3.8000,,product
2178,887,2270,20.0000,9.4900,9.4900,9.4900,9.4900,,product
2179,887,,20.0000,0.9000,0.9000,0.9000,0.9000,,shipping
2180,888,2272,20.0000,5.2200,5.2200,5.2200,5.2200,,product
2181,888,2274,20.0000,5.2200,5.2200,5.2200,5.2200,,product
2182,888,,20.0000,0.9000,0.9000,0.9000,0.9000,,shipping
2183,889,2276,20.0000,3.8000,3.8000,3.8000,3.8000,,product
2184,889,,20.0000,0.9000,0.9000,0.9000,0.9000,,shipping
2185,890,2278,20.0000,9.2000,9.2000,9.2000,9.2000,,product
2186,890,,20.0000,0.0000,0.0000,0.0000,0.0000,,shipping
2187,891,2280,20.0000,3.8000,3.8000,3.8000,3.8000,,product
2188,891,,20.0000,0.9000,0.9000,0.9000,0.9000,,shipping
2189,892,2282,20.0000,3.5100,3.5100,3.5100,3.5100,,product
2190,892,,20.0000,0.9000,0.9000,0.9000,0.9000,,shipping
2191,893,2284,20.0000,3.5100,3.5100,3.5100,3.5100,,product
2192,893,,20.0000,0.9000,0.9000,0.9000,0.9000,,shipping
2193,894,2286,20.0000,8.0700,8.0700,8.0700,8.0700,,product
2194,894,,20.0000,0.9000,0.9000,0.9000,0.9000,,shipping
2195,895,2288,20.0000,7.7900,7.7900,7.7900,7.7900,,product
2196,895,,20.0000,0.9000,0.9000,0.9000,0.9000,,shipping
2197,896,2290,20.0000,3.8000,3.8000,3.8000,3.8000,,product
2198,896,,20.0000,0.9000,0.9000,0.9000,0.9000,,shipping
2199,897,2292,20.0000,3.8000,3.8000,3.8000,3.8000,,product
2200,897,,20.0000,0.9000,0.9000,0.9000,0.9000,,shipping
2201,898,2294,20.0000,3.8000,3.8000,3.8000,3.8000,,product
2202,898,,20.0000,0.9000,0.9000,0.9000,0.9000,,shipping
2203,899,2296,20.0000,3.5100,3.5100,3.5100,3.5100,,product
2204,899,,20.0000,0.9000,0.9000,0.9000,0.9000,,shipping
2205,900,2298,20.0000,3.8000,3.8000,3.8000,3.8000,,product
2206,900,,20.0000,0.9000,0.9000,0.9000,0.9000,,shipping
2207,901,2300,20.0000,3.8000,3.8000,3.8000,3.8000,,product
2208,901,,20.0000,0.9000,0.9000,0.9000,0.9000,,shipping
2209,902,2302,20.0000,5.2200,5.2200,5.2200,5.2200,,product
2210,902,,20.0000,0.9000,0.9000,0.9000,0.9000,,shipping
2211,903,2304,20.0000,3.8000,3.8000,3.8000,3.8000,,product
2212,903,,20.0000,0.9000,0.9000,0.9000,0.9000,,shipping
2213,904,2306,20.0000,3.8000,3.8000,3.8000,3.8000,,product
2214,904,,20.0000,0.9000,0.9000,0.9000,0.9000,,shipping
2215,905,2308,20.0000,3.8000,3.8000,3.8000,3.8000,,product
2216,905,,20.0000,0.9000,0.9000,0.9000,0.9000,,shipping
2217,906,2310,20.0000,3.8000,3.8000,3.8000,3.8000,,product
2218,906,,20.0000,0.9000,0.9000,0.9000,0.9000,,shipping
2219,907,2312,20.0000,7.7900,7.7900,7.7900,7.7900,,product
2220,907,,20.0000,0.9000,0.9000,0.9000,0.9000,,shipping
2221,908,2314,20.0000,4.6500,4.6500,4.6500,4.6500,,product
2222,908,,20.0000,0.9000,0.9000,0.9000,0.9000,,shipping
2223,909,2316,20.0000,3.8000,3.8000,3.8000,3.8000,,product
2224,909,,20.0000,0.9000,0.9000,0.9000,0.9000,,shipping
2225,910,2318,20.0000,5.2200,5.2200,5.2200,5.2200,,product
2226,910,,20.0000,0.9000,0.9000,0.9000,0.9000,,shipping
2227,911,2320,20.0000,3.8000,3.8000,3.8000,3.8000,,product
2228,911,,20.0000,0.9000,0.9000,0.9000,0.9000,,shipping
2229,912,2322,20.0000,3.5100,3.5100,3.5100,3.5100,,product
2230,912,,20.0000,0.9000,0.9000,0.9000,0.9000,,shipping
2231,913,2324,20.0000,3.5100,3.5100,3.5100,3.5100,,product
2232,913,,20.0000,0.9000,0.9000,0.9000,0.9000,,shipping
2233,914,2326,20.0000,8.5500,8.5500,8.5500,8.5500,,product
2234,914,2328,20.0000,8.5400,8.5400,8.5400,8.5400,,product
2235,914,,20.0000,0.9000,0.9000,0.9000,0.9000,,shipping
2236,915,2330,20.0000,10.8300,10.8300,10.8300,10.8300,,product
2237,915,2332,20.0000,10.8300,10.8300,10.8300,10.8300,,product
2238,915,,20.0000,0.0000,0.0000,0.0000,0.0000,,shipping
2239,916,2334,20.0000,1.9400,1.9400,1.9400,1.9400,,product
2240,916,,20.0000,0.0000,0.0000,0.0000,0.0000,,shipping
2241,917,2336,20.0000,3.8000,3.8000,3.8000,3.8000,,product
2242,917,,20.0000,0.9000,0.9000,0.9000,0.9000,,shipping
2243,918,2338,20.0000,3.8000,3.8000,3.8000,3.8000,,product
2244,918,,20.0000,0.9000,0.9000,0.9000,0.9000,,shipping
2245,919,2340,20.0000,3.8000,3.8000,3.8000,3.8000,,product
2246,919,,20.0000,0.9000,0.9000,0.9000,0.9000,,shipping
2247,920,2342,20.0000,3.8000,3.8000,3.8000,3.8000,,product
2248,920,,20.0000,0.9000,0.9000,0.9000,0.9000,,shipping
2249,921,2344,20.0000,3.8000,3.8000,3.8000,3.8000,,product
2250,921,,20.0000,0.9000,0.9000,0.9000,0.9000,,shipping
2251,922,2346,20.0000,3.8000,3.8000,3.8000,3.8000,,product
2252,922,2348,20.0000,3.7900,3.7900,3.7900,3.7900,,product
2253,922,,20.0000,0.9000,0.9000,0.9000,0.9000,,shipping
2254,923,2350,20.0000,3.5100,3.5100,3.5100,3.5100,,product
2255,923,,20.0000,0.9000,0.9000,0.9000,0.9000,,shipping
2256,924,2352,20.0000,3.5100,3.5100,3.5100,3.5100,,product
2257,924,,20.0000,0.9000,0.9000,0.9000,0.9000,,shipping
2258,925,2354,20.0000,3.8000,3.8000,3.8000,3.8000,,product
2259,925,,20.0000,0.9000,0.9000,0.9000,0.9000,,shipping
2260,926,2356,20.0000,3.8000,3.8000,3.8000,3.8000,,product
2261,926,,20.0000,0.9000,0.9000,0.9000,0.9000,,shipping
2262,927,2358,20.0000,3.8000,3.8000,3.8000,3.8000,,product
2263,927,,20.0000,0.9000,0.9000,0.9000,0.9000,,shipping
2264,928,2360,20.0000,8.5500,8.5500,8.5500,8.5500,,product
2265,928,,20.0000,0.9000,0.9000,0.9000,0.9000,,shipping
2266,929,2362,20.0000,3.5100,3.5100,3.5100,3.5100,,product
2267,929,,20.0000,0.9000,0.9000,0.9000,0.9000,,shipping
2268,930,2364,20.0000,4.6500,4.6500,4.6500,4.6500,,product
2269,930,2366,20.0000,8.5500,8.5500,8.5500,8.5500,,product
2270,930,,20.0000,0.9000,0.9000,0.9000,0.9000,,shipping
2271,931,2368,20.0000,3.5100,3.5100,3.5100,3.5100,,product
2272,931,,20.0000,0.9000,0.9000,0.9000,0.9000,,shipping
2273,932,2370,20.0000,5.2200,5.2200,5.2200,5.2200,,product
2274,932,,20.0000,0.9000,0.9000,0.9000,0.9000,,shipping
2275,933,2372,20.0000,3.8000,3.8000,3.8000,3.8000,,product
2276,933,,20.0000,0.9000,0.9000,0.9000,0.9000,,shipping
2277,934,2374,20.0000,9.5000,9.5000,9.5000,9.5000,,product
2278,934,2376,20.0000,8.5400,8.5400,8.5400,8.5400,,product
2279,934,,20.0000,0.9000,0.9000,0.9000,0.9000,,shipping
2280,935,2378,20.0000,4.6500,4.6500,4.6500,4.6500,,product
2281,935,,20.0000,0.9000,0.9000,0.9000,0.9000,,shipping
2282,936,2380,20.0000,3.5100,3.5100,3.5100,3.5100,,product
2283,936,,20.0000,0.9000,0.9000,0.9000,0.9000,,shipping
2284,937,2382,20.0000,3.8000,3.8000,3.8000,3.8000,,product
2285,937,,20.0000,0.9000,0.9000,0.9000,0.9000,,shipping
2286,938,2384,20.0000,3.8000,3.8000,3.8000,3.8000,,product
2287,938,,20.0000,0.9000,0.9000,0.9000,0.9000,,shipping
2288,939,2386,20.0000,3.8000,3.8000,3.8000,3.8000,,product
2289,939,,20.0000,0.9000,0.9000,0.9000,0.9000,,shipping
2290,940,2388,20.0000,5.2200,5.2200,5.2200,5.2200,,product
2291,940,,20.0000,0.9000,0.9000,0.9000,0.9000,,shipping
2292,941,2390,20.0000,3.8000,3.8000,3.8000,3.8000,,product
2293,941,,20.0000,0.9000,0.9000,0.9000,0.9000,,shipping
2294,942,2392,20.0000,3.5100,3.5100,3.5100,3.5100,,product
2295,942,,20.0000,0.9000,0.9000,0.9000,0.9000,,shipping
2296,943,2394,20.0000,2.9400,2.9400,2.9400,2.9400,,product
2297,943,,20.0000,0.9000,0.9000,0.9000,0.9000,,shipping
2298,944,2396,20.0000,3.8000,3.8000,3.8000,3.8000,,product
2299,944,,20.0000,0.9000,0.9000,0.9000,0.9000,,shipping
2300,945,2398,20.0000,5.2200,5.2200,5.2200,5.2200,,product
2301,945,,20.0000,0.9000,0.9000,0.9000,0.9000,,shipping
2302,946,2400,20.0000,2.3700,2.3700,2.3700,2.3700,,product
2303,946,,20.0000,0.0000,0.0000,0.0000,0.0000,,shipping
2304,947,2402,20.0000,4.0800,4.0800,4.0800,4.0800,,product
2305,947,,20.0000,0.9000,0.9000,0.9000,0.9000,,shipping
2306,948,2404,20.0000,3.5100,3.5100,3.5100,3.5100,,product
2307,948,,20.0000,0.9000,0.9000,0.9000,0.9000,,shipping
2308,949,2406,20.0000,5.2200,5.2200,5.2200,5.2200,,product
2309,949,,20.0000,0.9000,0.9000,0.9000,0.9000,,shipping
2310,950,2408,20.0000,3.8000,3.8000,3.8000,3.8000,,product
2311,950,,20.0000,0.9000,0.9000,0.9000,0.9000,,shipping
2312,951,2410,20.0000,3.8000,3.8000,3.8000,3.8000,,product
2313,951,,20.0000,0.9000,0.9000,0.9000,0.9000,,shipping
2314,952,2412,20.0000,5.2200,5.2200,5.2200,5.2200,,product
2315,952,,20.0000,0.9000,0.9000,0.9000,0.9000,,shipping
2316,953,2414,20.0000,8.0700,8.0700,8.0700,8.0700,,product
2317,953,,20.0000,0.9000,0.9000,0.9000,0.9000,,shipping
2318,954,2416,20.0000,3.5100,3.5100,3.5100,3.5100,,product
2319,954,,20.0000,0.9000,0.9000,0.9000,0.9000,,shipping
2320,955,2418,20.0000,9.7400,9.7400,9.7400,9.7400,,product
2321,955,2420,20.0000,9.7500,9.7500,9.7500,9.7500,,product
2322,955,,20.0000,0.0000,0.0000,0.0000,0.0000,,shipping
2323,956,2422,20.0000,3.8000,3.8000,3.8000,3.8000,,product
2324,956,,20.0000,0.9000,0.9000,0.9000,0.9000,,shipping
2325,957,2424,20.0000,3.8000,3.8000,3.8000,3.8000,,product
2326,957,,20.0000,0.9000,0.9000,0.9000,0.9000,,shipping
2327,958,2426,20.0000,3.8000,3.8000,3.8000,3.8000,,product
2328,958,,20.0000,0.9000,0.9000,0.9000,0.9000,,shipping
2329,959,2428,20.0000,3.5100,3.5100,3.5100,3.5100,,product
2330,959,,20.0000,0.9000,0.9000,0.9000,0.9000,,shipping
2331,960,2430,20.0000,3.8000,3.8000,3.8000,3.8000,,product
2332,960,,20.0000,0.9000,0.9000,0.9000,0.9000,,shipping
2333,961,2432,20.0000,3.5100,3.5100,3.5100,3.5100,,product
2334,961,,20.0000,0.9000,0.9000,0.9000,0.9000,,shipping
2335,962,2434,20.0000,5.2200,5.2200,5.2200,5.2200,,product
2336,962,,20.0000,0.9000,0.9000,0.9000,0.9000,,shipping
2337,963,2436,20.0000,7.7900,7.7900,7.7900,7.7900,,product
2338,963,,20.0000,0.9000,0.9000,0.9000,0.9000,,shipping
2339,964,2438,20.0000,3.5100,3.5100,3.5100,3.5100,,product
2340,964,,20.0000,0.9000,0.9000,0.9000,0.9000,,shipping
2341,965,2440,20.0000,3.8000,3.8000,3.8000,3.8000,,product
2342,965,,20.0000,0.9000,0.9000,0.9000,0.9000,,shipping
2343,966,2442,20.0000,7.7900,7.7900,7.7900,7.7900,,product
2344,966,,20.0000,0.9000,0.9000,0.9000,0.9000,,shipping
2345,967,2444,20.0000,3.8000,3.8000,3.8000,3.8000,,product
2346,967,,20.0000,0.9000,0.9000,0.9000,0.9000,,shipping
2347,968,2446,20.0000,3.5100,3.5100,3.5100,3.5100,,product
2348,968,,20.0000,0.9000,0.9000,0.9000,0.9000,,shipping
2349,969,2448,20.0000,3.8000,3.8000,3.8000,3.8000,,product
2350,969,,20.0000,0.9000,0.9000,0.9000,0.9000,,shipping
2351,970,2450,20.0000,3.8000,3.8000,3.8000,3.8000,,product
2352,970,,20.0000,0.9000,0.9000,0.9000,0.9000,,shipping
2353,971,2452,20.0000,5.2200,5.2200,5.2200,5.2200,,product
2354,971,,20.0000,0.9000,0.9000,0.9000,0.9000,,shipping
2355,972,2454,20.0000,3.8000,3.8000,3.8000,3.8000,,product
2356,972,,20.0000,0.9000,0.9000,0.9000,0.9000,,shipping
2357,973,2456,20.0000,4.6500,4.6500,4.6500,4.6500,,product
2358,973,,20.0000,0.9000,0.9000,0.9000,0.9000,,shipping
2359,974,2458,20.0000,3.5100,3.5100,3.5100,3.5100,,product
2360,974,,20.0000,0.9000,0.9000,0.9000,0.9000,,shipping
2361,975,2460,20.0000,3.5100,3.5100,3.5100,3.5100,,product
2362,975,,20.0000,0.9000,0.9000,0.9000,0.9000,,shipping
2363,976,2462,20.0000,3.5100,3.5100,3.5100,3.5100,,product
2364,976,,20.0000,0.9000,0.9000,0.9000,0.9000,,shipping
2365,977,2464,20.0000,5.2200,5.2200,5.2200,5.2200,,product
2366,977,,20.0000,0.9000,0.9000,0.9000,0.9000,,shipping
2367,978,2466,20.0000,3.5100,3.5100,3.5100,3.5100,,product
2368,978,2468,20.0000,1.6200,1.6200,1.6200,1.6200,,product
2369,978,,20.0000,0.9000,0.9000,0.9000,0.9000,,shipping
2370,979,2470,20.0000,3.8000,3.8000,3.8000,3.8000,,product
2371,979,,20.0000,0.9000,0.9000,0.9000,0.9000,,shipping
2372,980,2472,20.0000,4.6500,4.6500,4.6500,4.6500,,product
2373,980,,20.0000,0.9000,0.9000,0.9000,0.9000,,shipping
2374,981,2474,20.0000,3.5100,3.5100,3.5100,3.5100,,product
2375,981,,20.0000,0.9000,0.9000,0.9000,0.9000,,shipping
2376,982,2476,20.0000,3.5100,3.5100,3.5100,3.5100,,product
2377,982,,20.0000,0.9000,0.9000,0.9000,0.9000,,shipping
2378,983,2478,20.0000,7.7900,7.7900,7.7900,7.7900,,product
2379,983,,20.0000,0.9000,0.9000,0.9000,0.9000,,shipping
2380,984,2480,20.0000,5.2200,5.2200,5.2200,5.2200,,product
2381,984,,20.0000,0.9000,0.9000,0.9000,0.9000,,shipping
2382,985,2482,20.0000,5.2200,5.2200,5.2200,5.2200,,product
2383,985,2484,20.0000,5.2200,5.2200,5.2200,5.2200,,product
2384,985,,20.0000,0.9000,0.9000,0.9000,0.9000,,shipping
2385,986,2486,20.0000,3.8000,3.8000,3.8000,3.8000,,product
2386,986,2488,20.0000,8.5400,8.5400,8.5400,8.5400,,product
2387,986,,20.0000,0.9000,0.9000,0.9000,0.9000,,shipping
2388,987,2490,20.0000,5.2200,5.2200,5.2200,5.2200,,product
2389,987,,20.0000,0.9000,0.9000,0.9000,0.9000,,shipping
2390,988,2492,20.0000,8.0700,8.0700,8.0700,8.0700,,product
2391,988,,20.0000,0.9000,0.9000,0.9000,0.9000,,shipping
2392,989,2494,20.0000,3.5100,3.5100,3.5100,3.5100,,product
2393,989,2496,20.0000,3.8000,3.8000,3.8000,3.8000,,product
2394,989,,20.0000,0.9000,0.9000,0.9000,0.9000,,shipping
2395,990,2498,20.0000,3.8000,3.8000,3.8000,3.8000,,product
2396,990,,20.0000,0.9000,0.9000,0.9000,0.9000,,shipping
2397,991,2500,20.0000,3.8000,3.8000,3.8000,3.8000,,product
2398,991,,20.0000,0.9000,0.9000,0.9000,0.9000,,shipping
2399,992,2502,20.0000,3.8000,3.8000,3.8000,3.8000,,product
2400,992,2504,20.0000,3.7900,3.7900,3.7900,3.7900,,product
2401,992,,20.0000,0.9000,0.9000,0.9000,0.9000,,shipping
2402,993,2506,20.0000,3.8000,3.8000,3.8000,3.8000,,product
2403,993,,20.0000,0.9000,0.9000,0.9000,0.9000,,shipping
2404,994,2508,20.0000,8.0700,8.0700,8.0700,8.0700,,product
2405,994,,20.0000,0.9000,0.9000,0.9000,0.9000,,shipping
2406,995,2510,20.0000,3.8000,3.8000,3.8000,3.8000,,product
2407,995,,20.0000,0.9000,0.9000,0.9000,0.9000,,shipping
2408,996,2512,20.0000,3.8000,3.8000,3.8000,3.8000,,product
2409,996,,20.0000,0.9000,0.9000,0.9000,0.9000,,shipping
2410,997,2514,20.0000,8.5500,8.5500,8.5500,8.5500,,product
2411,997,,20.0000,0.9000,0.9000,0.9000,0.9000,,shipping
2412,998,2516,20.0000,3.8000,3.8000,3.8000,3.8000,,product
2413,998,,20.0000,0.9000,0.9000,0.9000,0.9000,,shipping
2414,999,2518,20.0000,3.8000,3.8000,3.8000,3.8000,,product
2415,999,,20.0000,0.9000,0.9000,0.9000,0.9000,,shipping
2416,1000,2520,20.0000,3.8000,3.8000,3.8000,3.8000,,product
2417,1000,,20.0000,0.9000,0.9000,0.9000,0.9000,,shipping
2418,1001,2522,20.0000,7.7900,7.7900,7.7900,7.7900,,product
2419,1001,2524,20.0000,3.7900,3.7900,3.7900,3.7900,,product
2420,1001,,20.0000,0.9000,0.9000,0.9000,0.9000,,shipping
2421,1002,2526,20.0000,3.5100,3.5100,3.5100,3.5100,,product
2422,1002,,20.0000,0.9000,0.9000,0.9000,0.9000,,shipping
2423,1003,2528,20.0000,3.8000,3.8000,3.8000,3.8000,,product
2424,1003,,20.0000,0.9000,0.9000,0.9000,0.9000,,shipping
2425,1004,2530,20.0000,4.6500,4.6500,4.6500,4.6500,,product
2426,1004,,20.0000,0.9000,0.9000,0.9000,0.9000,,shipping
2427,1005,2532,20.0000,4.3300,4.3300,4.3300,4.3300,,product
2428,1005,2534,20.0000,4.3300,4.3300,4.3300,4.3300,,product
2429,1005,2536,20.0000,8.6500,8.6500,8.6500,8.6500,,product
2430,1005,2538,20.0000,4.3300,4.3300,4.3300,4.3300,,product
2431,1005,2540,20.0000,4.3300,4.3300,4.3300,4.3300,,product
2432,1005,2542,20.0000,4.3300,4.3300,4.3300,4.3300,,product
2433,1005,2544,20.0000,1.1800,1.1800,1.1800,1.1800,,product
2434,1005,2546,20.0000,1.1900,1.1900,1.1900,1.1900,,product
2435,1005,2548,20.0000,1.1800,1.1800,1.1800,1.1800,,product
2436,1005,2550,20.0000,1.1900,1.1900,1.1900,1.1900,,product
2437,1005,2552,20.0000,1.1900,1.1900,1.1900,1.1900,,product
2438,1005,2554,20.0000,1.1800,1.1800,1.1800,1.1800,,product
2439,1005,2556,20.0000,1.1900,1.1900,1.1900,1.1900,,product
2440,1005,2558,20.0000,1.1800,1.1800,1.1800,1.1800,,product
2441,1005,2560,20.0000,1.1900,1.1900,1.1900,1.1900,,product
2442,1005,,20.0000,0.6600,0.6600,0.6600,0.6600,,shipping
2443,1006,2562,20.0000,7.7900,7.7900,7.7900,7.7900,,product
2444,1006,,20.0000,0.9000,0.9000,0.9000,0.9000,,shipping
2445,1007,2564,20.0000,5.2200,5.2200,5.2200,5.2200,,product
2446,1007,,20.0000,0.9000,0.9000,0.9000,0.9000,,shipping
2447,1008,2566,20.0000,3.5100,3.5100,3.5100,3.5100,,product
2448,1008,,20.0000,0.9000,0.9000,0.9000,0.9000,,shipping
2449,1009,2568,20.0000,3.8000,3.8000,3.8000,3.8000,,product
2450,1009,,20.0000,0.9000,0.9000,0.9000,0.9000,,shipping
2451,1010,2570,20.0000,8.0700,8.0700,8.0700,8.0700,,product
2452,1010,,20.0000,0.9000,0.9000,0.9000,0.9000,,shipping
2453,1011,2572,20.0000,3.8000,3.8000,3.8000,3.8000,,product
2454,1011,,20.0000,0.9000,0.9000,0.9000,0.9000,,shipping
2455,1012,2574,20.0000,4.6500,4.6500,4.6500,4.6500,,product
2456,1012,2576,20.0000,8.0700,8.0700,8.0700,8.0700,,product
2457,1012,,20.0000,0.9000,0.9000,0.9000,0.9000,,shipping
2458,1013,2578,20.0000,3.5100,3.5100,3.5100,3.5100,,product
2459,1013,,20.0000,0.9000,0.9000,0.9000,0.9000,,shipping
2460,1014,2580,20.0000,8.0700,8.0700,8.0700,8.0700,,product
2461,1014,,20.0000,0.9000,0.9000,0.9000,0.9000,,shipping
2462,1015,2582,20.0000,3.8000,3.8000,3.8000,3.8000,,product
2463,1015,,20.0000,0.9000,0.9000,0.9000,0.9000,,shipping
2464,1016,2584,20.0000,8.0700,8.0700,8.0700,8.0700,,product
2465,1016,,20.0000,0.9000,0.9000,0.9000,0.9000,,shipping
2466,1017,2586,20.0000,10.8300,10.8300,10.8300,10.8300,,product
2467,1017,,20.0000,0.0000,0.0000,0.0000,0.0000,,shipping
2468,1018,2588,20.0000,3.8000,3.8000,3.8000,3.8000,,product
2469,1018,,20.0000,0.9000,0.9000,0.9000,0.9000,,shipping
2470,1019,2590,20.0000,3.8000,3.8000,3.8000,3.8000,,product
2471,1019,,20.0000,0.9000,0.9000,0.9000,0.9000,,shipping
2472,1020,2592,20.0000,3.8000,3.8000,3.8000,3.8000,,product
2473,1020,,20.0000,0.9000,0.9000,0.9000,0.9000,,shipping
2474,1021,2594,20.0000,8.0700,8.0700,8.0700,8.0700,,product
2475,1021,2596,20.0000,8.0700,8.0700,8.0700,8.0700,,product
2476,1021,2598,20.0000,3.8000,3.8000,3.8000,3.8000,,product
2477,1021,,20.0000,0.9000,0.9000,0.9000,0.9000,,shipping
2478,1022,2600,20.0000,3.8000,3.8000,3.8000,3.8000,,product
2479,1022,,20.0000,0.9000,0.9000,0.9000,0.9000,,shipping
2480,1023,2602,20.0000,3.5100,3.5100,3.5100,3.5100,,product
2481,1023,,20.0000,0.9000,0.9000,0.9000,0.9000,,shipping
2482,1024,2604,20.0000,9.2000,9.2000,9.2000,9.2000,,product
2483,1024,,20.0000,0.0000,0.0000,0.0000,0.0000,,shipping
2484,1025,2606,20.0000,3.8000,3.8000,3.8000,3.8000,,product
2485,1025,,20.0000,0.9000,0.9000,0.9000,0.9000,,shipping
2486,1026,2608,20.0000,3.8000,3.8000,3.8000,3.8000,,product
2487,1026,2610,20.0000,3.5100,3.5100,3.5100,3.5100,,product
2488,1026,2612,20.0000,3.7900,3.7900,3.7900,3.7900,,product
2489,1026,2614,20.0000,3.8000,3.8000,3.8000,3.8000,,product
2490,1026,,20.0000,0.9000,0.9000,0.9000,0.9000,,shipping
2491,1027,2616,20.0000,7.0200,7.0200,7.0200,7.0200,,product
2492,1027,,20.0000,0.9000,0.9000,0.9000,0.9000,,shipping
2493,1028,2618,20.0000,3.8000,3.8000,3.8000,3.8000,,product
2494,1028,,20.0000,0.9000,0.9000,0.9000,0.9000,,shipping
2495,1029,2620,20.0000,5.2200,5.2200,5.2200,5.2200,,product
2496,1029,,20.0000,0.9000,0.9000,0.9000,0.9000,,shipping
2497,1030,2622,20.0000,3.8000,3.8000,3.8000,3.8000,,product
2498,1030,,20.0000,0.9000,0.9000,0.9000,0.9000,,shipping
2499,1031,2624,20.0000,7.7900,7.7900,7.7900,7.7900,,product
2500,1031,2626,20.0000,8.0700,8.0700,8.0700,8.0700,,product
2501,1031,,20.0000,0.9000,0.9000,0.9000,0.9000,,shipping
2502,1032,2628,20.0000,8.0700,8.0700,8.0700,8.0700,,product
2503,1032,,20.0000,0.9000,0.9000,0.9000,0.9000,,shipping
2504,1033,2630,20.0000,8.8800,8.8800,8.8800,8.8800,,product
2505,1033,,20.0000,0.0000,0.0000,0.0000,0.0000,,shipping
2506,1034,2632,20.0000,3.8000,3.8000,3.8000,3.8000,,product
2507,1034,,20.0000,0.9000,0.9000,0.9000,0.9000,,shipping
2508,1035,2634,20.0000,7.7900,7.7900,7.7900,7.7900,,product
2509,1035,,20.0000,0.9000,0.9000,0.9000,0.9000,,shipping
2510,1036,2636,20.0000,3.8000,3.8000,3.8000,3.8000,,product
2511,1036,,20.0000,0.9000,0.9000,0.9000,0.9000,,shipping
2512,1037,2638,20.0000,7.7900,7.7900,7.7900,7.7900,,product
2513,1037,,20.0000,0.9000,0.9000,0.9000,0.9000,,shipping
2514,1038,2640,20.0000,8.0700,8.0700,8.0700,8.0700,,product
2515,1038,,20.0000,0.9000,0.9000,0.9000,0.9000,,shipping
2516,1039,2642,20.0000,3.8000,3.8000,3.8000,3.8000,,product
2517,1039,,20.0000,0.9000,0.9000,0.9000,0.9000,,shipping
2518,1040,2644,20.0000,3.8000,3.8000,3.8000,3.8000,,product
2519,1040,,20.0000,0.9000,0.9000,0.9000,0.9000,,shipping
2520,1041,2646,20.0000,3.8000,3.8000,3.8000,3.8000,,product
2521,1041,,20.0000,0.9000,0.9000,0.9000,0.9000,,shipping
2522,1042,2648,20.0000,3.8000,3.8000,3.8000,3.8000,,product
2523,1042,,20.0000,0.9000,0.9000,0.9000,0.9000,,shipping
2524,1043,2650,20.0000,3.8000,3.8000,3.8000,3.8000,,product
2525,1043,,20.0000,0.9000,0.9000,0.9000,0.9000,,shipping
2526,1044,2652,20.0000,3.8000,3.8000,3.8000,3.8000,,product
2527,1044,,20.0000,0.9000,0.9000,0.9000,0.9000,,shipping
2528,1045,2654,20.0000,2.9400,2.9400,2.9400,2.9400,,product
2529,1045,,20.0000,0.9000,0.9000,0.9000,0.9000,,shipping
2530,1046,2656,20.0000,7.7900,7.7900,7.7900,7.7900,,product
2531,1046,,20.0000,0.9000,0.9000,0.9000,0.9000,,shipping
2532,1047,2658,20.0000,3.8000,3.8000,3.8000,3.8000,,product
2533,1047,,20.0000,0.9000,0.9000,0.9000,0.9000,,shipping
2534,1048,2660,20.0000,8.0700,8.0700,8.0700,8.0700,,product
2535,1048,,20.0000,0.9000,0.9000,0.9000,0.9000,,shipping
2536,1049,2662,20.0000,5.2200,5.2200,5.2200,5.2200,,product
2537,1049,,20.0000,0.9000,0.9000,0.9000,0.9000,,shipping
2538,1050,2664,20.0000,3.8000,3.8000,3.8000,3.8000,,product
2539,1050,,20.0000,0.9000,0.9000,0.9000,0.9000,,shipping
2540,1051,2666,20.0000,3.8000,3.8000,3.8000,3.8000,,product
2541,1051,,20.0000,0.9000,0.9000,0.9000,0.9000,,shipping
2542,1052,2668,20.0000,3.8000,3.8000,3.8000,3.8000,,product
2543,1052,,20.0000,0.9000,0.9000,0.9000,0.9000,,shipping
2544,1053,2670,20.0000,3.8000,3.8000,3.8000,3.8000,,product
2545,1053,,20.0000,0.9000,0.9000,0.9000,0.9000,,shipping
2546,1054,2672,20.0000,7.7900,7.7900,7.7900,7.7900,,product
2547,1054,2674,20.0000,7.7800,7.7800,7.7800,7.7800,,product
2548,1054,,20.0000,0.9000,0.9000,0.9000,0.9000,,shipping
2549,1055,2676,20.0000,4.6500,4.6500,4.6500,4.6500,,product
2550,1055,,20.0000,0.9000,0.9000,0.9000,0.9000,,shipping
2551,1056,2678,20.0000,3.8000,3.8000,3.8000,3.8000,,product
2552,1056,,20.0000,0.9000,0.9000,0.9000,0.9000,,shipping
2553,1057,2680,20.0000,7.7900,7.7900,7.7900,7.7900,,product
2554,1057,,20.0000,0.9000,0.9000,0.9000,0.9000,,shipping
2555,1058,2682,20.0000,5.5100,5.5100,5.5100,5.5100,,product
2556,1058,,20.0000,0.9000,0.9000,0.9000,0.9000,,shipping
2557,1059,2684,20.0000,3.5100,3.5100,3.5100,3.5100,,product
2558,1059,2686,20.0000,3.5100,3.5100,3.5100,3.5100,,product
2559,1059,,20.0000,0.9000,0.9000,0.9000,0.9000,,shipping
2560,1060,2688,20.0000,3.8000,3.8000,3.8000,3.8000,,product
2561,1060,2690,20.0000,3.7900,3.7900,3.7900,3.7900,,product
2562,1060,,20.0000,0.9000,0.9000,0.9000,0.9000,,shipping
2563,1061,2692,20.0000,10.8300,10.8300,10.8300,10.8300,,product
2564,1061,,20.0000,0.0000,0.0000,0.0000,0.0000,,shipping
2565,1062,2694,20.0000,7.7900,7.7900,7.7900,7.7900,,product
2566,1062,,20.0000,0.9000,0.9000,0.9000,0.9000,,shipping
2567,1063,2696,20.0000,3.8000,3.8000,3.8000,3.8000,,product
2568,1063,,20.0000,0.9000,0.9000,0.9000,0.9000,,shipping
2569,1064,2698,20.0000,3.8000,3.8000,3.8000,3.8000,,product
2570,1064,,20.0000,0.9000,0.9000,0.9000,0.9000,,shipping
2571,1065,2700,20.0000,3.8000,3.8000,3.8000,3.8000,,product
2572,1065,,20.0000,0.9000,0.9000,0.9000,0.9000,,shipping
2573,1066,2702,20.0000,8.0700,8.0700,8.0700,8.0700,,product
2574,1066,2704,20.0000,8.0700,8.0700,8.0700,8.0700,,product
2575,1066,,20.0000,0.9000,0.9000,0.9000,0.9000,,shipping
2576,1067,2706,20.0000,5.2200,5.2200,5.2200,5.2200,,product
2577,1067,,20.0000,0.9000,0.9000,0.9000,0.9000,,shipping
2578,1068,2708,20.0000,3.8000,3.8000,3.8000,3.8000,,product
2579,1068,,20.0000,0.9000,0.9000,0.9000,0.9000,,shipping
2580,1069,2710,20.0000,3.5100,3.5100,3.5100,3.5100,,product
2581,1069,,20.0000,0.9000,0.9000,0.9000,0.9000,,shipping
2582,1070,2712,20.0000,8.0700,8.0700,8.0700,8.0700,,product
2583,1070,,20.0000,0.9000,0.9000,0.9000,0.9000,,shipping
2584,1071,2714,20.0000,3.8000,3.8000,3.8000,3.8000,,product
2585,1071,,20.0000,0.9000,0.9000,0.9000,0.9000,,shipping
2586,1072,2716,20.0000,3.8000,3.8000,3.8000,3.8000,,product
2587,1072,,20.0000,0.9000,0.9000,0.9000,0.9000,,shipping
2588,1073,2718,20.0000,7.0200,7.0200,7.0200,7.0200,,product
2589,1073,,20.0000,0.9000,0.9000,0.9000,0.9000,,shipping
2590,1074,2720,20.0000,7.7900,7.7900,7.7900,7.7900,,product
2591,1074,,20.0000,0.9000,0.9000,0.9000,0.9000,,shipping
2592,1075,2722,20.0000,4.0800,4.0800,4.0800,4.0800,,product
2593,1075,,20.0000,0.9000,0.9000,0.9000,0.9000,,shipping
2594,1076,2724,20.0000,3.5100,3.5100,3.5100,3.5100,,product
2595,1076,,20.0000,0.9000,0.9000,0.9000,0.9000,,shipping
2596,1077,2726,20.0000,3.8000,3.8000,3.8000,3.8000,,product
2597,1077,,20.0000,0.9000,0.9000,0.9000,0.9000,,shipping
2598,1078,2728,20.0000,3.5100,3.5100,3.5100,3.5100,,product
2599,1078,2730,20.0000,3.8000,3.8000,3.8000,3.8000,,product
2600,1078,2732,20.0000,3.7900,3.7900,3.7900,3.7900,,product
2601,1078,,20.0000,0.9000,0.9000,0.9000,0.9000,,shipping
2602,1079,2734,20.0000,5.2200,5.2200,5.2200,5.2200,,product
2603,1079,,20.0000,0.9000,0.9000,0.9000,0.9000,,shipping
2604,1080,2736,20.0000,9.5000,9.5000,9.5000,9.5000,,product
2605,1080,,20.0000,0.9000,0.9000,0.9000,0.9000,,shipping
2606,1081,2738,20.0000,7.5900,7.5900,7.5900,7.5900,,product
2607,1081,,20.0000,0.9000,0.9000,0.9000,0.9000,,shipping
2608,1082,2740,20.0000,3.8000,3.8000,3.8000,3.8000,,product
2609,1082,,20.0000,0.9000,0.9000,0.9000,0.9000,,shipping
2610,1083,2742,20.0000,3.8000,3.8000,3.8000,3.8000,,product
2611,1083,,20.0000,0.9000,0.9000,0.9000,0.9000,,shipping
2612,1084,2744,20.0000,4.6500,4.6500,4.6500,4.6500,,product
2613,1084,,20.0000,0.9000,0.9000,0.9000,0.9000,,shipping
2614,1085,2746,20.0000,9.5000,9.5000,9.5000,9.5000,,product
2615,1085,,20.0000,0.9000,0.9000,0.9000,0.9000,,shipping
2616,1086,2748,20.0000,7.7900,7.7900,7.7900,7.7900,,product
2617,1086,,20.0000,0.9000,0.9000,0.9000,0.9000,,shipping
2618,1087,2750,20.0000,9.5000,9.5000,9.5000,9.5000,,product
2619,1087,,20.0000,0.9000,0.9000,0.9000,0.9000,,shipping
2620,1088,2752,20.0000,3.8000,3.8000,3.8000,3.8000,,product
2621,1088,,20.0000,0.9000,0.9000,0.9000,0.9000,,shipping
2622,1089,2754,20.0000,10.8300,10.8300,10.8300,10.8300,,product
2623,1089,,20.0000,0.0000,0.0000,0.0000,0.0000,,shipping
2624,1090,2756,20.0000,9.2000,9.2000,9.2000,9.2000,,product
2625,1090,2758,20.0000,9.2000,9.2000,9.2000,9.2000,,product
2626,1090,2760,20.0000,9.2100,9.2100,9.2100,9.2100,,product
2627,1090,2762,20.0000,9.2000,9.2000,9.2000,9.2000,,product
2628,1090,,20.0000,0.0000,0.0000,0.0000,0.0000,,shipping
2629,1091,2764,20.0000,3.8000,3.8000,3.8000,3.8000,,product
2630,1091,,20.0000,0.9000,0.9000,0.9000,0.9000,,shipping
2631,1092,2766,20.0000,3.8000,3.8000,3.8000,3.8000,,product
2632,1092,,20.0000,0.9000,0.9000,0.9000,0.9000,,shipping
2633,1093,2768,20.0000,9.7400,9.7400,9.7400,9.7400,,product
2634,1093,,20.0000,0.0000,0.0000,0.0000,0.0000,,shipping
2635,1094,2770,20.0000,5.2200,5.2200,5.2200,5.2200,,product
2636,1094,,20.0000,0.9000,0.9000,0.9000,0.9000,,shipping
2637,1095,2772,20.0000,5.2200,5.2200,5.2200,5.2200,,product
2638,1095,,20.0000,0.9000,0.9000,0.9000,0.9000,,shipping
2639,1096,2774,20.0000,3.8000,3.8000,3.8000,3.8000,,product
2640,1096,,20.0000,0.9000,0.9000,0.9000,0.9000,,shipping
2641,1097,2776,20.0000,3.8000,3.8000,3.8000,3.8000,,product
2642,1097,,20.0000,0.9000,0.9000,0.9000,0.9000,,shipping
2643,1098,2778,20.0000,3.8000,3.8000,3.8000,3.8000,,product
2644,1098,,20.0000,0.0000,0.0000,0.0000,0.0000,,shipping
2645,1099,2780,20.0000,4.6500,4.6500,4.6500,4.6500,,product
2646,1099,,20.0000,0.9000,0.9000,0.9000,0.9000,,shipping
2647,1100,2782,20.0000,4.6500,4.6500,4.6500,4.6500,,product
2648,1100,,20.0000,0.9000,0.9000,0.9000,0.9000,,shipping
2649,1101,2784,20.0000,3.8000,3.8000,3.8000,3.8000,,product
2650,1101,,20.0000,0.0000,0.0000,0.0000,0.0000,,shipping
2651,1102,2786,20.0000,3.8000,3.8000,3.8000,3.8000,,product
2652,1102,,20.0000,0.0000,0.0000,0.0000,0.0000,,shipping
2653,1103,2788,20.0000,3.5100,3.5100,3.5100,3.5100,,product
2654,1103,,20.0000,0.0000,0.0000,0.0000,0.0000,,shipping
2655,1104,2790,20.0000,3.8000,3.8000,3.8000,3.8000,,product
2656,1104,,20.0000,0.0000,0.0000,0.0000,0.0000,,shipping
2657,1105,2792,20.0000,3.8000,3.8000,3.8000,3.8000,,product
2658,1105,,20.0000,0.0000,0.0000,0.0000,0.0000,,shipping
2659,1106,2794,20.0000,8.5500,8.5500,8.5500,8.5500,,product
2660,1106,,20.0000,0.0000,0.0000,0.0000,0.0000,,shipping
2661,1107,2796,20.0000,7.0200,7.0200,7.0200,7.0200,,product
2662,1107,,20.0000,0.9000,0.9000,0.9000,0.9000,,shipping
2663,1108,2798,20.0000,7.7900,7.7900,7.7900,7.7900,,product
2664,1108,,20.0000,0.9000,0.9000,0.9000,0.9000,,shipping
2665,1109,2800,20.0000,9.7400,9.7400,9.7400,9.7400,,product
2666,1109,,20.0000,0.0000,0.0000,0.0000,0.0000,,shipping
2667,1110,2802,20.0000,3.8000,3.8000,3.8000,3.8000,,product
2668,1110,,20.0000,0.9000,0.9000,0.9000,0.9000,,shipping
2669,1111,2804,20.0000,3.8000,3.8000,3.8000,3.8000,,product
2670,1111,,20.0000,0.9000,0.9000,0.9000,0.9000,,shipping
2671,1112,2806,20.0000,5.3000,5.3000,5.3000,5.3000,,product
2672,1112,,20.0000,0.0000,0.0000,0.0000,0.0000,,shipping
2673,1113,2808,20.0000,3.8000,3.8000,3.8000,3.8000,,product
2674,1113,,20.0000,0.9000,0.9000,0.9000,0.9000,,shipping
2675,1114,2810,20.0000,5.2200,5.2200,5.2200,5.2200,,product
2676,1114,2812,20.0000,4.0800,4.0800,4.0800,4.0800,,product
2677,1114,,20.0000,0.9000,0.9000,0.9000,0.9000,,shipping
2678,1115,2814,20.0000,3.5100,3.5100,3.5100,3.5100,,product
2679,1115,,20.0000,0.9000,0.9000,0.9000,0.9000,,shipping
2680,1116,2816,20.0000,5.2200,5.2200,5.2200,5.2200,,product
2681,1116,,20.0000,0.9000,0.9000,0.9000,0.9000,,shipping
2682,1117,2818,20.0000,8.5500,8.5500,8.5500,8.5500,,product
2683,1117,,20.0000,0.9000,0.9000,0.9000,0.9000,,shipping
2684,1118,2820,20.0000,3.8000,3.8000,3.8000,3.8000,,product
2685,1118,,20.0000,0.9000,0.9000,0.9000,0.9000,,shipping
2686,1119,2822,20.0000,7.7900,7.7900,7.7900,7.7900,,product
2687,1119,2824,20.0000,3.7900,3.7900,3.7900,3.7900,,product
2688,1119,,20.0000,0.9000,0.9000,0.9000,0.9000,,shipping
2689,1120,2826,20.0000,3.8000,3.8000,3.8000,3.8000,,product
2690,1120,,20.0000,0.9000,0.9000,0.9000,0.9000,,shipping
2691,1121,2828,20.0000,9.7400,9.7400,9.7400,9.7400,,product
2692,1121,,20.0000,0.0000,0.0000,0.0000,0.0000,,shipping
2693,1122,2830,20.0000,9.7400,9.7400,9.7400,9.7400,,product
2694,1122,2832,20.0000,9.7500,9.7500,9.7500,9.7500,,product
2695,1122,2834,20.0000,0.9700,0.9700,0.9700,0.9700,,product
2696,1122,2836,20.0000,1.4000,1.4000,1.4000,1.4000,,product
2697,1122,2838,20.0000,1.4000,1.4000,1.4000,1.4000,,product
2698,1122,2840,20.0000,1.4000,1.4000,1.4000,1.4000,,product
2699,1122,,20.0000,0.0000,0.0000,0.0000,0.0000,,shipping
2700,1123,2842,20.0000,10.1800,10.1800,10.1800,10.1800,,product
2701,1123,2844,20.0000,10.1800,10.1800,10.1800,10.1800,,product
2702,1123,,20.0000,0.0000,0.0000,0.0000,0.0000,,shipping
2703,1124,2846,20.0000,3.8000,3.8000,3.8000,3.8000,,product
2704,1124,,20.0000,0.9000,0.9000,0.9000,0.9000,,shipping
2705,1125,2848,20.0000,5.2200,5.2200,5.2200,5.2200,,product
2706,1125,,20.0000,0.9000,0.9000,0.9000,0.9000,,shipping
2707,1126,2850,20.0000,3.5100,3.5100,3.5100,3.5100,,product
2708,1126,,20.0000,0.9000,0.9000,0.9000,0.9000,,shipping
2709,1127,2852,20.0000,3.5100,3.5100,3.5100,3.5100,,product
2710,1127,,20.0000,0.9000,0.9000,0.9000,0.9000,,shipping
2711,1128,2854,20.0000,7.7900,7.7900,7.7900,7.7900,,product
2712,1128,,20.0000,0.9000,0.9000,0.9000,0.9000,,shipping
2713,1129,2856,20.0000,5.2200,5.2200,5.2200,5.2200,,product
2714,1129,,20.0000,0.9000,0.9000,0.9000,0.9000,,shipping
2715,1130,2858,20.0000,7.7900,7.7900,7.7900,7.7900,,product
2716,1130,,20.0000,0.9000,0.9000,0.9000,0.9000,,shipping
2717,1131,2860,20.0000,3.8000,3.8000,3.8000,3.8000,,product
2718,1131,,20.0000,0.9000,0.9000,0.9000,0.9000,,shipping
2719,1132,2862,20.0000,7.7900,7.7900,7.7900,7.7900,,product
2720,1132,,20.0000,0.9000,0.9000,0.9000,0.9000,,shipping
2721,1133,2864,20.0000,3.8000,3.8000,3.8000,3.8000,,product
2722,1133,,20.0000,0.9000,0.9000,0.9000,0.9000,,shipping
2723,1134,2866,20.0000,3.8000,3.8000,3.8000,3.8000,,product
2724,1134,,20.0000,0.9000,0.9000,0.9000,0.9000,,shipping
2725,1135,2868,20.0000,3.5100,3.5100,3.5100,3.5100,,product
2726,1135,,20.0000,0.9000,0.9000,0.9000,0.9000,,shipping
2727,1136,2870,20.0000,3.5100,3.5100,3.5100,3.5100,,product
2728,1136,2872,20.0000,3.8000,3.8000,3.8000,3.8000,,product
2729,1136,,20.0000,0.9000,0.9000,0.9000,0.9000,,shipping
2730,1137,2874,20.0000,3.8000,3.8000,3.8000,3.8000,,product
2731,1137,,20.0000,0.9000,0.9000,0.9000,0.9000,,shipping
2732,1138,2876,20.0000,5.2200,5.2200,5.2200,5.2200,,product
2733,1138,2878,20.0000,5.2200,5.2200,5.2200,5.2200,,product
2734,1138,,20.0000,0.9000,0.9000,0.9000,0.9000,,shipping
2735,1139,2880,20.0000,4.0800,4.0800,4.0800,4.0800,,product
2736,1139,,20.0000,0.9000,0.9000,0.9000,0.9000,,shipping
2737,1140,2882,20.0000,3.8000,3.8000,3.8000,3.8000,,product
2738,1140,,20.0000,0.9000,0.9000,0.9000,0.9000,,shipping
2739,1141,2884,20.0000,7.7900,7.7900,7.7900,7.7900,,product
2740,1141,,20.0000,0.9000,0.9000,0.9000,0.9000,,shipping
2741,1142,2886,20.0000,3.8000,3.8000,3.8000,3.8000,,product
2742,1142,,20.0000,0.9000,0.9000,0.9000,0.9000,,shipping
2743,1143,2888,20.0000,3.5100,3.5100,3.5100,3.5100,,product
2744,1143,,20.0000,0.9000,0.9000,0.9000,0.9000,,shipping
2745,1144,2890,20.0000,3.8000,3.8000,3.8000,3.8000,,product
2746,1144,,20.0000,0.9000,0.9000,0.9000,0.9000,,shipping
2747,1145,2892,20.0000,3.8000,3.8000,3.8000,3.8000,,product
2748,1145,,20.0000,0.9000,0.9000,0.9000,0.9000,,shipping
2749,1146,2894,20.0000,3.5100,3.5100,3.5100,3.5100,,product
2750,1146,,20.0000,0.9000,0.9000,0.9000,0.9000,,shipping
2751,1147,2896,20.0000,7.7900,7.7900,7.7900,7.7900,,product
2752,1147,,20.0000,0.9000,0.9000,0.9000,0.9000,,shipping
2753,1148,2898,20.0000,3.8000,3.8000,3.8000,3.8000,,product
2754,1148,,20.0000,0.9000,0.9000,0.9000,0.9000,,shipping
2755,1149,2900,20.0000,7.5900,7.5900,7.5900,7.5900,,product
2756,1149,,20.0000,0.9000,0.9000,0.9000,0.9000,,shipping
2757,1150,2902,20.0000,8.5500,8.5500,8.5500,8.5500,,product
2758,1150,,20.0000,0.9000,0.9000,0.9000,0.9000,,shipping
2759,1151,2904,20.0000,4.6500,4.6500,4.6500,4.6500,,product
2760,1151,,20.0000,0.9000,0.9000,0.9000,0.9000,,shipping
2761,1152,2906,20.0000,3.8000,3.8000,3.8000,3.8000,,product
2762,1152,,20.0000,0.9000,0.9000,0.9000,0.9000,,shipping
2763,1153,2908,20.0000,3.5100,3.5100,3.5100,3.5100,,product
2764,1153,,20.0000,0.9000,0.9000,0.9000,0.9000,,shipping
2765,1154,2910,20.0000,3.5100,3.5100,3.5100,3.5100,,product
2766,1154,,20.0000,0.9000,0.9000,0.9000,0.9000,,shipping
2767,1155,2912,20.0000,3.5100,3.5100,3.5100,3.5100,,product
2768,1155,2914,20.0000,3.5100,3.5100,3.5100,3.5100,,product
2769,1155,,20.0000,0.9000,0.9000,0.9000,0.9000,,shipping
2770,1156,2916,20.0000,3.5100,3.5100,3.5100,3.5100,,product
2771,1156,,20.0000,0.9000,0.9000,0.9000,0.9000,,shipping
2772,1157,2918,20.0000,5.2200,5.2200,5.2200,5.2200,,product
2773,1157,2920,20.0000,5.2200,5.2200,5.2200,5.2200,,product
2774,1157,,20.0000,0.9000,0.9000,0.9000,0.9000,,shipping
2775,1158,2922,20.0000,3.8000,3.8000,3.8000,3.8000,,product
2776,1158,,20.0000,0.9000,0.9000,0.9000,0.9000,,shipping
2777,1159,2924,20.0000,3.8000,3.8000,3.8000,3.8000,,product
2778,1159,,20.0000,0.9000,0.9000,0.9000,0.9000,,shipping
2779,1160,2926,20.0000,1.6200,1.6200,1.6200,1.6200,,product
2780,1160,2928,20.0000,3.2400,3.2400,3.2400,3.2400,,product
2781,1160,2930,20.0000,1.6200,1.6200,1.6200,1.6200,,product
2782,1160,2932,20.0000,1.6200,1.6200,1.6200,1.6200,,product
2783,1160,2934,20.0000,1.6200,1.6200,1.6200,1.6200,,product
2784,1160,,20.0000,0.0000,0.0000,0.0000,0.0000,,shipping
2785,1161,2936,20.0000,8.5500,8.5500,8.5500,8.5500,,product
2786,1161,,20.0000,0.9000,0.9000,0.9000,0.9000,,shipping
2787,1162,2938,20.0000,3.8000,3.8000,3.8000,3.8000,,product
2788,1162,,20.0000,0.9000,0.9000,0.9000,0.9000,,shipping
2789,1163,2940,20.0000,3.8000,3.8000,3.8000,3.8000,,product
2790,1163,,20.0000,0.9000,0.9000,0.9000,0.9000,,shipping
2791,1164,2942,20.0000,3.5100,3.5100,3.5100,3.5100,,product
2792,1164,,20.0000,0.9000,0.9000,0.9000,0.9000,,shipping
2793,1165,2944,20.0000,5.2200,5.2200,5.2200,5.2200,,product
2794,1165,,20.0000,0.9000,0.9000,0.9000,0.9000,,shipping
2795,1166,2946,20.0000,10.8300,10.8300,10.8300,10.8300,,product
2796,1166,,20.0000,0.0000,0.0000,0.0000,0.0000,,shipping
2797,1167,2948,20.0000,9.2000,9.2000,9.2000,9.2000,,product
2798,1167,2950,20.0000,9.2000,9.2000,9.2000,9.2000,,product
2799,1167,,20.0000,0.0000,0.0000,0.0000,0.0000,,shipping
2800,1168,2952,20.0000,3.5100,3.5100,3.5100,3.5100,,product
2801,1168,,20.0000,0.9000,0.9000,0.9000,0.9000,,shipping
2802,1169,2954,20.0000,3.5100,3.5100,3.5100,3.5100,,product
2803,1169,,20.0000,0.9000,0.9000,0.9000,0.9000,,shipping
2804,1170,2956,20.0000,3.8000,3.8000,3.8000,3.8000,,product
2805,1170,,20.0000,0.9000,0.9000,0.9000,0.9000,,shipping
2806,1171,2958,20.0000,8.5500,8.5500,8.5500,8.5500,,product
2807,1171,,20.0000,0.9000,0.9000,0.9000,0.9000,,shipping
2808,1172,2960,20.0000,5.8800,5.8800,5.8800,5.8800,,product
2809,1172,,20.0000,0.9000,0.9000,0.9000,0.9000,,shipping
2810,1173,2962,20.0000,7.7900,7.7900,7.7900,7.7900,,product
2811,1173,,20.0000,0.9000,0.9000,0.9000,0.9000,,shipping
2812,1174,2964,20.0000,3.8000,3.8000,3.8000,3.8000,,product
2813,1174,,20.0000,0.9000,0.9000,0.9000,0.9000,,shipping
2814,1175,2966,20.0000,8.6200,8.6200,8.6200,8.6200,,product
2815,1175,,20.0000,0.9900,0.9900,0.9900,0.9900,,shipping
2816,1176,2968,20.0000,9.2000,9.2000,9.2000,9.2000,,product
2817,1176,2970,20.0000,9.7500,9.7500,9.7500,9.7500,,product
2818,1176,2972,20.0000,9.7400,9.7400,9.7400,9.7400,,product
2819,1176,2974,20.0000,9.7400,9.7400,9.7400,9.7400,,product
2820,1176,2976,20.0000,9.7500,9.7500,9.7500,9.7500,,product
2821,1176,,20.0000,0.0000,0.0000,0.0000,0.0000,,shipping
2822,1177,2978,20.0000,9.7400,9.7400,9.7400,9.7400,,product
2823,1177,2980,20.0000,9.7500,9.7500,9.7500,9.7500,,product
2824,1177,2982,20.0000,9.7400,9.7400,9.7400,9.7400,,product
2825,1177,,20.0000,0.0000,0.0000,0.0000,0.0000,,shipping
2826,1178,2984,20.0000,4.6500,4.6500,4.6500,4.6500,,product
2827,1178,,20.0000,0.9000,0.9000,0.9000,0.9000,,shipping
2828,1179,2986,20.0000,3.8000,3.8000,3.8000,3.8000,,product
2829,1179,,20.0000,0.9000,0.9000,0.9000,0.9000,,shipping
2830,1180,2988,20.0000,3.8000,3.8000,3.8000,3.8000,,product
2831,1180,,20.0000,0.9000,0.9000,0.9000,0.9000,,shipping
2832,1181,2990,20.0000,3.5100,3.5100,3.5100,3.5100,,product
2833,1181,,20.0000,0.9000,0.9000,0.9000,0.9000,,shipping
2834,1182,2992,20.0000,9.7400,9.7400,9.7400,9.7400,,product
2835,1182,,20.0000,0.0000,0.0000,0.0000,0.0000,,shipping
2836,1183,2994,20.0000,8.0700,8.0700,8.0700,8.0700,,product
2837,1183,,20.0000,0.9000,0.9000,0.9000,0.9000,,shipping
2838,1184,2996,20.0000,2.8600,2.8600,2.8600,2.8600,,product
2839,1184,,20.0000,0.0000,0.0000,0.0000,0.0000,,shipping
2840,1185,2998,20.0000,5.2200,5.2200,5.2200,5.2200,,product
2841,1185,,20.0000,0.9000,0.9000,0.9000,0.9000,,shipping
2842,1186,3000,20.0000,3.8000,3.8000,3.8000,3.8000,,product
2843,1186,,20.0000,0.9000,0.9000,0.9000,0.9000,,shipping
2844,1187,3002,20.0000,3.8000,3.8000,3.8000,3.8000,,product
2845,1187,,20.0000,0.9000,0.9000,0.9000,0.9000,,shipping
2846,1188,3004,20.0000,3.5100,3.5100,3.5100,3.5100,,product
2847,1188,,20.0000,0.9000,0.9000,0.9000,0.9000,,shipping
2848,1189,3006,20.0000,3.8000,3.8000,3.8000,3.8000,,product
2849,1189,,20.0000,0.9000,0.9000,0.9000,0.9000,,shipping
2850,1190,3008,20.0000,10.1800,10.1800,10.1800,10.1800,,product
2851,1190,3010,20.0000,10.1800,10.1800,10.1800,10.1800,,product
2852,1190,3012,20.0000,9.7400,9.7400,9.7400,9.7400,,product
2853,1190,3014,20.0000,9.5300,9.5300,9.5300,9.5300,,product
2854,1190,,20.0000,0.0000,0.0000,0.0000,0.0000,,shipping
2855,1191,3016,20.0000,1.8400,1.8400,1.8400,1.8400,,product
2856,1191,3018,20.0000,1.8300,1.8300,1.8300,1.8300,,product
2857,1191,3020,20.0000,1.8400,1.8400,1.8400,1.8400,,product
2858,1191,,20.0000,0.0000,0.0000,0.0000,0.0000,,shipping
2859,1192,3022,20.0000,10.4400,10.4400,10.4400,10.4400,,product
2860,1192,,20.0000,0.9000,0.9000,0.9000,0.9000,,shipping
2861,1193,3024,20.0000,3.8000,3.8000,3.8000,3.8000,,product
2862,1193,,20.0000,0.9000,0.9000,0.9000,0.9000,,shipping
2863,1194,3026,20.0000,3.8000,3.8000,3.8000,3.8000,,product
2864,1194,,20.0000,0.9000,0.9000,0.9000,0.9000,,shipping
2865,1195,3028,20.0000,8.5500,8.5500,8.5500,8.5500,,product
2866,1195,,20.0000,0.9000,0.9000,0.9000,0.9000,,shipping
2867,1196,3030,20.0000,8.5500,8.5500,8.5500,8.5500,,product
2868,1196,,20.0000,0.9000,0.9000,0.9000,0.9000,,shipping
2869,1197,3032,20.0000,7.7900,7.7900,7.7900,7.7900,,product
2870,1197,,20.0000,0.9000,0.9000,0.9000,0.9000,,shipping
2871,1198,3034,20.0000,3.8000,3.8000,3.8000,3.8000,,product
2872,1198,,20.0000,0.9000,0.9000,0.9000,0.9000,,shipping
2873,1199,3036,20.0000,3.8000,3.8000,3.8000,3.8000,,product
2874,1199,,20.0000,0.9000,0.9000,0.9000,0.9000,,shipping
2875,1200,3038,20.0000,3.8000,3.8000,3.8000,3.8000,,product
2876,1200,,20.0000,0.9000,0.9000,0.9000,0.9000,,shipping
2877,1201,3040,20.0000,5.5100,5.5100,5.5100,5.5100,,product
2878,1201,,20.0000,0.9000,0.9000,0.9000,0.9000,,shipping
2879,1202,3042,20.0000,3.8300,3.8300,3.8300,3.8300,,product
2880,1202,,20.0000,0.9900,0.9900,0.9900,0.9900,,shipping
2881,1203,3044,20.0000,8.6200,8.6200,8.6200,8.6200,,product
2882,1203,,20.0000,0.9900,0.9900,0.9900,0.9900,,shipping
2883,1204,3046,20.0000,3.8300,3.8300,3.8300,3.8300,,product
2884,1204,,20.0000,0.9900,0.9900,0.9900,0.9900,,shipping
2885,1205,3048,20.0000,5.5100,5.5100,5.5100,5.5100,,product
2886,1205,,20.0000,0.9000,0.9000,0.9000,0.9000,,shipping
2887,1206,3050,20.0000,3.8300,3.8300,3.8300,3.8300,,product
2888,1206,,20.0000,0.9900,0.9900,0.9900,0.9900,,shipping
2889,1207,3052,20.0000,4.1200,4.1200,4.1200,4.1200,,product
2890,1207,,20.0000,0.9900,0.9900,0.9900,0.9900,,shipping
2891,1208,3054,20.0000,3.8000,3.8000,3.8000,3.8000,,product
2892,1208,,20.0000,0.9000,0.9000,0.9000,0.9000,,shipping
2893,1209,3056,20.0000,3.8300,3.8300,3.8300,3.8300,,product
2894,1209,,20.0000,0.9900,0.9900,0.9900,0.9900,,shipping
2895,1210,3058,20.0000,17.2400,17.2400,17.2400,17.2400,,product
2896,1210,,20.0000,0.9900,0.9900,0.9900,0.9900,,shipping
2897,1211,3060,20.0000,3.8300,3.8300,3.8300,3.8300,,product
2898,1211,,20.0000,0.9900,0.9900,0.9900,0.9900,,shipping
2899,1212,3062,20.0000,3.8300,3.8300,3.8300,3.8300,,product
2900,1212,,20.0000,0.9900,0.9900,0.9900,0.9900,,shipping
2901,1213,3064,20.0000,3.8300,3.8300,3.8300,3.8300,,product
2902,1213,,20.0000,0.9900,0.9900,0.9900,0.9900,,shipping
2903,1214,3066,20.0000,3.5400,3.5400,3.5400,3.5400,,product
2904,1214,,20.0000,0.9900,0.9900,0.9900,0.9900,,shipping
2905,1215,3068,20.0000,3.8300,3.8300,3.8300,3.8300,,product
2906,1215,,20.0000,0.9900,0.9900,0.9900,0.9900,,shipping
2907,1216,3070,20.0000,3.8300,3.8300,3.8300,3.8300,,product
2908,1216,,20.0000,0.9900,0.9900,0.9900,0.9900,,shipping
2909,1217,3072,20.0000,3.4500,3.4500,3.4500,3.4500,,product
2910,1217,,20.0000,0.9900,0.9900,0.9900,0.9900,,shipping
2911,1218,3074,20.0000,3.4500,3.4500,3.4500,3.4500,,product
2912,1218,,20.0000,0.9900,0.9900,0.9900,0.9900,,shipping
2913,1219,3076,20.0000,3.1900,3.1900,3.1900,3.1900,,product
2914,1219,,20.0000,0.9900,0.9900,0.9900,0.9900,,shipping
2915,1220,3078,20.0000,3.4500,3.4500,3.4500,3.4500,,product
2916,1220,,20.0000,0.9900,0.9900,0.9900,0.9900,,shipping
2917,1221,3080,20.0000,7.3300,7.3300,7.3300,7.3300,,product
2918,1221,,20.0000,0.9900,0.9900,0.9900,0.9900,,shipping
2919,1222,3082,20.0000,3.4500,3.4500,3.4500,3.4500,,product
2920,1222,,20.0000,0.9900,0.9900,0.9900,0.9900,,shipping
2921,1223,3084,20.0000,8.6200,8.6200,8.6200,8.6200,,product
2922,1223,,20.0000,0.9900,0.9900,0.9900,0.9900,,shipping
2923,1224,3086,20.0000,4.2200,4.2200,4.2200,4.2200,,product
2924,1224,,20.0000,0.9900,0.9900,0.9900,0.9900,,shipping
2925,1225,3088,20.0000,3.4500,3.4500,3.4500,3.4500,,product
2926,1225,,20.0000,0.9900,0.9900,0.9900,0.9900,,shipping
2927,1226,3090,20.0000,7.7600,7.7600,7.7600,7.7600,,product
2928,1226,,20.0000,0.9900,0.9900,0.9900,0.9900,,shipping
2929,1227,3092,20.0000,7.3300,7.3300,7.3300,7.3300,,product
2930,1227,,20.0000,0.9900,0.9900,0.9900,0.9900,,shipping
2931,1228,3094,20.0000,3.8000,3.8000,3.8000,3.8000,,product
2932,1228,3096,20.0000,3.7900,3.7900,3.7900,3.7900,,product
2933,1228,,20.0000,0.9000,0.9000,0.9000,0.9000,,shipping
2934,1229,3098,20.0000,3.8000,3.8000,3.8000,3.8000,,product
2935,1229,,20.0000,0.9000,0.9000,0.9000,0.9000,,shipping
2936,1230,3100,20.0000,9.5000,9.5000,9.5000,9.5000,,product
2937,1230,,20.0000,0.9000,0.9000,0.9000,0.9000,,shipping
2938,1231,3102,20.0000,1.1900,1.1900,1.1900,1.1900,,product
2939,1231,3104,20.0000,1.1800,1.1800,1.1800,1.1800,,product
2940,1231,3106,20.0000,1.1900,1.1900,1.1900,1.1900,,product
2941,1231,3108,20.0000,0.7000,0.7000,0.7000,0.7000,,product
2942,1231,3110,20.0000,0.7100,0.7100,0.7100,0.7100,,product
2943,1231,3112,20.0000,0.7000,0.7000,0.7000,0.7000,,product
2944,1231,3114,20.0000,0.7000,0.7000,0.7000,0.7000,,product
2945,1231,3116,20.0000,0.8700,0.8700,0.8700,0.8700,,product
2946,1231,3118,20.0000,0.6400,0.6400,0.6400,0.6400,,product
2947,1231,3120,20.0000,0.6400,0.6400,0.6400,0.6400,,product
2948,1231,3122,20.0000,1.2900,1.2900,1.2900,1.2900,,product
2949,1231,3124,20.0000,0.6500,0.6500,0.6500,0.6500,,product
2950,1231,3126,20.0000,0.6400,0.6400,0.6400,0.6400,,product
2951,1231,,20.0000,0.0000,0.0000,0.0000,0.0000,,shipping
2952,1232,3128,20.0000,1.4300,1.4300,1.4300,1.4300,,product
2953,1232,3130,20.0000,1.4300,1.4300,1.4300,1.4300,,product
2954,1232,3132,20.0000,1.4300,1.4300,1.4300,1.4300,,product
2955,1232,3134,20.0000,1.0800,1.0800,1.0800,1.0800,,product
2956,1232,3136,20.0000,4.3300,4.3300,4.3300,4.3300,,product
2957,1232,3138,20.0000,4.3200,4.3200,4.3200,4.3200,,product
2958,1232,3140,20.0000,4.3300,4.3300,4.3300,4.3300,,product
2959,1232,3142,20.0000,4.3300,4.3300,4.3300,4.3300,,product
2960,1232,3144,20.0000,4.3300,4.3300,4.3300,4.3300,,product
2961,1232,,20.0000,0.0000,0.0000,0.0000,0.0000,,shipping
2962,1233,3146,20.0000,9.2000,9.2000,9.2000,9.2000,,product
2963,1233,,20.0000,0.0000,0.0000,0.0000,0.0000,,shipping
2964,1234,3148,20.0000,3.8000,3.8000,3.8000,3.8000,,product
2965,1234,,20.0000,0.9000,0.9000,0.9000,0.9000,,shipping
2966,1235,3150,20.0000,3.8000,3.8000,3.8000,3.8000,,product
2967,1235,,20.0000,0.9000,0.9000,0.9000,0.9000,,shipping
2968,1236,3152,20.0000,3.8000,3.8000,3.8000,3.8000,,product
2969,1236,,20.0000,0.9000,0.9000,0.9000,0.9000,,shipping
2970,1237,3154,20.0000,5.2200,5.2200,5.2200,5.2200,,product
2971,1237,,20.0000,0.9000,0.9000,0.9000,0.9000,,shipping
2972,1238,3156,20.0000,7.3300,7.3300,7.3300,7.3300,,product
2973,1238,,20.0000,0.9900,0.9900,0.9900,0.9900,,shipping
2974,1239,3158,20.0000,3.4500,3.4500,3.4500,3.4500,,product
2975,1239,,20.0000,0.9900,0.9900,0.9900,0.9900,,shipping
2976,1240,3160,20.0000,4.7400,4.7400,4.7400,4.7400,,product
2977,1240,,20.0000,0.9900,0.9900,0.9900,0.9900,,shipping
2978,1241,3162,20.0000,3.4500,3.4500,3.4500,3.4500,,product
2979,1241,,20.0000,0.9900,0.9900,0.9900,0.9900,,shipping
2980,1242,3164,20.0000,4.2200,4.2200,4.2200,4.2200,,product
2981,1242,,20.0000,0.9900,0.9900,0.9900,0.9900,,shipping
2982,1243,3166,20.0000,7.0700,7.0700,7.0700,7.0700,,product
2983,1243,,20.0000,0.9900,0.9900,0.9900,0.9900,,shipping
2984,1244,3168,20.0000,3.4500,3.4500,3.4500,3.4500,,product
2985,1244,,20.0000,0.9900,0.9900,0.9900,0.9900,,shipping
2986,1245,3170,20.0000,8.6200,8.6200,8.6200,8.6200,,product
2987,1245,,20.0000,0.9900,0.9900,0.9900,0.9900,,shipping
2988,1246,3172,20.0000,7.0700,7.0700,7.0700,7.0700,,product
2989,1246,,20.0000,0.9900,0.9900,0.9900,0.9900,,shipping
2990,1247,3174,20.0000,3.7000,3.7000,3.7000,3.7000,,product
2991,1247,,20.0000,1.0000,1.0000,1.0000,1.0000,,shipping
2992,1248,3176,20.0000,7.0700,7.0700,7.0700,7.0700,,product
2993,1248,,20.0000,0.9900,0.9900,0.9900,0.9900,,shipping
2994,1249,3178,20.0000,3.4500,3.4500,3.4500,3.4500,,product
2995,1249,,20.0000,0.9900,0.9900,0.9900,0.9900,,shipping
2996,1250,3180,20.0000,3.4500,3.4500,3.4500,3.4500,,product
2997,1250,,20.0000,0.9900,0.9900,0.9900,0.9900,,shipping
2998,1251,3182,20.0000,3.4500,3.4500,3.4500,3.4500,,product
2999,1251,,20.0000,0.9900,0.9900,0.9900,0.9900,,shipping
3000,1252,3184,20.0000,3.4500,3.4500,3.4500,3.4500,,product
3001,1252,,20.0000,0.9900,0.9900,0.9900,0.9900,,shipping
3002,1253,3186,20.0000,3.4500,3.4500,3.4500,3.4500,,product
3003,1253,,20.0000,0.9900,0.9900,0.9900,0.9900,,shipping
3004,1254,3188,20.0000,3.4500,3.4500,3.4500,3.4500,,product
3005,1254,,20.0000,0.9900,0.9900,0.9900,0.9900,,shipping
3006,1255,3190,20.0000,7.3300,7.3300,7.3300,7.3300,,product
3007,1255,,20.0000,0.9900,0.9900,0.9900,0.9900,,shipping
3008,1256,3192,20.0000,3.4500,3.4500,3.4500,3.4500,,product
3009,1256,,20.0000,0.9900,0.9900,0.9900,0.9900,,shipping
3010,1257,3194,20.0000,8.6200,8.6200,8.6200,8.6200,,product
3011,1257,,20.0000,0.9900,0.9900,0.9900,0.9900,,shipping
3012,1258,3196,20.0000,4.2200,4.2200,4.2200,4.2200,,product
3013,1258,,20.0000,0.9900,0.9900,0.9900,0.9900,,shipping
3014,1259,3198,20.0000,8.6200,8.6200,8.6200,8.6200,,product
3015,1259,,20.0000,0.9900,0.9900,0.9900,0.9900,,shipping
3016,1260,3200,20.0000,3.4500,3.4500,3.4500,3.4500,,product
3017,1260,,20.0000,0.9900,0.9900,0.9900,0.9900,,shipping
3018,1261,3202,20.0000,7.7600,7.7600,7.7600,7.7600,,product
3019,1261,3204,20.0000,7.5800,7.5800,7.5800,7.5800,,product
3020,1261,3206,20.0000,7.7600,7.7600,7.7600,7.7600,,product
3021,1261,3208,20.0000,7.7600,7.7600,7.7600,7.7600,,product
3022,1261,3210,20.0000,7.0700,7.0700,7.0700,7.0700,,product
3023,1261,3212,20.0000,7.0700,7.0700,7.0700,7.0700,,product
3024,1261,3214,20.0000,7.0600,7.0600,7.0600,7.0600,,product
3025,1261,,20.0000,1.0000,1.0000,1.0000,1.0000,,shipping
3026,1262,3216,20.0000,9.2000,9.2000,9.2000,9.2000,,product
3027,1262,,20.0000,0.0000,0.0000,0.0000,0.0000,,shipping
3028,1263,3218,20.0000,4.6500,4.6500,4.6500,4.6500,,product
3029,1263,3220,20.0000,3.5100,3.5100,3.5100,3.5100,,product
3030,1263,,20.0000,0.9000,0.9000,0.9000,0.9000,,shipping
3031,1264,3222,20.0000,3.8000,3.8000,3.8000,3.8000,,product
3032,1264,,20.0000,0.9000,0.9000,0.9000,0.9000,,shipping
3033,1265,3224,20.0000,7.7600,7.7600,7.7600,7.7600,,product
3034,1265,,20.0000,0.9900,0.9900,0.9900,0.9900,,shipping
3035,1266,3226,20.0000,7.3300,7.3300,7.3300,7.3300,,product
3036,1266,,20.0000,0.9900,0.9900,0.9900,0.9900,,shipping
3037,1267,3228,20.0000,3.4500,3.4500,3.4500,3.4500,,product
3038,1267,,20.0000,0.9900,0.9900,0.9900,0.9900,,shipping
3039,1268,3230,20.0000,7.0700,7.0700,7.0700,7.0700,,product
3040,1268,,20.0000,0.9900,0.9900,0.9900,0.9900,,shipping
3041,1269,3232,20.0000,3.4500,3.4500,3.4500,3.4500,,product
3042,1269,,20.0000,0.9900,0.9900,0.9900,0.9900,,shipping
3043,1270,3234,20.0000,4.7400,4.7400,4.7400,4.7400,,product
3044,1270,,20.0000,0.9900,0.9900,0.9900,0.9900,,shipping
3045,1271,3236,20.0000,8.6200,8.6200,8.6200,8.6200,,product
3046,1271,3238,20.0000,8.1000,8.1000,8.1000,8.1000,,product
3047,1271,3240,20.0000,8.1100,8.1100,8.1100,8.1100,,product
3048,1271,,20.0000,0.9900,0.9900,0.9900,0.9900,,shipping
3049,1272,3242,20.0000,7.3300,7.3300,7.3300,7.3300,,product
3050,1272,,20.0000,0.9900,0.9900,0.9900,0.9900,,shipping
3051,1273,3244,20.0000,8.1000,8.1000,8.1000,8.1000,,product
3052,1273,3246,20.0000,8.6200,8.6200,8.6200,8.6200,,product
3053,1273,,20.0000,1.0000,1.0000,1.0000,1.0000,,shipping
3054,1274,3248,20.0000,8.6200,8.6200,8.6200,8.6200,,product
3055,1274,,20.0000,0.9900,0.9900,0.9900,0.9900,,shipping
3056,1275,3250,20.0000,3.1900,3.1900,3.1900,3.1900,,product
3057,1275,,20.0000,0.9900,0.9900,0.9900,0.9900,,shipping
3058,1276,3252,20.0000,7.7600,7.7600,7.7600,7.7600,,product
3059,1276,,20.0000,0.9900,0.9900,0.9900,0.9900,,shipping
3060,1277,3254,20.0000,8.6200,8.6200,8.6200,8.6200,,product
3061,1277,,20.0000,0.9900,0.9900,0.9900,0.9900,,shipping
3062,1278,3256,20.0000,4.3300,4.3300,4.3300,4.3300,,product
3063,1278,,20.0000,0.0000,0.0000,0.0000,0.0000,,shipping
3064,1279,3258,20.0000,7.0700,7.0700,7.0700,7.0700,,product
3065,1279,,20.0000,0.9900,0.9900,0.9900,0.9900,,shipping
3066,1280,3260,20.0000,7.0700,7.0700,7.0700,7.0700,,product
3067,1280,,20.0000,0.9900,0.9900,0.9900,0.9900,,shipping
3068,1281,3262,20.0000,4.0800,4.0800,4.0800,4.0800,,product
3069,1281,,20.0000,0.9000,0.9000,0.9000,0.9000,,shipping
3070,1282,3264,20.0000,3.8000,3.8000,3.8000,3.8000,,product
3071,1282,,20.0000,0.9000,0.9000,0.9000,0.9000,,shipping
3072,1283,3266,20.0000,7.7900,7.7900,7.7900,7.7900,,product
3073,1283,,20.0000,0.9000,0.9000,0.9000,0.9000,,shipping
3074,1284,3268,20.0000,7.0700,7.0700,7.0700,7.0700,,product
3075,1284,,20.0000,0.9900,0.9900,0.9900,0.9900,,shipping
3076,1285,3270,20.0000,9.0000,9.0000,9.0000,9.0000,,product
3077,1285,,20.0000,1.0000,1.0000,1.0000,1.0000,,shipping
3078,1286,3272,20.0000,3.4500,3.4500,3.4500,3.4500,,product
3079,1286,,20.0000,0.9900,0.9900,0.9900,0.9900,,shipping
3080,1287,3274,20.0000,3.4500,3.4500,3.4500,3.4500,,product
3081,1287,,20.0000,0.9900,0.9900,0.9900,0.9900,,shipping
3082,1288,3276,20.0000,3.7000,3.7000,3.7000,3.7000,,product
3083,1288,,20.0000,1.0000,1.0000,1.0000,1.0000,,shipping
3084,1289,3278,20.0000,3.4500,3.4500,3.4500,3.4500,,product
3085,1289,,20.0000,0.9900,0.9900,0.9900,0.9900,,shipping
3086,1290,3280,20.0000,7.3300,7.3300,7.3300,7.3300,,product
3087,1290,3282,20.0000,7.7500,7.7500,7.7500,7.7500,,product
3088,1290,3284,20.0000,7.5900,7.5900,7.5900,7.5900,,product
3089,1290,,20.0000,0.9900,0.9900,0.9900,0.9900,,shipping
3090,1291,3286,20.0000,8.1000,8.1000,8.1000,8.1000,,product
3091,1291,,20.0000,1.0000,1.0000,1.0000,1.0000,,shipping
3092,1292,3288,20.0000,3.4500,3.4500,3.4500,3.4500,,product
3093,1292,,20.0000,0.9900,0.9900,0.9900,0.9900,,shipping
3094,1293,3290,20.0000,7.0700,7.0700,7.0700,7.0700,,product
3095,1293,,20.0000,0.9900,0.9900,0.9900,0.9900,,shipping
3096,1294,3292,20.0000,9.7400,9.7400,9.7400,9.7400,,product
3097,1294,,20.0000,0.0000,0.0000,0.0000,0.0000,,shipping
3098,1295,3294,20.0000,3.7000,3.7000,3.7000,3.7000,,product
3099,1295,,20.0000,1.0000,1.0000,1.0000,1.0000,,shipping
3100,1296,3296,20.0000,5.2200,5.2200,5.2200,5.2200,,product
3101,1296,,20.0000,0.9000,0.9000,0.9000,0.9000,,shipping
3102,1297,3298,20.0000,3.8000,3.8000,3.8000,3.8000,,product
3103,1297,,20.0000,0.9000,0.9000,0.9000,0.9000,,shipping
3104,1298,3300,20.0000,8.1000,8.1000,8.1000,8.1000,,product
3105,1298,,20.0000,1.0000,1.0000,1.0000,1.0000,,shipping
3106,1299,3302,20.0000,7.5900,7.5900,7.5900,7.5900,,product
3107,1299,3304,20.0000,7.5800,7.5800,7.5800,7.5800,,product
3108,1299,,20.0000,0.9900,0.9900,0.9900,0.9900,,shipping
3109,1300,3306,20.0000,3.4500,3.4500,3.4500,3.4500,,product
3110,1300,,20.0000,0.9900,0.9900,0.9900,0.9900,,shipping
3111,1301,3308,20.0000,7.7600,7.7600,7.7600,7.7600,,product
3112,1301,,20.0000,0.9900,0.9900,0.9900,0.9900,,shipping
3113,1302,3310,20.0000,8.6200,8.6200,8.6200,8.6200,,product
3114,1302,,20.0000,0.9900,0.9900,0.9900,0.9900,,shipping
3115,1303,3312,20.0000,3.5100,3.5100,3.5100,3.5100,,product
3116,1303,,20.0000,0.9000,0.9000,0.9000,0.9000,,shipping
3117,1304,3314,20.0000,3.8500,3.8500,3.8500,3.8500,,product
3118,1304,,20.0000,0.9000,0.9000,0.9000,0.9000,,shipping
3119,1305,3316,20.0000,3.8000,3.8000,3.8000,3.8000,,product
3120,1305,,20.0000,0.9000,0.9000,0.9000,0.9000,,shipping
3121,1306,3318,20.0000,7.7900,7.7900,7.7900,7.7900,,product
3122,1306,,20.0000,0.9000,0.9000,0.9000,0.9000,,shipping
3123,1307,3320,20.0000,8.9300,8.9300,8.9300,8.9300,,product
3124,1307,,20.0000,0.9000,0.9000,0.9000,0.9000,,shipping
3125,1308,3322,20.0000,7.7600,7.7600,7.7600,7.7600,,product
3126,1308,,20.0000,0.9900,0.9900,0.9900,0.9900,,shipping
3127,1309,3324,20.0000,7.0700,7.0700,7.0700,7.0700,,product
3128,1309,,20.0000,0.9900,0.9900,0.9900,0.9900,,shipping
3129,1310,3326,20.0000,4.7400,4.7400,4.7400,4.7400,,product
3130,1310,,20.0000,0.9900,0.9900,0.9900,0.9900,,shipping
3131,1311,3328,20.0000,8.6200,8.6200,8.6200,8.6200,,product
3132,1311,,20.0000,0.9900,0.9900,0.9900,0.9900,,shipping
3133,1312,3330,20.0000,3.8000,3.8000,3.8000,3.8000,,product
3134,1312,,20.0000,0.9000,0.9000,0.9000,0.9000,,shipping
3135,1313,3332,20.0000,7.7900,7.7900,7.7900,7.7900,,product
3136,1313,,20.0000,0.9000,0.9000,0.9000,0.9000,,shipping
3137,1314,3334,20.0000,3.4500,3.4500,3.4500,3.4500,,product
3138,1314,,20.0000,0.9900,0.9900,0.9900,0.9900,,shipping
3139,1315,3336,20.0000,8.1900,8.1900,8.1900,8.1900,,product
3140,1315,,20.0000,0.9900,0.9900,0.9900,0.9900,,shipping
3141,1316,3338,20.0000,7.0700,7.0700,7.0700,7.0700,,product
3142,1316,,20.0000,0.9900,0.9900,0.9900,0.9900,,shipping
3143,1317,3340,20.0000,7.3300,7.3300,7.3300,7.3300,,product
3144,1317,3342,20.0000,7.0600,7.0600,7.0600,7.0600,,product
3145,1317,3344,20.0000,7.0700,7.0700,7.0700,7.0700,,product
3146,1317,,20.0000,1.0000,1.0000,1.0000,1.0000,,shipping
3147,1318,3346,20.0000,7.3300,7.3300,7.3300,7.3300,,product
3148,1318,,20.0000,0.9900,0.9900,0.9900,0.9900,,shipping
3149,1319,3348,20.0000,8.6200,8.6200,8.6200,8.6200,,product
3150,1319,,20.0000,0.9900,0.9900,0.9900,0.9900,,shipping
3151,1320,3350,20.0000,3.4500,3.4500,3.4500,3.4500,,product
3152,1320,,20.0000,0.9900,0.9900,0.9900,0.9900,,shipping
3153,1321,3352,20.0000,8.1900,8.1900,8.1900,8.1900,,product
3154,1321,,20.0000,0.9900,0.9900,0.9900,0.9900,,shipping
3155,1322,3354,20.0000,7.0700,7.0700,7.0700,7.0700,,product
3156,1322,,20.0000,0.9900,0.9900,0.9900,0.9900,,shipping
3157,1323,3356,20.0000,8.8800,8.8800,8.8800,8.8800,,product
3158,1323,,20.0000,0.0000,0.0000,0.0000,0.0000,,shipping
3159,1324,3358,20.0000,3.8000,3.8000,3.8000,3.8000,,product
3160,1324,,20.0000,0.9000,0.9000,0.9000,0.9000,,shipping
3161,1325,3360,20.0000,7.5900,7.5900,7.5900,7.5900,,product
3162,1325,,20.0000,0.9900,0.9900,0.9900,0.9900,,shipping
3163,1326,3362,20.0000,3.4500,3.4500,3.4500,3.4500,,product
3164,1326,,20.0000,0.9900,0.9900,0.9900,0.9900,,shipping
3165,1327,3364,20.0000,8.1900,8.1900,8.1900,8.1900,,product
3166,1327,,20.0000,0.9900,0.9900,0.9900,0.9900,,shipping
3167,1328,3366,20.0000,4.7400,4.7400,4.7400,4.7400,,product
3168,1328,,20.0000,0.9900,0.9900,0.9900,0.9900,,shipping
3169,1329,3368,20.0000,3.4900,3.4900,3.4900,3.4900,,product
3170,1329,,20.0000,1.0000,1.0000,1.0000,1.0000,,shipping
3171,1330,3370,20.0000,3.4500,3.4500,3.4500,3.4500,,product
3172,1330,,20.0000,0.9900,0.9900,0.9900,0.9900,,shipping
3173,1331,3372,20.0000,3.4500,3.4500,3.4500,3.4500,,product
3174,1331,,20.0000,0.9900,0.9900,0.9900,0.9900,,shipping
3175,1332,3374,20.0000,5.5100,5.5100,5.5100,5.5100,,product
3176,1332,,20.0000,0.9000,0.9000,0.9000,0.9000,,shipping
3177,1333,3376,20.0000,3.8000,3.8000,3.8000,3.8000,,product
3178,1333,,20.0000,0.9000,0.9000,0.9000,0.9000,,shipping
3179,1334,3378,20.0000,3.8000,3.8000,3.8000,3.8000,,product
3180,1334,,20.0000,0.9000,0.9000,0.9000,0.9000,,shipping
3181,1335,3380,20.0000,3.4500,3.4500,3.4500,3.4500,,product
3182,1335,,20.0000,0.9900,0.9900,0.9900,0.9900,,shipping
3183,1336,3382,20.0000,3.6200,3.6200,3.6200,3.6200,,product
3184,1336,,20.0000,0.9900,0.9900,0.9900,0.9900,,shipping
3185,1337,3384,20.0000,3.4500,3.4500,3.4500,3.4500,,product
3186,1337,,20.0000,0.9900,0.9900,0.9900,0.9900,,shipping
3187,1338,3386,20.0000,3.4500,3.4500,3.4500,3.4500,,product
3188,1338,,20.0000,0.9900,0.9900,0.9900,0.9900,,shipping
3189,1339,3388,20.0000,7.0700,7.0700,7.0700,7.0700,,product
3190,1339,,20.0000,0.9900,0.9900,0.9900,0.9900,,shipping
3191,1340,3390,20.0000,3.4500,3.4500,3.4500,3.4500,,product
3192,1340,,20.0000,0.9900,0.9900,0.9900,0.9900,,shipping
3193,1341,3392,20.0000,7.0700,7.0700,7.0700,7.0700,,product
3194,1341,,20.0000,0.9900,0.9900,0.9900,0.9900,,shipping
3195,1342,3394,20.0000,7.3300,7.3300,7.3300,7.3300,,product
3196,1342,,20.0000,0.9900,0.9900,0.9900,0.9900,,shipping
3197,1343,3396,20.0000,5.9500,5.9500,5.9500,5.9500,,product
3198,1343,3398,20.0000,4.3300,4.3300,4.3300,4.3300,,product
3199,1343,3400,20.0000,5.3000,5.3000,5.3000,5.3000,,product
3200,1343,3402,20.0000,0.9700,0.9700,0.9700,0.9700,,product
3201,1343,3404,20.0000,1.0800,1.0800,1.0800,1.0800,,product
3202,1343,,20.0000,0.0000,0.0000,0.0000,0.0000,,shipping
3203,1344,3406,20.0000,3.4500,3.4500,3.4500,3.4500,,product
3204,1344,,20.0000,0.9900,0.9900,0.9900,0.9900,,shipping
3205,1345,3408,20.0000,3.4500,3.4500,3.4500,3.4500,,product
3206,1345,,20.0000,0.9900,0.9900,0.9900,0.9900,,shipping
3207,1346,3410,20.0000,3.4500,3.4500,3.4500,3.4500,,product
3208,1346,,20.0000,0.9900,0.9900,0.9900,0.9900,,shipping
3209,1347,3412,20.0000,7.7600,7.7600,7.7600,7.7600,,product
3210,1347,3414,20.0000,7.3200,7.3200,7.3200,7.3200,,product
3211,1347,,20.0000,1.0000,1.0000,1.0000,1.0000,,shipping
3212,1348,3416,20.0000,7.3300,7.3300,7.3300,7.3300,,product
3213,1348,,20.0000,0.9900,0.9900,0.9900,0.9900,,shipping
3214,1349,3418,20.0000,3.4500,3.4500,3.4500,3.4500,,product
3215,1349,,20.0000,0.9900,0.9900,0.9900,0.9900,,shipping
3216,1350,3420,20.0000,3.4900,3.4900,3.4900,3.4900,,product
3217,1350,,20.0000,1.0000,1.0000,1.0000,1.0000,,shipping
3218,1351,3422,20.0000,3.4900,3.4900,3.4900,3.4900,,product
3219,1351,,20.0000,1.0000,1.0000,1.0000,1.0000,,shipping
3220,1352,3424,20.0000,8.1000,8.1000,8.1000,8.1000,,product
3221,1352,,20.0000,1.0000,1.0000,1.0000,1.0000,,shipping
3222,1353,3426,20.0000,3.4500,3.4500,3.4500,3.4500,,product
3223,1353,,20.0000,0.9900,0.9900,0.9900,0.9900,,shipping
3224,1354,3428,20.0000,7.7600,7.7600,7.7600,7.7600,,product
3225,1354,,20.0000,0.9900,0.9900,0.9900,0.9900,,shipping
3226,1355,3430,20.0000,8.1900,8.1900,8.1900,8.1900,,product
3227,1355,,20.0000,0.9900,0.9900,0.9900,0.9900,,shipping
3228,1356,3432,20.0000,8.0200,8.0200,8.0200,8.0200,,product
3229,1356,,20.0000,0.9900,0.9900,0.9900,0.9900,,shipping
3230,1357,3434,20.0000,4.7400,4.7400,4.7400,4.7400,,product
3231,1357,,20.0000,0.9900,0.9900,0.9900,0.9900,,shipping
3232,1358,3436,20.0000,3.6200,3.6200,3.6200,3.6200,,product
3233,1358,,20.0000,0.9900,0.9900,0.9900,0.9900,,shipping
3234,1359,3438,20.0000,3.4900,3.4900,3.4900,3.4900,,product
3235,1359,,20.0000,1.0000,1.0000,1.0000,1.0000,,shipping
3236,1360,3440,20.0000,3.4900,3.4900,3.4900,3.4900,,product
3237,1360,,20.0000,1.0000,1.0000,1.0000,1.0000,,shipping
3238,1361,3442,20.0000,3.4500,3.4500,3.4500,3.4500,,product
3239,1361,3444,20.0000,3.4400,3.4400,3.4400,3.4400,,product
3240,1361,,20.0000,0.9900,0.9900,0.9900,0.9900,,shipping
3241,1362,3446,20.0000,3.4500,3.4500,3.4500,3.4500,,product
3242,1362,,20.0000,0.9900,0.9900,0.9900,0.9900,,shipping
3243,1363,3448,20.0000,3.4500,3.4500,3.4500,3.4500,,product
3244,1363,3450,20.0000,3.4400,3.4400,3.4400,3.4400,,product
3245,1363,,20.0000,0.9900,0.9900,0.9900,0.9900,,shipping
3246,1364,3452,20.0000,7.3300,7.3300,7.3300,7.3300,,product
3247,1364,3454,20.0000,7.7500,7.7500,7.7500,7.7500,,product
3248,1364,,20.0000,1.0000,1.0000,1.0000,1.0000,,shipping
3249,1365,3456,20.0000,8.6200,8.6200,8.6200,8.6200,,product
3250,1365,,20.0000,0.9900,0.9900,0.9900,0.9900,,shipping
3251,1366,3458,20.0000,7.0700,7.0700,7.0700,7.0700,,product
3252,1366,,20.0000,0.9900,0.9900,0.9900,0.9900,,shipping
3253,1367,3460,20.0000,7.7600,7.7600,7.7600,7.7600,,product
3254,1367,,20.0000,0.9900,0.9900,0.9900,0.9900,,shipping
3255,1368,3462,20.0000,5.2200,5.2200,5.2200,5.2200,,product
3256,1368,,20.0000,0.9000,0.9000,0.9000,0.9000,,shipping
3257,1369,3464,20.0000,7.7600,7.7600,7.7600,7.7600,,product
3258,1369,,20.0000,0.9900,0.9900,0.9900,0.9900,,shipping
3259,1370,3466,20.0000,8.0200,8.0200,8.0200,8.0200,,product
3260,1370,,20.0000,0.9900,0.9900,0.9900,0.9900,,shipping
3261,1371,3468,20.0000,3.4500,3.4500,3.4500,3.4500,,product
3262,1371,,20.0000,0.9900,0.9900,0.9900,0.9900,,shipping
3263,1372,3470,20.0000,7.3300,7.3300,7.3300,7.3300,,product
3264,1372,,20.0000,0.9900,0.9900,0.9900,0.9900,,shipping
3265,1373,3472,20.0000,4.2200,4.2200,4.2200,4.2200,,product
3266,1373,,20.0000,0.9900,0.9900,0.9900,0.9900,,shipping
3267,1374,3474,20.0000,4.7400,4.7400,4.7400,4.7400,,product
3268,1374,,20.0000,0.9900,0.9900,0.9900,0.9900,,shipping
3269,1375,3476,20.0000,3.4500,3.4500,3.4500,3.4500,,product
3270,1375,,20.0000,0.9900,0.9900,0.9900,0.9900,,shipping
3271,1376,3478,20.0000,3.4500,3.4500,3.4500,3.4500,,product
3272,1376,,20.0000,0.9900,0.9900,0.9900,0.9900,,shipping
3273,1377,3480,20.0000,3.4500,3.4500,3.4500,3.4500,,product
3274,1377,,20.0000,0.9900,0.9900,0.9900,0.9900,,shipping
3275,1378,3482,20.0000,3.4900,3.4900,3.4900,3.4900,,product
3276,1378,,20.0000,1.0000,1.0000,1.0000,1.0000,,shipping
3277,1379,3484,20.0000,7.3300,7.3300,7.3300,7.3300,,product
3278,1379,,20.0000,0.9900,0.9900,0.9900,0.9900,,shipping
3279,1380,3486,20.0000,7.0700,7.0700,7.0700,7.0700,,product
3280,1380,,20.0000,0.9900,0.9900,0.9900,0.9900,,shipping
3281,1381,3488,20.0000,3.7000,3.7000,3.7000,3.7000,,product
3282,1381,,20.0000,1.0000,1.0000,1.0000,1.0000,,shipping
3283,1382,3490,20.0000,3.8000,3.8000,3.8000,3.8000,,product
3284,1382,,20.0000,0.9000,0.9000,0.9000,0.9000,,shipping
3285,1383,3492,20.0000,3.8500,3.8500,3.8500,3.8500,,product
3286,1383,,20.0000,0.9000,0.9000,0.9000,0.9000,,shipping
3287,1384,3494,20.0000,3.4500,3.4500,3.4500,3.4500,,product
3288,1384,,20.0000,0.9900,0.9900,0.9900,0.9900,,shipping
3289,1385,3496,20.0000,7.3300,7.3300,7.3300,7.3300,,product
3290,1385,,20.0000,0.9900,0.9900,0.9900,0.9900,,shipping
3291,1386,3498,20.0000,3.4500,3.4500,3.4500,3.4500,,product
3292,1386,,20.0000,0.9900,0.9900,0.9900,0.9900,,shipping
3293,1387,3500,20.0000,3.4900,3.4900,3.4900,3.4900,,product
3294,1387,,20.0000,1.0000,1.0000,1.0000,1.0000,,shipping
3295,1388,3502,20.0000,8.6200,8.6200,8.6200,8.6200,,product
3296,1388,,20.0000,0.9900,0.9900,0.9900,0.9900,,shipping
3297,1389,3504,20.0000,8.6200,8.6200,8.6200,8.6200,,product
3298,1389,,20.0000,0.9900,0.9900,0.9900,0.9900,,shipping
3299,1390,3506,20.0000,7.0700,7.0700,7.0700,7.0700,,product
3300,1390,,20.0000,0.9900,0.9900,0.9900,0.9900,,shipping
3301,1391,3508,20.0000,3.4500,3.4500,3.4500,3.4500,,product
3302,1391,,20.0000,0.9900,0.9900,0.9900,0.9900,,shipping
3303,1392,3510,20.0000,8.6200,8.6200,8.6200,8.6200,,product
3304,1392,,20.0000,0.9900,0.9900,0.9900,0.9900,,shipping
3305,1393,3512,20.0000,3.9900,3.9900,3.9900,3.9900,,product
3306,1393,,20.0000,0.9000,0.9000,0.9000,0.9000,,shipping
3307,1394,3514,20.0000,3.9900,3.9900,3.9900,3.9900,,product
3308,1394,,20.0000,0.9000,0.9000,0.9000,0.9000,,shipping
3309,1395,3516,20.0000,7.7600,7.7600,7.7600,7.7600,,product
3310,1395,,20.0000,0.9900,0.9900,0.9900,0.9900,,shipping
3311,1396,3518,20.0000,7.3300,7.3300,7.3300,7.3300,,product
3312,1396,,20.0000,0.9900,0.9900,0.9900,0.9900,,shipping
3313,1397,3520,20.0000,3.4500,3.4500,3.4500,3.4500,,product
3314,1397,,20.0000,0.9900,0.9900,0.9900,0.9900,,shipping
3315,1398,3522,20.0000,7.0700,7.0700,7.0700,7.0700,,product
3316,1398,,20.0000,0.9900,0.9900,0.9900,0.9900,,shipping
3317,1399,3524,20.0000,4.2200,4.2200,4.2200,4.2200,,product
3318,1399,,20.0000,0.9900,0.9900,0.9900,0.9900,,shipping
3319,1400,3526,20.0000,4.2200,4.2200,4.2200,4.2200,,product
3320,1400,,20.0000,0.9900,0.9900,0.9900,0.9900,,shipping
3321,1401,3528,20.0000,4.6500,4.6500,4.6500,4.6500,,product
3322,1401,,20.0000,0.9000,0.9000,0.9000,0.9000,,shipping
3323,1402,3530,20.0000,10.8300,10.8300,10.8300,10.8300,,product
3324,1402,,20.0000,0.0000,0.0000,0.0000,0.0000,,shipping
3325,1403,3532,20.0000,7.3300,7.3300,7.3300,7.3300,,product
3326,1403,,20.0000,0.9900,0.9900,0.9900,0.9900,,shipping
3327,1404,3534,20.0000,7.7600,7.7600,7.7600,7.7600,,product
3328,1404,,20.0000,0.9900,0.9900,0.9900,0.9900,,shipping
3329,1405,3536,20.0000,7.7600,7.7600,7.7600,7.7600,,product
3330,1405,,20.0000,0.9900,0.9900,0.9900,0.9900,,shipping
3331,1406,3538,20.0000,7.7600,7.7600,7.7600,7.7600,,product
3332,1406,,20.0000,0.9900,0.9900,0.9900,0.9900,,shipping
3333,1407,3540,20.0000,3.4900,3.4900,3.4900,3.4900,,product
3334,1407,,20.0000,1.0000,1.0000,1.0000,1.0000,,shipping
3335,1408,3542,20.0000,7.0700,7.0700,7.0700,7.0700,,product
3336,1408,,20.0000,0.9900,0.9900,0.9900,0.9900,,shipping
3337,1409,3544,20.0000,3.6200,3.6200,3.6200,3.6200,,product
3338,1409,,20.0000,0.9900,0.9900,0.9900,0.9900,,shipping
3339,1410,3546,20.0000,4.0800,4.0800,4.0800,4.0800,,product
3340,1410,,20.0000,0.9000,0.9000,0.9000,0.9000,,shipping
3341,1411,3548,20.0000,9.7400,9.7400,9.7400,9.7400,,product
3342,1411,3550,20.0000,9.7500,9.7500,9.7500,9.7500,,product
3343,1411,3552,20.0000,9.7400,9.7400,9.7400,9.7400,,product
3344,1411,3554,20.0000,1.6200,1.6200,1.6200,1.6200,,product
3345,1411,3556,20.0000,1.6200,1.6200,1.6200,1.6200,,product
3346,1411,3558,20.0000,1.6200,1.6200,1.6200,1.6200,,product
3347,1411,,20.0000,0.0000,0.0000,0.0000,0.0000,,shipping
3348,1412,3560,20.0000,4.3900,4.3900,4.3900,4.3900,,product
3349,1412,3562,20.0000,10.0700,10.0700,10.0700,10.0700,,product
3350,1412,3564,20.0000,9.2000,9.2000,9.2000,9.2000,,product
3351,1412,3566,20.0000,9.2000,9.2000,9.2000,9.2000,,product
3352,1412,,20.0000,0.0000,0.0000,0.0000,0.0000,,shipping
3353,1413,3568,20.0000,9.4200,9.4200,9.4200,9.4200,,product
3354,1413,,20.0000,0.0000,0.0000,0.0000,0.0000,,shipping
3355,1414,3570,20.0000,7.3300,7.3300,7.3300,7.3300,,product
3356,1414,,20.0000,0.9900,0.9900,0.9900,0.9900,,shipping
3357,1415,3572,20.0000,3.6200,3.6200,3.6200,3.6200,,product
3358,1415,3574,20.0000,7.5000,7.5000,7.5000,7.5000,,product
3359,1415,,20.0000,0.9900,0.9900,0.9900,0.9900,,shipping
3360,1416,3576,20.0000,8.1900,8.1900,8.1900,8.1900,,product
3361,1416,,20.0000,0.9900,0.9900,0.9900,0.9900,,shipping
3362,1417,3578,20.0000,3.7000,3.7000,3.7000,3.7000,,product
3363,1417,,20.0000,1.0000,1.0000,1.0000,1.0000,,shipping
3364,1418,3580,20.0000,7.0700,7.0700,7.0700,7.0700,,product
3365,1418,,20.0000,0.9900,0.9900,0.9900,0.9900,,shipping
3366,1419,3582,20.0000,7.5900,7.5900,7.5900,7.5900,,product
3367,1419,,20.0000,0.9900,0.9900,0.9900,0.9900,,shipping
3368,1420,3584,20.0000,3.4900,3.4900,3.4900,3.4900,,product
3369,1420,,20.0000,1.0000,1.0000,1.0000,1.0000,,shipping
3370,1421,3586,20.0000,3.4500,3.4500,3.4500,3.4500,,product
3371,1421,,20.0000,0.9900,0.9900,0.9900,0.9900,,shipping
3372,1422,3588,20.0000,3.4500,3.4500,3.4500,3.4500,,product
3373,1422,,20.0000,0.9900,0.9900,0.9900,0.9900,,shipping
3374,1423,3590,20.0000,4.2200,4.2200,4.2200,4.2200,,product
3375,1423,,20.0000,0.9900,0.9900,0.9900,0.9900,,shipping
3376,1424,3592,20.0000,3.4500,3.4500,3.4500,3.4500,,product
3377,1424,,20.0000,0.9900,0.9900,0.9900,0.9900,,shipping
3378,1425,3594,20.0000,8.6200,8.6200,8.6200,8.6200,,product
3379,1425,,20.0000,0.9900,0.9900,0.9900,0.9900,,shipping
3380,1426,3596,20.0000,3.6200,3.6200,3.6200,3.6200,,product
3381,1426,,20.0000,0.9900,0.9900,0.9900,0.9900,,shipping
3382,1427,3598,20.0000,3.4500,3.4500,3.4500,3.4500,,product
3383,1427,,20.0000,0.9900,0.9900,0.9900,0.9900,,shipping
3384,1428,3600,20.0000,3.4500,3.4500,3.4500,3.4500,,product
3385,1428,,20.0000,0.9900,0.9900,0.9900,0.9900,,shipping
3386,1429,3602,20.0000,7.7600,7.7600,7.7600,7.7600,,product
3387,1429,,20.0000,0.9900,0.9900,0.9900,0.9900,,shipping
3388,1430,3604,20.0000,3.4500,3.4500,3.4500,3.4500,,product
3389,1430,,20.0000,0.9900,0.9900,0.9900,0.9900,,shipping
3390,1431,3606,20.0000,8.1900,8.1900,8.1900,8.1900,,product
3391,1431,,20.0000,0.9900,0.9900,0.9900,0.9900,,shipping
3392,1432,3608,20.0000,3.9900,3.9900,3.9900,3.9900,,product
3393,1432,,20.0000,0.9000,0.9000,0.9000,0.9000,,shipping
3394,1433,3610,20.0000,3.8000,3.8000,3.8000,3.8000,,product
3395,1433,,20.0000,0.9000,0.9000,0.9000,0.9000,,shipping
3396,1434,3612,20.0000,3.9900,3.9900,3.9900,3.9900,,product
3397,1434,,20.0000,0.9000,0.9000,0.9000,0.9000,,shipping
3398,1435,3614,20.0000,5.2200,5.2200,5.2200,5.2200,,product
3399,1435,,20.0000,0.9000,0.9000,0.9000,0.9000,,shipping
3400,1436,3616,20.0000,8.8300,8.8300,8.8300,8.8300,,product
3401,1436,,20.0000,0.9000,0.9000,0.9000,0.9000,,shipping
3402,1437,3618,20.0000,4.0800,4.0800,4.0800,4.0800,,product
3403,1437,,20.0000,0.9000,0.9000,0.9000,0.9000,,shipping
3404,1438,3620,20.0000,8.0700,8.0700,8.0700,8.0700,,product
3405,1438,,20.0000,0.9000,0.9000,0.9000,0.9000,,shipping
3406,1439,3622,20.0000,3.8000,3.8000,3.8000,3.8000,,product
3407,1439,,20.0000,0.9000,0.9000,0.9000,0.9000,,shipping
3408,1440,3624,20.0000,4.2200,4.2200,4.2200,4.2200,,product
3409,1440,3626,20.0000,4.2200,4.2200,4.2200,4.2200,,product
3410,1440,3628,20.0000,3.4500,3.4500,3.4500,3.4500,,product
3411,1440,3630,20.0000,3.4400,3.4400,3.4400,3.4400,,product
3412,1440,3632,20.0000,3.4500,3.4500,3.4500,3.4500,,product
3413,1440,3634,20.0000,3.4400,3.4400,3.4400,3.4400,,product
3414,1440,,20.0000,0.9900,0.9900,0.9900,0.9900,,shipping
3415,1441,3636,20.0000,3.4900,3.4900,3.4900,3.4900,,product
3416,1441,,20.0000,1.0000,1.0000,1.0000,1.0000,,shipping
3417,1442,3638,20.0000,8.0200,8.0200,8.0200,8.0200,,product
3418,1442,,20.0000,0.9900,0.9900,0.9900,0.9900,,shipping
3419,1443,3640,20.0000,8.1900,8.1900,8.1900,8.1900,,product
3420,1443,,20.0000,0.9900,0.9900,0.9900,0.9900,,shipping
3421,1444,3642,20.0000,7.3300,7.3300,7.3300,7.3300,,product
3422,1444,,20.0000,0.9900,0.9900,0.9900,0.9900,,shipping
3423,1445,3644,20.0000,4.7400,4.7400,4.7400,4.7400,,product
3424,1445,,20.0000,0.9900,0.9900,0.9900,0.9900,,shipping
3425,1446,3646,20.0000,7.3300,7.3300,7.3300,7.3300,,product
3426,1446,,20.0000,0.9900,0.9900,0.9900,0.9900,,shipping
3427,1447,3648,20.0000,3.4500,3.4500,3.4500,3.4500,,product
3428,1447,,20.0000,0.9900,0.9900,0.9900,0.9900,,shipping
3429,1448,3650,20.0000,5.2200,5.2200,5.2200,5.2200,,product
3430,1448,,20.0000,0.9000,0.9000,0.9000,0.9000,,shipping
3431,1449,3652,20.0000,3.9900,3.9900,3.9900,3.9900,,product
3432,1449,,20.0000,0.9000,0.9000,0.9000,0.9000,,shipping
3433,1450,3654,20.0000,3.8500,3.8500,3.8500,3.8500,,product
3434,1450,,20.0000,0.9000,0.9000,0.9000,0.9000,,shipping
3435,1451,3656,20.0000,3.8000,3.8000,3.8000,3.8000,,product
3436,1451,,20.0000,0.9000,0.9000,0.9000,0.9000,,shipping
3437,1452,3658,20.0000,3.4500,3.4500,3.4500,3.4500,,product
3438,1452,,20.0000,0.9900,0.9900,0.9900,0.9900,,shipping
3439,1453,3660,20.0000,3.4500,3.4500,3.4500,3.4500,,product
3440,1453,,20.0000,0.9900,0.9900,0.9900,0.9900,,shipping
3441,1454,3662,20.0000,3.4500,3.4500,3.4500,3.4500,,product
3442,1454,,20.0000,0.9900,0.9900,0.9900,0.9900,,shipping
3443,1455,3664,20.0000,5.0000,5.0000,5.0000,5.0000,,product
3444,1455,,20.0000,0.9900,0.9900,0.9900,0.9900,,shipping
3445,1456,3666,20.0000,4.7400,4.7400,4.7400,4.7400,,product
3446,1456,,20.0000,0.9900,0.9900,0.9900,0.9900,,shipping
3447,1457,3668,20.0000,7.7600,7.7600,7.7600,7.7600,,product
3448,1457,3670,20.0000,7.7600,7.7600,7.7600,7.7600,,product
3449,1457,,20.0000,0.9900,0.9900,0.9900,0.9900,,shipping
3450,1458,3672,20.0000,3.4500,3.4500,3.4500,3.4500,,product
3451,1458,,20.0000,0.9900,0.9900,0.9900,0.9900,,shipping
3452,1459,3674,20.0000,3.4900,3.4900,3.4900,3.4900,,product
3453,1459,3676,20.0000,8.0200,8.0200,8.0200,8.0200,,product
3454,1459,,20.0000,0.9900,0.9900,0.9900,0.9900,,shipping
3455,1460,3678,20.0000,3.4900,3.4900,3.4900,3.4900,,product
3456,1460,,20.0000,1.0000,1.0000,1.0000,1.0000,,shipping
3457,1461,3680,20.0000,3.7000,3.7000,3.7000,3.7000,,product
3458,1461,,20.0000,1.0000,1.0000,1.0000,1.0000,,shipping
3459,1462,3682,20.0000,3.6200,3.6200,3.6200,3.6200,,product
3460,1462,,20.0000,0.9900,0.9900,0.9900,0.9900,,shipping
3461,1463,3684,20.0000,3.9900,3.9900,3.9900,3.9900,,product
3462,1463,,20.0000,0.9000,0.9000,0.9000,0.9000,,shipping
3463,1464,3686,20.0000,3.8500,3.8500,3.8500,3.8500,,product
3464,1464,,20.0000,0.9000,0.9000,0.9000,0.9000,,shipping
3465,1465,3688,20.0000,7.3300,7.3300,7.3300,7.3300,,product
3466,1465,,20.0000,0.9900,0.9900,0.9900,0.9900,,shipping
3467,1466,3690,20.0000,7.3300,7.3300,7.3300,7.3300,,product
3468,1466,,20.0000,0.9900,0.9900,0.9900,0.9900,,shipping
3469,1467,3692,20.0000,3.4500,3.4500,3.4500,3.4500,,product
3470,1467,,20.0000,0.9900,0.9900,0.9900,0.9900,,shipping
3471,1468,3694,20.0000,3.7000,3.7000,3.7000,3.7000,,product
3472,1468,,20.0000,1.0000,1.0000,1.0000,1.0000,,shipping
3473,1469,3696,20.0000,9.1000,9.1000,9.1000,9.1000,,product
3474,1469,,20.0000,0.9900,0.9900,0.9900,0.9900,,shipping
3475,1470,3698,20.0000,3.4900,3.4900,3.4900,3.4900,,product
3476,1470,3700,20.0000,7.0700,7.0700,7.0700,7.0700,,product
3477,1470,,20.0000,0.9900,0.9900,0.9900,0.9900,,shipping
3478,1471,3702,20.0000,3.7000,3.7000,3.7000,3.7000,,product
3479,1471,,20.0000,1.0000,1.0000,1.0000,1.0000,,shipping
3480,1472,3704,20.0000,4.0800,4.0800,4.0800,4.0800,,product
3481,1472,3706,20.0000,4.0800,4.0800,4.0800,4.0800,,product
3482,1472,,20.0000,0.9000,0.9000,0.9000,0.9000,,shipping
3483,1473,3708,20.0000,3.9900,3.9900,3.9900,3.9900,,product
3484,1473,,20.0000,0.9000,0.9000,0.9000,0.9000,,shipping
3485,1474,3710,20.0000,4.7400,4.7400,4.7400,4.7400,,product
3486,1474,,20.0000,0.9900,0.9900,0.9900,0.9900,,shipping
3487,1475,3712,20.0000,3.4500,3.4500,3.4500,3.4500,,product
3488,1475,,20.0000,0.9900,0.9900,0.9900,0.9900,,shipping
3489,1476,3714,20.0000,3.7000,3.7000,3.7000,3.7000,,product
3490,1476,,20.0000,1.0000,1.0000,1.0000,1.0000,,shipping
3491,1477,3716,20.0000,3.7000,3.7000,3.7000,3.7000,,product
3492,1477,,20.0000,1.0000,1.0000,1.0000,1.0000,,shipping
3493,1478,3718,20.0000,3.4900,3.4900,3.4900,3.4900,,product
3494,1478,,20.0000,1.0000,1.0000,1.0000,1.0000,,shipping
3495,1479,3720,20.0000,3.7000,3.7000,3.7000,3.7000,,product
3496,1479,,20.0000,1.0000,1.0000,1.0000,1.0000,,shipping
3497,1480,3722,20.0000,7.3300,7.3300,7.3300,7.3300,,product
3498,1480,,20.0000,0.9900,0.9900,0.9900,0.9900,,shipping
3499,1481,3724,20.0000,7.3300,7.3300,7.3300,7.3300,,product
3500,1481,,20.0000,0.9900,0.9900,0.9900,0.9900,,shipping
3501,1482,3726,20.0000,7.5000,7.5000,7.5000,7.5000,,product
3502,1482,,20.0000,0.9900,0.9900,0.9900,0.9900,,shipping
3503,1483,3728,20.0000,3.7000,3.7000,3.7000,3.7000,,product
3504,1483,,20.0000,1.0000,1.0000,1.0000,1.0000,,shipping
3505,1484,3730,20.0000,7.7600,7.7600,7.7600,7.7600,,product
3506,1484,,20.0000,0.9900,0.9900,0.9900,0.9900,,shipping
3507,1485,3732,20.0000,7.7600,7.7600,7.7600,7.7600,,product
3508,1485,,20.0000,0.9900,0.9900,0.9900,0.9900,,shipping
3509,1486,3734,20.0000,3.4500,3.4500,3.4500,3.4500,,product
3510,1486,,20.0000,0.9900,0.9900,0.9900,0.9900,,shipping
3511,1487,3736,20.0000,3.4900,3.4900,3.4900,3.4900,,product
3512,1487,,20.0000,1.0000,1.0000,1.0000,1.0000,,shipping
3513,1488,3738,20.0000,4.2200,4.2200,4.2200,4.2200,,product
3514,1488,,20.0000,0.9900,0.9900,0.9900,0.9900,,shipping
3515,1489,3740,20.0000,3.4500,3.4500,3.4500,3.4500,,product
3516,1489,,20.0000,0.9900,0.9900,0.9900,0.9900,,shipping
3517,1490,3742,20.0000,4.2200,4.2200,4.2200,4.2200,,product
3518,1490,,20.0000,0.9900,0.9900,0.9900,0.9900,,shipping
3519,1491,3744,20.0000,7.5000,7.5000,7.5000,7.5000,,product
3520,1491,,20.0000,0.9900,0.9900,0.9900,0.9900,,shipping
3521,1492,3746,20.0000,4.2200,4.2200,4.2200,4.2200,,product
3522,1492,,20.0000,0.9900,0.9900,0.9900,0.9900,,shipping
3523,1493,3748,20.0000,8.0200,8.0200,8.0200,8.0200,,product
3524,1493,,20.0000,0.9900,0.9900,0.9900,0.9900,,shipping
3525,1494,3750,20.0000,4.2200,4.2200,4.2200,4.2200,,product
3526,1494,,20.0000,0.9900,0.9900,0.9900,0.9900,,shipping
3527,1495,3752,20.0000,8.6200,8.6200,8.6200,8.6200,,product
3528,1495,,20.0000,0.9900,0.9900,0.9900,0.9900,,shipping
3529,1496,3754,20.0000,4.7400,4.7400,4.7400,4.7400,,product
3530,1496,3756,20.0000,5.0000,5.0000,5.0000,5.0000,,product
3531,1496,,20.0000,0.9900,0.9900,0.9900,0.9900,,shipping
3532,1497,3758,20.0000,3.4900,3.4900,3.4900,3.4900,,product
3533,1497,,20.0000,1.0000,1.0000,1.0000,1.0000,,shipping
3534,1498,3760,20.0000,8.5500,8.5500,8.5500,8.5500,,product
3535,1498,,20.0000,0.9000,0.9000,0.9000,0.9000,,shipping
3536,1499,3762,20.0000,4.0800,4.0800,4.0800,4.0800,,product
3537,1499,,20.0000,0.9000,0.9000,0.9000,0.9000,,shipping
3538,1500,3764,20.0000,8.5500,8.5500,8.5500,8.5500,,product
3539,1500,3766,20.0000,3.7900,3.7900,3.7900,3.7900,,product
3540,1500,,20.0000,0.9000,0.9000,0.9000,0.9000,,shipping
3541,1501,3768,20.0000,3.8500,3.8500,3.8500,3.8500,,product
3542,1501,,20.0000,0.9000,0.9000,0.9000,0.9000,,shipping
3543,1502,3770,20.0000,3.8500,3.8500,3.8500,3.8500,,product
3544,1502,3772,20.0000,3.8500,3.8500,3.8500,3.8500,,product
3545,1502,,20.0000,0.9000,0.9000,0.9000,0.9000,,shipping
3546,1503,3774,20.0000,8.5500,8.5500,8.5500,8.5500,,product
3547,1503,,20.0000,0.9000,0.9000,0.9000,0.9000,,shipping
3548,1504,3776,20.0000,3.4500,3.4500,3.4500,3.4500,,product
3549,1504,,20.0000,0.9900,0.9900,0.9900,0.9900,,shipping
3550,1505,3778,20.0000,3.4900,3.4900,3.4900,3.4900,,product
3551,1505,,20.0000,1.0000,1.0000,1.0000,1.0000,,shipping
3552,1506,3780,20.0000,4.2200,4.2200,4.2200,4.2200,,product
3553,1506,,20.0000,0.9900,0.9900,0.9900,0.9900,,shipping
3554,1507,3782,20.0000,3.4500,3.4500,3.4500,3.4500,,product
3555,1507,,20.0000,0.9900,0.9900,0.9900,0.9900,,shipping
3556,1508,3784,20.0000,3.6200,3.6200,3.6200,3.6200,,product
3557,1508,,20.0000,0.9900,0.9900,0.9900,0.9900,,shipping
3558,1509,3786,20.0000,8.0200,8.0200,8.0200,8.0200,,product
3559,1509,,20.0000,0.9900,0.9900,0.9900,0.9900,,shipping
3560,1510,3788,20.0000,3.4900,3.4900,3.4900,3.4900,,product
3561,1510,,20.0000,1.0000,1.0000,1.0000,1.0000,,shipping
3562,1511,3790,20.0000,8.1900,8.1900,8.1900,8.1900,,product
3563,1511,3792,20.0000,8.0200,8.0200,8.0200,8.0200,,product
3564,1511,,20.0000,0.9900,0.9900,0.9900,0.9900,,shipping
3565,1512,3794,20.0000,9.4200,9.4200,9.4200,9.4200,,product
3566,1512,3796,20.0000,9.4200,9.4200,9.4200,9.4200,,product
3567,1512,,20.0000,0.0000,0.0000,0.0000,0.0000,,shipping
3568,1513,3798,20.0000,5.2200,5.2200,5.2200,5.2200,,product
3569,1513,,20.0000,0.9000,0.9000,0.9000,0.9000,,shipping
3570,1514,3800,20.0000,7.0700,7.0700,7.0700,7.0700,,product
3571,1514,,20.0000,0.9900,0.9900,0.9900,0.9900,,shipping
3572,1515,3802,20.0000,7.0700,7.0700,7.0700,7.0700,,product
3573,1515,,20.0000,0.9900,0.9900,0.9900,0.9900,,shipping
3574,1516,3804,20.0000,8.6200,8.6200,8.6200,8.6200,,product
3575,1516,,20.0000,0.9900,0.9900,0.9900,0.9900,,shipping
3576,1517,3806,20.0000,7.0700,7.0700,7.0700,7.0700,,product
3577,1517,,20.0000,0.9900,0.9900,0.9900,0.9900,,shipping
3578,1518,3808,20.0000,8.0200,8.0200,8.0200,8.0200,,product
3579,1518,,20.0000,0.9900,0.9900,0.9900,0.9900,,shipping
3580,1519,3810,20.0000,3.4900,3.4900,3.4900,3.4900,,product
3581,1519,,20.0000,1.0000,1.0000,1.0000,1.0000,,shipping
3582,1520,3812,20.0000,7.0700,7.0700,7.0700,7.0700,,product
3583,1520,,20.0000,0.9900,0.9900,0.9900,0.9900,,shipping
3584,1521,3814,20.0000,4.7400,4.7400,4.7400,4.7400,,product
3585,1521,,20.0000,0.9900,0.9900,0.9900,0.9900,,shipping
3586,1522,3816,20.0000,10.8300,10.8300,10.8300,10.8300,,product
3587,1522,,20.0000,0.0000,0.0000,0.0000,0.0000,,shipping
3588,1523,3818,20.0000,8.2600,8.2600,8.2600,8.2600,,product
3589,1523,,20.0000,0.9000,0.9000,0.9000,0.9000,,shipping
3590,1524,3820,20.0000,7.7600,7.7600,7.7600,7.7600,,product
3591,1524,3822,20.0000,7.7600,7.7600,7.7600,7.7600,,product
3592,1524,,20.0000,0.9900,0.9900,0.9900,0.9900,,shipping
3593,1525,3824,20.0000,8.0200,8.0200,8.0200,8.0200,,product
3594,1525,,20.0000,0.9900,0.9900,0.9900,0.9900,,shipping
3595,1526,3826,20.0000,7.3300,7.3300,7.3300,7.3300,,product
3596,1526,,20.0000,0.9900,0.9900,0.9900,0.9900,,shipping
3597,1527,3828,20.0000,7.7900,7.7900,7.7900,7.7900,,product
3598,1527,3830,20.0000,7.7800,7.7800,7.7800,7.7800,,product
3599,1527,,20.0000,0.9000,0.9000,0.9000,0.9000,,shipping
3600,1528,3832,20.0000,5.2200,5.2200,5.2200,5.2200,,product
3601,1528,,20.0000,0.9000,0.9000,0.9000,0.9000,,shipping
3602,1529,3834,20.0000,8.6200,8.6200,8.6200,8.6200,,product
3603,1529,,20.0000,0.9900,0.9900,0.9900,0.9900,,shipping
3604,1530,3836,20.0000,4.7400,4.7400,4.7400,4.7400,,product
3605,1530,,20.0000,0.9900,0.9900,0.9900,0.9900,,shipping
3606,1531,3838,20.0000,7.3300,7.3300,7.3300,7.3300,,product
3607,1531,,20.0000,0.9900,0.9900,0.9900,0.9900,,shipping
3608,1532,3840,20.0000,2.9400,2.9400,2.9400,2.9400,,product
3609,1532,,20.0000,0.9000,0.9000,0.9000,0.9000,,shipping
3610,1533,3842,20.0000,5.0000,5.0000,5.0000,5.0000,,product
3611,1533,,20.0000,0.9900,0.9900,0.9900,0.9900,,shipping
3612,1534,3844,20.0000,3.8300,3.8300,3.8300,3.8300,,product
3613,1534,,20.0000,0.9900,0.9900,0.9900,0.9900,,shipping
3614,1535,3846,20.0000,4.7400,4.7400,4.7400,4.7400,,product
3615,1535,,20.0000,0.9000,0.9000,0.9000,0.9000,,shipping
3616,1536,3848,20.0000,3.4500,3.4500,3.4500,3.4500,,product
3617,1536,,20.0000,0.9900,0.9900,0.9900,0.9900,,shipping
3618,1537,3850,20.0000,4.7400,4.7400,4.7400,4.7400,,product
3619,1537,,20.0000,0.9900,0.9900,0.9900,0.9900,,shipping
3620,1538,3852,20.0000,7.0700,7.0700,7.0700,7.0700,,product
3621,1538,,20.0000,0.9900,0.9900,0.9900,0.9900,,shipping
3622,1539,3854,20.0000,3.8000,3.8000,3.8000,3.8000,,product
3623,1539,3856,20.0000,3.7900,3.7900,3.7900,3.7900,,product
3624,1539,,20.0000,0.9000,0.9000,0.9000,0.9000,,shipping
3625,1540,3858,20.0000,3.4500,3.4500,3.4500,3.4500,,product
3626,1540,3860,20.0000,3.4900,3.4900,3.4900,3.4900,,product
3627,1540,,20.0000,0.9900,0.9900,0.9900,0.9900,,shipping
3628,1541,3862,20.0000,8.1000,8.1000,8.1000,8.1000,,product
3629,1541,,20.0000,1.0000,1.0000,1.0000,1.0000,,shipping
3630,1542,3864,20.0000,7.3300,7.3300,7.3300,7.3300,,product
3631,1542,,20.0000,0.9900,0.9900,0.9900,0.9900,,shipping
3632,1543,3866,20.0000,7.3300,7.3300,7.3300,7.3300,,product
3633,1543,,20.0000,0.9900,0.9900,0.9900,0.9900,,shipping
3634,1544,3868,20.0000,3.4500,3.4500,3.4500,3.4500,,product
3635,1544,3870,20.0000,3.4400,3.4400,3.4400,3.4400,,product
3636,1544,3872,20.0000,3.4500,3.4500,3.4500,3.4500,,product
3637,1544,,20.0000,0.9900,0.9900,0.9900,0.9900,,shipping
3638,1545,3874,20.0000,7.8500,7.8500,7.8500,7.8500,,product
3639,1545,,20.0000,1.0000,1.0000,1.0000,1.0000,,shipping
3640,1546,3876,20.0000,3.4500,3.4500,3.4500,3.4500,,product
3641,1546,,20.0000,0.9900,0.9900,0.9900,0.9900,,shipping
3642,1547,3878,20.0000,7.3300,7.3300,7.3300,7.3300,,product
3643,1547,,20.0000,0.9900,0.9900,0.9900,0.9900,,shipping
3644,1548,3880,20.0000,4.6900,4.6900,4.6900,4.6900,,product
3645,1548,,20.0000,0.9900,0.9900,0.9900,0.9900,,shipping
3646,1549,3882,20.0000,7.0700,7.0700,7.0700,7.0700,,product
3647,1549,,20.0000,0.9900,0.9900,0.9900,0.9900,,shipping
3648,1550,3884,20.0000,4.2200,4.2200,4.2200,4.2200,,product
3649,1550,,20.0000,0.9900,0.9900,0.9900,0.9900,,shipping
3650,1551,3886,20.0000,4.7400,4.7400,4.7400,4.7400,,product
3651,1551,,20.0000,0.9900,0.9900,0.9900,0.9900,,shipping
3652,1552,3888,20.0000,1.6200,1.6200,1.6200,1.6200,,product
3653,1552,,20.0000,0.9000,0.9000,0.9000,0.9000,,shipping
3654,1553,3890,20.0000,7.7900,7.7900,7.7900,7.7900,,product
3655,1553,,20.0000,0.9000,0.9000,0.9000,0.9000,,shipping
3656,1554,3892,20.0000,1.6200,1.6200,1.6200,1.6200,,product
3657,1554,3894,20.0000,1.6200,1.6200,1.6200,1.6200,,product
3658,1554,3896,20.0000,1.6200,1.6200,1.6200,1.6200,,product
3659,1554,,20.0000,0.0000,0.0000,0.0000,0.0000,,shipping
3660,1555,3898,20.0000,3.4500,3.4500,3.4500,3.4500,,product
3661,1555,,20.0000,0.9900,0.9900,0.9900,0.9900,,shipping
3662,1556,3900,20.0000,7.7600,7.7600,7.7600,7.7600,,product
3663,1556,,20.0000,0.9900,0.9900,0.9900,0.9900,,shipping
3664,1557,3902,20.0000,3.7000,3.7000,3.7000,3.7000,,product
3665,1557,3904,20.0000,3.7100,3.7100,3.7100,3.7100,,product
3666,1557,3906,20.0000,3.7000,3.7000,3.7000,3.7000,,product
3667,1557,,20.0000,1.0000,1.0000,1.0000,1.0000,,shipping
3668,1558,3908,20.0000,3.8500,3.8500,3.8500,3.8500,,product
3669,1558,,20.0000,0.9000,0.9000,0.9000,0.9000,,shipping
3670,1559,3910,20.0000,4.0800,4.0800,4.0800,4.0800,,product
3671,1559,,20.0000,0.9000,0.9000,0.9000,0.9000,,shipping
3672,1560,3912,20.0000,5.5100,5.5100,5.5100,5.5100,,product
3673,1560,,20.0000,0.9000,0.9000,0.9000,0.9000,,shipping
3674,1561,3914,20.0000,3.8500,3.8500,3.8500,3.8500,,product
3675,1561,,20.0000,0.9000,0.9000,0.9000,0.9000,,shipping
3676,1562,3916,20.0000,8.5500,8.5500,8.5500,8.5500,,product
3677,1562,,20.0000,0.9000,0.9000,0.9000,0.9000,,shipping
3678,1563,3918,20.0000,3.9900,3.9900,3.9900,3.9900,,product
3679,1563,,20.0000,0.9000,0.9000,0.9000,0.9000,,shipping
3680,1564,3920,20.0000,3.4500,3.4500,3.4500,3.4500,,product
3681,1564,,20.0000,0.9900,0.9900,0.9900,0.9900,,shipping
3682,1565,3922,20.0000,7.3300,7.3300,7.3300,7.3300,,product
3683,1565,,20.0000,0.9900,0.9900,0.9900,0.9900,,shipping
3684,1566,3924,20.0000,3.7000,3.7000,3.7000,3.7000,,product
3685,1566,,20.0000,1.0000,1.0000,1.0000,1.0000,,shipping
3686,1567,3926,20.0000,8.6200,8.6200,8.6200,8.6200,,product
3687,1567,,20.0000,0.9900,0.9900,0.9900,0.9900,,shipping
3688,1568,3928,20.0000,3.4500,3.4500,3.4500,3.4500,,product
3689,1568,3930,20.0000,3.4400,3.4400,3.4400,3.4400,,product
3690,1568,,20.0000,0.9900,0.9900,0.9900,0.9900,,shipping
3691,1569,3932,20.0000,8.6200,8.6200,8.6200,8.6200,,product
3692,1569,,20.0000,0.9900,0.9900,0.9900,0.9900,,shipping
3693,1570,3934,20.0000,7.3300,7.3300,7.3300,7.3300,,product
3694,1570,,20.0000,0.9900,0.9900,0.9900,0.9900,,shipping
3695,1571,3936,20.0000,8.6200,8.6200,8.6200,8.6200,,product
3696,1571,,20.0000,0.9900,0.9900,0.9900,0.9900,,shipping
3697,1572,3938,20.0000,8.1000,8.1000,8.1000,8.1000,,product
3698,1572,,20.0000,1.0000,1.0000,1.0000,1.0000,,shipping
3699,1573,3940,20.0000,3.4500,3.4500,3.4500,3.4500,,product
3700,1573,,20.0000,0.9900,0.9900,0.9900,0.9900,,shipping
3701,1574,3942,20.0000,3.4500,3.4500,3.4500,3.4500,,product
3702,1574,3944,20.0000,3.4400,3.4400,3.4400,3.4400,,product
3703,1574,,20.0000,0.9900,0.9900,0.9900,0.9900,,shipping
3704,1575,3946,20.0000,7.7600,7.7600,7.7600,7.7600,,product
3705,1575,,20.0000,0.9900,0.9900,0.9900,0.9900,,shipping
3706,1576,3948,20.0000,4.2200,4.2200,4.2200,4.2200,,product
3707,1576,,20.0000,0.9900,0.9900,0.9900,0.9900,,shipping
3708,1577,3950,20.0000,3.6200,3.6200,3.6200,3.6200,,product
3709,1577,,20.0000,0.9900,0.9900,0.9900,0.9900,,shipping
3710,1578,3952,20.0000,10.8300,10.8300,10.8300,10.8300,,product
3711,1578,3954,20.0000,10.8300,10.8300,10.8300,10.8300,,product
3712,1578,3956,20.0000,10.8200,10.8200,10.8200,10.8200,,product
3713,1578,3958,20.0000,10.8300,10.8300,10.8300,10.8300,,product
3714,1578,,20.0000,0.0000,0.0000,0.0000,0.0000,,shipping
3715,1579,3960,20.0000,5.3000,5.3000,5.3000,5.3000,,product
3716,1579,,20.0000,0.0000,0.0000,0.0000,0.0000,,shipping
3717,1580,3962,20.0000,3.8000,3.8000,3.8000,3.8000,,product
3718,1580,,20.0000,0.9000,0.9000,0.9000,0.9000,,shipping
3719,1581,3964,20.0000,5.5100,5.5100,5.5100,5.5100,,product
3720,1581,,20.0000,0.9000,0.9000,0.9000,0.9000,,shipping
3721,1582,3966,20.0000,3.8500,3.8500,3.8500,3.8500,,product
3722,1582,,20.0000,0.9000,0.9000,0.9000,0.9000,,shipping
3723,1583,3968,20.0000,3.8500,3.8500,3.8500,3.8500,,product
3724,1583,,20.0000,0.9000,0.9000,0.9000,0.9000,,shipping
3725,1584,3970,20.0000,3.8000,3.8000,3.8000,3.8000,,product
3726,1584,3972,20.0000,3.8400,3.8400,3.8400,3.8400,,product
3727,1584,,20.0000,0.9000,0.9000,0.9000,0.9000,,shipping
3728,1585,3974,20.0000,3.4900,3.4900,3.4900,3.4900,,product
3729,1585,,20.0000,1.0000,1.0000,1.0000,1.0000,,shipping
3730,1586,3976,20.0000,7.5000,7.5000,7.5000,7.5000,,product
3731,1586,,20.0000,0.9900,0.9900,0.9900,0.9900,,shipping
3732,1587,3978,20.0000,7.0700,7.0700,7.0700,7.0700,,product
3733,1587,,20.0000,0.9900,0.9900,0.9900,0.9900,,shipping
3734,1588,3980,20.0000,7.0700,7.0700,7.0700,7.0700,,product
3735,1588,3982,20.0000,7.3200,7.3200,7.3200,7.3200,,product
3736,1588,,20.0000,1.0000,1.0000,1.0000,1.0000,,shipping
3737,1589,3984,20.0000,4.2200,4.2200,4.2200,4.2200,,product
3738,1589,,20.0000,0.9900,0.9900,0.9900,0.9900,,shipping
3739,1590,3986,20.0000,7.7600,7.7600,7.7600,7.7600,,product
3740,1590,,20.0000,0.9900,0.9900,0.9900,0.9900,,shipping
3741,1591,3988,20.0000,3.4900,3.4900,3.4900,3.4900,,product
3742,1591,,20.0000,1.0000,1.0000,1.0000,1.0000,,shipping
3743,1592,3990,20.0000,7.7600,7.7600,7.7600,7.7600,,product
3744,1592,,20.0000,0.9900,0.9900,0.9900,0.9900,,shipping
3745,1593,3992,20.0000,3.4900,3.4900,3.4900,3.4900,,product
3746,1593,,20.0000,1.0000,1.0000,1.0000,1.0000,,shipping
3747,1594,3994,20.0000,7.0700,7.0700,7.0700,7.0700,,product
3748,1594,,20.0000,0.9900,0.9900,0.9900,0.9900,,shipping
3749,1595,3996,20.0000,3.4500,3.4500,3.4500,3.4500,,product
3750,1595,3998,20.0000,3.6100,3.6100,3.6100,3.6100,,product
3751,1595,,20.0000,1.0000,1.0000,1.0000,1.0000,,shipping
3752,1596,4000,20.0000,3.4500,3.4500,3.4500,3.4500,,product
3753,1596,,20.0000,0.9900,0.9900,0.9900,0.9900,,shipping
3754,1597,4002,20.0000,7.7600,7.7600,7.7600,7.7600,,product
3755,1597,,20.0000,0.9900,0.9900,0.9900,0.9900,,shipping
3756,1598,4004,20.0000,3.4500,3.4500,3.4500,3.4500,,product
3757,1598,,20.0000,0.9900,0.9900,0.9900,0.9900,,shipping
3758,1599,4006,20.0000,3.4500,3.4500,3.4500,3.4500,,product
3759,1599,,20.0000,0.9900,0.9900,0.9900,0.9900,,shipping
3760,1600,4008,20.0000,8.6200,8.6200,8.6200,8.6200,,product
3761,1600,4010,20.0000,8.6200,8.6200,8.6200,8.6200,,product
3762,1600,,20.0000,0.9900,0.9900,0.9900,0.9900,,shipping
3763,1601,4012,20.0000,3.6200,3.6200,3.6200,3.6200,,product
3764,1601,,20.0000,0.9900,0.9900,0.9900,0.9900,,shipping
3765,1602,4014,20.0000,3.7000,3.7000,3.7000,3.7000,,product
3766,1602,,20.0000,1.0000,1.0000,1.0000,1.0000,,shipping
3767,1603,4016,20.0000,7.7600,7.7600,7.7600,7.7600,,product
3768,1603,,20.0000,0.9900,0.9900,0.9900,0.9900,,shipping
3769,1604,4018,20.0000,3.4500,3.4500,3.4500,3.4500,,product
3770,1604,,20.0000,0.9900,0.9900,0.9900,0.9900,,shipping
3771,1605,4020,20.0000,7.3300,7.3300,7.3300,7.3300,,product
3772,1605,4022,20.0000,3.4400,3.4400,3.4400,3.4400,,product
3773,1605,,20.0000,0.9900,0.9900,0.9900,0.9900,,shipping
3774,1606,4024,20.0000,7.7600,7.7600,7.7600,7.7600,,product
3775,1606,,20.0000,0.9900,0.9900,0.9900,0.9900,,shipping
3776,1607,4026,20.0000,3.4500,3.4500,3.4500,3.4500,,product
3777,1607,,20.0000,0.9900,0.9900,0.9900,0.9900,,shipping
3778,1608,4028,20.0000,8.6200,8.6200,8.6200,8.6200,,product
3779,1608,,20.0000,0.9900,0.9900,0.9900,0.9900,,shipping
3780,1609,4030,20.0000,7.0700,7.0700,7.0700,7.0700,,product
3781,1609,,20.0000,0.9900,0.9900,0.9900,0.9900,,shipping
3782,1610,4032,20.0000,3.6200,3.6200,3.6200,3.6200,,product
3783,1610,,20.0000,0.9900,0.9900,0.9900,0.9900,,shipping
3784,1611,4034,20.0000,3.9900,3.9900,3.9900,3.9900,,product
3785,1611,,20.0000,0.9000,0.9000,0.9000,0.9000,,shipping
3786,1612,4036,20.0000,7.7600,7.7600,7.7600,7.7600,,product
3787,1612,,20.0000,0.9900,0.9900,0.9900,0.9900,,shipping
3788,1613,4038,20.0000,4.2200,4.2200,4.2200,4.2200,,product
3789,1613,,20.0000,0.9900,0.9900,0.9900,0.9900,,shipping
3790,1614,4040,20.0000,3.4900,3.4900,3.4900,3.4900,,product
3791,1614,,20.0000,1.0000,1.0000,1.0000,1.0000,,shipping
3792,1615,4042,20.0000,3.4500,3.4500,3.4500,3.4500,,product
3793,1615,,20.0000,0.9900,0.9900,0.9900,0.9900,,shipping
3794,1616,4044,20.0000,8.1900,8.1900,8.1900,8.1900,,product
3795,1616,,20.0000,0.9900,0.9900,0.9900,0.9900,,shipping
3796,1617,4046,20.0000,3.6200,3.6200,3.6200,3.6200,,product
3797,1617,,20.0000,0.9900,0.9900,0.9900,0.9900,,shipping
3798,1618,4048,20.0000,0.0000,0.0000,0.0000,0.0000,,product
3799,1618,4049,20.0000,9.7400,9.7400,9.7400,9.7400,,product
3800,1618,,20.0000,0.0000,0.0000,0.0000,0.0000,,shipping
3801,1619,4051,20.0000,5.2200,5.2200,5.2200,5.2200,,product
3802,1619,,20.0000,0.9000,0.9000,0.9000,0.9000,,shipping
3803,1620,4053,20.0000,3.7000,3.7000,3.7000,3.7000,,product
3804,1620,,20.0000,1.0000,1.0000,1.0000,1.0000,,shipping
3805,1621,4055,20.0000,3.4900,3.4900,3.4900,3.4900,,product
3806,1621,,20.0000,1.0000,1.0000,1.0000,1.0000,,shipping
3807,1622,4057,20.0000,7.0700,7.0700,7.0700,7.0700,,product
3808,1622,,20.0000,0.9900,0.9900,0.9900,0.9900,,shipping
3809,1623,4059,20.0000,9.4200,9.4200,9.4200,9.4200,,product
3810,1623,,20.0000,0.0000,0.0000,0.0000,0.0000,,shipping
3811,1624,4061,20.0000,7.3300,7.3300,7.3300,7.3300,,product
3812,1624,,20.0000,0.9900,0.9900,0.9900,0.9900,,shipping
3813,1625,4063,20.0000,1.6200,1.6200,1.6200,1.6200,,product
3814,1625,4065,20.0000,1.6200,1.6200,1.6200,1.6200,,product
3815,1625,,20.0000,0.0000,0.0000,0.0000,0.0000,,shipping
3816,1626,4067,20.0000,3.4900,3.4900,3.4900,3.4900,,product
3817,1626,,20.0000,1.0000,1.0000,1.0000,1.0000,,shipping
3818,1627,4069,20.0000,8.6200,8.6200,8.6200,8.6200,,product
3819,1627,,20.0000,0.9900,0.9900,0.9900,0.9900,,shipping
3820,1628,4071,20.0000,3.4500,3.4500,3.4500,3.4500,,product
3821,1628,,20.0000,0.9900,0.9900,0.9900,0.9900,,shipping
3822,1629,4073,20.0000,7.7600,7.7600,7.7600,7.7600,,product
3823,1629,,20.0000,0.9900,0.9900,0.9900,0.9900,,shipping
3824,1630,4075,20.0000,4.2200,4.2200,4.2200,4.2200,,product
3825,1630,,20.0000,0.9900,0.9900,0.9900,0.9900,,shipping
3826,1631,4077,20.0000,3.4500,3.4500,3.4500,3.4500,,product
3827,1631,,20.0000,0.9900,0.9900,0.9900,0.9900,,shipping
3828,1632,4079,20.0000,8.0200,8.0200,8.0200,8.0200,,product
3829,1632,,20.0000,0.9900,0.9900,0.9900,0.9900,,shipping
3830,1633,4081,20.0000,3.7000,3.7000,3.7000,3.7000,,product
3831,1633,,20.0000,1.0000,1.0000,1.0000,1.0000,,shipping
3832,1634,4083,20.0000,9.5000,9.5000,9.5000,9.5000,,product
3833,1634,,20.0000,0.9000,0.9000,0.9000,0.9000,,shipping
3834,1635,4085,20.0000,3.8000,3.8000,3.8000,3.8000,,product
3835,1635,4087,20.0000,3.7900,3.7900,3.7900,3.7900,,product
3836,1635,,20.0000,0.9000,0.9000,0.9000,0.9000,,shipping
3837,1636,4089,20.0000,3.6200,3.6200,3.6200,3.6200,,product
3838,1636,,20.0000,0.9900,0.9900,0.9900,0.9900,,shipping
3839,1637,4091,20.0000,4.0800,4.0800,4.0800,4.0800,,product
3840,1637,,20.0000,0.9000,0.9000,0.9000,0.9000,,shipping
3841,1638,4093,20.0000,8.1900,8.1900,8.1900,8.1900,,product
3842,1638,,20.0000,0.9900,0.9900,0.9900,0.9900,,shipping
3843,1639,4095,20.0000,7.7600,7.7600,7.7600,7.7600,,product
3844,1639,4097,20.0000,7.3200,7.3200,7.3200,7.3200,,product
3845,1639,4099,20.0000,7.0700,7.0700,7.0700,7.0700,,product
3846,1639,,20.0000,0.9900,0.9900,0.9900,0.9900,,shipping
3847,1640,4101,20.0000,3.4500,3.4500,3.4500,3.4500,,product
3848,1640,,20.0000,0.9900,0.9900,0.9900,0.9900,,shipping
3849,1641,4103,20.0000,3.4500,3.4500,3.4500,3.4500,,product
3850,1641,,20.0000,0.9900,0.9900,0.9900,0.9900,,shipping
3851,1642,4105,20.0000,8.6200,8.6200,8.6200,8.6200,,product
3852,1642,,20.0000,0.9900,0.9900,0.9900,0.9900,,shipping
3853,1643,4107,20.0000,3.4900,3.4900,3.4900,3.4900,,product
3854,1643,,20.0000,1.0000,1.0000,1.0000,1.0000,,shipping
3855,1644,4109,20.0000,3.6200,3.6200,3.6200,3.6200,,product
3856,1644,,20.0000,0.9900,0.9900,0.9900,0.9900,,shipping
3857,1645,4111,20.0000,7.7600,7.7600,7.7600,7.7600,,product
3858,1645,,20.0000,0.9900,0.9900,0.9900,0.9900,,shipping
3859,1646,4113,20.0000,3.4900,3.4900,3.4900,3.4900,,product
3860,1646,4115,20.0000,7.0700,7.0700,7.0700,7.0700,,product
3861,1646,,20.0000,0.9900,0.9900,0.9900,0.9900,,shipping
3862,1647,4117,20.0000,3.4500,3.4500,3.4500,3.4500,,product
3863,1647,4119,20.0000,7.3200,7.3200,7.3200,7.3200,,product
3864,1647,,20.0000,0.9900,0.9900,0.9900,0.9900,,shipping
3865,1648,4121,20.0000,3.7000,3.7000,3.7000,3.7000,,product
3866,1648,,20.0000,1.0000,1.0000,1.0000,1.0000,,shipping
3867,1649,4123,20.0000,4.0800,4.0800,4.0800,4.0800,,product
3868,1649,,20.0000,0.9000,0.9000,0.9000,0.9000,,shipping
3869,1650,4125,20.0000,3.8500,3.8500,3.8500,3.8500,,product
3870,1650,,20.0000,0.9000,0.9000,0.9000,0.9000,,shipping
3871,1651,4127,20.0000,9.7400,9.7400,9.7400,9.7400,,product
3872,1651,4129,20.0000,9.7500,9.7500,9.7500,9.7500,,product
3873,1651,4131,20.0000,9.7400,9.7400,9.7400,9.7400,,product
3874,1651,,20.0000,0.0000,0.0000,0.0000,0.0000,,shipping
3875,1652,4133,20.0000,7.3300,7.3300,7.3300,7.3300,,product
3876,1652,4135,20.0000,7.0600,7.0600,7.0600,7.0600,,product
3877,1652,4137,20.0000,7.3300,7.3300,7.3300,7.3300,,product
3878,1652,,20.0000,0.9900,0.9900,0.9900,0.9900,,shipping
3879,1653,4139,20.0000,3.4900,3.4900,3.4900,3.4900,,product
3880,1653,,20.0000,1.0000,1.0000,1.0000,1.0000,,shipping
3881,1654,4141,20.0000,8.6200,8.6200,8.6200,8.6200,,product
3882,1654,,20.0000,0.9900,0.9900,0.9900,0.9900,,shipping
3883,1655,4143,20.0000,8.0200,8.0200,8.0200,8.0200,,product
3884,1655,,20.0000,0.9900,0.9900,0.9900,0.9900,,shipping
3885,1656,4145,20.0000,8.0200,8.0200,8.0200,8.0200,,product
3886,1656,,20.0000,0.9900,0.9900,0.9900,0.9900,,shipping
3887,1657,4147,20.0000,3.7000,3.7000,3.7000,3.7000,,product
3888,1657,,20.0000,1.0000,1.0000,1.0000,1.0000,,shipping
3889,1658,4149,20.0000,3.4500,3.4500,3.4500,3.4500,,product
3890,1658,,20.0000,0.9900,0.9900,0.9900,0.9900,,shipping
3891,1659,4151,20.0000,7.7600,7.7600,7.7600,7.7600,,product
3892,1659,,20.0000,0.9900,0.9900,0.9900,0.9900,,shipping
3893,1660,4153,20.0000,7.7600,7.7600,7.7600,7.7600,,product
3894,1660,,20.0000,0.9900,0.9900,0.9900,0.9900,,shipping
3895,1661,4155,20.0000,3.4900,3.4900,3.4900,3.4900,,product
3896,1661,4157,20.0000,3.5000,3.5000,3.5000,3.5000,,product
3897,1661,,20.0000,0.9900,0.9900,0.9900,0.9900,,shipping
3898,1662,4159,20.0000,3.7000,3.7000,3.7000,3.7000,,product
3899,1662,,20.0000,1.0000,1.0000,1.0000,1.0000,,shipping
3900,1663,4161,20.0000,3.4900,3.4900,3.4900,3.4900,,product
3901,1663,,20.0000,1.0000,1.0000,1.0000,1.0000,,shipping
3902,1664,4163,20.0000,7.3300,7.3300,7.3300,7.3300,,product
3903,1664,,20.0000,0.9900,0.9900,0.9900,0.9900,,shipping
3904,1665,4165,20.0000,7.7600,7.7600,7.7600,7.7600,,product
3905,1665,,20.0000,0.9900,0.9900,0.9900,0.9900,,shipping
3906,1666,4167,20.0000,7.3300,7.3300,7.3300,7.3300,,product
3907,1666,,20.0000,0.9900,0.9900,0.9900,0.9900,,shipping
3908,1667,4169,20.0000,7.7600,7.7600,7.7600,7.7600,,product
3909,1667,,20.0000,0.9900,0.9900,0.9900,0.9900,,shipping
3910,1668,4171,20.0000,3.4500,3.4500,3.4500,3.4500,,product
3911,1668,4173,20.0000,3.4400,3.4400,3.4400,3.4400,,product
3912,1668,4175,20.0000,3.4500,3.4500,3.4500,3.4500,,product
3913,1668,4177,20.0000,3.4400,3.4400,3.4400,3.4400,,product
3914,1668,,20.0000,0.9900,0.9900,0.9900,0.9900,,shipping
3915,1669,4179,20.0000,5.2200,5.2200,5.2200,5.2200,,product
3916,1669,,20.0000,0.9000,0.9000,0.9000,0.9000,,shipping
3917,1670,4181,20.0000,3.9900,3.9900,3.9900,3.9900,,product
3918,1670,,20.0000,0.9000,0.9000,0.9000,0.9000,,shipping
3919,1671,4183,20.0000,3.4900,3.4900,3.4900,3.4900,,product
3920,1671,,20.0000,1.0000,1.0000,1.0000,1.0000,,shipping
3921,1672,4185,20.0000,3.4900,3.4900,3.4900,3.4900,,product
3922,1672,,20.0000,1.0000,1.0000,1.0000,1.0000,,shipping
3923,1673,4187,20.0000,4.2200,4.2200,4.2200,4.2200,,product
3924,1673,,20.0000,0.9900,0.9900,0.9900,0.9900,,shipping
3925,1674,4189,20.0000,3.8500,3.8500,3.8500,3.8500,,product
3926,1674,,20.0000,0.9000,0.9000,0.9000,0.9000,,shipping
3927,1675,4191,20.0000,3.8500,3.8500,3.8500,3.8500,,product
3928,1675,,20.0000,0.9000,0.9000,0.9000,0.9000,,shipping
3929,1676,4193,20.0000,7.7600,7.7600,7.7600,7.7600,,product
3930,1676,,20.0000,0.9900,0.9900,0.9900,0.9900,,shipping
3931,1677,4195,20.0000,3.8500,3.8500,3.8500,3.8500,,product
3932,1677,,20.0000,0.9000,0.9000,0.9000,0.9000,,shipping
3933,1678,4197,20.0000,7.7900,7.7900,7.7900,7.7900,,product
3934,1678,,20.0000,0.9000,0.9000,0.9000,0.9000,,shipping
3935,1679,4199,20.0000,3.6200,3.6200,3.6200,3.6200,,product
3936,1679,,20.0000,0.9900,0.9900,0.9900,0.9900,,shipping
3937,1680,4201,20.0000,7.7600,7.7600,7.7600,7.7600,,product
3938,1680,4203,20.0000,7.7600,7.7600,7.7600,7.7600,,product
3939,1680,,20.0000,0.9900,0.9900,0.9900,0.9900,,shipping
3940,1681,4205,20.0000,3.8000,3.8000,3.8000,3.8000,,product
3941,1681,,20.0000,0.9000,0.9000,0.9000,0.9000,,shipping
3942,1682,4207,20.0000,9.5000,9.5000,9.5000,9.5000,,product
3943,1682,,20.0000,0.9000,0.9000,0.9000,0.9000,,shipping
3944,1683,4209,20.0000,3.8500,3.8500,3.8500,3.8500,,product
3945,1683,,20.0000,0.9000,0.9000,0.9000,0.9000,,shipping
3946,1684,4211,20.0000,9.5000,9.5000,9.5000,9.5000,,product
3947,1684,,20.0000,0.9000,0.9000,0.9000,0.9000,,shipping
3948,1685,4213,20.0000,5.2200,5.2200,5.2200,5.2200,,product
3949,1685,,20.0000,0.9000,0.9000,0.9000,0.9000,,shipping
3950,1686,4215,20.0000,5.2200,5.2200,5.2200,5.2200,,product
3951,1686,,20.0000,0.9000,0.9000,0.9000,0.9000,,shipping
3952,1687,4217,20.0000,8.6200,8.6200,8.6200,8.6200,,product
3953,1687,,20.0000,0.9900,0.9900,0.9900,0.9900,,shipping
3954,1688,4219,20.0000,3.9900,3.9900,3.9900,3.9900,,product
3955,1688,,20.0000,0.9000,0.9000,0.9000,0.9000,,shipping
3956,1689,4221,20.0000,7.4100,7.4100,7.4100,7.4100,,product
3957,1689,4223,20.0000,3.7000,3.7000,3.7000,3.7000,,product
3958,1689,4225,20.0000,3.6200,3.6200,3.6200,3.6200,,product
3959,1689,,20.0000,0.9900,0.9900,0.9900,0.9900,,shipping
3960,1690,4227,20.0000,3.9900,3.9900,3.9900,3.9900,,product
3961,1690,,20.0000,0.9000,0.9000,0.9000,0.9000,,shipping
3962,1691,4229,20.0000,7.0700,7.0700,7.0700,7.0700,,product
3963,1691,,20.0000,0.9900,0.9900,0.9900,0.9900,,shipping
3964,1692,4231,20.0000,4.7400,4.7400,4.7400,4.7400,,product
3965,1692,4233,20.0000,3.4900,3.4900,3.4900,3.4900,,product
3966,1692,4235,20.0000,3.7100,3.7100,3.7100,3.7100,,product
3967,1692,,20.0000,0.9900,0.9900,0.9900,0.9900,,shipping
3968,1693,4237,20.0000,4.2200,4.2200,4.2200,4.2200,,product
3969,1693,,20.0000,0.9900,0.9900,0.9900,0.9900,,shipping
3970,1694,4239,20.0000,4.0800,4.0800,4.0800,4.0800,,product
3971,1694,,20.0000,0.9000,0.9000,0.9000,0.9000,,shipping
3972,1695,4241,20.0000,3.7000,3.7000,3.7000,3.7000,,product
3973,1695,,20.0000,1.0000,1.0000,1.0000,1.0000,,shipping
3974,1696,4243,20.0000,4.3900,4.3900,4.3900,4.3900,,product
3975,1696,4245,20.0000,4.3900,4.3900,4.3900,4.3900,,product
3976,1696,4247,20.0000,1.1800,1.1800,1.1800,1.1800,,product
3977,1696,4249,20.0000,1.6200,1.6200,1.6200,1.6200,,product
3978,1696,4251,20.0000,1.6200,1.6200,1.6200,1.6200,,product
3979,1696,4253,20.0000,1.6200,1.6200,1.6200,1.6200,,product
3980,1696,4255,20.0000,1.6200,1.6200,1.6200,1.6200,,product
3981,1696,4257,20.0000,1.6200,1.6200,1.6200,1.6200,,product
3982,1696,,20.0000,0.0000,0.0000,0.0000,0.0000,,shipping
3983,1697,4259,20.0000,7.3300,7.3300,7.3300,7.3300,,product
3984,1697,,20.0000,0.9900,0.9900,0.9900,0.9900,,shipping
3985,1698,4261,20.0000,3.4500,3.4500,3.4500,3.4500,,product
3986,1698,,20.0000,0.9900,0.9900,0.9900,0.9900,,shipping
3987,1699,4263,20.0000,3.4500,3.4500,3.4500,3.4500,,product
3988,1699,,20.0000,0.9900,0.9900,0.9900,0.9900,,shipping
3989,1700,4265,20.0000,4.3300,4.3300,4.3300,4.3300,,product
3990,1700,,20.0000,0.0000,0.0000,0.0000,0.0000,,shipping
3991,1701,4267,20.0000,3.4900,3.4900,3.4900,3.4900,,product
3992,1701,,20.0000,1.0000,1.0000,1.0000,1.0000,,shipping
3993,1702,4269,20.0000,3.6200,3.6200,3.6200,3.6200,,product
3994,1702,,20.0000,0.9900,0.9900,0.9900,0.9900,,shipping
3995,1703,4271,20.0000,8.0200,8.0200,8.0200,8.0200,,product
3996,1703,,20.0000,0.9900,0.9900,0.9900,0.9900,,shipping
3997,1704,4273,20.0000,3.4500,3.4500,3.4500,3.4500,,product
3998,1704,,20.0000,0.9900,0.9900,0.9900,0.9900,,shipping
3999,1705,4275,20.0000,3.4500,3.4500,3.4500,3.4500,,product
4000,1705,,20.0000,0.9900,0.9900,0.9900,0.9900,,shipping
4001,1706,4277,20.0000,4.2200,4.2200,4.2200,4.2200,,product
4002,1706,,20.0000,0.9900,0.9900,0.9900,0.9900,,shipping
4003,1707,4279,20.0000,7.3300,7.3300,7.3300,7.3300,,product
4004,1707,,20.0000,0.9900,0.9900,0.9900,0.9900,,shipping
4005,1708,4281,20.0000,3.4900,3.4900,3.4900,3.4900,,product
4006,1708,,20.0000,1.0000,1.0000,1.0000,1.0000,,shipping
4007,1709,4283,20.0000,1.6200,1.6200,1.6200,1.6200,,product
4008,1709,4285,20.0000,1.6200,1.6200,1.6200,1.6200,,product
4009,1709,4287,20.0000,1.6200,1.6200,1.6200,1.6200,,product
4010,1709,4289,20.0000,1.6200,1.6200,1.6200,1.6200,,product
4011,1709,,20.0000,0.0000,0.0000,0.0000,0.0000,,shipping
4012,1710,4291,20.0000,8.6200,8.6200,8.6200,8.6200,,product
4013,1710,,20.0000,0.9900,0.9900,0.9900,0.9900,,shipping
4014,1711,4293,20.0000,3.8300,3.8300,3.8300,3.8300,,product
4015,1711,4295,20.0000,3.8300,3.8300,3.8300,3.8300,,product
4016,1711,4297,20.0000,4.6900,4.6900,4.6900,4.6900,,product
4017,1711,,20.0000,0.9900,0.9900,0.9900,0.9900,,shipping
4018,1712,4299,20.0000,1.6200,1.6200,1.6200,1.6200,,product
4019,1712,4301,20.0000,1.6200,1.6200,1.6200,1.6200,,product
4020,1712,,20.0000,0.0000,0.0000,0.0000,0.0000,,shipping
4021,1713,4303,20.0000,3.8300,3.8300,3.8300,3.8300,,product
4022,1713,,20.0000,0.9900,0.9900,0.9900,0.9900,,shipping
4023,1714,4305,20.0000,8.1400,8.1400,8.1400,8.1400,,product
4024,1714,,20.0000,0.9900,0.9900,0.9900,0.9900,,shipping
4025,1715,4307,20.0000,7.8500,7.8500,7.8500,7.8500,,product
4026,1715,,20.0000,1.0000,1.0000,1.0000,1.0000,,shipping
4027,1716,4309,20.0000,3.8800,3.8800,3.8800,3.8800,,product
4028,1716,,20.0000,0.9900,0.9900,0.9900,0.9900,,shipping
4029,1717,4311,20.0000,5.2700,5.2700,5.2700,5.2700,,product
4030,1717,,20.0000,0.9900,0.9900,0.9900,0.9900,,shipping
4031,1718,4313,20.0000,9.7400,9.7400,9.7400,9.7400,,product
4032,1718,,20.0000,0.0000,0.0000,0.0000,0.0000,,shipping
4033,1719,4315,20.0000,5.2700,5.2700,5.2700,5.2700,,product
4034,1719,,20.0000,0.9900,0.9900,0.9900,0.9900,,shipping
4035,1720,4317,20.0000,3.8300,3.8300,3.8300,3.8300,,product
4036,1720,,20.0000,0.9900,0.9900,0.9900,0.9900,,shipping
4037,1721,4319,20.0000,3.8300,3.8300,3.8300,3.8300,,product
4038,1721,,20.0000,0.9900,0.9900,0.9900,0.9900,,shipping
4039,1722,4321,20.0000,3.8300,3.8300,3.8300,3.8300,,product
4040,1722,4323,20.0000,8.9100,8.9100,8.9100,8.9100,,product
4041,1722,,20.0000,0.9900,0.9900,0.9900,0.9900,,shipping
4042,1723,4325,20.0000,3.8300,3.8300,3.8300,3.8300,,product
4043,1723,,20.0000,0.9900,0.9900,0.9900,0.9900,,shipping
4044,1724,4327,20.0000,9.5800,9.5800,9.5800,9.5800,,product
4045,1724,,20.0000,0.9900,0.9900,0.9900,0.9900,,shipping
4046,1725,4329,20.0000,9.5800,9.5800,9.5800,9.5800,,product
4047,1725,,20.0000,0.9900,0.9900,0.9900,0.9900,,shipping
4048,1726,4331,20.0000,8.1400,8.1400,8.1400,8.1400,,product
4049,1726,,20.0000,0.9900,0.9900,0.9900,0.9900,,shipping
4050,1727,4333,20.0000,3.8000,3.8000,3.8000,3.8000,,product
4051,1727,,20.0000,0.9000,0.9000,0.9000,0.9000,,shipping
4052,1728,4335,20.0000,3.9900,3.9900,3.9900,3.9900,,product
4053,1728,,20.0000,0.9000,0.9000,0.9000,0.9000,,shipping
4054,1729,4337,20.0000,4.3300,4.3300,4.3300,4.3300,,product
4055,1729,4339,20.0000,4.3300,4.3300,4.3300,4.3300,,product
4056,1729,,20.0000,0.0000,0.0000,0.0000,0.0000,,shipping
4057,1730,4341,20.0000,3.9900,3.9900,3.9900,3.9900,,product
4058,1730,,20.0000,0.9000,0.9000,0.9000,0.9000,,shipping
4059,1731,4343,20.0000,3.8500,3.8500,3.8500,3.8500,,product
4060,1731,,20.0000,0.9000,0.9000,0.9000,0.9000,,shipping
4061,1732,4345,20.0000,4.6500,4.6500,4.6500,4.6500,,product
4062,1732,,20.0000,0.9000,0.9000,0.9000,0.9000,,shipping
4063,1733,4347,20.0000,3.8500,3.8500,3.8500,3.8500,,product
4064,1733,,20.0000,0.9000,0.9000,0.9000,0.9000,,shipping
4065,1734,4349,20.0000,3.8800,3.8800,3.8800,3.8800,,product
4066,1734,,20.0000,0.9900,0.9900,0.9900,0.9900,,shipping
4067,1735,4351,20.0000,8.6200,8.6200,8.6200,8.6200,,product
4068,1735,,20.0000,0.9900,0.9900,0.9900,0.9900,,shipping
4069,1736,4353,20.0000,3.2400,3.2400,3.2400,3.2400,,product
4070,1736,4355,20.0000,3.2400,3.2400,3.2400,3.2400,,product
4071,1736,4357,20.0000,3.2400,3.2400,3.2400,3.2400,,product
4072,1736,4359,20.0000,1.6200,1.6200,1.6200,1.6200,,product
4073,1736,,20.0000,0.0000,0.0000,0.0000,0.0000,,shipping
4074,1737,4361,20.0000,3.8800,3.8800,3.8800,3.8800,,product
4075,1737,,20.0000,0.9900,0.9900,0.9900,0.9900,,shipping
4076,1738,4363,20.0000,4.0200,4.0200,4.0200,4.0200,,product
4077,1738,,20.0000,0.9900,0.9900,0.9900,0.9900,,shipping
4078,1739,4365,20.0000,9.0200,9.0200,9.0200,9.0200,,product
4079,1739,,20.0000,0.9000,0.9000,0.9000,0.9000,,shipping
4080,1740,4367,20.0000,3.8000,3.8000,3.8000,3.8000,,product
4081,1740,,20.0000,0.9000,0.9000,0.9000,0.9000,,shipping
4082,1741,4369,20.0000,3.8000,3.8000,3.8000,3.8000,,product
4083,1741,,20.0000,0.9000,0.9000,0.9000,0.9000,,shipping
4084,1742,4371,20.0000,9.0000,9.0000,9.0000,9.0000,,product
4085,1742,,20.0000,1.0000,1.0000,1.0000,1.0000,,shipping
4086,1743,4373,20.0000,8.1400,8.1400,8.1400,8.1400,,product
4087,1743,,20.0000,0.9900,0.9900,0.9900,0.9900,,shipping
4088,1744,4375,20.0000,8.1400,8.1400,8.1400,8.1400,,product
4089,1744,,20.0000,0.9900,0.9900,0.9900,0.9900,,shipping
4090,1745,4377,20.0000,8.6200,8.6200,8.6200,8.6200,,product
4091,1745,4379,20.0000,8.6200,8.6200,8.6200,8.6200,,product
4092,1745,,20.0000,0.9900,0.9900,0.9900,0.9900,,shipping
4093,1746,4381,20.0000,9.1000,9.1000,9.1000,9.1000,,product
4094,1746,,20.0000,0.9900,0.9900,0.9900,0.9900,,shipping
4095,1747,4383,20.0000,8.6200,8.6200,8.6200,8.6200,,product
4096,1747,,20.0000,0.9900,0.9900,0.9900,0.9900,,shipping
4097,1748,4385,20.0000,3.8800,3.8800,3.8800,3.8800,,product
4098,1748,4387,20.0000,9.5800,9.5800,9.5800,9.5800,,product
4099,1748,,20.0000,0.9900,0.9900,0.9900,0.9900,,shipping
4100,1749,4389,20.0000,3.8800,3.8800,3.8800,3.8800,,product
4101,1749,,20.0000,0.9900,0.9900,0.9900,0.9900,,shipping
4102,1750,4391,20.0000,5.5500,5.5500,5.5500,5.5500,,product
4103,1750,,20.0000,1.0000,1.0000,1.0000,1.0000,,shipping
4104,1751,4393,20.0000,4.1200,4.1200,4.1200,4.1200,,product
4105,1751,,20.0000,0.9900,0.9900,0.9900,0.9900,,shipping
4106,1752,4395,20.0000,4.0800,4.0800,4.0800,4.0800,,product
4107,1752,,20.0000,0.9000,0.9000,0.9000,0.9000,,shipping
4108,1753,4397,20.0000,3.8500,3.8500,3.8500,3.8500,,product
4109,1753,,20.0000,0.9000,0.9000,0.9000,0.9000,,shipping
4110,1754,4399,20.0000,4.6500,4.6500,4.6500,4.6500,,product
4111,1754,,20.0000,0.9000,0.9000,0.9000,0.9000,,shipping
4112,1755,4401,20.0000,3.8000,3.8000,3.8000,3.8000,,product
4113,1755,,20.0000,0.9000,0.9000,0.9000,0.9000,,shipping
4114,1756,4403,20.0000,3.8500,3.8500,3.8500,3.8500,,product
4115,1756,,20.0000,0.9000,0.9000,0.9000,0.9000,,shipping
4116,1757,4405,20.0000,3.9900,3.9900,3.9900,3.9900,,product
4117,1757,,20.0000,0.9000,0.9000,0.9000,0.9000,,shipping
4118,1758,4407,20.0000,3.9900,3.9900,3.9900,3.9900,,product
4119,1758,4409,20.0000,4.0800,4.0800,4.0800,4.0800,,product
4120,1758,,20.0000,0.9000,0.9000,0.9000,0.9000,,shipping
4121,1759,4411,20.0000,3.8300,3.8300,3.8300,3.8300,,product
4122,1759,,20.0000,0.9900,0.9900,0.9900,0.9900,,shipping
4123,1760,4413,20.0000,3.8300,3.8300,3.8300,3.8300,,product
4124,1760,4415,20.0000,3.8300,3.8300,3.8300,3.8300,,product
4125,1760,,20.0000,0.9900,0.9900,0.9900,0.9900,,shipping
4126,1761,4417,20.0000,5.2700,5.2700,5.2700,5.2700,,product
4127,1761,,20.0000,0.9900,0.9900,0.9900,0.9900,,shipping
4128,1762,4419,20.0000,9.7400,9.7400,9.7400,9.7400,,product
4129,1762,,20.0000,0.6600,0.6600,0.6600,0.6600,,shipping
4130,1763,4421,20.0000,3.8500,3.8500,3.8500,3.8500,,product
4131,1763,,20.0000,0.9000,0.9000,0.9000,0.9000,,shipping
4132,1764,4423,20.0000,8.6200,8.6200,8.6200,8.6200,,product
4133,1764,,20.0000,0.9900,0.9900,0.9900,0.9900,,shipping
4134,1765,4425,20.0000,8.1400,8.1400,8.1400,8.1400,,product
4135,1765,,20.0000,0.9900,0.9900,0.9900,0.9900,,shipping
4136,1766,4427,20.0000,8.6200,8.6200,8.6200,8.6200,,product
4137,1766,,20.0000,0.9900,0.9900,0.9900,0.9900,,shipping
4138,1767,4429,20.0000,8.1400,8.1400,8.1400,8.1400,,product
4139,1767,,20.0000,0.9900,0.9900,0.9900,0.9900,,shipping
4140,1768,4431,20.0000,8.9100,8.9100,8.9100,8.9100,,product
4141,1768,,20.0000,0.9900,0.9900,0.9900,0.9900,,shipping
4142,1769,4433,20.0000,3.8800,3.8800,3.8800,3.8800,,product
4143,1769,,20.0000,0.9900,0.9900,0.9900,0.9900,,shipping
4144,1770,4435,20.0000,8.6200,8.6200,8.6200,8.6200,,product
4145,1770,4437,20.0000,8.6200,8.6200,8.6200,8.6200,,product
4146,1770,,20.0000,0.9900,0.9900,0.9900,0.9900,,shipping
4147,1771,4439,20.0000,4.6900,4.6900,4.6900,4.6900,,product
4148,1771,,20.0000,0.9900,0.9900,0.9900,0.9900,,shipping
4149,1772,4441,20.0000,4.6900,4.6900,4.6900,4.6900,,product
4150,1772,,20.0000,0.9900,0.9900,0.9900,0.9900,,shipping
4151,1773,4443,20.0000,9.1000,9.1000,9.1000,9.1000,,product
4152,1773,,20.0000,0.9900,0.9900,0.9900,0.9900,,shipping
4153,1774,4445,20.0000,4.1200,4.1200,4.1200,4.1200,,product
4154,1774,,20.0000,0.9900,0.9900,0.9900,0.9900,,shipping
4155,1775,4447,20.0000,8.9100,8.9100,8.9100,8.9100,,product
4156,1775,,20.0000,0.9900,0.9900,0.9900,0.9900,,shipping
4157,1776,4449,20.0000,3.8300,3.8300,3.8300,3.8300,,product
4158,1776,,20.0000,0.9900,0.9900,0.9900,0.9900,,shipping
4159,1777,4451,20.0000,3.8300,3.8300,3.8300,3.8300,,product
4160,1777,,20.0000,0.9900,0.9900,0.9900,0.9900,,shipping
4161,1778,4453,20.0000,8.6200,8.6200,8.6200,8.6200,,product
4162,1778,,20.0000,0.9900,0.9900,0.9900,0.9900,,shipping
4163,1779,4455,20.0000,8.5500,8.5500,8.5500,8.5500,,product
4164,1779,,20.0000,0.9000,0.9000,0.9000,0.9000,,shipping
4165,1780,4457,20.0000,3.8500,3.8500,3.8500,3.8500,,product
4166,1780,,20.0000,0.9000,0.9000,0.9000,0.9000,,shipping
4167,1781,4459,20.0000,8.6200,8.6200,8.6200,8.6200,,product
4168,1781,,20.0000,0.9900,0.9900,0.9900,0.9900,,shipping
4169,1782,4461,20.0000,8.6200,8.6200,8.6200,8.6200,,product
4170,1782,,20.0000,0.9900,0.9900,0.9900,0.9900,,shipping
4171,1783,4463,20.0000,4.0800,4.0800,4.0800,4.0800,,product
4172,1783,,20.0000,0.9000,0.9000,0.9000,0.9000,,shipping
4173,1784,4465,20.0000,5.2200,5.2200,5.2200,5.2200,,product
4174,1784,,20.0000,0.9000,0.9000,0.9000,0.9000,,shipping
4175,1785,4467,20.0000,3.8000,3.8000,3.8000,3.8000,,product
4176,1785,,20.0000,0.9000,0.9000,0.9000,0.9000,,shipping
4177,1786,4469,20.0000,4.0800,4.0800,4.0800,4.0800,,product
4178,1786,4471,20.0000,3.9900,3.9900,3.9900,3.9900,,product
4179,1786,,20.0000,0.9000,0.9000,0.9000,0.9000,,shipping
4180,1787,4473,20.0000,3.8800,3.8800,3.8800,3.8800,,product
4181,1787,,20.0000,0.9900,0.9900,0.9900,0.9900,,shipping
4182,1788,4475,20.0000,9.1000,9.1000,9.1000,9.1000,,product
4183,1788,,20.0000,0.9900,0.9900,0.9900,0.9900,,shipping
4184,1789,4477,20.0000,3.8500,3.8500,3.8500,3.8500,,product
4185,1789,,20.0000,0.9000,0.9000,0.9000,0.9000,,shipping
4186,1790,4479,20.0000,3.9900,3.9900,3.9900,3.9900,,product
4187,1790,,20.0000,0.9000,0.9000,0.9000,0.9000,,shipping
4188,1791,4481,20.0000,3.8000,3.8000,3.8000,3.8000,,product
4189,1791,,20.0000,0.9000,0.9000,0.9000,0.9000,,shipping
4190,1792,4483,20.0000,8.9100,8.9100,8.9100,8.9100,,product
4191,1792,,20.0000,0.9900,0.9900,0.9900,0.9900,,shipping
4192,1793,4485,20.0000,9.5800,9.5800,9.5800,9.5800,,product
4193,1793,,20.0000,0.9900,0.9900,0.9900,0.9900,,shipping
4194,1794,4487,20.0000,8.9100,8.9100,8.9100,8.9100,,product
4195,1794,,20.0000,0.9900,0.9900,0.9900,0.9900,,shipping
4196,1795,4489,20.0000,4.0200,4.0200,4.0200,4.0200,,product
4197,1795,,20.0000,0.9900,0.9900,0.9900,0.9900,,shipping
4198,1796,4491,20.0000,8.9100,8.9100,8.9100,8.9100,,product
4199,1796,,20.0000,0.9900,0.9900,0.9900,0.9900,,shipping
4200,1797,4493,20.0000,5.2200,5.2200,5.2200,5.2200,,product
4201,1797,,20.0000,0.9000,0.9000,0.9000,0.9000,,shipping
4202,1798,4495,20.0000,3.8500,3.8500,3.8500,3.8500,,product
4203,1798,,20.0000,0.9000,0.9000,0.9000,0.9000,,shipping
4204,1799,4497,20.0000,3.8000,3.8000,3.8000,3.8000,,product
4205,1799,,20.0000,0.9000,0.9000,0.9000,0.9000,,shipping
4206,1800,4499,20.0000,8.5500,8.5500,8.5500,8.5500,,product
4207,1800,4501,20.0000,8.0700,8.0700,8.0700,8.0700,,product
4208,1800,,20.0000,0.9000,0.9000,0.9000,0.9000,,shipping
4209,1801,4503,20.0000,8.9100,8.9100,8.9100,8.9100,,product
4210,1801,,20.0000,0.9900,0.9900,0.9900,0.9900,,shipping
4211,1802,4505,20.0000,3.8300,3.8300,3.8300,3.8300,,product
4212,1802,,20.0000,0.9900,0.9900,0.9900,0.9900,,shipping
4213,1803,4507,20.0000,3.8300,3.8300,3.8300,3.8300,,product
4214,1803,,20.0000,0.9900,0.9900,0.9900,0.9900,,shipping
4215,1804,4509,20.0000,8.9100,8.9100,8.9100,8.9100,,product
4216,1804,4511,20.0000,8.6200,8.6200,8.6200,8.6200,,product
4217,1804,,20.0000,0.9900,0.9900,0.9900,0.9900,,shipping
4218,1805,4513,20.0000,8.6200,8.6200,8.6200,8.6200,,product
4219,1805,4515,20.0000,8.6200,8.6200,8.6200,8.6200,,product
4220,1805,,20.0000,0.9900,0.9900,0.9900,0.9900,,shipping
4221,1806,4517,20.0000,8.1400,8.1400,8.1400,8.1400,,product
4222,1806,,20.0000,0.9900,0.9900,0.9900,0.9900,,shipping
4223,1807,4519,20.0000,5.2700,5.2700,5.2700,5.2700,,product
4224,1807,,20.0000,0.9900,0.9900,0.9900,0.9900,,shipping
4225,1808,4521,20.0000,9.5800,9.5800,9.5800,9.5800,,product
4226,1808,,20.0000,0.9900,0.9900,0.9900,0.9900,,shipping
4227,1809,4523,20.0000,4.0200,4.0200,4.0200,4.0200,,product
4228,1809,,20.0000,0.9900,0.9900,0.9900,0.9900,,shipping
4229,1810,4525,20.0000,3.8500,3.8500,3.8500,3.8500,,product
4230,1810,,20.0000,0.9000,0.9000,0.9000,0.9000,,shipping
4231,1811,4527,20.0000,5.2200,5.2200,5.2200,5.2200,,product
4232,1811,,20.0000,0.9000,0.9000,0.9000,0.9000,,shipping
4233,1812,4529,20.0000,8.8300,8.8300,8.8300,8.8300,,product
4234,1812,,20.0000,0.9000,0.9000,0.9000,0.9000,,shipping
4235,1813,4531,20.0000,3.8500,3.8500,3.8500,3.8500,,product
4236,1813,4533,20.0000,3.8500,3.8500,3.8500,3.8500,,product
4237,1813,,20.0000,0.9000,0.9000,0.9000,0.9000,,shipping
4238,1814,4535,20.0000,5.2700,5.2700,5.2700,5.2700,,product
4239,1814,,20.0000,0.9900,0.9900,0.9900,0.9900,,shipping
4240,1815,4537,20.0000,4.0200,4.0200,4.0200,4.0200,,product
4241,1815,,20.0000,0.9900,0.9900,0.9900,0.9900,,shipping
4242,1816,4539,20.0000,4.0200,4.0200,4.0200,4.0200,,product
4243,1816,,20.0000,0.9900,0.9900,0.9900,0.9900,,shipping
4244,1817,4541,20.0000,8.6200,8.6200,8.6200,8.6200,,product
4245,1817,,20.0000,0.9900,0.9900,0.9900,0.9900,,shipping
4246,1818,4543,20.0000,8.9100,8.9100,8.9100,8.9100,,product
4247,1818,,20.0000,0.9900,0.9900,0.9900,0.9900,,shipping
4248,1819,4545,20.0000,8.5500,8.5500,8.5500,8.5500,,product
4249,1819,,20.0000,0.9000,0.9000,0.9000,0.9000,,shipping
4250,1820,4547,20.0000,4.0800,4.0800,4.0800,4.0800,,product
4251,1820,,20.0000,0.9000,0.9000,0.9000,0.9000,,shipping
4252,1821,4549,20.0000,4.0800,4.0800,4.0800,4.0800,,product
4253,1821,,20.0000,0.9000,0.9000,0.9000,0.9000,,shipping
4254,1822,4551,20.0000,3.8500,3.8500,3.8500,3.8500,,product
4255,1822,,20.0000,0.9000,0.9000,0.9000,0.9000,,shipping
4256,1823,4553,20.0000,3.9900,3.9900,3.9900,3.9900,,product
4257,1823,,20.0000,0.9000,0.9000,0.9000,0.9000,,shipping
4258,1824,4555,20.0000,9.5800,9.5800,9.5800,9.5800,,product
4259,1824,,20.0000,0.9900,0.9900,0.9900,0.9900,,shipping
4260,1825,4557,20.0000,4.0800,4.0800,4.0800,4.0800,,product
4261,1825,,20.0000,0.9000,0.9000,0.9000,0.9000,,shipping
4262,1826,4559,20.0000,3.9900,3.9900,3.9900,3.9900,,product
4263,1826,,20.0000,0.9000,0.9000,0.9000,0.9000,,shipping
4264,1827,4561,20.0000,7.8500,7.8500,7.8500,7.8500,,product
4265,1827,,20.0000,1.0000,1.0000,1.0000,1.0000,,shipping
4266,1828,4563,20.0000,3.8000,3.8000,3.8000,3.8000,,product
4267,1828,,20.0000,0.9000,0.9000,0.9000,0.9000,,shipping
4268,1829,4565,20.0000,3.8800,3.8800,3.8800,3.8800,,product
4269,1829,,20.0000,0.9900,0.9900,0.9900,0.9900,,shipping
4270,1830,4567,20.0000,8.1400,8.1400,8.1400,8.1400,,product
4271,1830,,20.0000,0.9900,0.9900,0.9900,0.9900,,shipping
4272,1831,4569,20.0000,3.8800,3.8800,3.8800,3.8800,,product
4273,1831,,20.0000,0.9900,0.9900,0.9900,0.9900,,shipping
4274,1832,4571,20.0000,4.0200,4.0200,4.0200,4.0200,,product
4275,1832,,20.0000,0.9900,0.9900,0.9900,0.9900,,shipping
4276,1833,4573,20.0000,4.0200,4.0200,4.0200,4.0200,,product
4277,1833,,20.0000,0.9900,0.9900,0.9900,0.9900,,shipping
4278,1834,4575,20.0000,3.8300,3.8300,3.8300,3.8300,,product
4279,1834,4577,20.0000,3.8300,3.8300,3.8300,3.8300,,product
4280,1834,,20.0000,0.9900,0.9900,0.9900,0.9900,,shipping
4281,1835,4579,20.0000,5.5500,5.5500,5.5500,5.5500,,product
4282,1835,,20.0000,1.0000,1.0000,1.0000,1.0000,,shipping
4283,1836,4581,20.0000,8.6200,8.6200,8.6200,8.6200,,product
4284,1836,,20.0000,0.9900,0.9900,0.9900,0.9900,,shipping
4285,1837,4583,20.0000,8.5500,8.5500,8.5500,8.5500,,product
4286,1837,,20.0000,0.9000,0.9000,0.9000,0.9000,,shipping
4287,1838,4585,20.0000,3.9900,3.9900,3.9900,3.9900,,product
4288,1838,,20.0000,0.9000,0.9000,0.9000,0.9000,,shipping
4289,1839,4587,20.0000,8.3300,8.3300,8.3300,8.3300,,product
4290,1839,,20.0000,0.9900,0.9900,0.9900,0.9900,,shipping
4291,1840,4589,20.0000,9.5800,9.5800,9.5800,9.5800,,product
4292,1840,,20.0000,0.9900,0.9900,0.9900,0.9900,,shipping
4293,1841,4591,20.0000,3.9900,3.9900,3.9900,3.9900,,product
4294,1841,,20.0000,0.9000,0.9000,0.9000,0.9000,,shipping
4295,1842,4593,20.0000,1.4300,1.4300,1.4300,1.4300,,product
4296,1842,,20.0000,0.6600,0.6600,0.6600,0.6600,,shipping
4297,1843,4595,20.0000,3.9900,3.9900,3.9900,3.9900,,product
4298,1843,,20.0000,0.9000,0.9000,0.9000,0.9000,,shipping
4299,1844,4597,20.0000,9.5800,9.5800,9.5800,9.5800,,product
4300,1844,,20.0000,0.9900,0.9900,0.9900,0.9900,,shipping
4301,1845,4599,20.0000,4.0200,4.0200,4.0200,4.0200,,product
4302,1845,,20.0000,0.9900,0.9900,0.9900,0.9900,,shipping
4303,1846,4601,20.0000,3.8300,3.8300,3.8300,3.8300,,product
4304,1846,,20.0000,0.9900,0.9900,0.9900,0.9900,,shipping
4305,1847,4603,20.0000,3.8800,3.8800,3.8800,3.8800,,product
4306,1847,,20.0000,0.9900,0.9900,0.9900,0.9900,,shipping
4307,1848,4605,20.0000,8.1400,8.1400,8.1400,8.1400,,product
4308,1848,,20.0000,0.9900,0.9900,0.9900,0.9900,,shipping
4309,1849,4607,20.0000,4.0200,4.0200,4.0200,4.0200,,product
4310,1849,,20.0000,0.9900,0.9900,0.9900,0.9900,,shipping
4311,1850,4609,20.0000,8.6200,8.6200,8.6200,8.6200,,product
4312,1850,,20.0000,0.9900,0.9900,0.9900,0.9900,,shipping
4313,1851,4611,20.0000,5.2200,5.2200,5.2200,5.2200,,product
4314,1851,,20.0000,0.9000,0.9000,0.9000,0.9000,,shipping
4315,1852,4613,20.0000,8.8300,8.8300,8.8300,8.8300,,product
4316,1852,,20.0000,0.9000,0.9000,0.9000,0.9000,,shipping
4317,1853,4615,20.0000,3.9900,3.9900,3.9900,3.9900,,product
4318,1853,,20.0000,0.9000,0.9000,0.9000,0.9000,,shipping
4319,1854,4617,20.0000,5.2200,5.2200,5.2200,5.2200,,product
4320,1854,4619,20.0000,5.2200,5.2200,5.2200,5.2200,,product
4321,1854,,20.0000,0.9000,0.9000,0.9000,0.9000,,shipping
4322,1855,4621,20.0000,3.8800,3.8800,3.8800,3.8800,,product
4323,1855,,20.0000,0.9900,0.9900,0.9900,0.9900,,shipping
4324,1856,4623,20.0000,9.5800,9.5800,9.5800,9.5800,,product
4325,1856,,20.0000,0.9900,0.9900,0.9900,0.9900,,shipping
4326,1857,4625,20.0000,3.8300,3.8300,3.8300,3.8300,,product
4327,1857,,20.0000,0.9900,0.9900,0.9900,0.9900,,shipping
4328,1858,4627,20.0000,4.1200,4.1200,4.1200,4.1200,,product
4329,1858,,20.0000,0.9900,0.9900,0.9900,0.9900,,shipping
4330,1859,4629,20.0000,9.5800,9.5800,9.5800,9.5800,,product
4331,1859,,20.0000,0.9900,0.9900,0.9900,0.9900,,shipping
4332,1860,4631,20.0000,4.1200,4.1200,4.1200,4.1200,,product
4333,1860,,20.0000,0.9900,0.9900,0.9900,0.9900,,shipping
4334,1861,4633,20.0000,5.2700,5.2700,5.2700,5.2700,,product
4335,1861,,20.0000,0.9900,0.9900,0.9900,0.9900,,shipping
4336,1862,4635,20.0000,9.7400,9.7400,9.7400,9.7400,,product
4337,1862,,20.0000,0.0000,0.0000,0.0000,0.0000,,shipping
4338,1863,4637,20.0000,3.8500,3.8500,3.8500,3.8500,,product
4339,1863,,20.0000,0.9000,0.9000,0.9000,0.9000,,shipping
4340,1864,4639,20.0000,8.5500,8.5500,8.5500,8.5500,,product
4341,1864,,20.0000,0.9000,0.9000,0.9000,0.9000,,shipping
4342,1865,4641,20.0000,3.8500,3.8500,3.8500,3.8500,,product
4343,1865,,20.0000,0.9000,0.9000,0.9000,0.9000,,shipping
4344,1866,4643,20.0000,8.2600,8.2600,8.2600,8.2600,,product
4345,1866,,20.0000,0.9000,0.9000,0.9000,0.9000,,shipping
4346,1867,4645,20.0000,3.9900,3.9900,3.9900,3.9900,,product
4347,1867,,20.0000,0.9000,0.9000,0.9000,0.9000,,shipping
4348,1868,4647,20.0000,8.6200,8.6200,8.6200,8.6200,,product
4349,1868,,20.0000,0.9900,0.9900,0.9900,0.9900,,shipping
4350,1869,4649,20.0000,8.3300,8.3300,8.3300,8.3300,,product
4351,1869,,20.0000,0.9900,0.9900,0.9900,0.9900,,shipping
4352,1870,4651,20.0000,4.0200,4.0200,4.0200,4.0200,,product
4353,1870,,20.0000,0.9900,0.9900,0.9900,0.9900,,shipping
4354,1871,4653,20.0000,4.0200,4.0200,4.0200,4.0200,,product
4355,1871,,20.0000,0.9900,0.9900,0.9900,0.9900,,shipping
4356,1872,4655,20.0000,9.5800,9.5800,9.5800,9.5800,,product
4357,1872,,20.0000,0.9900,0.9900,0.9900,0.9900,,shipping
4358,1873,4657,20.0000,8.3300,8.3300,8.3300,8.3300,,product
4359,1873,,20.0000,0.9900,0.9900,0.9900,0.9900,,shipping
4360,1874,4659,20.0000,4.0200,4.0200,4.0200,4.0200,,product
4361,1874,,20.0000,0.9900,0.9900,0.9900,0.9900,,shipping
4362,1875,4661,20.0000,8.6200,8.6200,8.6200,8.6200,,product
4363,1875,,20.0000,0.9900,0.9900,0.9900,0.9900,,shipping
4364,1876,4663,20.0000,3.8300,3.8300,3.8300,3.8300,,product
4365,1876,,20.0000,0.9900,0.9900,0.9900,0.9900,,shipping
4366,1877,4665,20.0000,4.0200,4.0200,4.0200,4.0200,,product
4367,1877,,20.0000,0.9900,0.9900,0.9900,0.9900,,shipping
4368,1878,4667,20.0000,4.0200,4.0200,4.0200,4.0200,,product
4369,1878,,20.0000,0.9900,0.9900,0.9900,0.9900,,shipping
4370,1879,4669,20.0000,4.1200,4.1200,4.1200,4.1200,,product
4371,1879,,20.0000,0.9900,0.9900,0.9900,0.9900,,shipping
4372,1880,4671,20.0000,3.8800,3.8800,3.8800,3.8800,,product
4373,1880,,20.0000,0.9900,0.9900,0.9900,0.9900,,shipping
4374,1881,4673,20.0000,8.6200,8.6200,8.6200,8.6200,,product
4375,1881,4675,20.0000,8.6200,8.6200,8.6200,8.6200,,product
4376,1881,,20.0000,0.9900,0.9900,0.9900,0.9900,,shipping
4377,1882,4677,20.0000,4.0200,4.0200,4.0200,4.0200,,product
4378,1882,,20.0000,0.9900,0.9900,0.9900,0.9900,,shipping
4379,1883,4679,20.0000,8.6200,8.6200,8.6200,8.6200,,product
4380,1883,,20.0000,0.9900,0.9900,0.9900,0.9900,,shipping
4381,1884,4681,20.0000,3.8300,3.8300,3.8300,3.8300,,product
4382,1884,,20.0000,0.9900,0.9900,0.9900,0.9900,,shipping
4383,1885,4683,20.0000,3.8500,3.8500,3.8500,3.8500,,product
4384,1885,,20.0000,0.9000,0.9000,0.9000,0.9000,,shipping
4385,1886,4685,20.0000,1.6200,1.6200,1.6200,1.6200,,product
4386,1886,,20.0000,0.6600,0.6600,0.6600,0.6600,,shipping
4387,1887,4687,20.0000,3.9900,3.9900,3.9900,3.9900,,product
4388,1887,,20.0000,0.9000,0.9000,0.9000,0.9000,,shipping
4389,1888,4689,20.0000,8.5500,8.5500,8.5500,8.5500,,product
4390,1888,,20.0000,0.9000,0.9000,0.9000,0.9000,,shipping
4391,1889,4691,20.0000,3.8300,3.8300,3.8300,3.8300,,product
4392,1889,,20.0000,0.9900,0.9900,0.9900,0.9900,,shipping
4393,1890,4693,20.0000,4.0200,4.0200,4.0200,4.0200,,product
4394,1890,,20.0000,0.9900,0.9900,0.9900,0.9900,,shipping
4395,1891,4695,20.0000,4.1200,4.1200,4.1200,4.1200,,product
4396,1891,,20.0000,0.9900,0.9900,0.9900,0.9900,,shipping
4397,1892,4697,20.0000,3.8800,3.8800,3.8800,3.8800,,product
4398,1892,,20.0000,0.9900,0.9900,0.9900,0.9900,,shipping
4399,1893,4699,20.0000,3.8300,3.8300,3.8300,3.8300,,product
4400,1893,,20.0000,0.9900,0.9900,0.9900,0.9900,,shipping
4401,1894,4701,20.0000,3.8800,3.8800,3.8800,3.8800,,product
4402,1894,,20.0000,0.9900,0.9900,0.9900,0.9900,,shipping
4403,1895,4703,20.0000,5.2700,5.2700,5.2700,5.2700,,product
4404,1895,,20.0000,0.9900,0.9900,0.9900,0.9900,,shipping
4405,1896,4705,20.0000,9.5800,9.5800,9.5800,9.5800,,product
4406,1896,,20.0000,0.9900,0.9900,0.9900,0.9900,,shipping
4407,1897,4707,20.0000,8.6200,8.6200,8.6200,8.6200,,product
4408,1897,,20.0000,0.9900,0.9900,0.9900,0.9900,,shipping
4409,1898,4709,20.0000,8.3300,8.3300,8.3300,8.3300,,product
4410,1898,,20.0000,0.9900,0.9900,0.9900,0.9900,,shipping
4411,1899,4711,20.0000,4.1200,4.1200,4.1200,4.1200,,product
4412,1899,,20.0000,0.9900,0.9900,0.9900,0.9900,,shipping
4413,1900,4713,20.0000,9.5800,9.5800,9.5800,9.5800,,product
4414,1900,,20.0000,0.9900,0.9900,0.9900,0.9900,,shipping
4415,1901,4715,20.0000,4.0200,4.0200,4.0200,4.0200,,product
4416,1901,,20.0000,0.9900,0.9900,0.9900,0.9900,,shipping
4417,1902,4717,20.0000,3.8500,3.8500,3.8500,3.8500,,product
4418,1902,,20.0000,0.9000,0.9000,0.9000,0.9000,,shipping
4419,1903,4719,20.0000,3.9900,3.9900,3.9900,3.9900,,product
4420,1903,,20.0000,0.9000,0.9000,0.9000,0.9000,,shipping
4421,1904,4721,20.0000,3.9900,3.9900,3.9900,3.9900,,product
4422,1904,,20.0000,0.9000,0.9000,0.9000,0.9000,,shipping
4423,1905,4723,20.0000,5.5500,5.5500,5.5500,5.5500,,product
4424,1905,,20.0000,1.0000,1.0000,1.0000,1.0000,,shipping
4425,1906,4725,20.0000,8.6200,8.6200,8.6200,8.6200,,product
4426,1906,,20.0000,0.9900,0.9900,0.9900,0.9900,,shipping
4427,1907,4727,20.0000,4.0200,4.0200,4.0200,4.0200,,product
4428,1907,,20.0000,0.9900,0.9900,0.9900,0.9900,,shipping
4429,1908,4729,20.0000,3.8800,3.8800,3.8800,3.8800,,product
4430,1908,,20.0000,0.9900,0.9900,0.9900,0.9900,,shipping
4431,1909,4731,20.0000,8.6200,8.6200,8.6200,8.6200,,product
4432,1909,4733,20.0000,8.6200,8.6200,8.6200,8.6200,,product
4433,1909,,20.0000,0.9900,0.9900,0.9900,0.9900,,shipping
4434,1910,4735,20.0000,4.0200,4.0200,4.0200,4.0200,,product
4435,1910,,20.0000,0.9900,0.9900,0.9900,0.9900,,shipping
4436,1911,4737,20.0000,8.1400,8.1400,8.1400,8.1400,,product
4437,1911,4739,20.0000,8.6200,8.6200,8.6200,8.6200,,product
4438,1911,,20.0000,0.9900,0.9900,0.9900,0.9900,,shipping
4439,1912,4741,20.0000,1.1900,1.1900,1.1900,1.1900,,product
4440,1912,4743,20.0000,1.1800,1.1800,1.1800,1.1800,,product
4441,1912,4745,20.0000,1.1900,1.1900,1.1900,1.1900,,product
4442,1912,4747,20.0000,1.4000,1.4000,1.4000,1.4000,,product
4443,1912,4749,20.0000,1.4000,1.4000,1.4000,1.4000,,product
4444,1912,4751,20.0000,0.9700,0.9700,0.9700,0.9700,,product
4445,1912,,20.0000,0.0000,0.0000,0.0000,0.0000,,shipping
4446,1913,4752,20.0000,3.8500,3.8500,3.8500,3.8500,,product
4447,1913,,20.0000,0.9000,0.9000,0.9000,0.9000,,shipping
4448,1914,4754,20.0000,3.8500,3.8500,3.8500,3.8500,,product
4449,1914,,20.0000,0.9000,0.9000,0.9000,0.9000,,shipping
4450,1915,4756,20.0000,4.0800,4.0800,4.0800,4.0800,,product
4451,1915,,20.0000,0.9000,0.9000,0.9000,0.9000,,shipping
4452,1916,4758,20.0000,9.0200,9.0200,9.0200,9.0200,,product
4453,1916,,20.0000,0.9000,0.9000,0.9000,0.9000,,shipping
4454,1917,4760,20.0000,4.0200,4.0200,4.0200,4.0200,,product
4455,1917,,20.0000,0.9900,0.9900,0.9900,0.9900,,shipping
4456,1918,4762,20.0000,9.5800,9.5800,9.5800,9.5800,,product
4457,1918,,20.0000,0.9900,0.9900,0.9900,0.9900,,shipping
4458,1919,4764,20.0000,9.5800,9.5800,9.5800,9.5800,,product
4459,1919,,20.0000,0.9900,0.9900,0.9900,0.9900,,shipping
4460,1920,4766,20.0000,3.8300,3.8300,3.8300,3.8300,,product
4461,1920,,20.0000,0.9900,0.9900,0.9900,0.9900,,shipping
4462,1921,4768,20.0000,3.8300,3.8300,3.8300,3.8300,,product
4463,1921,,20.0000,0.9900,0.9900,0.9900,0.9900,,shipping
4464,1922,4770,20.0000,8.3300,8.3300,8.3300,8.3300,,product
4465,1922,,20.0000,0.9900,0.9900,0.9900,0.9900,,shipping
4466,1923,4772,20.0000,9.5800,9.5800,9.5800,9.5800,,product
4467,1923,,20.0000,0.9900,0.9900,0.9900,0.9900,,shipping
4468,1924,4774,20.0000,8.6200,8.6200,8.6200,8.6200,,product
4469,1924,,20.0000,0.9900,0.9900,0.9900,0.9900,,shipping
4470,1925,4776,20.0000,3.8800,3.8800,3.8800,3.8800,,product
4471,1925,,20.0000,0.9900,0.9900,0.9900,0.9900,,shipping
4472,1926,4778,20.0000,4.0200,4.0200,4.0200,4.0200,,product
4473,1926,,20.0000,0.9900,0.9900,0.9900,0.9900,,shipping
4474,1927,4780,20.0000,4.0200,4.0200,4.0200,4.0200,,product
4475,1927,,20.0000,0.9900,0.9900,0.9900,0.9900,,shipping
4476,1928,4782,20.0000,4.0200,4.0200,4.0200,4.0200,,product
4477,1928,,20.0000,0.9900,0.9900,0.9900,0.9900,,shipping
4478,1929,4784,20.0000,4.0200,4.0200,4.0200,4.0200,,product
4479,1929,,20.0000,0.9900,0.9900,0.9900,0.9900,,shipping
4480,1930,4786,20.0000,3.8800,3.8800,3.8800,3.8800,,product
4481,1930,,20.0000,0.9900,0.9900,0.9900,0.9900,,shipping
4482,1931,4788,20.0000,3.8800,3.8800,3.8800,3.8800,,product
4483,1931,4790,20.0000,3.8800,3.8800,3.8800,3.8800,,product
4484,1931,,20.0000,1.0000,1.0000,1.0000,1.0000,,shipping
4485,1932,4792,20.0000,9.7400,9.7400,9.7400,9.7400,,product
4486,1932,,20.0000,0.0000,0.0000,0.0000,0.0000,,shipping
4487,1933,4794,20.0000,3.8800,3.8800,3.8800,3.8800,,product
4488,1933,,20.0000,0.9900,0.9900,0.9900,0.9900,,shipping
4489,1934,4796,20.0000,4.0200,4.0200,4.0200,4.0200,,product
4490,1934,,20.0000,0.9900,0.9900,0.9900,0.9900,,shipping
4491,1935,4798,20.0000,3.8300,3.8300,3.8300,3.8300,,product
4492,1935,,20.0000,0.9900,0.9900,0.9900,0.9900,,shipping
4493,1936,4800,20.0000,3.8300,3.8300,3.8300,3.8300,,product
4494,1936,4802,20.0000,4.0200,4.0200,4.0200,4.0200,,product
4495,1936,4804,20.0000,3.8300,3.8300,3.8300,3.8300,,product
4496,1936,,20.0000,0.9900,0.9900,0.9900,0.9900,,shipping
4497,1937,4806,20.0000,9.5800,9.5800,9.5800,9.5800,,product
4498,1937,,20.0000,0.9900,0.9900,0.9900,0.9900,,shipping
4499,1938,4808,20.0000,4.1200,4.1200,4.1200,4.1200,,product
4500,1938,,20.0000,0.9900,0.9900,0.9900,0.9900,,shipping
4501,1939,4810,20.0000,3.8300,3.8300,3.8300,3.8300,,product
4502,1939,,20.0000,0.9900,0.9900,0.9900,0.9900,,shipping
4503,1940,4812,20.0000,3.8300,3.8300,3.8300,3.8300,,product
4504,1940,,20.0000,0.9900,0.9900,0.9900,0.9900,,shipping
4505,1941,4814,20.0000,9.0000,9.0000,9.0000,9.0000,,product
4506,1941,,20.0000,1.0000,1.0000,1.0000,1.0000,,shipping
4507,1942,4816,20.0000,8.6200,8.6200,8.6200,8.6200,,product
4508,1942,4818,20.0000,8.6200,8.6200,8.6200,8.6200,,product
4509,1942,,20.0000,0.9900,0.9900,0.9900,0.9900,,shipping
4510,1943,4820,20.0000,5.2200,5.2200,5.2200,5.2200,,product
4511,1943,,20.0000,0.9000,0.9000,0.9000,0.9000,,shipping
4512,1944,4822,20.0000,8.2600,8.2600,8.2600,8.2600,,product
4513,1944,,20.0000,0.9000,0.9000,0.9000,0.9000,,shipping
4514,1945,4824,20.0000,3.9900,3.9900,3.9900,3.9900,,product
4515,1945,,20.0000,0.9000,0.9000,0.9000,0.9000,,shipping
4516,1946,4826,20.0000,3.8500,3.8500,3.8500,3.8500,,product
4517,1946,,20.0000,0.9000,0.9000,0.9000,0.9000,,shipping
4518,1947,4828,20.0000,3.8000,3.8000,3.8000,3.8000,,product
4519,1947,,20.0000,0.9000,0.9000,0.9000,0.9000,,shipping
4520,1948,4830,20.0000,5.5100,5.5100,5.5100,5.5100,,product
4521,1948,,20.0000,0.6600,0.6600,0.6600,0.6600,,shipping
4522,1949,4832,20.0000,3.8500,3.8500,3.8500,3.8500,,product
4523,1949,,20.0000,0.9000,0.9000,0.9000,0.9000,,shipping
4524,1950,4834,20.0000,3.9900,3.9900,3.9900,3.9900,,product
4525,1950,,20.0000,0.9000,0.9000,0.9000,0.9000,,shipping
4526,1951,4836,20.0000,3.8000,3.8000,3.8000,3.8000,,product
4527,1951,,20.0000,0.9000,0.9000,0.9000,0.9000,,shipping
4528,1952,4838,20.0000,3.8000,3.8000,3.8000,3.8000,,product
4529,1952,,20.0000,0.9000,0.9000,0.9000,0.9000,,shipping
4530,1953,4840,20.0000,3.9900,3.9900,3.9900,3.9900,,product
4531,1953,,20.0000,0.9000,0.9000,0.9000,0.9000,,shipping
4532,1954,4842,20.0000,5.2200,5.2200,5.2200,5.2200,,product
4533,1954,,20.0000,0.9000,0.9000,0.9000,0.9000,,shipping
4534,1955,4844,20.0000,3.9900,3.9900,3.9900,3.9900,,product
4535,1955,,20.0000,0.9000,0.9000,0.9000,0.9000,,shipping
4536,1956,4846,20.0000,3.8000,3.8000,3.8000,3.8000,,product
4537,1956,,20.0000,0.9000,0.9000,0.9000,0.9000,,shipping
4538,1957,4848,20.0000,5.2200,5.2200,5.2200,5.2200,,product
4539,1957,,20.0000,0.9000,0.9000,0.9000,0.9000,,shipping
4540,1958,4850,20.0000,3.9900,3.9900,3.9900,3.9900,,product
4541,1958,,20.0000,0.9000,0.9000,0.9000,0.9000,,shipping
4542,1959,4852,20.0000,3.8000,3.8000,3.8000,3.8000,,product
4543,1959,,20.0000,0.9000,0.9000,0.9000,0.9000,,shipping
4544,1960,4854,20.0000,10.0700,10.0700,10.0700,10.0700,,product
4545,1960,,20.0000,0.0000,0.0000,0.0000,0.0000,,shipping
4546,1961,4856,20.0000,9.5000,9.5000,9.5000,9.5000,,product
4547,1961,,20.0000,0.9000,0.9000,0.9000,0.9000,,shipping
4548,1962,4858,20.0000,4.0800,4.0800,4.0800,4.0800,,product
4549,1962,,20.0000,0.9000,0.9000,0.9000,0.9000,,shipping
4550,1963,4860,20.0000,7.8500,7.8500,7.8500,7.8500,,product
4551,1963,,20.0000,1.0000,1.0000,1.0000,1.0000,,shipping
4552,1964,4862,20.0000,9.5800,9.5800,9.5800,9.5800,,product
4553,1964,,20.0000,0.9900,0.9900,0.9900,0.9900,,shipping
4554,1965,4864,20.0000,9.5800,9.5800,9.5800,9.5800,,product
4555,1965,,20.0000,0.9900,0.9900,0.9900,0.9900,,shipping
4556,1966,4866,20.0000,8.3300,8.3300,8.3300,8.3300,,product
4557,1966,,20.0000,0.9900,0.9900,0.9900,0.9900,,shipping
4558,1967,4868,20.0000,8.3300,8.3300,8.3300,8.3300,,product
4559,1967,,20.0000,0.9900,0.9900,0.9900,0.9900,,shipping
4560,1968,4870,20.0000,5.2700,5.2700,5.2700,5.2700,,product
4561,1968,,20.0000,0.9900,0.9900,0.9900,0.9900,,shipping
4562,1969,4872,20.0000,3.8300,3.8300,3.8300,3.8300,,product
4563,1969,,20.0000,0.9900,0.9900,0.9900,0.9900,,shipping
4564,1970,4874,20.0000,3.8300,3.8300,3.8300,3.8300,,product
4565,1970,,20.0000,0.9900,0.9900,0.9900,0.9900,,shipping
4566,1971,4876,20.0000,4.0800,4.0800,4.0800,4.0800,,product
4567,1971,,20.0000,0.9000,0.9000,0.9000,0.9000,,shipping
4568,1972,4878,20.0000,3.8500,3.8500,3.8500,3.8500,,product
4569,1972,,20.0000,0.9000,0.9000,0.9000,0.9000,,shipping
4570,1973,4880,20.0000,4.0200,4.0200,4.0200,4.0200,,product
4571,1973,,20.0000,0.9900,0.9900,0.9900,0.9900,,shipping
4572,1974,4882,20.0000,8.6200,8.6200,8.6200,8.6200,,product
4573,1974,,20.0000,0.9900,0.9900,0.9900,0.9900,,shipping
4574,1975,4884,20.0000,4.0200,4.0200,4.0200,4.0200,,product
4575,1975,,20.0000,0.9900,0.9900,0.9900,0.9900,,shipping
4576,1976,4886,20.0000,8.8300,8.8300,8.8300,8.8300,,product
4577,1976,,20.0000,0.9000,0.9000,0.9000,0.9000,,shipping
4578,1977,4888,20.0000,3.9900,3.9900,3.9900,3.9900,,product
4579,1977,4890,20.0000,3.9800,3.9800,3.9800,3.9800,,product
4580,1977,,20.0000,0.9000,0.9000,0.9000,0.9000,,shipping
4581,1978,4892,20.0000,3.8500,3.8500,3.8500,3.8500,,product
4582,1978,4894,20.0000,3.8500,3.8500,3.8500,3.8500,,product
4583,1978,,20.0000,0.9000,0.9000,0.9000,0.9000,,shipping
4584,1979,4896,20.0000,3.9900,3.9900,3.9900,3.9900,,product
4585,1979,,20.0000,0.9000,0.9000,0.9000,0.9000,,shipping
4586,1980,4898,20.0000,3.8500,3.8500,3.8500,3.8500,,product
4587,1980,,20.0000,0.9000,0.9000,0.9000,0.9000,,shipping
4588,1981,4900,20.0000,3.8000,3.8000,3.8000,3.8000,,product
4589,1981,,20.0000,0.9000,0.9000,0.9000,0.9000,,shipping
4590,1982,4902,20.0000,5.2200,5.2200,5.2200,5.2200,,product
4591,1982,,20.0000,0.9000,0.9000,0.9000,0.9000,,shipping
4592,1983,4904,20.0000,9.5800,9.5800,9.5800,9.5800,,product
4593,1983,,20.0000,0.9900,0.9900,0.9900,0.9900,,shipping
4594,1984,4906,20.0000,5.2200,5.2200,5.2200,5.2200,,product
4595,1984,,20.0000,0.9000,0.9000,0.9000,0.9000,,shipping
4596,1985,4908,20.0000,3.8300,3.8300,3.8300,3.8300,,product
4597,1985,,20.0000,0.9900,0.9900,0.9900,0.9900,,shipping
4598,1986,4910,20.0000,8.3300,8.3300,8.3300,8.3300,,product
4599,1986,,20.0000,0.9900,0.9900,0.9900,0.9900,,shipping
4600,1987,4912,20.0000,8.3300,8.3300,8.3300,8.3300,,product
4601,1987,4914,20.0000,8.3300,8.3300,8.3300,8.3300,,product
4602,1987,4916,20.0000,8.6200,8.6200,8.6200,8.6200,,product
4603,1987,4918,20.0000,8.6200,8.6200,8.6200,8.6200,,product
4604,1987,,20.0000,1.0000,1.0000,1.0000,1.0000,,shipping
4605,1988,4920,20.0000,4.0200,4.0200,4.0200,4.0200,,product
4606,1988,,20.0000,0.9900,0.9900,0.9900,0.9900,,shipping
4607,1989,4922,20.0000,1.4300,1.4300,1.4300,1.4300,,product
4608,1989,4924,20.0000,9.4200,9.4200,9.4200,9.4200,,product
4609,1989,4926,20.0000,9.4200,9.4200,9.4200,9.4200,,product
4610,1989,4928,20.0000,9.4200,9.4200,9.4200,9.4200,,product
4611,1989,,20.0000,0.0000,0.0000,0.0000,0.0000,,shipping
4612,1990,4930,20.0000,4.0200,4.0200,4.0200,4.0200,,product
4613,1990,,20.0000,0.9900,0.9900,0.9900,0.9900,,shipping
4614,1991,4932,20.0000,3.8500,3.8500,3.8500,3.8500,,product
4615,1991,,20.0000,0.9000,0.9000,0.9000,0.9000,,shipping
4616,1992,4934,20.0000,8.6200,8.6200,8.6200,8.6200,,product
4617,1992,,20.0000,0.9900,0.9900,0.9900,0.9900,,shipping
4618,1993,4936,20.0000,3.8800,3.8800,3.8800,3.8800,,product
4619,1993,,20.0000,0.9900,0.9900,0.9900,0.9900,,shipping
4620,1994,4938,20.0000,3.9900,3.9900,3.9900,3.9900,,product
4621,1994,,20.0000,0.9000,0.9000,0.9000,0.9000,,shipping
4622,1995,4940,20.0000,8.6200,8.6200,8.6200,8.6200,,product
4623,1995,,20.0000,0.9900,0.9900,0.9900,0.9900,,shipping
4624,1996,4942,20.0000,3.8300,3.8300,3.8300,3.8300,,product
4625,1996,,20.0000,0.9900,0.9900,0.9900,0.9900,,shipping
4626,1997,4944,20.0000,4.0200,4.0200,4.0200,4.0200,,product
4627,1997,,20.0000,0.9900,0.9900,0.9900,0.9900,,shipping
4628,1998,4946,20.0000,8.9100,8.9100,8.9100,8.9100,,product
4629,1998,,20.0000,0.9900,0.9900,0.9900,0.9900,,shipping
4630,1999,4948,20.0000,9.5800,9.5800,9.5800,9.5800,,product
4631,1999,,20.0000,0.9900,0.9900,0.9900,0.9900,,shipping
4632,2000,4950,20.0000,7.7900,7.7900,7.7900,7.7900,,product
4633,2000,,20.0000,0.9000,0.9000,0.9000,0.9000,,shipping
4634,2001,4952,20.0000,4.0800,4.0800,4.0800,4.0800,,product
4635,2001,4954,20.0000,4.0800,4.0800,4.0800,4.0800,,product
4636,2001,,20.0000,0.9000,0.9000,0.9000,0.9000,,shipping
4637,2002,4956,20.0000,5.2200,5.2200,5.2200,5.2200,,product
4638,2002,,20.0000,0.9000,0.9000,0.9000,0.9000,,shipping
4639,2003,4958,20.0000,8.6200,8.6200,8.6200,8.6200,,product
4640,2003,,20.0000,0.9900,0.9900,0.9900,0.9900,,shipping
4641,2004,4960,20.0000,4.0800,4.0800,4.0800,4.0800,,product
4642,2004,,20.0000,0.9000,0.9000,0.9000,0.9000,,shipping
4643,2005,4962,20.0000,9.5800,9.5800,9.5800,9.5800,,product
4644,2005,,20.0000,0.9900,0.9900,0.9900,0.9900,,shipping
4645,2006,4964,20.0000,3.9900,3.9900,3.9900,3.9900,,product
4646,2006,,20.0000,0.9000,0.9000,0.9000,0.9000,,shipping
4647,2007,4966,20.0000,3.8500,3.8500,3.8500,3.8500,,product
4648,2007,,20.0000,0.9000,0.9000,0.9000,0.9000,,shipping
4649,2008,4968,20.0000,4.1200,4.1200,4.1200,4.1200,,product
4650,2008,,20.0000,0.9900,0.9900,0.9900,0.9900,,shipping
4651,2009,4970,20.0000,4.6500,4.6500,4.6500,4.6500,,product
4652,2009,,20.0000,0.9000,0.9000,0.9000,0.9000,,shipping
4653,2010,4972,20.0000,8.6200,8.6200,8.6200,8.6200,,product
4654,2010,,20.0000,0.9900,0.9900,0.9900,0.9900,,shipping
4655,2011,4974,20.0000,4.0800,4.0800,4.0800,4.0800,,product
4656,2011,,20.0000,0.9000,0.9000,0.9000,0.9000,,shipping
4657,2012,4976,20.0000,3.8800,3.8800,3.8800,3.8800,,product
4658,2012,,20.0000,0.9900,0.9900,0.9900,0.9900,,shipping
4659,2013,4978,20.0000,4.0200,4.0200,4.0200,4.0200,,product
4660,2013,,20.0000,0.9900,0.9900,0.9900,0.9900,,shipping
4661,2014,4980,20.0000,9.5800,9.5800,9.5800,9.5800,,product
4662,2014,,20.0000,0.9900,0.9900,0.9900,0.9900,,shipping
4663,2015,4982,20.0000,2.8600,2.8600,2.8600,2.8600,,product
4664,2015,,20.0000,0.6600,0.6600,0.6600,0.6600,,shipping
4665,2016,4984,20.0000,4.8900,4.8900,4.8900,4.8900,,product
4666,2016,4986,20.0000,9.7900,9.7900,9.7900,9.7900,,product
4667,2016,4988,20.0000,4.9000,4.9000,4.9000,4.9000,,product
4668,2016,4990,20.0000,5.4900,5.4900,5.4900,5.4900,,product
4669,2016,4992,20.0000,5.4900,5.4900,5.4900,5.4900,,product
4670,2016,4994,20.0000,10.9900,10.9900,10.9900,10.9900,,product
4671,2016,4996,20.0000,10.9900,10.9900,10.9900,10.9900,,product
4672,2016,,20.0000,0.0000,0.0000,0.0000,0.0000,,shipping
4673,2017,4998,20.0000,3.8000,3.8000,3.8000,3.8000,,product
4674,2017,,20.0000,0.9000,0.9000,0.9000,0.9000,,shipping
4675,2018,5000,20.0000,4.0200,4.0200,4.0200,4.0200,,product
4676,2018,,20.0000,0.9900,0.9900,0.9900,0.9900,,shipping
4677,2019,5002,20.0000,3.8300,3.8300,3.8300,3.8300,,product
4678,2019,,20.0000,0.9900,0.9900,0.9900,0.9900,,shipping
4679,2020,5004,20.0000,3.8800,3.8800,3.8800,3.8800,,product
4680,2020,5006,20.0000,3.8800,3.8800,3.8800,3.8800,,product
4681,2020,,20.0000,1.0000,1.0000,1.0000,1.0000,,shipping
4682,2021,5008,20.0000,9.5800,9.5800,9.5800,9.5800,,product
4683,2021,,20.0000,0.9900,0.9900,0.9900,0.9900,,shipping
4684,2022,5010,20.0000,8.1400,8.1400,8.1400,8.1400,,product
4685,2022,5012,20.0000,8.6200,8.6200,8.6200,8.6200,,product
4686,2022,,20.0000,0.9900,0.9900,0.9900,0.9900,,shipping
4687,2023,5014,20.0000,3.8300,3.8300,3.8300,3.8300,,product
4688,2023,5016,20.0000,7.8500,7.8500,7.8500,7.8500,,product
4689,2023,5018,20.0000,4.1200,4.1200,4.1200,4.1200,,product
4690,2023,5020,20.0000,3.8300,3.8300,3.8300,3.8300,,product
4691,2023,,20.0000,0.9900,0.9900,0.9900,0.9900,,shipping
4692,2024,5022,20.0000,3.8000,3.8000,3.8000,3.8000,,product
4693,2024,,20.0000,0.9000,0.9000,0.9000,0.9000,,shipping
4694,2025,5024,20.0000,3.8500,3.8500,3.8500,3.8500,,product
4695,2025,,20.0000,0.9000,0.9000,0.9000,0.9000,,shipping
4696,2026,5026,20.0000,9.5000,9.5000,9.5000,9.5000,,product
4697,2026,,20.0000,0.9000,0.9000,0.9000,0.9000,,shipping
4698,2027,5028,20.0000,3.2400,3.2400,3.2400,3.2400,,product
4699,2027,,20.0000,0.6600,0.6600,0.6600,0.6600,,shipping
4700,2028,5030,20.0000,5.5100,5.5100,5.5100,5.5100,,product
4701,2028,,20.0000,0.9000,0.9000,0.9000,0.9000,,shipping
4702,2029,5032,20.0000,4.1200,4.1200,4.1200,4.1200,,product
4703,2029,5034,20.0000,9.5700,9.5700,9.5700,9.5700,,product
4704,2029,,20.0000,1.0000,1.0000,1.0000,1.0000,,shipping
4705,2030,5036,20.0000,8.1400,8.1400,8.1400,8.1400,,product
4706,2030,,20.0000,0.9900,0.9900,0.9900,0.9900,,shipping
4707,2031,5038,20.0000,4.6900,4.6900,4.6900,4.6900,,product
4708,2031,,20.0000,0.9900,0.9900,0.9900,0.9900,,shipping
4709,2032,5040,20.0000,9.5800,9.5800,9.5800,9.5800,,product
4710,2032,,20.0000,0.9900,0.9900,0.9900,0.9900,,shipping
4711,2033,5042,20.0000,8.6200,8.6200,8.6200,8.6200,,product
4712,2033,,20.0000,0.9900,0.9900,0.9900,0.9900,,shipping
4713,2034,5044,20.0000,3.8300,3.8300,3.8300,3.8300,,product
4714,2034,,20.0000,0.9900,0.9900,0.9900,0.9900,,shipping
4715,2035,5046,20.0000,9.5800,9.5800,9.5800,9.5800,,product
4716,2035,,20.0000,0.9900,0.9900,0.9900,0.9900,,shipping
4717,2036,5048,20.0000,5.5100,5.5100,5.5100,5.5100,,product
4718,2036,,20.0000,0.9000,0.9000,0.9000,0.9000,,shipping
4719,2037,5050,20.0000,3.9900,3.9900,3.9900,3.9900,,product
4720,2037,,20.0000,0.9000,0.9000,0.9000,0.9000,,shipping
4721,2038,5052,20.0000,4.6500,4.6500,4.6500,4.6500,,product
4722,2038,,20.0000,0.9000,0.9000,0.9000,0.9000,,shipping
4723,2039,5054,20.0000,3.8000,3.8000,3.8000,3.8000,,product
4724,2039,,20.0000,0.9000,0.9000,0.9000,0.9000,,shipping
4725,2040,5056,20.0000,5.2200,5.2200,5.2200,5.2200,,product
4726,2040,5058,20.0000,3.8500,3.8500,3.8500,3.8500,,product
4727,2040,,20.0000,0.9000,0.9000,0.9000,0.9000,,shipping
4728,2041,5060,20.0000,3.9900,3.9900,3.9900,3.9900,,product
4729,2041,,20.0000,0.9000,0.9000,0.9000,0.9000,,shipping
4730,2042,5062,20.0000,4.0200,4.0200,4.0200,4.0200,,product
4731,2042,,20.0000,0.9900,0.9900,0.9900,0.9900,,shipping
4732,2043,5064,20.0000,9.5800,9.5800,9.5800,9.5800,,product
4733,2043,,20.0000,0.9900,0.9900,0.9900,0.9900,,shipping
4734,2044,5066,20.0000,9.5800,9.5800,9.5800,9.5800,,product
4735,2044,,20.0000,0.9900,0.9900,0.9900,0.9900,,shipping
4736,2045,5068,20.0000,4.0200,4.0200,4.0200,4.0200,,product
4737,2045,,20.0000,0.9900,0.9900,0.9900,0.9900,,shipping
4738,2046,5070,20.0000,3.8000,3.8000,3.8000,3.8000,,product
4739,2046,,20.0000,0.9000,0.9000,0.9000,0.9000,,shipping
4740,2047,5072,20.0000,3.8000,3.8000,3.8000,3.8000,,product
4741,2047,,20.0000,0.9000,0.9000,0.9000,0.9000,,shipping
4742,2048,5074,20.0000,8.5500,8.5500,8.5500,8.5500,,product
4743,2048,,20.0000,0.9000,0.9000,0.9000,0.9000,,shipping
4744,2049,5076,20.0000,3.8300,3.8300,3.8300,3.8300,,product
4745,2049,5078,20.0000,3.8300,3.8300,3.8300,3.8300,,product
4746,2049,,20.0000,0.9900,0.9900,0.9900,0.9900,,shipping
4747,2050,5080,20.0000,8.9100,8.9100,8.9100,8.9100,,product
4748,2050,,20.0000,0.9900,0.9900,0.9900,0.9900,,shipping
4749,2051,5082,20.0000,5.2700,5.2700,5.2700,5.2700,,product
4750,2051,,20.0000,0.9900,0.9900,0.9900,0.9900,,shipping
4751,2052,5084,20.0000,8.0700,8.0700,8.0700,8.0700,,product
4752,2052,,20.0000,0.9000,0.9000,0.9000,0.9000,,shipping
4753,2053,5086,20.0000,7.7900,7.7900,7.7900,7.7900,,product
4754,2053,,20.0000,0.9000,0.9000,0.9000,0.9000,,shipping
4755,2054,5088,20.0000,8.2600,8.2600,8.2600,8.2600,,product
4756,2054,,20.0000,0.9000,0.9000,0.9000,0.9000,,shipping
4757,2055,5090,20.0000,5.2200,5.2200,5.2200,5.2200,,product
4758,2055,,20.0000,0.9000,0.9000,0.9000,0.9000,,shipping
4759,2056,5092,20.0000,3.8000,3.8000,3.8000,3.8000,,product
4760,2056,,20.0000,0.9000,0.9000,0.9000,0.9000,,shipping
4761,2057,5094,20.0000,4.1200,4.1200,4.1200,4.1200,,product
4762,2057,,20.0000,0.9900,0.9900,0.9900,0.9900,,shipping
4763,2058,5096,20.0000,3.8500,3.8500,3.8500,3.8500,,product
4764,2058,,20.0000,0.9000,0.9000,0.9000,0.9000,,shipping
4765,2059,5098,20.0000,4.0800,4.0800,4.0800,4.0800,,product
4766,2059,,20.0000,0.9000,0.9000,0.9000,0.9000,,shipping
4767,2060,5100,20.0000,8.6200,8.6200,8.6200,8.6200,,product
4768,2060,,20.0000,0.9900,0.9900,0.9900,0.9900,,shipping
4769,2061,5102,20.0000,4.0200,4.0200,4.0200,4.0200,,product
4770,2061,,20.0000,0.9900,0.9900,0.9900,0.9900,,shipping
4771,2062,5104,20.0000,4.0200,4.0200,4.0200,4.0200,,product
4772,2062,,20.0000,0.9900,0.9900,0.9900,0.9900,,shipping
4773,2063,5106,20.0000,3.8300,3.8300,3.8300,3.8300,,product
4774,2063,,20.0000,0.9900,0.9900,0.9900,0.9900,,shipping
4775,2064,5108,20.0000,8.6200,8.6200,8.6200,8.6200,,product
4776,2064,5110,20.0000,8.6200,8.6200,8.6200,8.6200,,product
4777,2064,,20.0000,0.9900,0.9900,0.9900,0.9900,,shipping
4778,2065,5112,20.0000,9.5800,9.5800,9.5800,9.5800,,product
4779,2065,,20.0000,0.9900,0.9900,0.9900,0.9900,,shipping
4780,2066,5114,20.0000,9.5800,9.5800,9.5800,9.5800,,product
4781,2066,,20.0000,0.9900,0.9900,0.9900,0.9900,,shipping
4782,2067,5116,20.0000,8.3300,8.3300,8.3300,8.3300,,product
4783,2067,,20.0000,0.9900,0.9900,0.9900,0.9900,,shipping
4784,2068,5118,20.0000,4.0200,4.0200,4.0200,4.0200,,product
4785,2068,,20.0000,0.9900,0.9900,0.9900,0.9900,,shipping
4786,2069,5120,20.0000,3.8300,3.8300,3.8300,3.8300,,product
4787,2069,,20.0000,0.9900,0.9900,0.9900,0.9900,,shipping
4788,2070,5122,20.0000,8.6200,8.6200,8.6200,8.6200,,product
4789,2070,,20.0000,0.9900,0.9900,0.9900,0.9900,,shipping
4790,2071,5124,20.0000,8.9100,8.9100,8.9100,8.9100,,product
4791,2071,,20.0000,0.9900,0.9900,0.9900,0.9900,,shipping
4792,2072,5126,20.0000,4.0200,4.0200,4.0200,4.0200,,product
4793,2072,,20.0000,0.9900,0.9900,0.9900,0.9900,,shipping
4794,2073,5128,20.0000,4.1200,4.1200,4.1200,4.1200,,product
4795,2073,,20.0000,0.9900,0.9900,0.9900,0.9900,,shipping
4796,2074,5130,20.0000,4.0800,4.0800,4.0800,4.0800,,product
4797,2074,,20.0000,0.9000,0.9000,0.9000,0.9000,,shipping
4798,2075,5132,20.0000,4.6500,4.6500,4.6500,4.6500,,product
4799,2075,,20.0000,0.9000,0.9000,0.9000,0.9000,,shipping
4800,2076,5134,20.0000,5.2200,5.2200,5.2200,5.2200,,product
4801,2076,,20.0000,0.9000,0.9000,0.9000,0.9000,,shipping
4802,2077,5136,20.0000,3.8000,3.8000,3.8000,3.8000,,product
4803,2077,,20.0000,0.9000,0.9000,0.9000,0.9000,,shipping
4804,2078,5138,20.0000,8.9100,8.9100,8.9100,8.9100,,product
4805,2078,,20.0000,0.9900,0.9900,0.9900,0.9900,,shipping
4806,2079,5140,20.0000,4.0800,4.0800,4.0800,4.0800,,product
4807,2079,,20.0000,0.9000,0.9000,0.9000,0.9000,,shipping
4808,2080,5142,20.0000,3.8500,3.8500,3.8500,3.8500,,product
4809,2080,5144,20.0000,3.8500,3.8500,3.8500,3.8500,,product
4810,2080,,20.0000,0.9000,0.9000,0.9000,0.9000,,shipping
4811,2081,5146,20.0000,3.8300,3.8300,3.8300,3.8300,,product
4812,2081,,20.0000,0.9900,0.9900,0.9900,0.9900,,shipping
4813,2082,5148,20.0000,5.2700,5.2700,5.2700,5.2700,,product
4814,2082,,20.0000,0.9900,0.9900,0.9900,0.9900,,shipping
4815,2083,5150,20.0000,3.9900,3.9900,3.9900,3.9900,,product
4816,2083,,20.0000,0.9000,0.9000,0.9000,0.9000,,shipping
4817,2084,5152,20.0000,4.6900,4.6900,4.6900,4.6900,,product
4818,2084,,20.0000,0.9900,0.9900,0.9900,0.9900,,shipping
4819,2085,5154,20.0000,3.8300,3.8300,3.8300,3.8300,,product
4820,2085,,20.0000,0.9900,0.9900,0.9900,0.9900,,shipping
4821,2086,5156,20.0000,4.0200,4.0200,4.0200,4.0200,,product
4822,2086,,20.0000,0.9900,0.9900,0.9900,0.9900,,shipping
4823,2087,5158,20.0000,8.6200,8.6200,8.6200,8.6200,,product
4824,2087,,20.0000,0.9900,0.9900,0.9900,0.9900,,shipping
4825,2088,5160,20.0000,7.8500,7.8500,7.8500,7.8500,,product
4826,2088,,20.0000,1.0000,1.0000,1.0000,1.0000,,shipping
4827,2089,5162,20.0000,8.4300,8.4300,8.4300,8.4300,,product
4828,2089,,20.0000,0.9900,0.9900,0.9900,0.9900,,shipping
4829,2090,5164,20.0000,3.9900,3.9900,3.9900,3.9900,,product
4830,2090,,20.0000,0.9000,0.9000,0.9000,0.9000,,shipping
4831,2091,5166,20.0000,3.8300,3.8300,3.8300,3.8300,,product
4832,2091,,20.0000,0.9900,0.9900,0.9900,0.9900,,shipping
4833,2092,5168,20.0000,3.8500,3.8500,3.8500,3.8500,,product
4834,2092,,20.0000,0.9000,0.9000,0.9000,0.9000,,shipping
4835,2093,5170,20.0000,3.8500,3.8500,3.8500,3.8500,,product
4836,2093,5172,20.0000,3.7900,3.7900,3.7900,3.7900,,product
4837,2093,,20.0000,0.9000,0.9000,0.9000,0.9000,,shipping
4838,2094,5174,20.0000,3.9900,3.9900,3.9900,3.9900,,product
4839,2094,5176,20.0000,3.9800,3.9800,3.9800,3.9800,,product
4840,2094,,20.0000,0.9000,0.9000,0.9000,0.9000,,shipping
4841,2095,5178,20.0000,3.8300,3.8300,3.8300,3.8300,,product
4842,2095,,20.0000,0.9900,0.9900,0.9900,0.9900,,shipping
4843,2096,5180,20.0000,5.2700,5.2700,5.2700,5.2700,,product
4844,2096,,20.0000,0.9900,0.9900,0.9900,0.9900,,shipping
4845,2097,5182,20.0000,4.0200,4.0200,4.0200,4.0200,,product
4846,2097,,20.0000,0.9900,0.9900,0.9900,0.9900,,shipping
4847,2098,5184,20.0000,8.1400,8.1400,8.1400,8.1400,,product
4848,2098,,20.0000,0.9900,0.9900,0.9900,0.9900,,shipping
4849,2099,5186,20.0000,8.1400,8.1400,8.1400,8.1400,,product
4850,2099,,20.0000,0.9900,0.9900,0.9900,0.9900,,shipping
4851,2100,5188,20.0000,4.1200,4.1200,4.1200,4.1200,,product
4852,2100,,20.0000,0.9900,0.9900,0.9900,0.9900,,shipping
4853,2101,5190,20.0000,9.7400,9.7400,9.7400,9.7400,,product
4854,2101,,20.0000,0.0000,0.0000,0.0000,0.0000,,shipping
4855,2102,5192,20.0000,9.5800,9.5800,9.5800,9.5800,,product
4856,2102,,20.0000,0.9900,0.9900,0.9900,0.9900,,shipping
4857,2103,5194,20.0000,5.2700,5.2700,5.2700,5.2700,,product
4858,2103,,20.0000,0.9900,0.9900,0.9900,0.9900,,shipping
4859,2104,5196,20.0000,4.6900,4.6900,4.6900,4.6900,,product
4860,2104,,20.0000,0.9900,0.9900,0.9900,0.9900,,shipping
4861,2105,5198,20.0000,8.3300,8.3300,8.3300,8.3300,,product
4862,2105,5200,20.0000,8.3300,8.3300,8.3300,8.3300,,product
4863,2105,,20.0000,1.0000,1.0000,1.0000,1.0000,,shipping
4864,2106,5202,20.0000,4.6900,4.6900,4.6900,4.6900,,product
4865,2106,,20.0000,0.9900,0.9900,0.9900,0.9900,,shipping
4866,2107,5204,20.0000,3.8300,3.8300,3.8300,3.8300,,product
4867,2107,5206,20.0000,3.8300,3.8300,3.8300,3.8300,,product
4868,2107,,20.0000,0.9900,0.9900,0.9900,0.9900,,shipping
4869,2108,5208,20.0000,8.1400,8.1400,8.1400,8.1400,,product
4870,2108,5210,20.0000,8.1400,8.1400,8.1400,8.1400,,product
4871,2108,,20.0000,0.9900,0.9900,0.9900,0.9900,,shipping
4872,2109,5212,20.0000,5.2700,5.2700,5.2700,5.2700,,product
4873,2109,,20.0000,0.9900,0.9900,0.9900,0.9900,,shipping
4874,2110,5214,20.0000,8.1400,8.1400,8.1400,8.1400,,product
4875,2110,5216,20.0000,7.8500,7.8500,7.8500,7.8500,,product
4876,2110,,20.0000,1.0000,1.0000,1.0000,1.0000,,shipping
4877,2111,5218,20.0000,9.5800,9.5800,9.5800,9.5800,,product
4878,2111,,20.0000,0.9900,0.9900,0.9900,0.9900,,shipping
4879,2112,5220,20.0000,9.5800,9.5800,9.5800,9.5800,,product
4880,2112,,20.0000,0.9900,0.9900,0.9900,0.9900,,shipping
4881,2113,5222,20.0000,8.6200,8.6200,8.6200,8.6200,,product
4882,2113,,20.0000,0.9900,0.9900,0.9900,0.9900,,shipping
4883,2114,5224,20.0000,9.5800,9.5800,9.5800,9.5800,,product
4884,2114,,20.0000,0.9900,0.9900,0.9900,0.9900,,shipping
4885,2115,5226,20.0000,3.8000,3.8000,3.8000,3.8000,,product
4886,2115,,20.0000,0.9000,0.9000,0.9000,0.9000,,shipping
4887,2116,5228,20.0000,4.0200,4.0200,4.0200,4.0200,,product
4888,2116,,20.0000,0.9900,0.9900,0.9900,0.9900,,shipping
4889,2117,5230,20.0000,5.2700,5.2700,5.2700,5.2700,,product
4890,2117,,20.0000,0.9900,0.9900,0.9900,0.9900,,shipping
4891,2118,5232,20.0000,3.8000,3.8000,3.8000,3.8000,,product
4892,2118,,20.0000,0.9000,0.9000,0.9000,0.9000,,shipping
4893,2119,5234,20.0000,3.8000,3.8000,3.8000,3.8000,,product
4894,2119,,20.0000,0.9000,0.9000,0.9000,0.9000,,shipping
4895,2120,5236,20.0000,3.8300,3.8300,3.8300,3.8300,,product
4896,2120,,20.0000,0.9900,0.9900,0.9900,0.9900,,shipping
4897,2121,5238,20.0000,4.6900,4.6900,4.6900,4.6900,,product
4898,2121,,20.0000,0.9900,0.9900,0.9900,0.9900,,shipping
4899,2122,5240,20.0000,3.8300,3.8300,3.8300,3.8300,,product
4900,2122,,20.0000,0.9900,0.9900,0.9900,0.9900,,shipping
4901,2123,5242,20.0000,4.6900,4.6900,4.6900,4.6900,,product
4902,2123,,20.0000,0.9900,0.9900,0.9900,0.9900,,shipping
4903,2124,5244,20.0000,3.8300,3.8300,3.8300,3.8300,,product
4904,2124,,20.0000,0.9900,0.9900,0.9900,0.9900,,shipping
4905,2125,5246,20.0000,5.2700,5.2700,5.2700,5.2700,,product
4906,2125,,20.0000,0.9900,0.9900,0.9900,0.9900,,shipping
4907,2126,5248,20.0000,9.5000,9.5000,9.5000,9.5000,,product
4908,2126,,20.0000,0.9000,0.9000,0.9000,0.9000,,shipping
4909,2127,5250,20.0000,7.8500,7.8500,7.8500,7.8500,,product
4910,2127,,20.0000,1.0000,1.0000,1.0000,1.0000,,shipping
4911,2128,5252,20.0000,8.1400,8.1400,8.1400,8.1400,,product
4912,2128,,20.0000,0.9900,0.9900,0.9900,0.9900,,shipping
4913,2129,5254,20.0000,3.8300,3.8300,3.8300,3.8300,,product
4914,2129,,20.0000,0.9900,0.9900,0.9900,0.9900,,shipping
4915,2130,5256,20.0000,4.0200,4.0200,4.0200,4.0200,,product
4916,2130,,20.0000,0.9900,0.9900,0.9900,0.9900,,shipping
4917,2131,5258,20.0000,3.8800,3.8800,3.8800,3.8800,,product
4918,2131,,20.0000,0.9900,0.9900,0.9900,0.9900,,shipping
4919,2132,5260,20.0000,3.8500,3.8500,3.8500,3.8500,,product
4920,2132,,20.0000,0.9000,0.9000,0.9000,0.9000,,shipping
4921,2133,5262,20.0000,3.8000,3.8000,3.8000,3.8000,,product
4922,2133,,20.0000,0.9000,0.9000,0.9000,0.9000,,shipping
4923,2134,5264,20.0000,3.9900,3.9900,3.9900,3.9900,,product
4924,2134,,20.0000,0.9000,0.9000,0.9000,0.9000,,shipping
4925,2135,5266,20.0000,8.0700,8.0700,8.0700,8.0700,,product
4926,2135,,20.0000,0.9000,0.9000,0.9000,0.9000,,shipping
4927,2136,5268,20.0000,3.9900,3.9900,3.9900,3.9900,,product
4928,2136,,20.0000,0.9000,0.9000,0.9000,0.9000,,shipping
4929,2137,5270,20.0000,3.8300,3.8300,3.8300,3.8300,,product
4930,2137,,20.0000,0.9900,0.9900,0.9900,0.9900,,shipping
4931,2138,5272,20.0000,2.1600,2.1600,2.1600,2.1600,,product
4932,2138,,20.0000,0.6500,0.6500,0.6500,0.6500,,shipping
4933,2139,5274,20.0000,8.1400,8.1400,8.1400,8.1400,,product
4934,2139,,20.0000,0.9900,0.9900,0.9900,0.9900,,shipping
4935,2140,5276,20.0000,3.8800,3.8800,3.8800,3.8800,,product
4936,2140,,20.0000,0.9900,0.9900,0.9900,0.9900,,shipping
4937,2141,5278,20.0000,4.0800,4.0800,4.0800,4.0800,,product
4938,2141,,20.0000,0.9000,0.9000,0.9000,0.9000,,shipping
4939,2142,5280,20.0000,5.5500,5.5500,5.5500,5.5500,,product
4940,2142,,20.0000,1.0000,1.0000,1.0000,1.0000,,shipping
4941,2143,5282,20.0000,3.8500,3.8500,3.8500,3.8500,,product
4942,2143,,20.0000,0.9000,0.9000,0.9000,0.9000,,shipping
4943,2144,5284,20.0000,3.8500,3.8500,3.8500,3.8500,,product
4944,2144,,20.0000,0.9000,0.9000,0.9000,0.9000,,shipping
4945,2145,5286,20.0000,9.5800,9.5800,9.5800,9.5800,,product
4946,2145,5288,20.0000,3.8300,3.8300,3.8300,3.8300,,product
4947,2145,,20.0000,0.9900,0.9900,0.9900,0.9900,,shipping
4948,2146,5290,20.0000,4.0200,4.0200,4.0200,4.0200,,product
4949,2146,,20.0000,0.9900,0.9900,0.9900,0.9900,,shipping
4950,2147,5292,20.0000,8.6200,8.6200,8.6200,8.6200,,product
4951,2147,,20.0000,0.9900,0.9900,0.9900,0.9900,,shipping
4952,2148,5294,20.0000,8.6200,8.6200,8.6200,8.6200,,product
4953,2148,,20.0000,0.9900,0.9900,0.9900,0.9900,,shipping
4954,2149,5296,20.0000,4.1200,4.1200,4.1200,4.1200,,product
4955,2149,,20.0000,0.9900,0.9900,0.9900,0.9900,,shipping
4956,2150,5298,20.0000,4.6900,4.6900,4.6900,4.6900,,product
4957,2150,5300,20.0000,4.1200,4.1200,4.1200,4.1200,,product
4958,2150,,20.0000,0.9900,0.9900,0.9900,0.9900,,shipping
4959,2151,5302,20.0000,9.5800,9.5800,9.5800,9.5800,,product
4960,2151,,20.0000,0.9900,0.9900,0.9900,0.9900,,shipping
4961,2152,5304,20.0000,9.5800,9.5800,9.5800,9.5800,,product
4962,2152,5306,20.0000,9.1000,9.1000,9.1000,9.1000,,product
4963,2152,5308,20.0000,9.5800,9.5800,9.5800,9.5800,,product
4964,2152,,20.0000,0.9900,0.9900,0.9900,0.9900,,shipping
4965,2153,5310,20.0000,9.2900,9.2900,9.2900,9.2900,,product
4966,2153,,20.0000,0.9900,0.9900,0.9900,0.9900,,shipping
4967,2154,5312,20.0000,8.6200,8.6200,8.6200,8.6200,,product
4968,2154,,20.0000,0.9900,0.9900,0.9900,0.9900,,shipping
4969,2155,5314,20.0000,8.3300,8.3300,8.3300,8.3300,,product
4970,2155,,20.0000,0.9900,0.9900,0.9900,0.9900,,shipping
4971,2156,5316,20.0000,8.0700,8.0700,8.0700,8.0700,,product
4972,2156,5318,20.0000,5.2200,5.2200,5.2200,5.2200,,product
4973,2156,,20.0000,0.9000,0.9000,0.9000,0.9000,,shipping
4974,2157,5320,20.0000,4.0200,4.0200,4.0200,4.0200,,product
4975,2157,,20.0000,0.9900,0.9900,0.9900,0.9900,,shipping
4976,2158,5322,20.0000,4.0200,4.0200,4.0200,4.0200,,product
4977,2158,,20.0000,0.9900,0.9900,0.9900,0.9900,,shipping
4978,2159,5324,20.0000,9.5800,9.5800,9.5800,9.5800,,product
4979,2159,,20.0000,0.9900,0.9900,0.9900,0.9900,,shipping
4980,2160,5326,20.0000,5.2700,5.2700,5.2700,5.2700,,product
4981,2160,,20.0000,0.9900,0.9900,0.9900,0.9900,,shipping
4982,2161,5328,20.0000,9.7400,9.7400,9.7400,9.7400,,product
4983,2161,,20.0000,0.0000,0.0000,0.0000,0.0000,,shipping
4984,2162,5330,20.0000,3.8500,3.8500,3.8500,3.8500,,product
4985,2162,,20.0000,0.9000,0.9000,0.9000,0.9000,,shipping
4986,2163,5332,20.0000,4.0800,4.0800,4.0800,4.0800,,product
4987,2163,,20.0000,0.9000,0.9000,0.9000,0.9000,,shipping
4988,2164,5334,20.0000,9.5800,9.5800,9.5800,9.5800,,product
4989,2164,,20.0000,0.9900,0.9900,0.9900,0.9900,,shipping
4990,2165,5336,20.0000,4.0200,4.0200,4.0200,4.0200,,product
4991,2165,,20.0000,0.9900,0.9900,0.9900,0.9900,,shipping
4992,2166,5338,20.0000,3.9900,3.9900,3.9900,3.9900,,product
4993,2166,,20.0000,0.9000,0.9000,0.9000,0.9000,,shipping
4994,2167,5340,20.0000,9.1000,9.1000,9.1000,9.1000,,product
4995,2167,,20.0000,0.9900,0.9900,0.9900,0.9900,,shipping
4996,2168,5342,20.0000,8.1400,8.1400,8.1400,8.1400,,product
4997,2168,,20.0000,0.9900,0.9900,0.9900,0.9900,,shipping
4998,2169,5344,20.0000,3.8300,3.8300,3.8300,3.8300,,product
4999,2169,,20.0000,0.9900,0.9900,0.9900,0.9900,,shipping
5000,2170,5346,20.0000,4.0200,4.0200,4.0200,4.0200,,product
5001,2170,,20.0000,0.9900,0.9900,0.9900,0.9900,,shipping
5002,2171,5348,20.0000,4.0200,4.0200,4.0200,4.0200,,product
5003,2171,,20.0000,0.9900,0.9900,0.9900,0.9900,,shipping
5004,2172,5350,20.0000,8.6200,8.6200,8.6200,8.6200,,product
5005,2172,,20.0000,0.9900,0.9900,0.9900,0.9900,,shipping
5006,2173,5352,20.0000,8.9100,8.9100,8.9100,8.9100,,product
5007,2173,,20.0000,0.9900,0.9900,0.9900,0.9900,,shipping
5008,2174,5354,20.0000,4.0200,4.0200,4.0200,4.0200,,product
5009,2174,,20.0000,0.9900,0.9900,0.9900,0.9900,,shipping
5010,2175,5356,20.0000,8.1400,8.1400,8.1400,8.1400,,product
5011,2175,,20.0000,0.9900,0.9900,0.9900,0.9900,,shipping
5012,2176,5358,20.0000,3.8300,3.8300,3.8300,3.8300,,product
5013,2176,,20.0000,0.9900,0.9900,0.9900,0.9900,,shipping
5014,2177,5360,20.0000,5.2200,5.2200,5.2200,5.2200,,product
5015,2177,,20.0000,0.9000,0.9000,0.9000,0.9000,,shipping
5016,2178,5362,20.0000,5.5100,5.5100,5.5100,5.5100,,product
5017,2178,,20.0000,0.9000,0.9000,0.9000,0.9000,,shipping
5018,2179,5364,20.0000,3.8800,3.8800,3.8800,3.8800,,product
5019,2179,,20.0000,0.9900,0.9900,0.9900,0.9900,,shipping
5020,2180,5366,20.0000,3.8000,3.8000,3.8000,3.8000,,product
5021,2180,,20.0000,0.9000,0.9000,0.9000,0.9000,,shipping
5022,2181,5368,20.0000,8.9100,8.9100,8.9100,8.9100,,product
5023,2181,,20.0000,0.9900,0.9900,0.9900,0.9900,,shipping
5024,2182,5370,20.0000,4.0800,4.0800,4.0800,4.0800,,product
5025,2182,,20.0000,0.9000,0.9000,0.9000,0.9000,,shipping
5026,2183,5372,20.0000,9.5800,9.5800,9.5800,9.5800,,product
5027,2183,,20.0000,0.9900,0.9900,0.9900,0.9900,,shipping
5028,2184,5374,20.0000,8.3300,8.3300,8.3300,8.3300,,product
5029,2184,,20.0000,0.9900,0.9900,0.9900,0.9900,,shipping
5030,2185,5376,20.0000,9.5800,9.5800,9.5800,9.5800,,product
5031,2185,,20.0000,0.9900,0.9900,0.9900,0.9900,,shipping
5032,2186,5378,20.0000,8.6200,8.6200,8.6200,8.6200,,product
5033,2186,,20.0000,0.9900,0.9900,0.9900,0.9900,,shipping
5034,2187,5380,20.0000,4.1200,4.1200,4.1200,4.1200,,product
5035,2187,,20.0000,0.9900,0.9900,0.9900,0.9900,,shipping
5036,2188,5382,20.0000,3.9900,3.9900,3.9900,3.9900,,product
5037,2188,,20.0000,0.9000,0.9000,0.9000,0.9000,,shipping
5038,2189,5384,20.0000,8.3300,8.3300,8.3300,8.3300,,product
5039,2189,,20.0000,0.9900,0.9900,0.9900,0.9900,,shipping
5040,2190,5386,20.0000,8.9100,8.9100,8.9100,8.9100,,product
5041,2190,,20.0000,0.9900,0.9900,0.9900,0.9900,,shipping
5042,2191,5388,20.0000,3.9900,3.9900,3.9900,3.9900,,product
5043,2191,,20.0000,0.9000,0.9000,0.9000,0.9000,,shipping
5044,2192,5390,20.0000,3.8300,3.8300,3.8300,3.8300,,product
5045,2192,5392,20.0000,3.8800,3.8800,3.8800,3.8800,,product
5046,2192,,20.0000,0.9900,0.9900,0.9900,0.9900,,shipping
5047,2193,5394,20.0000,3.8000,3.8000,3.8000,3.8000,,product
5048,2193,,20.0000,0.9000,0.9000,0.9000,0.9000,,shipping
5049,2194,5396,20.0000,3.9900,3.9900,3.9900,3.9900,,product
5050,2194,,20.0000,0.9000,0.9000,0.9000,0.9000,,shipping
5051,2195,5398,20.0000,3.9900,3.9900,3.9900,3.9900,,product
5052,2195,,20.0000,0.9000,0.9000,0.9000,0.9000,,shipping
5053,2196,5400,20.0000,8.0700,8.0700,8.0700,8.0700,,product
5054,2196,,20.0000,0.9000,0.9000,0.9000,0.9000,,shipping
5055,2197,5402,20.0000,1.6200,1.6200,1.6200,1.6200,,product
5056,2197,,20.0000,0.6600,0.6600,0.6600,0.6600,,shipping
5057,2198,5404,20.0000,4.0800,4.0800,4.0800,4.0800,,product
5058,2198,,20.0000,0.9000,0.9000,0.9000,0.9000,,shipping
5059,2199,5406,20.0000,5.2700,5.2700,5.2700,5.2700,,product
5060,2199,,20.0000,0.9900,0.9900,0.9900,0.9900,,shipping
5061,2200,5408,20.0000,3.8300,3.8300,3.8300,3.8300,,product
5062,2200,,20.0000,0.9900,0.9900,0.9900,0.9900,,shipping
5063,2201,5410,20.0000,3.8300,3.8300,3.8300,3.8300,,product
5064,2201,,20.0000,0.9900,0.9900,0.9900,0.9900,,shipping
5065,2202,5412,20.0000,4.0200,4.0200,4.0200,4.0200,,product
5066,2202,,20.0000,0.9900,0.9900,0.9900,0.9900,,shipping
5067,2203,5414,20.0000,7.8500,7.8500,7.8500,7.8500,,product
5068,2203,,20.0000,1.0000,1.0000,1.0000,1.0000,,shipping
5069,2204,5416,20.0000,3.8300,3.8300,3.8300,3.8300,,product
5070,2204,,20.0000,0.9900,0.9900,0.9900,0.9900,,shipping
5071,2205,5418,20.0000,1.0800,1.0800,1.0800,1.0800,,product
5072,2205,,20.0000,0.6600,0.6600,0.6600,0.6600,,shipping
5073,2206,5420,20.0000,3.8000,3.8000,3.8000,3.8000,,product
5074,2206,,20.0000,0.9000,0.9000,0.9000,0.9000,,shipping
5075,2207,5422,20.0000,5.2200,5.2200,5.2200,5.2200,,product
5076,2207,,20.0000,0.9000,0.9000,0.9000,0.9000,,shipping
5077,2208,5424,20.0000,2.8600,2.8600,2.8600,2.8600,,product
5078,2208,,20.0000,0.6600,0.6600,0.6600,0.6600,,shipping
5079,2209,5426,20.0000,5.5100,5.5100,5.5100,5.5100,,product
5080,2209,,20.0000,0.9000,0.9000,0.9000,0.9000,,shipping
5081,2210,5428,20.0000,4.0800,4.0800,4.0800,4.0800,,product
5082,2210,,20.0000,0.9000,0.9000,0.9000,0.9000,,shipping
5083,2211,5430,20.0000,9.5800,9.5800,9.5800,9.5800,,product
5084,2211,,20.0000,0.9900,0.9900,0.9900,0.9900,,shipping
5085,2212,5432,20.0000,3.8300,3.8300,3.8300,3.8300,,product
5086,2212,,20.0000,0.9900,0.9900,0.9900,0.9900,,shipping
5087,2213,5434,20.0000,3.8000,3.8000,3.8000,3.8000,,product
5088,2213,,20.0000,0.9000,0.9000,0.9000,0.9000,,shipping
5089,2214,5436,20.0000,3.8300,3.8300,3.8300,3.8300,,product
5090,2214,,20.0000,0.9900,0.9900,0.9900,0.9900,,shipping
5091,2215,5438,20.0000,9.7900,9.7900,9.7900,9.7900,,product
5092,2215,5440,20.0000,9.7900,9.7900,9.7900,9.7900,,product
5093,2215,5442,20.0000,9.7800,9.7800,9.7800,9.7800,,product
5094,2215,5444,20.0000,4.0500,4.0500,4.0500,4.0500,,product
5095,2215,5446,20.0000,4.0500,4.0500,4.0500,4.0500,,product
5096,2215,5448,20.0000,5.5000,5.5000,5.5000,5.5000,,product
5097,2215,5450,20.0000,5.4900,5.4900,5.4900,5.4900,,product
5098,2215,,20.0000,0.0000,0.0000,0.0000,0.0000,,shipping
5099,2216,5452,20.0000,3.9900,3.9900,3.9900,3.9900,,product
5100,2216,,20.0000,0.9000,0.9000,0.9000,0.9000,,shipping
5101,2217,5454,20.0000,3.9900,3.9900,3.9900,3.9900,,product
5102,2217,,20.0000,0.9000,0.9000,0.9000,0.9000,,shipping
5103,2218,5456,20.0000,3.9900,3.9900,3.9900,3.9900,,product
5104,2218,5458,20.0000,3.9800,3.9800,3.9800,3.9800,,product
5105,2218,,20.0000,0.9000,0.9000,0.9000,0.9000,,shipping
5106,2219,5460,20.0000,9.5000,9.5000,9.5000,9.5000,,product
5107,2219,,20.0000,0.9000,0.9000,0.9000,0.9000,,shipping
5108,2220,5462,20.0000,3.8500,3.8500,3.8500,3.8500,,product
5109,2220,,20.0000,0.9000,0.9000,0.9000,0.9000,,shipping
5110,2221,5464,20.0000,9.1000,9.1000,9.1000,9.1000,,product
5111,2221,,20.0000,0.9900,0.9900,0.9900,0.9900,,shipping
5112,2222,5466,20.0000,4.6500,4.6500,4.6500,4.6500,,product
5113,2222,,20.0000,0.9000,0.9000,0.9000,0.9000,,shipping
5114,2223,5468,20.0000,8.1400,8.1400,8.1400,8.1400,,product
5115,2223,,20.0000,0.9900,0.9900,0.9900,0.9900,,shipping
5116,2224,5470,20.0000,3.8800,3.8800,3.8800,3.8800,,product
5117,2224,,20.0000,0.9900,0.9900,0.9900,0.9900,,shipping
5118,2225,5472,20.0000,5.2700,5.2700,5.2700,5.2700,,product
5119,2225,,20.0000,0.9900,0.9900,0.9900,0.9900,,shipping
5120,2226,5474,20.0000,9.5800,9.5800,9.5800,9.5800,,product
5121,2226,,20.0000,0.9900,0.9900,0.9900,0.9900,,shipping
5122,2227,5476,20.0000,5.2700,5.2700,5.2700,5.2700,,product
5123,2227,,20.0000,0.9900,0.9900,0.9900,0.9900,,shipping
5124,2228,5478,20.0000,3.8500,3.8500,3.8500,3.8500,,product
5125,2228,,20.0000,0.9000,0.9000,0.9000,0.9000,,shipping
5126,2229,5480,20.0000,9.2900,9.2900,9.2900,9.2900,,product
5127,2229,,20.0000,0.9900,0.9900,0.9900,0.9900,,shipping
5128,2230,5482,20.0000,3.9900,3.9900,3.9900,3.9900,,product
5129,2230,,20.0000,0.9000,0.9000,0.9000,0.9000,,shipping
5130,2231,5484,20.0000,3.9900,3.9900,3.9900,3.9900,,product
5131,2231,,20.0000,0.9000,0.9000,0.9000,0.9000,,shipping
5132,2232,5486,20.0000,3.8500,3.8500,3.8500,3.8500,,product
5133,2232,,20.0000,0.9000,0.9000,0.9000,0.9000,,shipping
5134,2233,5488,20.0000,1.4000,1.4000,1.4000,1.4000,,product
5135,2233,,20.0000,0.6600,0.6600,0.6600,0.6600,,shipping
5136,2234,5490,20.0000,4.0200,4.0200,4.0200,4.0200,,product
5137,2234,,20.0000,0.9900,0.9900,0.9900,0.9900,,shipping
5138,2235,5492,20.0000,4.0200,4.0200,4.0200,4.0200,,product
5139,2235,,20.0000,0.9900,0.9900,0.9900,0.9900,,shipping
5140,2236,5494,20.0000,5.2700,5.2700,5.2700,5.2700,,product
5141,2236,,20.0000,0.9900,0.9900,0.9900,0.9900,,shipping
5142,2237,5496,20.0000,3.8300,3.8300,3.8300,3.8300,,product
5143,2237,,20.0000,0.9900,0.9900,0.9900,0.9900,,shipping
5144,2238,5498,20.0000,3.8000,3.8000,3.8000,3.8000,,product
5145,2238,,20.0000,0.9000,0.9000,0.9000,0.9000,,shipping
5146,2239,5500,20.0000,3.9900,3.9900,3.9900,3.9900,,product
5147,2239,,20.0000,0.9000,0.9000,0.9000,0.9000,,shipping
5148,2240,5502,20.0000,3.9900,3.9900,3.9900,3.9900,,product
5149,2240,,20.0000,0.9000,0.9000,0.9000,0.9000,,shipping
5150,2241,5504,20.0000,5.2200,5.2200,5.2200,5.2200,,product
5151,2241,,20.0000,0.9000,0.9000,0.9000,0.9000,,shipping
5152,2242,5506,20.0000,3.9900,3.9900,3.9900,3.9900,,product
5153,2242,,20.0000,0.9000,0.9000,0.9000,0.9000,,shipping
5154,2243,5508,20.0000,3.8000,3.8000,3.8000,3.8000,,product
5155,2243,,20.0000,0.9000,0.9000,0.9000,0.9000,,shipping
5156,2244,5510,20.0000,5.2200,5.2200,5.2200,5.2200,,product
5157,2244,,20.0000,0.9000,0.9000,0.9000,0.9000,,shipping
5158,2245,5512,20.0000,3.9900,3.9900,3.9900,3.9900,,product
5159,2245,,20.0000,0.9000,0.9000,0.9000,0.9000,,shipping
5160,2246,5514,20.0000,3.8500,3.8500,3.8500,3.8500,,product
5161,2246,,20.0000,0.9000,0.9000,0.9000,0.9000,,shipping
5162,2247,5516,20.0000,4.6500,4.6500,4.6500,4.6500,,product
5163,2247,,20.0000,0.9000,0.9000,0.9000,0.9000,,shipping
5164,2248,5518,20.0000,3.8500,3.8500,3.8500,3.8500,,product
5165,2248,,20.0000,0.9000,0.9000,0.9000,0.9000,,shipping
5166,2249,5520,20.0000,3.8300,3.8300,3.8300,3.8300,,product
5167,2249,5522,20.0000,3.8300,3.8300,3.8300,3.8300,,product
5168,2249,,20.0000,0.9900,0.9900,0.9900,0.9900,,shipping
5169,2250,5524,20.0000,3.8300,3.8300,3.8300,3.8300,,product
5170,2250,,20.0000,0.9900,0.9900,0.9900,0.9900,,shipping
5171,2251,5526,20.0000,3.8300,3.8300,3.8300,3.8300,,product
5172,2251,,20.0000,0.9900,0.9900,0.9900,0.9900,,shipping
5173,2252,5528,20.0000,5.2200,5.2200,5.2200,5.2200,,product
5174,2252,,20.0000,0.9000,0.9000,0.9000,0.9000,,shipping
5175,2253,5530,20.0000,8.6200,8.6200,8.6200,8.6200,,product
5176,2253,,20.0000,0.9900,0.9900,0.9900,0.9900,,shipping
5177,2254,5532,20.0000,5.2200,5.2200,5.2200,5.2200,,product
5178,2254,,20.0000,0.9000,0.9000,0.9000,0.9000,,shipping
5179,2255,5534,20.0000,9.2900,9.2900,9.2900,9.2900,,product
5180,2255,,20.0000,0.9900,0.9900,0.9900,0.9900,,shipping
5181,2256,5536,20.0000,3.8300,3.8300,3.8300,3.8300,,product
5182,2256,,20.0000,0.9900,0.9900,0.9900,0.9900,,shipping
5183,2257,5538,20.0000,3.8000,3.8000,3.8000,3.8000,,product
5184,2257,,20.0000,0.9000,0.9000,0.9000,0.9000,,shipping
5185,2258,5540,20.0000,8.6200,8.6200,8.6200,8.6200,,product
5186,2258,,20.0000,0.9900,0.9900,0.9900,0.9900,,shipping
5187,2259,5542,20.0000,5.4100,5.4100,5.4100,5.4100,,product
5188,2259,,20.0000,0.0000,0.0000,0.0000,0.0000,,shipping
5189,2260,5544,20.0000,3.8000,3.8000,3.8000,3.8000,,product
5190,2260,,20.0000,0.9000,0.9000,0.9000,0.9000,,shipping
5191,2261,5546,20.0000,1.4300,1.4300,1.4300,1.4300,,product
5192,2261,,20.0000,0.6600,0.6600,0.6600,0.6600,,shipping
5193,2262,5548,20.0000,3.8500,3.8500,3.8500,3.8500,,product
5194,2262,,20.0000,0.9000,0.9000,0.9000,0.9000,,shipping
5195,2263,5550,20.0000,5.2200,5.2200,5.2200,5.2200,,product
5196,2263,,20.0000,0.9000,0.9000,0.9000,0.9000,,shipping
5197,2264,5552,20.0000,1.4300,1.4300,1.4300,1.4300,,product
5198,2264,,20.0000,0.6600,0.6600,0.6600,0.6600,,shipping
5199,2265,5554,20.0000,4.0200,4.0200,4.0200,4.0200,,product
5200,2265,5556,20.0000,4.0200,4.0200,4.0200,4.0200,,product
5201,2265,,20.0000,0.9900,0.9900,0.9900,0.9900,,shipping
5202,2266,5558,20.0000,3.8300,3.8300,3.8300,3.8300,,product
5203,2266,,20.0000,0.9900,0.9900,0.9900,0.9900,,shipping
5204,2267,5560,20.0000,7.7900,7.7900,7.7900,7.7900,,product
5205,2267,,20.0000,0.9000,0.9000,0.9000,0.9000,,shipping
5206,2268,5562,20.0000,8.5500,8.5500,8.5500,8.5500,,product
5207,2268,,20.0000,0.9000,0.9000,0.9000,0.9000,,shipping
5208,2269,5564,20.0000,3.8000,3.8000,3.8000,3.8000,,product
5209,2269,,20.0000,0.9000,0.9000,0.9000,0.9000,,shipping
5210,2270,5566,20.0000,4.6500,4.6500,4.6500,4.6500,,product
5211,2270,,20.0000,0.9000,0.9000,0.9000,0.9000,,shipping
5212,2271,5568,20.0000,7.6600,7.6600,7.6600,7.6600,,product
5213,2271,,20.0000,0.9900,0.9900,0.9900,0.9900,,shipping
5214,2272,5570,20.0000,5.2700,5.2700,5.2700,5.2700,,product
5215,2272,,20.0000,0.9900,0.9900,0.9900,0.9900,,shipping
5216,2273,5572,20.0000,3.8300,3.8300,3.8300,3.8300,,product
5217,2273,,20.0000,0.9900,0.9900,0.9900,0.9900,,shipping
5218,2274,5574,20.0000,4.0800,4.0800,4.0800,4.0800,,product
5219,2274,,20.0000,0.9000,0.9000,0.9000,0.9000,,shipping
5220,2275,5576,20.0000,8.1400,8.1400,8.1400,8.1400,,product
5221,2275,,20.0000,0.9900,0.9900,0.9900,0.9900,,shipping
5222,2276,5578,20.0000,9.5800,9.5800,9.5800,9.5800,,product
5223,2276,,20.0000,0.9900,0.9900,0.9900,0.9900,,shipping
5224,2277,5580,20.0000,3.9900,3.9900,3.9900,3.9900,,product
5225,2277,,20.0000,0.9000,0.9000,0.9000,0.9000,,shipping
5226,2278,5582,20.0000,3.8800,3.8800,3.8800,3.8800,,product
5227,2278,,20.0000,0.9900,0.9900,0.9900,0.9900,,shipping
5228,2279,5584,20.0000,8.9100,8.9100,8.9100,8.9100,,product
5229,2279,,20.0000,0.9900,0.9900,0.9900,0.9900,,shipping
5230,2280,5586,20.0000,8.1400,8.1400,8.1400,8.1400,,product
5231,2280,,20.0000,0.9900,0.9900,0.9900,0.9900,,shipping
5232,2281,5588,20.0000,4.3300,4.3300,4.3300,4.3300,,product
5233,2281,5590,20.0000,4.3900,4.3900,4.3900,4.3900,,product
5234,2281,5592,20.0000,1.6200,1.6200,1.6200,1.6200,,product
5235,2281,5594,20.0000,1.6200,1.6200,1.6200,1.6200,,product
5236,2281,,20.0000,0.0000,0.0000,0.0000,0.0000,,shipping
5237,2282,5596,20.0000,3.8000,3.8000,3.8000,3.8000,,product
5238,2282,,20.0000,0.9000,0.9000,0.9000,0.9000,,shipping
5239,2283,5598,20.0000,9.0200,9.0200,9.0200,9.0200,,product
5240,2283,,20.0000,0.9000,0.9000,0.9000,0.9000,,shipping
5241,2284,5600,20.0000,3.8500,3.8500,3.8500,3.8500,,product
5242,2284,,20.0000,0.9000,0.9000,0.9000,0.9000,,shipping
5243,2285,5602,20.0000,9.7400,9.7400,9.7400,9.7400,,product
5244,2285,5604,20.0000,4.5500,4.5500,4.5500,4.5500,,product
5245,2285,,20.0000,0.0000,0.0000,0.0000,0.0000,,shipping
5246,2286,5606,20.0000,4.0800,4.0800,4.0800,4.0800,,product
5247,2286,,20.0000,0.9000,0.9000,0.9000,0.9000,,shipping
5248,2287,5608,20.0000,8.2600,8.2600,8.2600,8.2600,,product
5249,2287,,20.0000,0.9000,0.9000,0.9000,0.9000,,shipping
5250,2288,5610,20.0000,3.8500,3.8500,3.8500,3.8500,,product
5251,2288,5612,20.0000,1.4300,1.4300,1.4300,1.4300,,product
5252,2288,,20.0000,0.9000,0.9000,0.9000,0.9000,,shipping
5253,2289,5614,20.0000,8.0700,8.0700,8.0700,8.0700,,product
5254,2289,,20.0000,0.9000,0.9000,0.9000,0.9000,,shipping
5255,2290,5616,20.0000,8.8300,8.8300,8.8300,8.8300,,product
5256,2290,,20.0000,0.9000,0.9000,0.9000,0.9000,,shipping
5257,2291,5618,20.0000,3.9900,3.9900,3.9900,3.9900,,product
5258,2291,,20.0000,0.9000,0.9000,0.9000,0.9000,,shipping
5259,2292,5620,20.0000,3.9900,3.9900,3.9900,3.9900,,product
5260,2292,,20.0000,0.9000,0.9000,0.9000,0.9000,,shipping
5261,2293,5622,20.0000,3.8500,3.8500,3.8500,3.8500,,product
5262,2293,,20.0000,0.9000,0.9000,0.9000,0.9000,,shipping
5263,2294,5624,20.0000,2.8600,2.8600,2.8600,2.8600,,product
5264,2294,,20.0000,0.6600,0.6600,0.6600,0.6600,,shipping
5265,2295,5626,20.0000,8.6200,8.6200,8.6200,8.6200,,product
5266,2295,,20.0000,0.9900,0.9900,0.9900,0.9900,,shipping
5267,2296,5628,20.0000,3.8800,3.8800,3.8800,3.8800,,product
5268,2296,,20.0000,0.9900,0.9900,0.9900,0.9900,,shipping
5269,2297,5630,20.0000,4.0200,4.0200,4.0200,4.0200,,product
5270,2297,,20.0000,0.9900,0.9900,0.9900,0.9900,,shipping
5271,2298,5632,20.0000,3.8800,3.8800,3.8800,3.8800,,product
5272,2298,,20.0000,0.9900,0.9900,0.9900,0.9900,,shipping
5273,2299,5634,20.0000,4.0200,4.0200,4.0200,4.0200,,product
5274,2299,,20.0000,0.9900,0.9900,0.9900,0.9900,,shipping
5275,2300,5636,20.0000,4.1200,4.1200,4.1200,4.1200,,product
5276,2300,,20.0000,0.9900,0.9900,0.9900,0.9900,,shipping
5277,2301,5638,20.0000,8.3300,8.3300,8.3300,8.3300,,product
5278,2301,,20.0000,0.9900,0.9900,0.9900,0.9900,,shipping
5279,2302,5640,20.0000,8.6200,8.6200,8.6200,8.6200,,product
5280,2302,,20.0000,0.9900,0.9900,0.9900,0.9900,,shipping
5281,2303,5642,20.0000,4.0200,4.0200,4.0200,4.0200,,product
5282,2303,,20.0000,0.9900,0.9900,0.9900,0.9900,,shipping
5283,2304,5644,20.0000,4.0200,4.0200,4.0200,4.0200,,product
5284,2304,,20.0000,0.9900,0.9900,0.9900,0.9900,,shipping
5285,2305,5646,20.0000,4.0200,4.0200,4.0200,4.0200,,product
5286,2305,,20.0000,0.9900,0.9900,0.9900,0.9900,,shipping
5287,2306,5648,20.0000,4.6900,4.6900,4.6900,4.6900,,product
5288,2306,,20.0000,0.9900,0.9900,0.9900,0.9900,,shipping
5289,2307,5650,20.0000,5.2700,5.2700,5.2700,5.2700,,product
5290,2307,,20.0000,0.9900,0.9900,0.9900,0.9900,,shipping
5291,2308,5652,20.0000,3.8800,3.8800,3.8800,3.8800,,product
5292,2308,,20.0000,0.9900,0.9900,0.9900,0.9900,,shipping
5293,2309,5654,20.0000,3.8800,3.8800,3.8800,3.8800,,product
5294,2309,,20.0000,0.9900,0.9900,0.9900,0.9900,,shipping
5295,2310,5656,20.0000,8.3300,8.3300,8.3300,8.3300,,product
5296,2310,,20.0000,0.9900,0.9900,0.9900,0.9900,,shipping
5297,2311,5658,20.0000,8.6200,8.6200,8.6200,8.6200,,product
5298,2311,,20.0000,0.9900,0.9900,0.9900,0.9900,,shipping
5299,2312,5660,20.0000,9.5800,9.5800,9.5800,9.5800,,product
5300,2312,5662,20.0000,3.8800,3.8800,3.8800,3.8800,,product
5301,2312,,20.0000,0.9900,0.9900,0.9900,0.9900,,shipping
5302,2313,5664,20.0000,4.0200,4.0200,4.0200,4.0200,,product
5303,2313,,20.0000,0.9900,0.9900,0.9900,0.9900,,shipping
5304,2314,5666,20.0000,5.4900,5.4900,5.4900,5.4900,,product
5305,2314,5668,20.0000,10.9900,10.9900,10.9900,10.9900,,product
5306,2314,5670,20.0000,5.5000,5.5000,5.5000,5.5000,,product
5307,2314,,20.0000,0.6500,0.6500,0.6500,0.6500,,shipping
5308,2315,5672,20.0000,3.9900,3.9900,3.9900,3.9900,,product
5309,2315,,20.0000,0.9000,0.9000,0.9000,0.9000,,shipping
5310,2316,5674,20.0000,4.0800,4.0800,4.0800,4.0800,,product
5311,2316,,20.0000,0.9000,0.9000,0.9000,0.9000,,shipping
5312,2317,5676,20.0000,3.8500,3.8500,3.8500,3.8500,,product
5313,2317,,20.0000,0.9000,0.9000,0.9000,0.9000,,shipping
5314,2318,5678,20.0000,4.0800,4.0800,4.0800,4.0800,,product
5315,2318,5680,20.0000,3.9900,3.9900,3.9900,3.9900,,product
5316,2318,,20.0000,0.9000,0.9000,0.9000,0.9000,,shipping
5317,2319,5682,20.0000,4.0800,4.0800,4.0800,4.0800,,product
5318,2319,,20.0000,0.9000,0.9000,0.9000,0.9000,,shipping
5319,2320,5684,20.0000,9.5800,9.5800,9.5800,9.5800,,product
5320,2320,,20.0000,0.9900,0.9900,0.9900,0.9900,,shipping
5321,2321,5686,20.0000,4.0800,4.0800,4.0800,4.0800,,product
5322,2321,,20.0000,0.9000,0.9000,0.9000,0.9000,,shipping
5323,2322,5688,20.0000,8.9100,8.9100,8.9100,8.9100,,product
5324,2322,,20.0000,0.9900,0.9900,0.9900,0.9900,,shipping
5325,2323,5690,20.0000,2.1600,2.1600,2.1600,2.1600,,product
5326,2323,,20.0000,0.6500,0.6500,0.6500,0.6500,,shipping
5327,2324,5692,20.0000,3.8000,3.8000,3.8000,3.8000,,product
5328,2324,,20.0000,0.9000,0.9000,0.9000,0.9000,,shipping
5329,2325,5694,20.0000,5.2200,5.2200,5.2200,5.2200,,product
5330,2325,,20.0000,0.9000,0.9000,0.9000,0.9000,,shipping
5331,2326,5696,20.0000,3.9900,3.9900,3.9900,3.9900,,product
5332,2326,,20.0000,0.9000,0.9000,0.9000,0.9000,,shipping
5333,2327,5698,20.0000,9.5800,9.5800,9.5800,9.5800,,product
5334,2327,,20.0000,0.9900,0.9900,0.9900,0.9900,,shipping
5335,2328,5700,20.0000,5.2700,5.2700,5.2700,5.2700,,product
5336,2328,,20.0000,0.9900,0.9900,0.9900,0.9900,,shipping
5337,2329,5702,20.0000,3.8800,3.8800,3.8800,3.8800,,product
5338,2329,,20.0000,0.9900,0.9900,0.9900,0.9900,,shipping
5339,2330,5704,20.0000,5.2700,5.2700,5.2700,5.2700,,product
5340,2330,5706,20.0000,5.2600,5.2600,5.2600,5.2600,,product
5341,2330,,20.0000,0.9900,0.9900,0.9900,0.9900,,shipping
5342,2331,5708,20.0000,3.8300,3.8300,3.8300,3.8300,,product
5343,2331,,20.0000,0.9900,0.9900,0.9900,0.9900,,shipping
5344,2332,5710,20.0000,4.0800,4.0800,4.0800,4.0800,,product
5345,2332,,20.0000,0.9000,0.9000,0.9000,0.9000,,shipping
5346,2333,5712,20.0000,3.8500,3.8500,3.8500,3.8500,,product
5347,2333,,20.0000,0.9000,0.9000,0.9000,0.9000,,shipping
5348,2334,5714,20.0000,3.9900,3.9900,3.9900,3.9900,,product
5349,2334,,20.0000,0.9000,0.9000,0.9000,0.9000,,shipping
5350,2335,5716,20.0000,3.4500,3.4500,3.4500,3.4500,,product
5351,2335,,20.0000,0.9900,0.9900,0.9900,0.9900,,shipping
5352,2336,5718,20.0000,3.7000,3.7000,3.7000,3.7000,,product
5353,2336,,20.0000,1.0000,1.0000,1.0000,1.0000,,shipping
5354,2337,5720,20.0000,3.4900,3.4900,3.4900,3.4900,,product
5355,2337,,20.0000,1.0000,1.0000,1.0000,1.0000,,shipping
5356,2338,5722,20.0000,8.6200,8.6200,8.6200,8.6200,,product
5357,2338,,20.0000,0.9900,0.9900,0.9900,0.9900,,shipping
5358,2339,5724,20.0000,8.6200,8.6200,8.6200,8.6200,,product
5359,2339,,20.0000,0.9900,0.9900,0.9900,0.9900,,shipping
5360,2340,5726,20.0000,4.7400,4.7400,4.7400,4.7400,,product
5361,2340,,20.0000,0.9900,0.9900,0.9900,0.9900,,shipping
5362,2341,5728,20.0000,8.0200,8.0200,8.0200,8.0200,,product
5363,2341,5730,20.0000,8.6200,8.6200,8.6200,8.6200,,product
5364,2341,5732,20.0000,8.1900,8.1900,8.1900,8.1900,,product
5365,2341,,20.0000,0.9900,0.9900,0.9900,0.9900,,shipping
5366,2342,5734,20.0000,3.7000,3.7000,3.7000,3.7000,,product
5367,2342,,20.0000,1.0000,1.0000,1.0000,1.0000,,shipping
5368,2343,5736,20.0000,4.0800,4.0800,4.0800,4.0800,,product
5369,2343,,20.0000,0.9000,0.9000,0.9000,0.9000,,shipping
5370,2344,5738,20.0000,5.2200,5.2200,5.2200,5.2200,,product
5371,2344,,20.0000,0.9000,0.9000,0.9000,0.9000,,shipping
5372,2345,5740,20.0000,4.6500,4.6500,4.6500,4.6500,,product
5373,2345,,20.0000,0.9000,0.9000,0.9000,0.9000,,shipping
5374,2346,5742,20.0000,3.4900,3.4900,3.4900,3.4900,,product
5375,2346,5744,20.0000,3.6200,3.6200,3.6200,3.6200,,product
5376,2346,,20.0000,0.9900,0.9900,0.9900,0.9900,,shipping
5377,2347,5746,20.0000,3.4900,3.4900,3.4900,3.4900,,product
5378,2347,,20.0000,1.0000,1.0000,1.0000,1.0000,,shipping
5379,2348,5748,20.0000,8.1900,8.1900,8.1900,8.1900,,product
5380,2348,,20.0000,0.9900,0.9900,0.9900,0.9900,,shipping
5381,2349,5750,20.0000,3.4500,3.4500,3.4500,3.4500,,product
5382,2349,,20.0000,0.9900,0.9900,0.9900,0.9900,,shipping
5383,2350,5752,20.0000,3.7000,3.7000,3.7000,3.7000,,product
5384,2350,,20.0000,1.0000,1.0000,1.0000,1.0000,,shipping
5385,2351,5754,20.0000,3.6200,3.6200,3.6200,3.6200,,product
5386,2351,,20.0000,0.9900,0.9900,0.9900,0.9900,,shipping
5387,2352,5756,20.0000,8.6200,8.6200,8.6200,8.6200,,product
5388,2352,,20.0000,0.9900,0.9900,0.9900,0.9900,,shipping
5389,2353,5758,20.0000,8.1900,8.1900,8.1900,8.1900,,product
5390,2353,,20.0000,0.9900,0.9900,0.9900,0.9900,,shipping
5391,2354,5760,20.0000,3.6200,3.6200,3.6200,3.6200,,product
5392,2354,,20.0000,0.9900,0.9900,0.9900,0.9900,,shipping
5393,2355,5762,20.0000,1.6200,1.6200,1.6200,1.6200,,product
5394,2355,,20.0000,0.6600,0.6600,0.6600,0.6600,,shipping
5395,2356,5764,20.0000,3.4900,3.4900,3.4900,3.4900,,product
5396,2356,,20.0000,1.0000,1.0000,1.0000,1.0000,,shipping
5397,2357,5766,20.0000,1.0800,1.0800,1.0800,1.0800,,product
5398,2357,,20.0000,0.6600,0.6600,0.6600,0.6600,,shipping
5399,2358,5768,20.0000,7.7600,7.7600,7.7600,7.7600,,product
5400,2358,,20.0000,0.9900,0.9900,0.9900,0.9900,,shipping
5401,2359,5770,20.0000,3.7000,3.7000,3.7000,3.7000,,product
5402,2359,,20.0000,1.0000,1.0000,1.0000,1.0000,,shipping
5403,2360,5772,20.0000,3.4500,3.4500,3.4500,3.4500,,product
5404,2360,,20.0000,0.9900,0.9900,0.9900,0.9900,,shipping
5405,2361,5774,20.0000,8.3600,8.3600,8.3600,8.3600,,product
5406,2361,,20.0000,0.9900,0.9900,0.9900,0.9900,,shipping
5407,2362,5776,20.0000,3.4900,3.4900,3.4900,3.4900,,product
5408,2362,,20.0000,1.0000,1.0000,1.0000,1.0000,,shipping
5409,2363,5778,20.0000,8.0200,8.0200,8.0200,8.0200,,product
5410,2363,,20.0000,0.9900,0.9900,0.9900,0.9900,,shipping
5411,2364,5780,20.0000,4.6500,4.6500,4.6500,4.6500,,product
5412,2364,,20.0000,0.9000,0.9000,0.9000,0.9000,,shipping
5413,2365,5782,20.0000,7.7900,7.7900,7.7900,7.7900,,product
5414,2365,,20.0000,0.9000,0.9000,0.9000,0.9000,,shipping
5415,2366,5784,20.0000,3.4500,3.4500,3.4500,3.4500,,product
5416,2366,5786,20.0000,7.7500,7.7500,7.7500,7.7500,,product
5417,2366,,20.0000,1.0000,1.0000,1.0000,1.0000,,shipping
5418,2367,5788,20.0000,1.4300,1.4300,1.4300,1.4300,,product
5419,2367,,20.0000,0.6600,0.6600,0.6600,0.6600,,shipping
5420,2368,5790,20.0000,8.6200,8.6200,8.6200,8.6200,,product
5421,2368,,20.0000,0.9900,0.9900,0.9900,0.9900,,shipping
5422,2369,5792,20.0000,3.9900,3.9900,3.9900,3.9900,,product
5423,2369,,20.0000,0.9000,0.9000,0.9000,0.9000,,shipping
5424,2370,5794,20.0000,6.9900,6.9900,6.9900,6.9900,,product
5425,2370,,20.0000,0.9900,0.9900,0.9900,0.9900,,shipping
5426,2371,5796,20.0000,8.6200,8.6200,8.6200,8.6200,,product
5427,2371,,20.0000,0.9900,0.9900,0.9900,0.9900,,shipping
5428,2372,5798,20.0000,3.6200,3.6200,3.6200,3.6200,,product
5429,2372,,20.0000,0.9900,0.9900,0.9900,0.9900,,shipping
5430,2373,5800,20.0000,8.6200,8.6200,8.6200,8.6200,,product
5431,2373,,20.0000,0.9900,0.9900,0.9900,0.9900,,shipping
5432,2374,5802,20.0000,8.6200,8.6200,8.6200,8.6200,,product
5433,2374,,20.0000,0.9900,0.9900,0.9900,0.9900,,shipping
5434,2375,5804,20.0000,3.9900,3.9900,3.9900,3.9900,,product
5435,2375,,20.0000,0.9000,0.9000,0.9000,0.9000,,shipping
5436,2376,5806,20.0000,3.4500,3.4500,3.4500,3.4500,,product
5437,2376,,20.0000,0.9900,0.9900,0.9900,0.9900,,shipping
5438,2377,5808,20.0000,3.4500,3.4500,3.4500,3.4500,,product
5439,2377,,20.0000,0.9900,0.9900,0.9900,0.9900,,shipping
5440,2378,5810,20.0000,3.6200,3.6200,3.6200,3.6200,,product
5441,2378,5812,20.0000,3.4900,3.4900,3.4900,3.4900,,product
5442,2378,,20.0000,0.9900,0.9900,0.9900,0.9900,,shipping
5443,2379,5814,20.0000,3.8500,3.8500,3.8500,3.8500,,product
5444,2379,,20.0000,0.9000,0.9000,0.9000,0.9000,,shipping
5445,2380,5816,20.0000,3.8000,3.8000,3.8000,3.8000,,product
5446,2380,,20.0000,0.9000,0.9000,0.9000,0.9000,,shipping
5447,2381,5818,20.0000,7.5000,7.5000,7.5000,7.5000,,product
5448,2381,,20.0000,0.9900,0.9900,0.9900,0.9900,,shipping
5449,2382,5820,20.0000,3.7000,3.7000,3.7000,3.7000,,product
5450,2382,,20.0000,1.0000,1.0000,1.0000,1.0000,,shipping
5451,2383,5822,20.0000,3.4900,3.4900,3.4900,3.4900,,product
5452,2383,,20.0000,1.0000,1.0000,1.0000,1.0000,,shipping
5453,2384,5824,20.0000,3.7000,3.7000,3.7000,3.7000,,product
5454,2384,,20.0000,1.0000,1.0000,1.0000,1.0000,,shipping
5455,2385,5826,20.0000,3.4900,3.4900,3.4900,3.4900,,product
5456,2385,,20.0000,1.0000,1.0000,1.0000,1.0000,,shipping
5457,2386,5828,20.0000,8.0200,8.0200,8.0200,8.0200,,product
5458,2386,,20.0000,0.9900,0.9900,0.9900,0.9900,,shipping
5459,2387,5830,20.0000,7.7600,7.7600,7.7600,7.7600,,product
5460,2387,5832,20.0000,7.7600,7.7600,7.7600,7.7600,,product
5461,2387,,20.0000,0.9900,0.9900,0.9900,0.9900,,shipping
5462,2388,5834,20.0000,8.1900,8.1900,8.1900,8.1900,,product
5463,2388,,20.0000,0.9900,0.9900,0.9900,0.9900,,shipping
5464,2389,5836,20.0000,4.2200,4.2200,4.2200,4.2200,,product
5465,2389,,20.0000,0.9900,0.9900,0.9900,0.9900,,shipping
5466,2390,5838,20.0000,5.2200,5.2200,5.2200,5.2200,,product
5467,2390,5840,20.0000,5.2200,5.2200,5.2200,5.2200,,product
5468,2390,,20.0000,0.9000,0.9000,0.9000,0.9000,,shipping
5469,2391,5842,20.0000,4.2900,4.2900,4.2900,4.2900,,product
5470,2391,,20.0000,0.6600,0.6600,0.6600,0.6600,,shipping
5471,2392,5844,20.0000,3.7000,3.7000,3.7000,3.7000,,product
5472,2392,,20.0000,1.0000,1.0000,1.0000,1.0000,,shipping
5473,2393,5846,20.0000,3.4500,3.4500,3.4500,3.4500,,product
5474,2393,,20.0000,0.9900,0.9900,0.9900,0.9900,,shipping
5475,2394,5848,20.0000,7.5000,7.5000,7.5000,7.5000,,product
5476,2394,,20.0000,0.9900,0.9900,0.9900,0.9900,,shipping
5477,2395,5850,20.0000,3.9900,3.9900,3.9900,3.9900,,product
5478,2395,5852,20.0000,4.0800,4.0800,4.0800,4.0800,,product
5479,2395,,20.0000,0.9000,0.9000,0.9000,0.9000,,shipping
5480,2396,5854,20.0000,8.6200,8.6200,8.6200,8.6200,,product
5481,2396,,20.0000,0.9900,0.9900,0.9900,0.9900,,shipping
5482,2397,5856,20.0000,8.6200,8.6200,8.6200,8.6200,,product
5483,2397,5858,20.0000,8.6200,8.6200,8.6200,8.6200,,product
5484,2397,,20.0000,0.9900,0.9900,0.9900,0.9900,,shipping
5485,2398,5860,20.0000,3.6200,3.6200,3.6200,3.6200,,product
5486,2398,,20.0000,0.9900,0.9900,0.9900,0.9900,,shipping
5487,2399,5862,20.0000,3.6200,3.6200,3.6200,3.6200,,product
5488,2399,,20.0000,0.9900,0.9900,0.9900,0.9900,,shipping
5489,2400,5864,20.0000,3.7000,3.7000,3.7000,3.7000,,product
5490,2400,5866,20.0000,4.7400,4.7400,4.7400,4.7400,,product
5491,2400,,20.0000,1.0000,1.0000,1.0000,1.0000,,shipping
5492,2401,5868,20.0000,3.7000,3.7000,3.7000,3.7000,,product
5493,2401,,20.0000,1.0000,1.0000,1.0000,1.0000,,shipping
5494,2402,5870,20.0000,3.6200,3.6200,3.6200,3.6200,,product
5495,2402,,20.0000,0.9900,0.9900,0.9900,0.9900,,shipping
5496,2403,5872,20.0000,3.4900,3.4900,3.4900,3.4900,,product
5497,2403,,20.0000,1.0000,1.0000,1.0000,1.0000,,shipping
5498,2404,5874,20.0000,5.2200,5.2200,5.2200,5.2200,,product
5499,2404,,20.0000,0.9000,0.9000,0.9000,0.9000,,shipping
5500,2405,5876,20.0000,4.6500,4.6500,4.6500,4.6500,,product
5501,2405,,20.0000,0.9000,0.9000,0.9000,0.9000,,shipping
5502,2406,5878,20.0000,3.9900,3.9900,3.9900,3.9900,,product
5503,2406,5880,20.0000,3.9800,3.9800,3.9800,3.9800,,product
5504,2406,,20.0000,0.9000,0.9000,0.9000,0.9000,,shipping
5505,2407,5882,20.0000,3.8000,3.8000,3.8000,3.8000,,product
5506,2407,,20.0000,0.9000,0.9000,0.9000,0.9000,,shipping
5507,2408,5884,20.0000,1.1900,1.1900,1.1900,1.1900,,product
5508,2408,5886,20.0000,1.1800,1.1800,1.1800,1.1800,,product
5509,2408,5888,20.0000,1.1900,1.1900,1.1900,1.1900,,product
5510,2408,5890,20.0000,9.2000,9.2000,9.2000,9.2000,,product
5511,2408,,20.0000,0.0000,0.0000,0.0000,0.0000,,shipping
5512,2409,5892,20.0000,7.3300,7.3300,7.3300,7.3300,,product
5513,2409,,20.0000,0.9900,0.9900,0.9900,0.9900,,shipping
5514,2410,5894,20.0000,4.2200,4.2200,4.2200,4.2200,,product
5515,2410,,20.0000,0.9900,0.9900,0.9900,0.9900,,shipping
5516,2411,5896,20.0000,3.4500,3.4500,3.4500,3.4500,,product
5517,2411,,20.0000,0.9900,0.9900,0.9900,0.9900,,shipping
5518,2412,5898,20.0000,8.6200,8.6200,8.6200,8.6200,,product
5519,2412,,20.0000,0.9900,0.9900,0.9900,0.9900,,shipping
5520,2413,5900,20.0000,8.6200,8.6200,8.6200,8.6200,,product
5521,2413,5902,20.0000,8.6200,8.6200,8.6200,8.6200,,product
5522,2413,,20.0000,0.9900,0.9900,0.9900,0.9900,,shipping
5523,2414,5904,20.0000,8.1900,8.1900,8.1900,8.1900,,product
5524,2414,,20.0000,0.9900,0.9900,0.9900,0.9900,,shipping
5525,2415,5906,20.0000,7.7600,7.7600,7.7600,7.7600,,product
5526,2415,5908,20.0000,3.6200,3.6200,3.6200,3.6200,,product
5527,2415,,20.0000,0.9900,0.9900,0.9900,0.9900,,shipping
5528,2416,5910,20.0000,3.4500,3.4500,3.4500,3.4500,,product
5529,2416,,20.0000,0.9900,0.9900,0.9900,0.9900,,shipping
5530,2417,5912,20.0000,7.3300,7.3300,7.3300,7.3300,,product
5531,2417,,20.0000,0.9900,0.9900,0.9900,0.9900,,shipping
5532,2418,5914,20.0000,3.6200,3.6200,3.6200,3.6200,,product
5533,2418,,20.0000,0.9900,0.9900,0.9900,0.9900,,shipping
5534,2419,5916,20.0000,8.0200,8.0200,8.0200,8.0200,,product
5535,2419,,20.0000,0.9900,0.9900,0.9900,0.9900,,shipping
5536,2420,5918,20.0000,3.6200,3.6200,3.6200,3.6200,,product
5537,2420,,20.0000,0.9900,0.9900,0.9900,0.9900,,shipping
5538,2421,5920,20.0000,5.2200,5.2200,5.2200,5.2200,,product
5539,2421,,20.0000,0.9000,0.9000,0.9000,0.9000,,shipping
5540,2422,5922,20.0000,3.9900,3.9900,3.9900,3.9900,,product
5541,2422,,20.0000,0.9000,0.9000,0.9000,0.9000,,shipping
5542,2423,5924,20.0000,3.8000,3.8000,3.8000,3.8000,,product
5543,2423,,20.0000,0.9000,0.9000,0.9000,0.9000,,shipping
5544,2424,5926,20.0000,3.9900,3.9900,3.9900,3.9900,,product
5545,2424,,20.0000,0.9000,0.9000,0.9000,0.9000,,shipping
5546,2425,5928,20.0000,3.8500,3.8500,3.8500,3.8500,,product
5547,2425,,20.0000,0.9000,0.9000,0.9000,0.9000,,shipping
5548,2426,5930,20.0000,5.2200,5.2200,5.2200,5.2200,,product
5549,2426,,20.0000,0.9000,0.9000,0.9000,0.9000,,shipping
5550,2427,5932,20.0000,3.8800,3.8800,3.8800,3.8800,,product
5551,2427,,20.0000,0.9900,0.9900,0.9900,0.9900,,shipping
5552,2428,5934,20.0000,4.0200,4.0200,4.0200,4.0200,,product
5553,2428,,20.0000,0.9900,0.9900,0.9900,0.9900,,shipping
5554,2429,5936,20.0000,3.8800,3.8800,3.8800,3.8800,,product
5555,2429,,20.0000,0.9900,0.9900,0.9900,0.9900,,shipping
5556,2430,5938,20.0000,9.5800,9.5800,9.5800,9.5800,,product
5557,2430,,20.0000,0.9900,0.9900,0.9900,0.9900,,shipping
5558,2431,5940,20.0000,8.6200,8.6200,8.6200,8.6200,,product
5559,2431,,20.0000,0.9900,0.9900,0.9900,0.9900,,shipping
5560,2432,5942,20.0000,9.1000,9.1000,9.1000,9.1000,,product
5561,2432,5944,20.0000,3.8800,3.8800,3.8800,3.8800,,product
5562,2432,,20.0000,0.9900,0.9900,0.9900,0.9900,,shipping
5563,2433,5946,20.0000,4.1200,4.1200,4.1200,4.1200,,product
5564,2433,,20.0000,0.9900,0.9900,0.9900,0.9900,,shipping
5565,2434,5948,20.0000,5.2700,5.2700,5.2700,5.2700,,product
5566,2434,,20.0000,0.9900,0.9900,0.9900,0.9900,,shipping
5567,2435,5950,20.0000,4.0200,4.0200,4.0200,4.0200,,product
5568,2435,,20.0000,0.9900,0.9900,0.9900,0.9900,,shipping
5569,2436,5952,20.0000,8.9100,8.9100,8.9100,8.9100,,product
5570,2436,,20.0000,0.9900,0.9900,0.9900,0.9900,,shipping
5571,2437,5954,20.0000,3.8800,3.8800,3.8800,3.8800,,product
5572,2437,,20.0000,0.9900,0.9900,0.9900,0.9900,,shipping
5573,2438,5956,20.0000,3.8500,3.8500,3.8500,3.8500,,product
5574,2438,,20.0000,0.9000,0.9000,0.9000,0.9000,,shipping
5575,2439,5958,20.0000,5.2200,5.2200,5.2200,5.2200,,product
5576,2439,,20.0000,0.9000,0.9000,0.9000,0.9000,,shipping
5577,2440,5960,20.0000,3.9900,3.9900,3.9900,3.9900,,product
5578,2440,,20.0000,0.9000,0.9000,0.9000,0.9000,,shipping
5579,2441,5962,20.0000,8.8300,8.8300,8.8300,8.8300,,product
5580,2441,,20.0000,0.9000,0.9000,0.9000,0.9000,,shipping
5581,2442,5964,20.0000,4.0200,4.0200,4.0200,4.0200,,product
5582,2442,,20.0000,0.9900,0.9900,0.9900,0.9900,,shipping
5583,2443,5966,20.0000,4.0200,4.0200,4.0200,4.0200,,product
5584,2443,,20.0000,0.9900,0.9900,0.9900,0.9900,,shipping
5585,2444,5968,20.0000,5.5500,5.5500,5.5500,5.5500,,product
5586,2444,,20.0000,1.0000,1.0000,1.0000,1.0000,,shipping
5587,2445,5970,20.0000,3.8300,3.8300,3.8300,3.8300,,product
5588,2445,,20.0000,0.9900,0.9900,0.9900,0.9900,,shipping
5589,2446,5972,20.0000,4.0200,4.0200,4.0200,4.0200,,product
5590,2446,,20.0000,0.9900,0.9900,0.9900,0.9900,,shipping
5591,2447,5974,20.0000,3.8300,3.8300,3.8300,3.8300,,product
5592,2447,,20.0000,0.9900,0.9900,0.9900,0.9900,,shipping
5593,2448,5976,20.0000,9.2900,9.2900,9.2900,9.2900,,product
5594,2448,,20.0000,0.9900,0.9900,0.9900,0.9900,,shipping
5595,2449,5978,20.0000,5.2700,5.2700,5.2700,5.2700,,product
5596,2449,5980,20.0000,5.2600,5.2600,5.2600,5.2600,,product
5597,2449,,20.0000,0.9900,0.9900,0.9900,0.9900,,shipping
5598,2450,5982,20.0000,9.5800,9.5800,9.5800,9.5800,,product
5599,2450,,20.0000,0.9900,0.9900,0.9900,0.9900,,shipping
5600,2451,5984,20.0000,4.0800,4.0800,4.0800,4.0800,,product
5601,2451,,20.0000,0.9000,0.9000,0.9000,0.9000,,shipping
5602,2452,5986,20.0000,9.5800,9.5800,9.5800,9.5800,,product
5603,2452,,20.0000,0.9900,0.9900,0.9900,0.9900,,shipping
5604,2453,5988,20.0000,3.8500,3.8500,3.8500,3.8500,,product
5605,2453,,20.0000,0.9000,0.9000,0.9000,0.9000,,shipping
5606,2454,5990,20.0000,8.6200,8.6200,8.6200,8.6200,,product
5607,2454,5992,20.0000,8.6200,8.6200,8.6200,8.6200,,product
5608,2454,5994,20.0000,8.6200,8.6200,8.6200,8.6200,,product
5609,2454,,20.0000,0.9900,0.9900,0.9900,0.9900,,shipping
5610,2455,5996,20.0000,8.3300,8.3300,8.3300,8.3300,,product
5611,2455,,20.0000,0.9900,0.9900,0.9900,0.9900,,shipping
5612,2456,5998,20.0000,3.8300,3.8300,3.8300,3.8300,,product
5613,2456,,20.0000,0.9900,0.9900,0.9900,0.9900,,shipping
5614,2457,6000,20.0000,3.9900,3.9900,3.9900,3.9900,,product
5615,2457,,20.0000,0.9000,0.9000,0.9000,0.9000,,shipping
5616,2458,6002,20.0000,8.3300,8.3300,8.3300,8.3300,,product
5617,2458,,20.0000,0.9900,0.9900,0.9900,0.9900,,shipping
5618,2459,6004,20.0000,5.5500,5.5500,5.5500,5.5500,,product
5619,2459,,20.0000,1.0000,1.0000,1.0000,1.0000,,shipping
5620,2460,6006,20.0000,3.8300,3.8300,3.8300,3.8300,,product
5621,2460,,20.0000,0.9900,0.9900,0.9900,0.9900,,shipping
5622,2461,6008,20.0000,4.0800,4.0800,4.0800,4.0800,,product
5623,2461,,20.0000,0.9000,0.9000,0.9000,0.9000,,shipping
5624,2462,6010,20.0000,4.0800,4.0800,4.0800,4.0800,,product
5625,2462,,20.0000,0.9000,0.9000,0.9000,0.9000,,shipping
5626,2463,6012,20.0000,3.8000,3.8000,3.8000,3.8000,,product
5627,2463,,20.0000,0.9000,0.9000,0.9000,0.9000,,shipping
5628,2464,6014,20.0000,1.1900,1.1900,1.1900,1.1900,,product
5629,2464,,20.0000,0.6500,0.6500,0.6500,0.6500,,shipping
5630,2465,6016,20.0000,5.2200,5.2200,5.2200,5.2200,,product
5631,2465,,20.0000,0.9000,0.9000,0.9000,0.9000,,shipping
5632,2466,6018,20.0000,9.2900,9.2900,9.2900,9.2900,,product
5633,2466,,20.0000,0.9900,0.9900,0.9900,0.9900,,shipping
5634,2467,6020,20.0000,4.0200,4.0200,4.0200,4.0200,,product
5635,2467,,20.0000,0.9900,0.9900,0.9900,0.9900,,shipping
5636,2468,6022,20.0000,3.9900,3.9900,3.9900,3.9900,,product
5637,2468,,20.0000,0.9000,0.9000,0.9000,0.9000,,shipping
5638,2469,6024,20.0000,4.6500,4.6500,4.6500,4.6500,,product
5639,2469,,20.0000,0.9000,0.9000,0.9000,0.9000,,shipping
5640,2470,6026,20.0000,3.8000,3.8000,3.8000,3.8000,,product
5641,2470,,20.0000,0.9000,0.9000,0.9000,0.9000,,shipping
5642,2471,6028,20.0000,3.8500,3.8500,3.8500,3.8500,,product
5643,2471,,20.0000,0.9000,0.9000,0.9000,0.9000,,shipping
5644,2472,6030,20.0000,3.8500,3.8500,3.8500,3.8500,,product
5645,2472,,20.0000,0.9000,0.9000,0.9000,0.9000,,shipping
5646,2473,6032,20.0000,4.6500,4.6500,4.6500,4.6500,,product
5647,2473,,20.0000,0.9000,0.9000,0.9000,0.9000,,shipping
5648,2474,6034,20.0000,3.9900,3.9900,3.9900,3.9900,,product
5649,2474,,20.0000,0.9000,0.9000,0.9000,0.9000,,shipping
5650,2475,6036,20.0000,5.2200,5.2200,5.2200,5.2200,,product
5651,2475,,20.0000,0.9000,0.9000,0.9000,0.9000,,shipping
5652,2476,6038,20.0000,9.5800,9.5800,9.5800,9.5800,,product
5653,2476,,20.0000,0.9900,0.9900,0.9900,0.9900,,shipping
5654,2477,6040,20.0000,3.9900,3.9900,3.9900,3.9900,,product
5655,2477,,20.0000,0.9000,0.9000,0.9000,0.9000,,shipping
5656,2478,6042,20.0000,1.4300,1.4300,1.4300,1.4300,,product
5657,2478,,20.0000,0.6600,0.6600,0.6600,0.6600,,shipping
5658,2479,6044,20.0000,3.9900,3.9900,3.9900,3.9900,,product
5659,2479,,20.0000,0.9000,0.9000,0.9000,0.9000,,shipping
5660,2480,6046,20.0000,3.8000,3.8000,3.8000,3.8000,,product
5661,2480,,20.0000,0.9000,0.9000,0.9000,0.9000,,shipping
5662,2481,6048,20.0000,3.8500,3.8500,3.8500,3.8500,,product
5663,2481,,20.0000,0.9000,0.9000,0.9000,0.9000,,shipping
5664,2482,6050,20.0000,3.9900,3.9900,3.9900,3.9900,,product
5665,2482,,20.0000,0.9000,0.9000,0.9000,0.9000,,shipping
5666,2483,6052,20.0000,4.5400,4.5400,4.5400,4.5400,,product
5667,2483,6054,20.0000,4.5500,4.5500,4.5500,4.5500,,product
5668,2483,6056,20.0000,2.1500,2.1500,2.1500,2.1500,,product
5669,2483,6058,20.0000,1.6200,1.6200,1.6200,1.6200,,product
5670,2483,,20.0000,0.0000,0.0000,0.0000,0.0000,,shipping
5671,2484,6060,20.0000,3.8500,3.8500,3.8500,3.8500,,product
5672,2484,,20.0000,0.9000,0.9000,0.9000,0.9000,,shipping
5673,2485,6062,20.0000,4.0800,4.0800,4.0800,4.0800,,product
5674,2485,,20.0000,0.9000,0.9000,0.9000,0.9000,,shipping
5675,2486,6064,20.0000,3.8500,3.8500,3.8500,3.8500,,product
5676,2486,,20.0000,0.9000,0.9000,0.9000,0.9000,,shipping
5677,2487,6066,20.0000,4.0800,4.0800,4.0800,4.0800,,product
5678,2487,,20.0000,0.9000,0.9000,0.9000,0.9000,,shipping
5679,2488,6068,20.0000,4.0800,4.0800,4.0800,4.0800,,product
5680,2488,,20.0000,0.9000,0.9000,0.9000,0.9000,,shipping
5681,2489,6070,20.0000,3.8500,3.8500,3.8500,3.8500,,product
5682,2489,,20.0000,0.9000,0.9000,0.9000,0.9000,,shipping
5683,2490,6072,20.0000,3.9900,3.9900,3.9900,3.9900,,product
5684,2490,,20.0000,0.9000,0.9000,0.9000,0.9000,,shipping
5685,2491,6074,20.0000,3.8500,3.8500,3.8500,3.8500,,product
5686,2491,,20.0000,0.9000,0.9000,0.9000,0.9000,,shipping
5687,2492,6076,20.0000,3.8500,3.8500,3.8500,3.8500,,product
5688,2492,,20.0000,0.9000,0.9000,0.9000,0.9000,,shipping
5689,2493,6078,20.0000,5.2200,5.2200,5.2200,5.2200,,product
5690,2493,6080,20.0000,5.2200,5.2200,5.2200,5.2200,,product
5691,2493,,20.0000,0.9000,0.9000,0.9000,0.9000,,shipping
5692,2494,6082,20.0000,4.6500,4.6500,4.6500,4.6500,,product
5693,2494,,20.0000,0.9000,0.9000,0.9000,0.9000,,shipping
5694,2495,6084,20.0000,4.0800,4.0800,4.0800,4.0800,,product
5695,2495,,20.0000,0.9000,0.9000,0.9000,0.9000,,shipping
5696,2496,6086,20.0000,5.2200,5.2200,5.2200,5.2200,,product
5697,2496,,20.0000,0.9000,0.9000,0.9000,0.9000,,shipping
5698,2497,6088,20.0000,5.2200,5.2200,5.2200,5.2200,,product
5699,2497,6090,20.0000,3.9900,3.9900,3.9900,3.9900,,product
5700,2497,,20.0000,0.9000,0.9000,0.9000,0.9000,,shipping
5701,2498,6092,20.0000,4.3300,4.3300,4.3300,4.3300,,product
5702,2498,,20.0000,0.0000,0.0000,0.0000,0.0000,,shipping
5703,2499,6094,20.0000,3.8500,3.8500,3.8500,3.8500,,product
5704,2499,,20.0000,0.9000,0.9000,0.9000,0.9000,,shipping
5705,2500,6096,20.0000,8.0700,8.0700,8.0700,8.0700,,product
5706,2500,,20.0000,0.9000,0.9000,0.9000,0.9000,,shipping
5707,2501,6098,20.0000,5.2200,5.2200,5.2200,5.2200,,product
5708,2501,,20.0000,0.9000,0.9000,0.9000,0.9000,,shipping
5709,2502,6100,20.0000,3.9900,3.9900,3.9900,3.9900,,product
5710,2502,,20.0000,0.9000,0.9000,0.9000,0.9000,,shipping
5711,2503,6102,20.0000,3.9900,3.9900,3.9900,3.9900,,product
5712,2503,,20.0000,0.9000,0.9000,0.9000,0.9000,,shipping
5713,2504,6104,20.0000,8.5500,8.5500,8.5500,8.5500,,product
5714,2504,,20.0000,0.9000,0.9000,0.9000,0.9000,,shipping
5715,2505,6106,20.0000,1.6200,1.6200,1.6200,1.6200,,product
5716,2505,6108,20.0000,1.6200,1.6200,1.6200,1.6200,,product
5717,2505,6110,20.0000,1.6200,1.6200,1.6200,1.6200,,product
5718,2505,6112,20.0000,1.6200,1.6200,1.6200,1.6200,,product
5719,2505,,20.0000,0.0000,0.0000,0.0000,0.0000,,shipping
5720,2506,6114,20.0000,8.0700,8.0700,8.0700,8.0700,,product
5721,2506,,20.0000,0.9000,0.9000,0.9000,0.9000,,shipping
5722,2507,6116,20.0000,3.8500,3.8500,3.8500,3.8500,,product
5723,2507,6118,20.0000,3.8500,3.8500,3.8500,3.8500,,product
5724,2507,6120,20.0000,3.7900,3.7900,3.7900,3.7900,,product
5725,2507,6122,20.0000,3.8000,3.8000,3.8000,3.8000,,product
5726,2507,6124,20.0000,8.5400,8.5400,8.5400,8.5400,,product
5727,2507,6126,20.0000,8.5500,8.5500,8.5500,8.5500,,product
5728,2507,,20.0000,0.9000,0.9000,0.9000,0.9000,,shipping
5729,2508,6128,20.0000,4.0800,4.0800,4.0800,4.0800,,product
5730,2508,,20.0000,0.9000,0.9000,0.9000,0.9000,,shipping
5731,2509,6130,20.0000,3.8500,3.8500,3.8500,3.8500,,product
5732,2509,,20.0000,0.9000,0.9000,0.9000,0.9000,,shipping
5733,2510,6132,20.0000,3.9900,3.9900,3.9900,3.9900,,product
5734,2510,,20.0000,0.9000,0.9000,0.9000,0.9000,,shipping
5735,2511,6134,20.0000,8.5500,8.5500,8.5500,8.5500,,product
5736,2511,,20.0000,0.9000,0.9000,0.9000,0.9000,,shipping
5737,2512,6136,20.0000,3.9900,3.9900,3.9900,3.9900,,product
5738,2512,6138,20.0000,3.9800,3.9800,3.9800,3.9800,,product
5739,2512,,20.0000,0.9000,0.9000,0.9000,0.9000,,shipping
5740,2513,6140,20.0000,3.8500,3.8500,3.8500,3.8500,,product
5741,2513,,20.0000,0.9000,0.9000,0.9000,0.9000,,shipping
5742,2514,6142,20.0000,3.9900,3.9900,3.9900,3.9900,,product
5743,2514,,20.0000,0.9000,0.9000,0.9000,0.9000,,shipping
5744,2515,6144,20.0000,5.2200,5.2200,5.2200,5.2200,,product
5745,2515,,20.0000,0.9000,0.9000,0.9000,0.9000,,shipping
5746,2516,6146,20.0000,5.5100,5.5100,5.5100,5.5100,,product
5747,2516,,20.0000,0.9000,0.9000,0.9000,0.9000,,shipping
5748,2517,6148,20.0000,9.5000,9.5000,9.5000,9.5000,,product
5749,2517,,20.0000,0.9000,0.9000,0.9000,0.9000,,shipping
5750,2518,6150,20.0000,3.9900,3.9900,3.9900,3.9900,,product
5751,2518,,20.0000,0.9000,0.9000,0.9000,0.9000,,shipping
5752,2519,6152,20.0000,9.4200,9.4200,9.4200,9.4200,,product
5753,2519,,20.0000,0.6600,0.6600,0.6600,0.6600,,shipping
5754,2520,6154,20.0000,3.8500,3.8500,3.8500,3.8500,,product
5755,2520,,20.0000,0.9000,0.9000,0.9000,0.9000,,shipping
5756,2521,6156,20.0000,3.9900,3.9900,3.9900,3.9900,,product
5757,2521,,20.0000,0.9000,0.9000,0.9000,0.9000,,shipping
5758,2522,6158,20.0000,4.0800,4.0800,4.0800,4.0800,,product
5759,2522,,20.0000,0.9000,0.9000,0.9000,0.9000,,shipping
5760,2523,6160,20.0000,4.0800,4.0800,4.0800,4.0800,,product
5761,2523,,20.0000,0.9000,0.9000,0.9000,0.9000,,shipping
5762,2524,6162,20.0000,4.0800,4.0800,4.0800,4.0800,,product
5763,2524,,20.0000,0.9000,0.9000,0.9000,0.9000,,shipping
5764,2525,6164,20.0000,3.9900,3.9900,3.9900,3.9900,,product
5765,2525,,20.0000,0.9000,0.9000,0.9000,0.9000,,shipping
5766,2526,6166,20.0000,4.0800,4.0800,4.0800,4.0800,,product
5767,2526,,20.0000,0.9000,0.9000,0.9000,0.9000,,shipping
5768,2527,6168,20.0000,3.9900,3.9900,3.9900,3.9900,,product
5769,2527,,20.0000,0.9000,0.9000,0.9000,0.9000,,shipping
5770,2528,6170,20.0000,3.8500,3.8500,3.8500,3.8500,,product
5771,2528,,20.0000,0.9000,0.9000,0.9000,0.9000,,shipping
5772,2529,6172,20.0000,3.8500,3.8500,3.8500,3.8500,,product
5773,2529,,20.0000,0.9000,0.9000,0.9000,0.9000,,shipping
5774,2530,6174,20.0000,3.8000,3.8000,3.8000,3.8000,,product
5775,2530,,20.0000,0.9000,0.9000,0.9000,0.9000,,shipping
5776,2531,6176,20.0000,7.7900,7.7900,7.7900,7.7900,,product
5777,2531,6178,20.0000,3.7900,3.7900,3.7900,3.7900,,product
5778,2531,,20.0000,0.9000,0.9000,0.9000,0.9000,,shipping
5779,2532,6180,20.0000,3.8000,3.8000,3.8000,3.8000,,product
5780,2532,,20.0000,0.9000,0.9000,0.9000,0.9000,,shipping
5781,2533,6182,20.0000,1.4300,1.4300,1.4300,1.4300,,product
5782,2533,,20.0000,0.6600,0.6600,0.6600,0.6600,,shipping
5783,2534,6184,20.0000,3.9900,3.9900,3.9900,3.9900,,product
5784,2534,,20.0000,0.9000,0.9000,0.9000,0.9000,,shipping
5785,2535,6186,20.0000,4.0800,4.0800,4.0800,4.0800,,product
5786,2535,,20.0000,0.9000,0.9000,0.9000,0.9000,,shipping
5787,2536,6188,20.0000,5.2200,5.2200,5.2200,5.2200,,product
5788,2536,,20.0000,0.9000,0.9000,0.9000,0.9000,,shipping
5789,2537,6190,20.0000,4.3900,4.3900,4.3900,4.3900,,product
5790,2537,,20.0000,0.0000,0.0000,0.0000,0.0000,,shipping
5791,2538,6192,20.0000,3.8500,3.8500,3.8500,3.8500,,product
5792,2538,,20.0000,0.9000,0.9000,0.9000,0.9000,,shipping
5793,2539,6194,20.0000,5.2200,5.2200,5.2200,5.2200,,product
5794,2539,,20.0000,0.9000,0.9000,0.9000,0.9000,,shipping
5795,2540,6196,20.0000,5.2200,5.2200,5.2200,5.2200,,product
5796,2540,,20.0000,0.9000,0.9000,0.9000,0.9000,,shipping
5797,2541,6198,20.0000,4.0800,4.0800,4.0800,4.0800,,product
5798,2541,,20.0000,0.9000,0.9000,0.9000,0.9000,,shipping
5799,2542,6200,20.0000,4.0800,4.0800,4.0800,4.0800,,product
5800,2542,,20.0000,0.9000,0.9000,0.9000,0.9000,,shipping
5801,2543,6202,20.0000,3.8500,3.8500,3.8500,3.8500,,product
5802,2543,,20.0000,0.9000,0.9000,0.9000,0.9000,,shipping
5803,2544,6204,20.0000,1.6200,1.6200,1.6200,1.6200,,product
5804,2544,,20.0000,0.6600,0.6600,0.6600,0.6600,,shipping
5805,2545,6206,20.0000,1.9400,1.9400,1.9400,1.9400,,product
5806,2545,6207,20.0000,0.9700,0.9700,0.9700,0.9700,,product
5807,2545,6208,20.0000,9.4200,9.4200,9.4200,9.4200,,product
5808,2545,,20.0000,0.0000,0.0000,0.0000,0.0000,,shipping
5809,2546,6210,20.0000,8.5500,8.5500,8.5500,8.5500,,product
5810,2546,,20.0000,0.9000,0.9000,0.9000,0.9000,,shipping
5811,2547,6212,20.0000,1.4300,1.4300,1.4300,1.4300,,product
5812,2547,,20.0000,0.6600,0.6600,0.6600,0.6600,,shipping
5813,2548,6214,20.0000,3.9900,3.9900,3.9900,3.9900,,product
5814,2548,,20.0000,0.9000,0.9000,0.9000,0.9000,,shipping
5815,2549,6216,20.0000,7.7000,7.7000,7.7000,7.7000,,product
5816,2549,,20.0000,0.9000,0.9000,0.9000,0.9000,,shipping
5817,2550,6218,20.0000,4.5400,4.5400,4.5400,4.5400,,product
5818,2550,,20.0000,0.0000,0.0000,0.0000,0.0000,,shipping
5819,2551,6220,20.0000,9.5000,9.5000,9.5000,9.5000,,product
5820,2551,,20.0000,0.9000,0.9000,0.9000,0.9000,,shipping
5821,2552,6222,20.0000,3.9900,3.9900,3.9900,3.9900,,product
5822,2552,,20.0000,0.9000,0.9000,0.9000,0.9000,,shipping
5823,2553,6224,20.0000,3.8500,3.8500,3.8500,3.8500,,product
5824,2553,,20.0000,0.9000,0.9000,0.9000,0.9000,,shipping
5825,2554,6226,20.0000,3.8500,3.8500,3.8500,3.8500,,product
5826,2554,,20.0000,0.9000,0.9000,0.9000,0.9000,,shipping
5827,2555,6228,20.0000,3.8500,3.8500,3.8500,3.8500,,product
5828,2555,,20.0000,0.9000,0.9000,0.9000,0.9000,,shipping
5829,2556,6230,20.0000,5.7200,5.7200,5.7200,5.7200,,product
5830,2556,,20.0000,0.0000,0.0000,0.0000,0.0000,,shipping
5831,2557,6232,20.0000,3.8500,3.8500,3.8500,3.8500,,product
5832,2557,,20.0000,0.9000,0.9000,0.9000,0.9000,,shipping
5833,2558,6234,20.0000,4.0800,4.0800,4.0800,4.0800,,product
5834,2558,,20.0000,0.9000,0.9000,0.9000,0.9000,,shipping
5835,2559,6236,20.0000,3.8500,3.8500,3.8500,3.8500,,product
5836,2559,,20.0000,0.9000,0.9000,0.9000,0.9000,,shipping
5837,2560,6238,20.0000,8.6600,8.6600,8.6600,8.6600,,product
5838,2560,6240,20.0000,4.3800,4.3800,4.3800,4.3800,,product
5839,2560,6242,20.0000,4.3300,4.3300,4.3300,4.3300,,product
5840,2560,6244,20.0000,1.6200,1.6200,1.6200,1.6200,,product
5841,2560,6246,20.0000,1.1900,1.1900,1.1900,1.1900,,product
5842,2560,6248,20.0000,1.1800,1.1800,1.1800,1.1800,,product
5843,2560,,20.0000,0.0000,0.0000,0.0000,0.0000,,shipping
5844,2561,6250,20.0000,3.8500,3.8500,3.8500,3.8500,,product
5845,2561,,20.0000,0.9000,0.9000,0.9000,0.9000,,shipping
5846,2562,6252,20.0000,3.9900,3.9900,3.9900,3.9900,,product
5847,2562,,20.0000,0.9000,0.9000,0.9000,0.9000,,shipping
5848,2563,6254,20.0000,9.7900,9.7900,9.7900,9.7900,,product
5849,2563,6256,20.0000,4.0500,4.0500,4.0500,4.0500,,product
5850,2563,6258,20.0000,5.4900,5.4900,5.4900,5.4900,,product
5851,2563,6260,20.0000,10.9900,10.9900,10.9900,10.9900,,product
5852,2563,6262,20.0000,10.9900,10.9900,10.9900,10.9900,,product
5853,2563,6264,20.0000,5.4900,5.4900,5.4900,5.4900,,product
5854,2563,6266,20.0000,5.5000,5.5000,5.5000,5.5000,,product
5855,2563,6268,20.0000,5.4900,5.4900,5.4900,5.4900,,product
5856,2563,6270,20.0000,5.4900,5.4900,5.4900,5.4900,,product
5857,2563,6272,20.0000,5.5000,5.5000,5.5000,5.5000,,product
5858,2563,,20.0000,0.0000,0.0000,0.0000,0.0000,,shipping
5859,2564,6274,20.0000,3.8500,3.8500,3.8500,3.8500,,product
5860,2564,,20.0000,0.9000,0.9000,0.9000,0.9000,,shipping
5861,2565,6276,20.0000,8.0700,8.0700,8.0700,8.0700,,product
5862,2565,,20.0000,0.9000,0.9000,0.9000,0.9000,,shipping
5863,2566,6278,20.0000,2.8600,2.8600,2.8600,2.8600,,product
5864,2566,,20.0000,0.6600,0.6600,0.6600,0.6600,,shipping
5865,2567,6280,20.0000,3.9900,3.9900,3.9900,3.9900,,product
5866,2567,6282,20.0000,3.9800,3.9800,3.9800,3.9800,,product
5867,2567,,20.0000,0.9000,0.9000,0.9000,0.9000,,shipping
5868,2568,6284,20.0000,5.2200,5.2200,5.2200,5.2200,,product
5869,2568,,20.0000,0.9000,0.9000,0.9000,0.9000,,shipping
5870,2569,6286,20.0000,10.8300,10.8300,10.8300,10.8300,,product
5871,2569,6288,20.0000,1.6200,1.6200,1.6200,1.6200,,product
5872,2569,6290,20.0000,1.6200,1.6200,1.6200,1.6200,,product
5873,2569,6292,20.0000,1.1800,1.1800,1.1800,1.1800,,product
5874,2569,6294,20.0000,1.1900,1.1900,1.1900,1.1900,,product
5875,2569,,20.0000,0.0000,0.0000,0.0000,0.0000,,shipping
5876,2570,6296,20.0000,3.9900,3.9900,3.9900,3.9900,,product
5877,2570,,20.0000,0.9000,0.9000,0.9000,0.9000,,shipping
5878,2571,6298,20.0000,3.8500,3.8500,3.8500,3.8500,,product
5879,2571,,20.0000,0.9000,0.9000,0.9000,0.9000,,shipping
5880,2572,6300,20.0000,3.9900,3.9900,3.9900,3.9900,,product
5881,2572,6302,20.0000,8.5400,8.5400,8.5400,8.5400,,product
5882,2572,,20.0000,0.9000,0.9000,0.9000,0.9000,,shipping
5883,2573,6304,20.0000,7.7900,7.7900,7.7900,7.7900,,product
5884,2573,,20.0000,0.9000,0.9000,0.9000,0.9000,,shipping
5885,2574,6306,20.0000,9.5000,9.5000,9.5000,9.5000,,product
5886,2574,,20.0000,0.9000,0.9000,0.9000,0.9000,,shipping
5887,2575,6308,20.0000,3.2300,3.2300,3.2300,3.2300,,product
5888,2575,6310,20.0000,1.6200,1.6200,1.6200,1.6200,,product
5889,2575,6312,20.0000,1.6200,1.6200,1.6200,1.6200,,product
5890,2575,,20.0000,0.0000,0.0000,0.0000,0.0000,,shipping
5891,2576,6314,20.0000,3.9900,3.9900,3.9900,3.9900,,product
5892,2576,,20.0000,0.9000,0.9000,0.9000,0.9000,,shipping
5893,2577,6316,20.0000,3.8500,3.8500,3.8500,3.8500,,product
5894,2577,,20.0000,0.9000,0.9000,0.9000,0.9000,,shipping
5895,2578,6318,20.0000,5.2200,5.2200,5.2200,5.2200,,product
5896,2578,,20.0000,0.9000,0.9000,0.9000,0.9000,,shipping
5897,2579,6320,20.0000,4.6500,4.6500,4.6500,4.6500,,product
5898,2579,,20.0000,0.9000,0.9000,0.9000,0.9000,,shipping
5899,2580,6322,20.0000,7.7900,7.7900,7.7900,7.7900,,product
5900,2580,,20.0000,0.9000,0.9000,0.9000,0.9000,,shipping
5901,2581,6324,20.0000,5.2200,5.2200,5.2200,5.2200,,product
5902,2581,,20.0000,0.9000,0.9000,0.9000,0.9000,,shipping
5903,2582,6326,20.0000,10.8300,10.8300,10.8300,10.8300,,product
5904,2582,6328,20.0000,10.0700,10.0700,10.0700,10.0700,,product
5905,2582,6330,20.0000,5.9500,5.9500,5.9500,5.9500,,product
5906,2582,6332,20.0000,5.9500,5.9500,5.9500,5.9500,,product
5907,2582,6334,20.0000,5.9500,5.9500,5.9500,5.9500,,product
5908,2582,6336,20.0000,5.9600,5.9600,5.9600,5.9600,,product
5909,2582,6338,20.0000,5.9500,5.9500,5.9500,5.9500,,product
5910,2582,6340,20.0000,5.9500,5.9500,5.9500,5.9500,,product
5911,2582,6342,20.0000,1.1900,1.1900,1.1900,1.1900,,product
5912,2582,6344,20.0000,1.1800,1.1800,1.1800,1.1800,,product
5913,2582,6346,20.0000,1.1900,1.1900,1.1900,1.1900,,product
5914,2582,,20.0000,0.0000,0.0000,0.0000,0.0000,,shipping
5915,2583,6348,20.0000,1.4300,1.4300,1.4300,1.4300,,product
5916,2583,,20.0000,0.6600,0.6600,0.6600,0.6600,,shipping
5917,2584,6350,20.0000,8.5500,8.5500,8.5500,8.5500,,product
5918,2584,,20.0000,0.9000,0.9000,0.9000,0.9000,,shipping
5919,2585,6352,20.0000,3.8500,3.8500,3.8500,3.8500,,product
5920,2585,,20.0000,0.9000,0.9000,0.9000,0.9000,,shipping
5921,2586,6354,20.0000,3.9900,3.9900,3.9900,3.9900,,product
5922,2586,,20.0000,0.9000,0.9000,0.9000,0.9000,,shipping
5923,2587,6356,20.0000,3.9900,3.9900,3.9900,3.9900,,product
5924,2587,,20.0000,0.9000,0.9000,0.9000,0.9000,,shipping
5925,2588,6358,20.0000,8.5500,8.5500,8.5500,8.5500,,product
5926,2588,,20.0000,0.9000,0.9000,0.9000,0.9000,,shipping
5927,2589,6360,20.0000,3.8000,3.8000,3.8000,3.8000,,product
5928,2589,,20.0000,0.9000,0.9000,0.9000,0.9000,,shipping
5929,2590,6362,20.0000,4.0800,4.0800,4.0800,4.0800,,product
5930,2590,,20.0000,0.9000,0.9000,0.9000,0.9000,,shipping
5931,2591,6364,20.0000,3.8500,3.8500,3.8500,3.8500,,product
5932,2591,,20.0000,0.9000,0.9000,0.9000,0.9000,,shipping
5933,2592,6366,20.0000,5.2200,5.2200,5.2200,5.2200,,product
5934,2592,,20.0000,0.9000,0.9000,0.9000,0.9000,,shipping
5935,2593,6368,20.0000,3.8500,3.8500,3.8500,3.8500,,product
5936,2593,,20.0000,0.9000,0.9000,0.9000,0.9000,,shipping
5937,2594,6370,20.0000,3.9900,3.9900,3.9900,3.9900,,product
5938,2594,,20.0000,0.9000,0.9000,0.9000,0.9000,,shipping
5939,2595,6372,20.0000,9.7400,9.7400,9.7400,9.7400,,product
5940,2595,6374,20.0000,9.7500,9.7500,9.7500,9.7500,,product
5941,2595,,20.0000,0.0000,0.0000,0.0000,0.0000,,shipping
5942,2596,6376,20.0000,4.0800,4.0800,4.0800,4.0800,,product
5943,2596,,20.0000,0.9000,0.9000,0.9000,0.9000,,shipping
5944,2597,6378,20.0000,8.5500,8.5500,8.5500,8.5500,,product
5945,2597,,20.0000,0.9000,0.9000,0.9000,0.9000,,shipping
5946,2598,6380,20.0000,3.9900,3.9900,3.9900,3.9900,,product
5947,2598,,20.0000,0.9000,0.9000,0.9000,0.9000,,shipping
5948,2599,6382,20.0000,10.0700,10.0700,10.0700,10.0700,,product
5949,2599,,20.0000,0.0000,0.0000,0.0000,0.0000,,shipping
5950,2600,6384,20.0000,3.8500,3.8500,3.8500,3.8500,,product
5951,2600,,20.0000,0.9000,0.9000,0.9000,0.9000,,shipping
5952,2601,6386,20.0000,3.8500,3.8500,3.8500,3.8500,,product
5953,2601,,20.0000,0.9000,0.9000,0.9000,0.9000,,shipping
5954,2602,6388,20.0000,3.8500,3.8500,3.8500,3.8500,,product
5955,2602,,20.0000,0.9000,0.9000,0.9000,0.9000,,shipping
5956,2603,6390,20.0000,3.9900,3.9900,3.9900,3.9900,,product
5957,2603,,20.0000,0.9000,0.9000,0.9000,0.9000,,shipping
5958,2604,6392,20.0000,3.8500,3.8500,3.8500,3.8500,,product
5959,2604,,20.0000,0.9000,0.9000,0.9000,0.9000,,shipping
5960,2605,6394,20.0000,3.8500,3.8500,3.8500,3.8500,,product
5961,2605,,20.0000,0.9000,0.9000,0.9000,0.9000,,shipping
5962,2606,6396,20.0000,3.8500,3.8500,3.8500,3.8500,,product
5963,2606,,20.0000,0.9000,0.9000,0.9000,0.9000,,shipping
5964,2607,6398,20.0000,1.4300,1.4300,1.4300,1.4300,,product
5965,2607,,20.0000,0.6600,0.6600,0.6600,0.6600,,shipping
5966,2608,6400,20.0000,1.6200,1.6200,1.6200,1.6200,,product
5967,2608,6402,20.0000,1.6200,1.6200,1.6200,1.6200,,product
5968,2608,6404,20.0000,1.6200,1.6200,1.6200,1.6200,,product
5969,2608,6406,20.0000,1.6200,1.6200,1.6200,1.6200,,product
5970,2608,,20.0000,0.0000,0.0000,0.0000,0.0000,,shipping
5971,2609,6408,20.0000,3.8000,3.8000,3.8000,3.8000,,product
5972,2609,,20.0000,0.9000,0.9000,0.9000,0.9000,,shipping
5973,2610,6410,20.0000,2.8600,2.8600,2.8600,2.8600,,product
5974,2610,,20.0000,0.6600,0.6600,0.6600,0.6600,,shipping
5975,2611,6412,20.0000,9.7400,9.7400,9.7400,9.7400,,product
5976,2611,6414,20.0000,4.3300,4.3300,4.3300,4.3300,,product
5977,2611,6416,20.0000,4.3300,4.3300,4.3300,4.3300,,product
5978,2611,6418,20.0000,3.2900,3.2900,3.2900,3.2900,,product
5979,2611,,20.0000,0.0000,0.0000,0.0000,0.0000,,shipping
5980,2612,6420,20.0000,9.7400,9.7400,9.7400,9.7400,,product
5981,2612,,20.0000,0.0000,0.0000,0.0000,0.0000,,shipping
5982,2613,6422,20.0000,3.8500,3.8500,3.8500,3.8500,,product
5983,2613,6424,20.0000,3.8500,3.8500,3.8500,3.8500,,product
5984,2613,6426,20.0000,4.0800,4.0800,4.0800,4.0800,,product
5985,2613,6428,20.0000,4.0800,4.0800,4.0800,4.0800,,product
5986,2613,,20.0000,0.9000,0.9000,0.9000,0.9000,,shipping
5987,2614,6430,20.0000,4.6500,4.6500,4.6500,4.6500,,product
5988,2614,,20.0000,0.9000,0.9000,0.9000,0.9000,,shipping
5989,2615,6432,20.0000,4.0800,4.0800,4.0800,4.0800,,product
5990,2615,,20.0000,0.9000,0.9000,0.9000,0.9000,,shipping
5991,2616,6434,20.0000,3.8000,3.8000,3.8000,3.8000,,product
5992,2616,,20.0000,0.9000,0.9000,0.9000,0.9000,,shipping
5993,2617,6436,20.0000,4.6500,4.6500,4.6500,4.6500,,product
5994,2617,,20.0000,0.9000,0.9000,0.9000,0.9000,,shipping
5995,2618,6438,20.0000,3.8500,3.8500,3.8500,3.8500,,product
5996,2618,,20.0000,0.9000,0.9000,0.9000,0.9000,,shipping
5997,2619,6440,20.0000,5.2200,5.2200,5.2200,5.2200,,product
5998,2619,,20.0000,0.9000,0.9000,0.9000,0.9000,,shipping
5999,2620,6442,20.0000,3.2400,3.2400,3.2400,3.2400,,product
6000,2620,6444,20.0000,1.6200,1.6200,1.6200,1.6200,,product
6001,2620,6446,20.0000,1.6200,1.6200,1.6200,1.6200,,product
6002,2620,,20.0000,0.0000,0.0000,0.0000,0.0000,,shipping
6003,2621,6448,20.0000,3.8500,3.8500,3.8500,3.8500,,product
6004,2621,6450,20.0000,3.8500,3.8500,3.8500,3.8500,,product
6005,2621,,20.0000,0.9000,0.9000,0.9000,0.9000,,shipping
6006,2622,6452,20.0000,5.2200,5.2200,5.2200,5.2200,,product
6007,2622,,20.0000,0.9000,0.9000,0.9000,0.9000,,shipping
6008,2623,6454,20.0000,3.9900,3.9900,3.9900,3.9900,,product
6009,2623,,20.0000,0.9000,0.9000,0.9000,0.9000,,shipping
6010,2624,6456,20.0000,7.7900,7.7900,7.7900,7.7900,,product
6011,2624,,20.0000,0.9000,0.9000,0.9000,0.9000,,shipping
6012,2625,6458,20.0000,4.0800,4.0800,4.0800,4.0800,,product
6013,2625,,20.0000,0.9000,0.9000,0.9000,0.9000,,shipping
6014,2626,6460,20.0000,3.8000,3.8000,3.8000,3.8000,,product
6015,2626,,20.0000,0.9000,0.9000,0.9000,0.9000,,shipping
6016,2627,6462,20.0000,1.6200,1.6200,1.6200,1.6200,,product
6017,2627,,20.0000,0.6600,0.6600,0.6600,0.6600,,shipping
6018,2628,6464,20.0000,3.8500,3.8500,3.8500,3.8500,,product
6019,2628,,20.0000,0.9000,0.9000,0.9000,0.9000,,shipping
6020,2629,6466,20.0000,3.9900,3.9900,3.9900,3.9900,,product
6021,2629,,20.0000,0.9000,0.9000,0.9000,0.9000,,shipping
6022,2630,6468,20.0000,9.7400,9.7400,9.7400,9.7400,,product
6023,2630,6470,20.0000,1.4100,1.4100,1.4100,1.4100,,product
6024,2630,6472,20.0000,1.4000,1.4000,1.4000,1.4000,,product
6025,2630,6474,20.0000,1.4000,1.4000,1.4000,1.4000,,product
6026,2630,6476,20.0000,1.8400,1.8400,1.8400,1.8400,,product
6027,2630,6478,20.0000,1.8300,1.8300,1.8300,1.8300,,product
6028,2630,6480,20.0000,1.8400,1.8400,1.8400,1.8400,,product
6029,2630,6482,20.0000,1.8300,1.8300,1.8300,1.8300,,product
6030,2630,6484,20.0000,1.8400,1.8400,1.8400,1.8400,,product
6031,2630,6486,20.0000,0.7000,0.7000,0.7000,0.7000,,product
6032,2630,,20.0000,0.0000,0.0000,0.0000,0.0000,,shipping
6033,2631,6488,20.0000,1.4300,1.4300,1.4300,1.4300,,product
6034,2631,,20.0000,0.6600,0.6600,0.6600,0.6600,,shipping
6035,2632,6490,20.0000,7.7900,7.7900,7.7900,7.7900,,product
6036,2632,,20.0000,0.9000,0.9000,0.9000,0.9000,,shipping
6037,2633,6492,20.0000,5.2200,5.2200,5.2200,5.2200,,product
6038,2633,,20.0000,0.9000,0.9000,0.9000,0.9000,,shipping
6039,2634,6494,20.0000,3.9900,3.9900,3.9900,3.9900,,product
6040,2634,,20.0000,0.9000,0.9000,0.9000,0.9000,,shipping
6041,2635,6496,20.0000,4.0800,4.0800,4.0800,4.0800,,product
6042,2635,,20.0000,0.9000,0.9000,0.9000,0.9000,,shipping
6043,2636,6498,20.0000,3.9900,3.9900,3.9900,3.9900,,product
6044,2636,,20.0000,0.9000,0.9000,0.9000,0.9000,,shipping
6045,2637,6500,20.0000,7.7900,7.7900,7.7900,7.7900,,product
6046,2637,,20.0000,0.9000,0.9000,0.9000,0.9000,,shipping
6047,2638,6502,20.0000,5.2200,5.2200,5.2200,5.2200,,product
6048,2638,,20.0000,0.9000,0.9000,0.9000,0.9000,,shipping
6049,2639,6504,20.0000,4.0800,4.0800,4.0800,4.0800,,product
6050,2639,,20.0000,0.9000,0.9000,0.9000,0.9000,,shipping
6051,2640,6506,20.0000,5.2200,5.2200,5.2200,5.2200,,product
6052,2640,,20.0000,0.9000,0.9000,0.9000,0.9000,,shipping
6053,2641,6508,20.0000,3.8500,3.8500,3.8500,3.8500,,product
6054,2641,,20.0000,0.9000,0.9000,0.9000,0.9000,,shipping
6055,2642,6510,20.0000,3.8500,3.8500,3.8500,3.8500,,product
6056,2642,,20.0000,0.9000,0.9000,0.9000,0.9000,,shipping
6057,2643,6512,20.0000,1.4300,1.4300,1.4300,1.4300,,product
6058,2643,,20.0000,0.6600,0.6600,0.6600,0.6600,,shipping
6059,2644,6514,20.0000,3.8500,3.8500,3.8500,3.8500,,product
6060,2644,,20.0000,0.9000,0.9000,0.9000,0.9000,,shipping
6061,2645,6516,20.0000,3.8000,3.8000,3.8000,3.8000,,product
6062,2645,,20.0000,0.9000,0.9000,0.9000,0.9000,,shipping
6063,2646,6518,20.0000,1.6200,1.6200,1.6200,1.6200,,product
6064,2646,,20.0000,0.6600,0.6600,0.6600,0.6600,,shipping
6065,2647,6520,20.0000,3.9900,3.9900,3.9900,3.9900,,product
6066,2647,,20.0000,0.9000,0.9000,0.9000,0.9000,,shipping
6067,2648,6522,20.0000,8.0700,8.0700,8.0700,8.0700,,product
6068,2648,,20.0000,0.9000,0.9000,0.9000,0.9000,,shipping
6069,2649,6524,20.0000,5.2200,5.2200,5.2200,5.2200,,product
6070,2649,,20.0000,0.9000,0.9000,0.9000,0.9000,,shipping
6071,2650,6526,20.0000,3.8500,3.8500,3.8500,3.8500,,product
6072,2650,,20.0000,0.9000,0.9000,0.9000,0.9000,,shipping
6073,2651,6528,20.0000,9.5000,9.5000,9.5000,9.5000,,product
6074,2651,,20.0000,0.9000,0.9000,0.9000,0.9000,,shipping
6075,2652,6530,20.0000,9.7400,9.7400,9.7400,9.7400,,product
6076,2652,6532,20.0000,9.7500,9.7500,9.7500,9.7500,,product
6077,2652,6534,20.0000,9.7400,9.7400,9.7400,9.7400,,product
6078,2652,6536,20.0000,9.7500,9.7500,9.7500,9.7500,,product
6079,2652,6538,20.0000,10.0700,10.0700,10.0700,10.0700,,product
6080,2652,6540,20.0000,10.0700,10.0700,10.0700,10.0700,,product
6081,2652,6542,20.0000,9.7400,9.7400,9.7400,9.7400,,product
6082,2652,6544,20.0000,9.7400,9.7400,9.7400,9.7400,,product
6083,2652,6546,20.0000,9.7500,9.7500,9.7500,9.7500,,product
6084,2652,6548,20.0000,9.7400,9.7400,9.7400,9.7400,,product
6085,2652,6550,20.0000,9.7500,9.7500,9.7500,9.7500,,product
6086,2652,6552,20.0000,9.4200,9.4200,9.4200,9.4200,,product
6087,2652,6554,20.0000,9.2000,9.2000,9.2000,9.2000,,product
6088,2652,6556,20.0000,9.2000,9.2000,9.2000,9.2000,,product
6089,2652,6558,20.0000,1.4300,1.4300,1.4300,1.4300,,product
6090,2652,6560,20.0000,1.4300,1.4300,1.4300,1.4300,,product
6091,2652,6562,20.0000,3.2400,3.2400,3.2400,3.2400,,product
6092,2652,6564,20.0000,1.6200,1.6200,1.6200,1.6200,,product
6093,2652,,20.0000,0.0000,0.0000,0.0000,0.0000,,shipping
6094,2653,6566,20.0000,3.8000,3.8000,3.8000,3.8000,,product
6095,2653,6568,20.0000,3.7900,3.7900,3.7900,3.7900,,product
6096,2653,,20.0000,0.9000,0.9000,0.9000,0.9000,,shipping
6097,2654,6570,20.0000,3.8500,3.8500,3.8500,3.8500,,product
6098,2654,,20.0000,0.9000,0.9000,0.9000,0.9000,,shipping
6099,2655,6572,20.0000,3.9900,3.9900,3.9900,3.9900,,product
6100,2655,,20.0000,0.9000,0.9000,0.9000,0.9000,,shipping
6101,2656,6574,20.0000,3.8000,3.8000,3.8000,3.8000,,product
6102,2656,,20.0000,0.9000,0.9000,0.9000,0.9000,,shipping
6103,2657,6576,20.0000,9.5000,9.5000,9.5000,9.5000,,product
6104,2657,6578,20.0000,5.2200,5.2200,5.2200,5.2200,,product
6105,2657,,20.0000,0.9000,0.9000,0.9000,0.9000,,shipping
6106,2658,6580,20.0000,8.5500,8.5500,8.5500,8.5500,,product
6107,2658,6582,20.0000,4.0800,4.0800,4.0800,4.0800,,product
6108,2658,,20.0000,0.9000,0.9000,0.9000,0.9000,,shipping
6109,2659,6584,20.0000,3.8500,3.8500,3.8500,3.8500,,product
6110,2659,,20.0000,0.9000,0.9000,0.9000,0.9000,,shipping
6111,2660,6586,20.0000,5.2200,5.2200,5.2200,5.2200,,product
6112,2660,,20.0000,0.9000,0.9000,0.9000,0.9000,,shipping
6113,2661,6588,20.0000,1.6200,1.6200,1.6200,1.6200,,product
6114,2661,6590,20.0000,1.6200,1.6200,1.6200,1.6200,,product
6115,2661,6592,20.0000,3.2400,3.2400,3.2400,3.2400,,product
6116,2661,6594,20.0000,1.6200,1.6200,1.6200,1.6200,,product
6117,2661,,20.0000,0.0000,0.0000,0.0000,0.0000,,shipping
6118,2662,6596,20.0000,5.2200,5.2200,5.2200,5.2200,,product
6119,2662,,20.0000,0.9000,0.9000,0.9000,0.9000,,shipping
6120,2663,6598,20.0000,8.0700,8.0700,8.0700,8.0700,,product
6121,2663,,20.0000,0.9000,0.9000,0.9000,0.9000,,shipping
6122,2664,6600,20.0000,4.6500,4.6500,4.6500,4.6500,,product
6123,2664,,20.0000,0.9000,0.9000,0.9000,0.9000,,shipping
6124,2665,6602,20.0000,4.0800,4.0800,4.0800,4.0800,,product
6125,2665,,20.0000,0.9000,0.9000,0.9000,0.9000,,shipping
6126,2666,6604,20.0000,3.8500,3.8500,3.8500,3.8500,,product
6127,2666,,20.0000,0.9000,0.9000,0.9000,0.9000,,shipping
6128,2667,6606,20.0000,3.8500,3.8500,3.8500,3.8500,,product
6129,2667,,20.0000,0.9000,0.9000,0.9000,0.9000,,shipping
6130,2668,6608,20.0000,3.8500,3.8500,3.8500,3.8500,,product
6131,2668,,20.0000,0.9000,0.9000,0.9000,0.9000,,shipping
6132,2669,6610,20.0000,10.8300,10.8300,10.8300,10.8300,,product
6133,2669,,20.0000,0.0000,0.0000,0.0000,0.0000,,shipping
6134,2670,6612,20.0000,7.7900,7.7900,7.7900,7.7900,,product
6135,2670,,20.0000,0.9000,0.9000,0.9000,0.9000,,shipping
6136,2671,6614,20.0000,3.8000,3.8000,3.8000,3.8000,,product
6137,2671,,20.0000,0.9000,0.9000,0.9000,0.9000,,shipping
6138,2672,6616,20.0000,10.5000,10.5000,10.5000,10.5000,,product
6139,2672,,20.0000,0.0000,0.0000,0.0000,0.0000,,shipping
6140,2673,6618,20.0000,4.0800,4.0800,4.0800,4.0800,,product
6141,2673,6620,20.0000,4.0800,4.0800,4.0800,4.0800,,product
6142,2673,,20.0000,0.9000,0.9000,0.9000,0.9000,,shipping
6143,2674,6622,20.0000,7.7900,7.7900,7.7900,7.7900,,product
6144,2674,,20.0000,0.9000,0.9000,0.9000,0.9000,,shipping
6145,2675,6624,20.0000,9.5000,9.5000,9.5000,9.5000,,product
6146,2675,,20.0000,0.9000,0.9000,0.9000,0.9000,,shipping
6147,2676,6626,20.0000,2.8600,2.8600,2.8600,2.8600,,product
6148,2676,,20.0000,0.6600,0.6600,0.6600,0.6600,,shipping
6149,2677,6628,20.0000,1.6200,1.6200,1.6200,1.6200,,product
6150,2677,6630,20.0000,1.6200,1.6200,1.6200,1.6200,,product
6151,2677,6632,20.0000,1.6200,1.6200,1.6200,1.6200,,product
6152,2677,6634,20.0000,1.1900,1.1900,1.1900,1.1900,,product
6153,2677,6636,20.0000,1.1800,1.1800,1.1800,1.1800,,product
6154,2677,6638,20.0000,4.3300,4.3300,4.3300,4.3300,,product
6155,2677,6640,20.0000,4.3900,4.3900,4.3900,4.3900,,product
6156,2677,6642,20.0000,4.5400,4.5400,4.5400,4.5400,,product
6157,2677,6644,20.0000,4.5500,4.5500,4.5500,4.5500,,product
6158,2677,6646,20.0000,4.5400,4.5400,4.5400,4.5400,,product
6159,2677,,20.0000,0.0000,0.0000,0.0000,0.0000,,shipping
6160,2678,6648,20.0000,1.1900,1.1900,1.1900,1.1900,,product
6161,2678,6650,20.0000,1.1800,1.1800,1.1800,1.1800,,product
6162,2678,6652,20.0000,1.1900,1.1900,1.1900,1.1900,,product
6163,2678,6654,20.0000,1.4000,1.4000,1.4000,1.4000,,product
6164,2678,6656,20.0000,1.4000,1.4000,1.4000,1.4000,,product
6165,2678,6658,20.0000,1.4000,1.4000,1.4000,1.4000,,product
6166,2678,6660,20.0000,1.4100,1.4100,1.4100,1.4100,,product
6167,2678,6662,20.0000,9.7400,9.7400,9.7400,9.7400,,product
6168,2678,6664,20.0000,5.3000,5.3000,5.3000,5.3000,,product
6169,2678,6666,20.0000,5.3000,5.3000,5.3000,5.3000,,product
6170,2678,6668,20.0000,5.3100,5.3100,5.3100,5.3100,,product
6171,2678,,20.0000,0.0000,0.0000,0.0000,0.0000,,shipping
6172,2679,6670,20.0000,3.8000,3.8000,3.8000,3.8000,,product
6173,2679,,20.0000,0.9000,0.9000,0.9000,0.9000,,shipping
6174,2680,6672,20.0000,3.9900,3.9900,3.9900,3.9900,,product
6175,2680,,20.0000,0.9000,0.9000,0.9000,0.9000,,shipping
6176,2681,6674,20.0000,8.5500,8.5500,8.5500,8.5500,,product
6177,2681,,20.0000,0.9000,0.9000,0.9000,0.9000,,shipping
6178,2682,6676,20.0000,3.9900,3.9900,3.9900,3.9900,,product
6179,2682,,20.0000,0.9000,0.9000,0.9000,0.9000,,shipping
6180,2683,6678,20.0000,5.5100,5.5100,5.5100,5.5100,,product
6181,2683,,20.0000,0.9000,0.9000,0.9000,0.9000,,shipping
6182,2684,6680,20.0000,9.5000,9.5000,9.5000,9.5000,,product
6183,2684,6682,20.0000,9.4900,9.4900,9.4900,9.4900,,product
6184,2684,,20.0000,0.9000,0.9000,0.9000,0.9000,,shipping
6185,2685,6684,20.0000,3.9900,3.9900,3.9900,3.9900,,product
6186,2685,,20.0000,0.9000,0.9000,0.9000,0.9000,,shipping
6187,2686,6686,20.0000,4.0800,4.0800,4.0800,4.0800,,product
6188,2686,,20.0000,0.9000,0.9000,0.9000,0.9000,,shipping
6189,2687,6688,20.0000,3.8000,3.8000,3.8000,3.8000,,product
6190,2687,,20.0000,0.9000,0.9000,0.9000,0.9000,,shipping
6191,2688,6690,20.0000,3.9900,3.9900,3.9900,3.9900,,product
6192,2688,,20.0000,0.9000,0.9000,0.9000,0.9000,,shipping
6193,2689,6692,20.0000,3.8500,3.8500,3.8500,3.8500,,product
6194,2689,,20.0000,0.9000,0.9000,0.9000,0.9000,,shipping
6195,2690,6694,20.0000,3.8500,3.8500,3.8500,3.8500,,product
6196,2690,,20.0000,0.9000,0.9000,0.9000,0.9000,,shipping
6197,2691,6696,20.0000,5.2200,5.2200,5.2200,5.2200,,product
6198,2691,,20.0000,0.9000,0.9000,0.9000,0.9000,,shipping
6199,2692,6698,20.0000,4.6500,4.6500,4.6500,4.6500,,product
6200,2692,6700,20.0000,4.0800,4.0800,4.0800,4.0800,,product
6201,2692,,20.0000,0.9000,0.9000,0.9000,0.9000,,shipping
6202,2693,6702,20.0000,4.3300,4.3300,4.3300,4.3300,,product
6203,2693,,20.0000,0.0000,0.0000,0.0000,0.0000,,shipping
6204,2694,6704,20.0000,7.3400,7.3400,7.3400,7.3400,,product
6205,2694,,20.0000,0.0000,0.0000,0.0000,0.0000,,shipping
6206,2695,6706,20.0000,3.9900,3.9900,3.9900,3.9900,,product
6207,2695,,20.0000,0.9000,0.9000,0.9000,0.9000,,shipping
6208,2696,6708,20.0000,8.5500,8.5500,8.5500,8.5500,,product
6209,2696,,20.0000,0.9000,0.9000,0.9000,0.9000,,shipping
6210,2697,6710,20.0000,3.9900,3.9900,3.9900,3.9900,,product
6211,2697,6712,20.0000,8.2600,8.2600,8.2600,8.2600,,product
6212,2697,,20.0000,0.9000,0.9000,0.9000,0.9000,,shipping
6213,2698,6714,20.0000,3.8500,3.8500,3.8500,3.8500,,product
6214,2698,,20.0000,0.9000,0.9000,0.9000,0.9000,,shipping
6215,2699,6716,20.0000,5.9500,5.9500,5.9500,5.9500,,product
6216,2699,,20.0000,0.0000,0.0000,0.0000,0.0000,,shipping
6217,2700,6719,20.0000,3.8000,3.8000,3.8000,3.8000,,product
6218,2700,,20.0000,0.9000,0.9000,0.9000,0.9000,,shipping
6219,2701,6721,20.0000,3.8500,3.8500,3.8500,3.8500,,product
6220,2701,,20.0000,0.9000,0.9000,0.9000,0.9000,,shipping
6221,2702,6723,20.0000,10.8300,10.8300,10.8300,10.8300,,product
6222,2702,6725,20.0000,10.0700,10.0700,10.0700,10.0700,,product
6223,2702,,20.0000,0.0000,0.0000,0.0000,0.0000,,shipping
6224,2703,6727,20.0000,1.6200,1.6200,1.6200,1.6200,,product
6225,2703,6729,20.0000,3.2400,3.2400,3.2400,3.2400,,product
6226,2703,6731,20.0000,1.4000,1.4000,1.4000,1.4000,,product
6227,2703,6733,20.0000,2.8100,2.8100,2.8100,2.8100,,product
6228,2703,6735,20.0000,2.8000,2.8000,2.8000,2.8000,,product
6229,2703,,20.0000,0.0000,0.0000,0.0000,0.0000,,shipping
6230,2704,6737,20.0000,3.9900,3.9900,3.9900,3.9900,,product
6231,2704,,20.0000,0.9000,0.9000,0.9000,0.9000,,shipping
6232,2705,6739,20.0000,8.8300,8.8300,8.8300,8.8300,,product
6233,2705,,20.0000,0.9000,0.9000,0.9000,0.9000,,shipping
6234,2706,6741,20.0000,3.8000,3.8000,3.8000,3.8000,,product
6235,2706,,20.0000,0.9000,0.9000,0.9000,0.9000,,shipping
6236,2707,6743,20.0000,8.3600,8.3600,8.3600,8.3600,,product
6237,2707,,20.0000,0.9000,0.9000,0.9000,0.9000,,shipping
6238,2708,6745,20.0000,5.2200,5.2200,5.2200,5.2200,,product
6239,2708,,20.0000,0.9000,0.9000,0.9000,0.9000,,shipping
6240,2709,6747,20.0000,4.0800,4.0800,4.0800,4.0800,,product
6241,2709,,20.0000,0.9000,0.9000,0.9000,0.9000,,shipping
6242,2710,6749,20.0000,8.5500,8.5500,8.5500,8.5500,,product
6243,2710,,20.0000,0.9000,0.9000,0.9000,0.9000,,shipping
6244,2711,6751,20.0000,8.5500,8.5500,8.5500,8.5500,,product
6245,2711,6753,20.0000,3.9800,3.9800,3.9800,3.9800,,product
6246,2711,,20.0000,0.9000,0.9000,0.9000,0.9000,,shipping
6247,2712,6755,20.0000,4.2900,4.2900,4.2900,4.2900,,product
6248,2712,,20.0000,0.6600,0.6600,0.6600,0.6600,,shipping
6249,2713,6757,20.0000,4.6500,4.6500,4.6500,4.6500,,product
6250,2713,,20.0000,0.9000,0.9000,0.9000,0.9000,,shipping
6251,2714,6759,20.0000,3.9900,3.9900,3.9900,3.9900,,product
6252,2714,,20.0000,0.9000,0.9000,0.9000,0.9000,,shipping
6253,2715,6761,20.0000,9.5000,9.5000,9.5000,9.5000,,product
6254,2715,,20.0000,0.9000,0.9000,0.9000,0.9000,,shipping
6255,2716,6763,20.0000,8.6200,8.6200,8.6200,8.6200,,product
6256,2716,,20.0000,0.9900,0.9900,0.9900,0.9900,,shipping
6257,2717,6765,20.0000,4.0800,4.0800,4.0800,4.0800,,product
6258,2717,,20.0000,0.9000,0.9000,0.9000,0.9000,,shipping
6259,2718,6767,20.0000,8.5500,8.5500,8.5500,8.5500,,product
6260,2718,,20.0000,0.9000,0.9000,0.9000,0.9000,,shipping
6261,2719,6769,20.0000,3.8000,3.8000,3.8000,3.8000,,product
6262,2719,,20.0000,0.9000,0.9000,0.9000,0.9000,,shipping
6263,2720,6771,20.0000,8.0700,8.0700,8.0700,8.0700,,product
6264,2720,,20.0000,0.9000,0.9000,0.9000,0.9000,,shipping
6265,2721,6773,20.0000,8.0700,8.0700,8.0700,8.0700,,product
6266,2721,6775,20.0000,8.0700,8.0700,8.0700,8.0700,,product
6267,2721,,20.0000,0.9000,0.9000,0.9000,0.9000,,shipping
6268,2722,6777,20.0000,9.2000,9.2000,9.2000,9.2000,,product
6269,2722,,20.0000,0.0000,0.0000,0.0000,0.0000,,shipping
6270,2723,6779,20.0000,5.5100,5.5100,5.5100,5.5100,,product
6271,2723,,20.0000,0.9000,0.9000,0.9000,0.9000,,shipping
6272,2724,6781,20.0000,3.8500,3.8500,3.8500,3.8500,,product
6273,2724,,20.0000,0.9000,0.9000,0.9000,0.9000,,shipping
6274,2725,6783,20.0000,3.8500,3.8500,3.8500,3.8500,,product
6275,2725,,20.0000,0.9000,0.9000,0.9000,0.9000,,shipping
6276,2726,6785,20.0000,3.8000,3.8000,3.8000,3.8000,,product
6277,2726,,20.0000,0.9000,0.9000,0.9000,0.9000,,shipping
6278,2727,6787,20.0000,5.2200,5.2200,5.2200,5.2200,,product
6279,2727,,20.0000,0.9000,0.9000,0.9000,0.9000,,shipping
6280,2728,6789,20.0000,8.0700,8.0700,8.0700,8.0700,,product
6281,2728,,20.0000,0.9000,0.9000,0.9000,0.9000,,shipping
6282,2729,6791,20.0000,3.8500,3.8500,3.8500,3.8500,,product
6283,2729,,20.0000,0.9000,0.9000,0.9000,0.9000,,shipping
6284,2730,6793,20.0000,5.2200,5.2200,5.2200,5.2200,,product
6285,2730,,20.0000,0.9000,0.9000,0.9000,0.9000,,shipping
6286,2731,6795,20.0000,3.8500,3.8500,3.8500,3.8500,,product
6287,2731,6797,20.0000,3.8500,3.8500,3.8500,3.8500,,product
6288,2731,6799,20.0000,3.8400,3.8400,3.8400,3.8400,,product
6289,2731,,20.0000,0.9000,0.9000,0.9000,0.9000,,shipping
6290,2732,6801,20.0000,8.5500,8.5500,8.5500,8.5500,,product
6291,2732,,20.0000,0.9000,0.9000,0.9000,0.9000,,shipping
6292,2733,6803,20.0000,2.8600,2.8600,2.8600,2.8600,,product
6293,2733,,20.0000,0.6600,0.6600,0.6600,0.6600,,shipping
6294,2734,6805,20.0000,3.8500,3.8500,3.8500,3.8500,,product
6295,2734,6807,20.0000,3.9800,3.9800,3.9800,3.9800,,product
6296,2734,6809,20.0000,3.9900,3.9900,3.9900,3.9900,,product
6297,2734,6811,20.0000,3.9900,3.9900,3.9900,3.9900,,product
6298,2734,6813,20.0000,3.7900,3.7900,3.7900,3.7900,,product
6299,2734,,20.0000,0.9000,0.9000,0.9000,0.9000,,shipping
6300,2735,6815,20.0000,3.8500,3.8500,3.8500,3.8500,,product
6301,2735,,20.0000,0.9000,0.9000,0.9000,0.9000,,shipping
6302,2736,6817,20.0000,4.0800,4.0800,4.0800,4.0800,,product
6303,2736,,20.0000,0.9000,0.9000,0.9000,0.9000,,shipping
6304,2737,6819,20.0000,3.8500,3.8500,3.8500,3.8500,,product
6305,2737,,20.0000,0.9000,0.9000,0.9000,0.9000,,shipping
6306,2738,6821,20.0000,3.8500,3.8500,3.8500,3.8500,,product
6307,2738,,20.0000,0.9000,0.9000,0.9000,0.9000,,shipping
6308,2739,6823,20.0000,3.8000,3.8000,3.8000,3.8000,,product
6309,2739,,20.0000,0.9000,0.9000,0.9000,0.9000,,shipping
6310,2740,6825,20.0000,3.8000,3.8000,3.8000,3.8000,,product
6311,2740,,20.0000,0.9000,0.9000,0.9000,0.9000,,shipping
6312,2741,6827,20.0000,9.4200,9.4200,9.4200,9.4200,,product
6313,2741,,20.0000,0.0000,0.0000,0.0000,0.0000,,shipping
6314,2742,6829,20.0000,9.5000,9.5000,9.5000,9.5000,,product
6315,2742,,20.0000,0.9000,0.9000,0.9000,0.9000,,shipping
6316,2743,6831,20.0000,4.0800,4.0800,4.0800,4.0800,,product
6317,2743,,20.0000,0.9000,0.9000,0.9000,0.9000,,shipping
6318,2744,6833,20.0000,3.8000,3.8000,3.8000,3.8000,,product
6319,2744,,20.0000,0.9000,0.9000,0.9000,0.9000,,shipping
6320,2745,6835,20.0000,10.2900,10.2900,10.2900,10.2900,,product
6321,2745,,20.0000,0.0000,0.0000,0.0000,0.0000,,shipping
6322,2746,6837,20.0000,3.9900,3.9900,3.9900,3.9900,,product
6323,2746,,20.0000,0.9000,0.9000,0.9000,0.9000,,shipping
6324,2747,6839,20.0000,3.8000,3.8000,3.8000,3.8000,,product
6325,2747,,20.0000,0.9000,0.9000,0.9000,0.9000,,shipping
6326,2748,6841,20.0000,3.8000,3.8000,3.8000,3.8000,,product
6327,2748,,20.0000,0.9000,0.9000,0.9000,0.9000,,shipping
6328,2749,6843,20.0000,8.5500,8.5500,8.5500,8.5500,,product
6329,2749,,20.0000,0.9000,0.9000,0.9000,0.9000,,shipping
6330,2750,6845,20.0000,3.8500,3.8500,3.8500,3.8500,,product
6331,2750,,20.0000,0.9000,0.9000,0.9000,0.9000,,shipping
6332,2751,6847,20.0000,5.2200,5.2200,5.2200,5.2200,,product
6333,2751,,20.0000,0.9000,0.9000,0.9000,0.9000,,shipping
6334,2752,6849,20.0000,4.0800,4.0800,4.0800,4.0800,,product
6335,2752,,20.0000,0.9000,0.9000,0.9000,0.9000,,shipping
6336,2753,6851,20.0000,8.8300,8.8300,8.8300,8.8300,,product
6337,2753,,20.0000,0.9000,0.9000,0.9000,0.9000,,shipping
6338,2754,6853,20.0000,3.8500,3.8500,3.8500,3.8500,,product
6339,2754,,20.0000,0.9000,0.9000,0.9000,0.9000,,shipping
6340,2755,6855,20.0000,9.7400,9.7400,9.7400,9.7400,,product
6341,2755,6857,20.0000,9.5300,9.5300,9.5300,9.5300,,product
6342,2755,,20.0000,0.0000,0.0000,0.0000,0.0000,,shipping
6343,2756,6859,20.0000,3.9900,3.9900,3.9900,3.9900,,product
6344,2756,,20.0000,0.9000,0.9000,0.9000,0.9000,,shipping
6345,2757,6861,20.0000,5.2200,5.2200,5.2200,5.2200,,product
6346,2757,,20.0000,0.9000,0.9000,0.9000,0.9000,,shipping
6347,2758,6863,20.0000,3.8000,3.8000,3.8000,3.8000,,product
6348,2758,,20.0000,0.9000,0.9000,0.9000,0.9000,,shipping
6349,2759,6865,20.0000,9.5300,9.5300,9.5300,9.5300,,product
6350,2759,6867,20.0000,10.0700,10.0700,10.0700,10.0700,,product
6351,2759,6869,20.0000,9.7400,9.7400,9.7400,9.7400,,product
6352,2759,,20.0000,0.0000,0.0000,0.0000,0.0000,,shipping
6353,2760,6871,20.0000,3.8000,3.8000,3.8000,3.8000,,product
6354,2760,,20.0000,0.9000,0.9000,0.9000,0.9000,,shipping
6355,2761,6873,20.0000,3.8500,3.8500,3.8500,3.8500,,product
6356,2761,,20.0000,0.9000,0.9000,0.9000,0.9000,,shipping
6357,2762,6875,20.0000,3.8500,3.8500,3.8500,3.8500,,product
6358,2762,,20.0000,0.9000,0.9000,0.9000,0.9000,,shipping
6359,2763,6877,20.0000,3.8500,3.8500,3.8500,3.8500,,product
6360,2763,,20.0000,0.9000,0.9000,0.9000,0.9000,,shipping
6361,2764,6879,20.0000,7.7900,7.7900,7.7900,7.7900,,product
6362,2764,6881,20.0000,3.9800,3.9800,3.9800,3.9800,,product
6363,2764,,20.0000,0.9000,0.9000,0.9000,0.9000,,shipping
6364,2765,6883,20.0000,9.7400,9.7400,9.7400,9.7400,,product
6365,2765,6885,20.0000,9.7500,9.7500,9.7500,9.7500,,product
6366,2765,,20.0000,0.0000,0.0000,0.0000,0.0000,,shipping
6367,2766,6887,20.0000,4.8900,4.8900,4.8900,4.8900,,product
6368,2766,6889,20.0000,4.9000,4.9000,4.9000,4.9000,,product
6369,2766,6891,20.0000,5.4900,5.4900,5.4900,5.4900,,product
6370,2766,6893,20.0000,5.5000,5.5000,5.5000,5.5000,,product
6371,2766,6895,20.0000,5.4900,5.4900,5.4900,5.4900,,product
6372,2766,6897,20.0000,5.4900,5.4900,5.4900,5.4900,,product
6373,2766,6899,20.0000,5.5000,5.5000,5.5000,5.5000,,product
6374,2766,6901,20.0000,4.0500,4.0500,4.0500,4.0500,,product
6375,2766,,20.0000,0.0000,0.0000,0.0000,0.0000,,shipping
6376,2767,6903,20.0000,3.8000,3.8000,3.8000,3.8000,,product
6377,2767,,20.0000,0.9000,0.9000,0.9000,0.9000,,shipping
6378,2768,6905,20.0000,8.5500,8.5500,8.5500,8.5500,,product
6379,2768,,20.0000,0.9000,0.9000,0.9000,0.9000,,shipping
6380,2769,6907,20.0000,5.2200,5.2200,5.2200,5.2200,,product
6381,2769,,20.0000,0.9000,0.9000,0.9000,0.9000,,shipping
6382,2770,6909,20.0000,8.5500,8.5500,8.5500,8.5500,,product
6383,2770,,20.0000,0.9000,0.9000,0.9000,0.9000,,shipping
6384,2771,6911,20.0000,9.2000,9.2000,9.2000,9.2000,,product
6385,2771,,20.0000,0.0000,0.0000,0.0000,0.0000,,shipping
6386,2772,6913,20.0000,3.8500,3.8500,3.8500,3.8500,,product
6387,2772,6915,20.0000,3.8500,3.8500,3.8500,3.8500,,product
6388,2772,,20.0000,0.9000,0.9000,0.9000,0.9000,,shipping
6389,2773,6917,20.0000,8.5500,8.5500,8.5500,8.5500,,product
6390,2773,,20.0000,0.9000,0.9000,0.9000,0.9000,,shipping
6391,2774,6919,20.0000,3.8000,3.8000,3.8000,3.8000,,product
6392,2774,6921,20.0000,3.7900,3.7900,3.7900,3.7900,,product
6393,2774,,20.0000,0.9000,0.9000,0.9000,0.9000,,shipping
6394,2775,6923,20.0000,8.5500,8.5500,8.5500,8.5500,,product
6395,2775,,20.0000,0.9000,0.9000,0.9000,0.9000,,shipping
6396,2776,6925,20.0000,5.2200,5.2200,5.2200,5.2200,,product
6397,2776,,20.0000,0.9000,0.9000,0.9000,0.9000,,shipping
6398,2777,6927,20.0000,3.8000,3.8000,3.8000,3.8000,,product
6399,2777,,20.0000,0.9000,0.9000,0.9000,0.9000,,shipping
6400,2778,6929,20.0000,3.8000,3.8000,3.8000,3.8000,,product
6401,2778,,20.0000,0.9000,0.9000,0.9000,0.9000,,shipping
6402,2779,6931,20.0000,4.0800,4.0800,4.0800,4.0800,,product
6403,2779,,20.0000,0.9000,0.9000,0.9000,0.9000,,shipping
6404,2780,6933,20.0000,9.2000,9.2000,9.2000,9.2000,,product
6405,2780,,20.0000,0.0000,0.0000,0.0000,0.0000,,shipping
6406,2781,6935,20.0000,8.5500,8.5500,8.5500,8.5500,,product
6407,2781,,20.0000,0.9000,0.9000,0.9000,0.9000,,shipping
6408,2782,6937,20.0000,8.5500,8.5500,8.5500,8.5500,,product
6409,2782,,20.0000,0.9000,0.9000,0.9000,0.9000,,shipping
6410,2783,6939,20.0000,3.8500,3.8500,3.8500,3.8500,,product
6411,2783,,20.0000,0.9000,0.9000,0.9000,0.9000,,shipping
6412,2784,6941,20.0000,3.8000,3.8000,3.8000,3.8000,,product
6413,2784,,20.0000,0.9000,0.9000,0.9000,0.9000,,shipping
6414,2785,6943,20.0000,3.8500,3.8500,3.8500,3.8500,,product
6415,2785,,20.0000,0.9000,0.9000,0.9000,0.9000,,shipping
6416,2786,6945,20.0000,8.5500,8.5500,8.5500,8.5500,,product
6417,2786,,20.0000,0.9000,0.9000,0.9000,0.9000,,shipping
6418,2787,6947,20.0000,8.8300,8.8300,8.8300,8.8300,,product
6419,2787,,20.0000,0.9000,0.9000,0.9000,0.9000,,shipping
6420,2788,6949,20.0000,9.5000,9.5000,9.5000,9.5000,,product
6421,2788,,20.0000,0.9000,0.9000,0.9000,0.9000,,shipping
6422,2789,6951,20.0000,4.3300,4.3300,4.3300,4.3300,,product
6423,2789,6953,20.0000,1.1800,1.1800,1.1800,1.1800,,product
6424,2789,6955,20.0000,1.8400,1.8400,1.8400,1.8400,,product
6425,2789,6957,20.0000,1.8400,1.8400,1.8400,1.8400,,product
6426,2789,6959,20.0000,1.4000,1.4000,1.4000,1.4000,,product
6427,2789,6961,20.0000,1.4000,1.4000,1.4000,1.4000,,product
6428,2789,6963,20.0000,1.4000,1.4000,1.4000,1.4000,,product
6429,2789,,20.0000,0.0000,0.0000,0.0000,0.0000,,shipping
6430,2790,6965,20.0000,8.5500,8.5500,8.5500,8.5500,,product
6431,2790,,20.0000,0.9000,0.9000,0.9000,0.9000,,shipping
6432,2791,6967,20.0000,3.9900,3.9900,3.9900,3.9900,,product
6433,2791,6969,20.0000,3.8400,3.8400,3.8400,3.8400,,product
6434,2791,,20.0000,0.9000,0.9000,0.9000,0.9000,,shipping
6435,2792,6971,20.0000,4.0800,4.0800,4.0800,4.0800,,product
6436,2792,,20.0000,0.9000,0.9000,0.9000,0.9000,,shipping
6437,2793,6973,20.0000,5.2200,5.2200,5.2200,5.2200,,product
6438,2793,6975,20.0000,3.8000,3.8000,3.8000,3.8000,,product
6439,2793,,20.0000,0.9000,0.9000,0.9000,0.9000,,shipping
6440,2794,6977,20.0000,9.7400,9.7400,9.7400,9.7400,,product
6441,2794,6979,20.0000,9.7500,9.7500,9.7500,9.7500,,product
6442,2794,6981,20.0000,1.4000,1.4000,1.4000,1.4000,,product
6443,2794,6983,20.0000,9.4200,9.4200,9.4200,9.4200,,product
6444,2794,6985,20.0000,9.4200,9.4200,9.4200,9.4200,,product
6445,2794,6987,20.0000,9.4200,9.4200,9.4200,9.4200,,product
6446,2794,6989,20.0000,9.4200,9.4200,9.4200,9.4200,,product
6447,2794,,20.0000,0.0000,0.0000,0.0000,0.0000,,shipping
6448,2795,6991,20.0000,1.8400,1.8400,1.8400,1.8400,,product
6449,2795,6993,20.0000,1.4000,1.4000,1.4000,1.4000,,product
6450,2795,6995,20.0000,1.4000,1.4000,1.4000,1.4000,,product
6451,2795,6997,20.0000,1.4000,1.4000,1.4000,1.4000,,product
6452,2795,6999,20.0000,1.4000,1.4000,1.4000,1.4000,,product
6453,2795,7001,20.0000,1.4100,1.4100,1.4100,1.4100,,product
6454,2795,7003,20.0000,1.4000,1.4000,1.4000,1.4000,,product
6455,2795,7005,20.0000,3.6700,3.6700,3.6700,3.6700,,product
6456,2795,7007,20.0000,3.6700,3.6700,3.6700,3.6700,,product
6457,2795,7009,20.0000,3.6700,3.6700,3.6700,3.6700,,product
6458,2795,7011,20.0000,1.8400,1.8400,1.8400,1.8400,,product
6459,2795,7013,20.0000,1.8400,1.8400,1.8400,1.8400,,product
6460,2795,7015,20.0000,1.8300,1.8300,1.8300,1.8300,,product
6461,2795,7017,20.0000,1.6200,1.6200,1.6200,1.6200,,product
6462,2795,7019,20.0000,1.6200,1.6200,1.6200,1.6200,,product
6463,2795,7021,20.0000,1.6200,1.6200,1.6200,1.6200,,product
6464,2795,7023,20.0000,1.6200,1.6200,1.6200,1.6200,,product
6465,2795,7025,20.0000,1.6200,1.6200,1.6200,1.6200,,product
6466,2795,7027,20.0000,1.6200,1.6200,1.6200,1.6200,,product
6467,2795,7029,20.0000,1.6200,1.6200,1.6200,1.6200,,product
6468,2795,7031,20.0000,1.6200,1.6200,1.6200,1.6200,,product
6469,2795,7033,20.0000,1.1900,1.1900,1.1900,1.1900,,product
6470,2795,7035,20.0000,1.1800,1.1800,1.1800,1.1800,,product
6471,2795,7037,20.0000,1.1900,1.1900,1.1900,1.1900,,product
6472,2795,,20.0000,0.0000,0.0000,0.0000,0.0000,,shipping
6473,2796,7039,20.0000,4.0800,4.0800,4.0800,4.0800,,product
6474,2796,,20.0000,0.9000,0.9000,0.9000,0.9000,,shipping
6475,2797,7041,20.0000,3.8000,3.8000,3.8000,3.8000,,product
6476,2797,,20.0000,0.9000,0.9000,0.9000,0.9000,,shipping
6477,2798,7043,20.0000,3.8000,3.8000,3.8000,3.8000,,product
6478,2798,,20.0000,0.9000,0.9000,0.9000,0.9000,,shipping
6479,2799,7045,20.0000,9.7400,9.7400,9.7400,9.7400,,product
6480,2799,7047,20.0000,9.7500,9.7500,9.7500,9.7500,,product
6481,2799,7049,20.0000,9.2000,9.2000,9.2000,9.2000,,product
6482,2799,,20.0000,0.0000,0.0000,0.0000,0.0000,,shipping
6483,2800,7051,20.0000,3.8500,3.8500,3.8500,3.8500,,product
6484,2800,,20.0000,0.9000,0.9000,0.9000,0.9000,,shipping
6485,2801,7053,20.0000,8.8300,8.8300,8.8300,8.8300,,product
6486,2801,,20.0000,0.9000,0.9000,0.9000,0.9000,,shipping
6487,2802,7055,20.0000,5.2200,5.2200,5.2200,5.2200,,product
6488,2802,,20.0000,0.9000,0.9000,0.9000,0.9000,,shipping
6489,2803,7057,20.0000,9.5000,9.5000,9.5000,9.5000,,product
6490,2803,,20.0000,0.9000,0.9000,0.9000,0.9000,,shipping
6491,2804,7059,20.0000,7.7900,7.7900,7.7900,7.7900,,product
6492,2804,,20.0000,0.9000,0.9000,0.9000,0.9000,,shipping
6493,2805,7061,20.0000,3.8000,3.8000,3.8000,3.8000,,product
6494,2805,,20.0000,0.9000,0.9000,0.9000,0.9000,,shipping
6495,2806,7063,20.0000,8.5500,8.5500,8.5500,8.5500,,product
6496,2806,7065,20.0000,3.7900,3.7900,3.7900,3.7900,,product
6497,2806,,20.0000,0.9000,0.9000,0.9000,0.9000,,shipping
6498,2807,7067,20.0000,3.8000,3.8000,3.8000,3.8000,,product
6499,2807,,20.0000,0.9000,0.9000,0.9000,0.9000,,shipping
6500,2808,7069,20.0000,8.0700,8.0700,8.0700,8.0700,,product
6501,2808,,20.0000,0.9000,0.9000,0.9000,0.9000,,shipping
6502,2809,7071,20.0000,4.0800,4.0800,4.0800,4.0800,,product
6503,2809,,20.0000,0.9000,0.9000,0.9000,0.9000,,shipping
6504,2810,7073,20.0000,4.2900,4.2900,4.2900,4.2900,,product
6505,2810,,20.0000,0.6600,0.6600,0.6600,0.6600,,shipping
6506,2811,7075,20.0000,9.5000,9.5000,9.5000,9.5000,,product
6507,2811,,20.0000,0.9000,0.9000,0.9000,0.9000,,shipping
6508,2812,7077,20.0000,9.7400,9.7400,9.7400,9.7400,,product
6509,2812,7079,20.0000,19.4900,19.4900,19.4900,19.4900,,product
6510,2812,,20.0000,0.0000,0.0000,0.0000,0.0000,,shipping
6511,2813,7081,20.0000,8.2600,8.2600,8.2600,8.2600,,product
6512,2813,7083,20.0000,7.7900,7.7900,7.7900,7.7900,,product
6513,2813,,20.0000,0.9000,0.9000,0.9000,0.9000,,shipping
6514,2814,7085,20.0000,3.9900,3.9900,3.9900,3.9900,,product
6515,2814,,20.0000,0.9000,0.9000,0.9000,0.9000,,shipping
6516,2815,7087,20.0000,10.5000,10.5000,10.5000,10.5000,,product
6517,2815,7089,20.0000,10.5000,10.5000,10.5000,10.5000,,product
6518,2815,,20.0000,0.0000,0.0000,0.0000,0.0000,,shipping
6519,2816,7091,20.0000,3.9900,3.9900,3.9900,3.9900,,product
6520,2816,7093,20.0000,8.0700,8.0700,8.0700,8.0700,,product
6521,2816,,20.0000,0.9000,0.9000,0.9000,0.9000,,shipping
6522,2817,7095,20.0000,4.0800,4.0800,4.0800,4.0800,,product
6523,2817,,20.0000,0.9000,0.9000,0.9000,0.9000,,shipping
6524,2818,7097,20.0000,3.8500,3.8500,3.8500,3.8500,,product
6525,2818,,20.0000,0.9000,0.9000,0.9000,0.9000,,shipping
6526,2819,7099,20.0000,7.7900,7.7900,7.7900,7.7900,,product
6527,2819,,20.0000,0.9000,0.9000,0.9000,0.9000,,shipping
6528,2820,7101,20.0000,3.8000,3.8000,3.8000,3.8000,,product
6529,2820,,20.0000,0.9000,0.9000,0.9000,0.9000,,shipping
6530,2821,7103,20.0000,7.7900,7.7900,7.7900,7.7900,,product
6531,2821,,20.0000,0.9000,0.9000,0.9000,0.9000,,shipping
6532,2822,7105,20.0000,7.7900,7.7900,7.7900,7.7900,,product
6533,2822,,20.0000,0.9000,0.9000,0.9000,0.9000,,shipping
6534,2823,7107,20.0000,3.9900,3.9900,3.9900,3.9900,,product
6535,2823,,20.0000,0.9000,0.9000,0.9000,0.9000,,shipping
6536,2824,7109,20.0000,3.9900,3.9900,3.9900,3.9900,,product
6537,2824,,20.0000,0.9000,0.9000,0.9000,0.9000,,shipping
6538,2825,7111,20.0000,2.8600,2.8600,2.8600,2.8600,,product
6539,2825,,20.0000,0.6600,0.6600,0.6600,0.6600,,shipping
6540,2826,7113,20.0000,4.0800,4.0800,4.0800,4.0800,,product
6541,2826,,20.0000,0.9000,0.9000,0.9000,0.9000,,shipping
6542,2827,7115,20.0000,3.8500,3.8500,3.8500,3.8500,,product
6543,2827,,20.0000,0.9000,0.9000,0.9000,0.9000,,shipping
6544,2828,7117,20.0000,10.0700,10.0700,10.0700,10.0700,,product
6545,2828,,20.0000,0.0000,0.0000,0.0000,0.0000,,shipping
6546,2829,7119,20.0000,3.8500,3.8500,3.8500,3.8500,,product
6547,2829,7121,20.0000,3.8500,3.8500,3.8500,3.8500,,product
6548,2829,,20.0000,0.9000,0.9000,0.9000,0.9000,,shipping
6549,2830,7123,20.0000,9.5000,9.5000,9.5000,9.5000,,product
6550,2830,,20.0000,0.9000,0.9000,0.9000,0.9000,,shipping
6551,2831,7125,20.0000,3.9900,3.9900,3.9900,3.9900,,product
6552,2831,,20.0000,0.9000,0.9000,0.9000,0.9000,,shipping
6553,2832,7127,20.0000,20.1400,20.1400,20.1400,20.1400,,product
6554,2832,,20.0000,0.0000,0.0000,0.0000,0.0000,,shipping
6555,2833,7129,20.0000,3.8500,3.8500,3.8500,3.8500,,product
6556,2833,,20.0000,0.9000,0.9000,0.9000,0.9000,,shipping
6557,2834,7131,20.0000,8.3600,8.3600,8.3600,8.3600,,product
6558,2834,,20.0000,0.9000,0.9000,0.9000,0.9000,,shipping
6559,2835,7133,20.0000,7.1500,7.1500,7.1500,7.1500,,product
6560,2835,,20.0000,0.0000,0.0000,0.0000,0.0000,,shipping
6561,2836,7135,20.0000,1.6200,1.6200,1.6200,1.6200,,product
6562,2836,7137,20.0000,1.6200,1.6200,1.6200,1.6200,,product
6563,2836,7139,20.0000,1.6200,1.6200,1.6200,1.6200,,product
6564,2836,7141,20.0000,1.6200,1.6200,1.6200,1.6200,,product
6565,2836,7143,20.0000,1.6200,1.6200,1.6200,1.6200,,product
6566,2836,7145,20.0000,1.6200,1.6200,1.6200,1.6200,,product
6567,2836,7147,20.0000,1.6200,1.6200,1.6200,1.6200,,product
6568,2836,7149,20.0000,9.7400,9.7400,9.7400,9.7400,,product
6569,2836,,20.0000,0.0000,0.0000,0.0000,0.0000,,shipping
6570,2837,7151,20.0000,11.9000,11.9000,11.9000,11.9000,,product
6571,2837,7153,20.0000,1.6200,1.6200,1.6200,1.6200,,product
6572,2837,7155,20.0000,1.6200,1.6200,1.6200,1.6200,,product
6573,2837,7157,20.0000,1.0800,1.0800,1.0800,1.0800,,product
6574,2837,7159,20.0000,1.0700,1.0700,1.0700,1.0700,,product
6575,2837,7161,20.0000,1.0700,1.0700,1.0700,1.0700,,product
6576,2837,,20.0000,0.0000,0.0000,0.0000,0.0000,,shipping
6577,2838,7163,20.0000,3.9900,3.9900,3.9900,3.9900,,product
6578,2838,,20.0000,0.9000,0.9000,0.9000,0.9000,,shipping
6579,2839,7165,20.0000,3.8500,3.8500,3.8500,3.8500,,product
6580,2839,,20.0000,0.9000,0.9000,0.9000,0.9000,,shipping
6581,2840,7167,20.0000,7.7900,7.7900,7.7900,7.7900,,product
6582,2840,,20.0000,0.9000,0.9000,0.9000,0.9000,,shipping
6583,2841,7169,20.0000,4.0800,4.0800,4.0800,4.0800,,product
6584,2841,,20.0000,0.9000,0.9000,0.9000,0.9000,,shipping
6585,2842,7171,20.0000,6.2800,6.2800,6.2800,6.2800,,product
6586,2842,7173,20.0000,6.2800,6.2800,6.2800,6.2800,,product
6587,2842,,20.0000,0.0000,0.0000,0.0000,0.0000,,shipping
6588,2843,7175,20.0000,9.5000,9.5000,9.5000,9.5000,,product
6589,2843,,20.0000,0.9000,0.9000,0.9000,0.9000,,shipping
6590,2844,7177,20.0000,5.2200,5.2200,5.2200,5.2200,,product
6591,2844,,20.0000,0.9000,0.9000,0.9000,0.9000,,shipping
6592,2845,7179,20.0000,3.8500,3.8500,3.8500,3.8500,,product
6593,2845,,20.0000,0.9000,0.9000,0.9000,0.9000,,shipping
6594,2846,7181,20.0000,3.8000,3.8000,3.8000,3.8000,,product
6595,2846,,20.0000,0.9000,0.9000,0.9000,0.9000,,shipping
6596,2847,7183,20.0000,3.8000,3.8000,3.8000,3.8000,,product
6597,2847,,20.0000,0.9000,0.9000,0.9000,0.9000,,shipping
6598,2848,7185,20.0000,8.5500,8.5500,8.5500,8.5500,,product
6599,2848,,20.0000,0.9000,0.9000,0.9000,0.9000,,shipping
6600,2849,7187,20.0000,5.9500,5.9500,5.9500,5.9500,,product
6601,2849,7189,20.0000,5.9500,5.9500,5.9500,5.9500,,product
6602,2849,7191,20.0000,1.6200,1.6200,1.6200,1.6200,,product
6603,2849,7193,20.0000,0.5400,0.5400,0.5400,0.5400,,product
6604,2849,7195,20.0000,0.5400,0.5400,0.5400,0.5400,,product
6605,2849,7197,20.0000,0.5300,0.5300,0.5300,0.5300,,product
6606,2849,,20.0000,0.0000,0.0000,0.0000,0.0000,,shipping
6607,2850,7199,20.0000,3.8500,3.8500,3.8500,3.8500,,product
6608,2850,,20.0000,0.9000,0.9000,0.9000,0.9000,,shipping
6609,2851,7201,20.0000,7.7900,7.7900,7.7900,7.7900,,product
6610,2851,,20.0000,0.9000,0.9000,0.9000,0.9000,,shipping
6611,2852,7203,20.0000,8.5500,8.5500,8.5500,8.5500,,product
6612,2852,,20.0000,0.9000,0.9000,0.9000,0.9000,,shipping
6613,2853,7205,20.0000,8.0700,8.0700,8.0700,8.0700,,product
6614,2853,,20.0000,0.9000,0.9000,0.9000,0.9000,,shipping
6615,2854,7207,20.0000,8.0700,8.0700,8.0700,8.0700,,product
6616,2854,,20.0000,0.9000,0.9000,0.9000,0.9000,,shipping
6617,2855,7209,20.0000,8.2600,8.2600,8.2600,8.2600,,product
6618,2855,,20.0000,0.9000,0.9000,0.9000,0.9000,,shipping
6619,2856,7211,20.0000,3.8500,3.8500,3.8500,3.8500,,product
6620,2856,,20.0000,0.9000,0.9000,0.9000,0.9000,,shipping
6621,2857,7213,20.0000,5.2200,5.2200,5.2200,5.2200,,product
6622,2857,,20.0000,0.9000,0.9000,0.9000,0.9000,,shipping
6623,2858,7215,20.0000,9.5000,9.5000,9.5000,9.5000,,product
6624,2858,,20.0000,0.9000,0.9000,0.9000,0.9000,,shipping
6625,2859,7217,20.0000,9.7400,9.7400,9.7400,9.7400,,product
6626,2859,7219,20.0000,9.7500,9.7500,9.7500,9.7500,,product
6627,2859,7221,20.0000,2.3700,2.3700,2.3700,2.3700,,product
6628,2859,7223,20.0000,1.1900,1.1900,1.1900,1.1900,,product
6629,2859,7225,20.0000,1.6200,1.6200,1.6200,1.6200,,product
6630,2859,7227,20.0000,1.6200,1.6200,1.6200,1.6200,,product
6631,2859,7229,20.0000,1.6200,1.6200,1.6200,1.6200,,product
6632,2859,7231,20.0000,1.8300,1.8300,1.8300,1.8300,,product
6633,2859,7233,20.0000,1.8400,1.8400,1.8400,1.8400,,product
6634,2859,7235,20.0000,1.8300,1.8300,1.8300,1.8300,,product
6635,2859,7237,20.0000,1.4100,1.4100,1.4100,1.4100,,product
6636,2859,7239,20.0000,1.4000,1.4000,1.4000,1.4000,,product
6637,2859,7241,20.0000,1.4000,1.4000,1.4000,1.4000,,product
6638,2859,,20.0000,0.0000,0.0000,0.0000,0.0000,,shipping
6639,2860,7243,20.0000,3.8500,3.8500,3.8500,3.8500,,product
6640,2860,,20.0000,0.9000,0.9000,0.9000,0.9000,,shipping
6641,2861,7245,20.0000,3.9900,3.9900,3.9900,3.9900,,product
6642,2861,,20.0000,0.9000,0.9000,0.9000,0.9000,,shipping
6643,2862,7247,20.0000,3.8500,3.8500,3.8500,3.8500,,product
6644,2862,7249,20.0000,3.8500,3.8500,3.8500,3.8500,,product
6645,2862,,20.0000,0.9000,0.9000,0.9000,0.9000,,shipping
6646,2863,7251,20.0000,8.5500,8.5500,8.5500,8.5500,,product
6647,2863,,20.0000,0.9000,0.9000,0.9000,0.9000,,shipping
6648,2864,7253,20.0000,8.5500,8.5500,8.5500,8.5500,,product
6649,2864,7255,20.0000,8.8300,8.8300,8.8300,8.8300,,product
6650,2864,,20.0000,0.9000,0.9000,0.9000,0.9000,,shipping
6651,2865,7257,20.0000,8.0700,8.0700,8.0700,8.0700,,product
6652,2865,,20.0000,0.9000,0.9000,0.9000,0.9000,,shipping
6653,2866,7259,20.0000,3.8500,3.8500,3.8500,3.8500,,product
6654,2866,,20.0000,0.9000,0.9000,0.9000,0.9000,,shipping
6655,2867,7261,20.0000,8.0700,8.0700,8.0700,8.0700,,product
6656,2867,,20.0000,0.9000,0.9000,0.9000,0.9000,,shipping
6657,2868,7263,20.0000,8.5500,8.5500,8.5500,8.5500,,product
6658,2868,,20.0000,0.9000,0.9000,0.9000,0.9000,,shipping
6659,2869,7265,20.0000,8.5500,8.5500,8.5500,8.5500,,product
6660,2869,,20.0000,0.9000,0.9000,0.9000,0.9000,,shipping
6661,2870,7267,20.0000,3.8000,3.8000,3.8000,3.8000,,product
6662,2870,,20.0000,0.9000,0.9000,0.9000,0.9000,,shipping
6663,2871,7269,20.0000,3.8000,3.8000,3.8000,3.8000,,product
6664,2871,7271,20.0000,3.7900,3.7900,3.7900,3.7900,,product
6665,2871,,20.0000,0.9000,0.9000,0.9000,0.9000,,shipping
6666,2872,7273,20.0000,8.0700,8.0700,8.0700,8.0700,,product
6667,2872,,20.0000,0.9000,0.9000,0.9000,0.9000,,shipping
6668,2873,7275,20.0000,3.8000,3.8000,3.8000,3.8000,,product
6669,2873,,20.0000,0.9000,0.9000,0.9000,0.9000,,shipping
6670,2874,7277,20.0000,8.3600,8.3600,8.3600,8.3600,,product
6671,2874,,20.0000,0.9000,0.9000,0.9000,0.9000,,shipping
6672,2875,7279,20.0000,4.3300,4.3300,4.3300,4.3300,,product
6673,2875,,20.0000,0.0000,0.0000,0.0000,0.0000,,shipping
6674,2876,7281,20.0000,3.8000,3.8000,3.8000,3.8000,,product
6675,2876,,20.0000,0.9000,0.9000,0.9000,0.9000,,shipping
6676,2877,7283,20.0000,3.8500,3.8500,3.8500,3.8500,,product
6677,2877,,20.0000,0.9000,0.9000,0.9000,0.9000,,shipping
6678,2878,7285,20.0000,8.2600,8.2600,8.2600,8.2600,,product
6679,2878,,20.0000,0.9000,0.9000,0.9000,0.9000,,shipping
6680,2879,7287,20.0000,7.7900,7.7900,7.7900,7.7900,,product
6681,2879,7289,20.0000,7.7800,7.7800,7.7800,7.7800,,product
6682,2879,,20.0000,0.9000,0.9000,0.9000,0.9000,,shipping
6683,2880,7291,20.0000,10.0700,10.0700,10.0700,10.0700,,product
6684,2880,,20.0000,0.0000,0.0000,0.0000,0.0000,,shipping
6685,2881,7293,20.0000,3.8500,3.8500,3.8500,3.8500,,product
6686,2881,,20.0000,0.9000,0.9000,0.9000,0.9000,,shipping
6687,2882,7295,20.0000,4.6500,4.6500,4.6500,4.6500,,product
6688,2882,,20.0000,0.9000,0.9000,0.9000,0.9000,,shipping
6689,2883,7297,20.0000,3.8500,3.8500,3.8500,3.8500,,product
6690,2883,,20.0000,0.9000,0.9000,0.9000,0.9000,,shipping
6691,2884,7299,20.0000,3.8500,3.8500,3.8500,3.8500,,product
6692,2884,,20.0000,0.9000,0.9000,0.9000,0.9000,,shipping
6693,2885,7301,20.0000,3.8500,3.8500,3.8500,3.8500,,product
6694,2885,,20.0000,0.9000,0.9000,0.9000,0.9000,,shipping
6695,2886,7303,20.0000,7.7900,7.7900,7.7900,7.7900,,product
6696,2886,,20.0000,0.9000,0.9000,0.9000,0.9000,,shipping
6697,2887,7305,20.0000,3.8500,3.8500,3.8500,3.8500,,product
6698,2887,,20.0000,0.9000,0.9000,0.9000,0.9000,,shipping
6699,2888,7307,20.0000,7.7900,7.7900,7.7900,7.7900,,product
6700,2888,,20.0000,0.9000,0.9000,0.9000,0.9000,,shipping
6701,2889,7309,20.0000,7.7900,7.7900,7.7900,7.7900,,product
6702,2889,,20.0000,0.9000,0.9000,0.9000,0.9000,,shipping
6703,2890,7311,20.0000,3.8000,3.8000,3.8000,3.8000,,product
6704,2890,7313,20.0000,7.5900,7.5900,7.5900,7.5900,,product
6705,2890,,20.0000,0.9000,0.9000,0.9000,0.9000,,shipping
6706,2891,7315,20.0000,3.8500,3.8500,3.8500,3.8500,,product
6707,2891,,20.0000,0.9000,0.9000,0.9000,0.9000,,shipping
6708,2892,7317,20.0000,8.5500,8.5500,8.5500,8.5500,,product
6709,2892,,20.0000,0.9000,0.9000,0.9000,0.9000,,shipping
6710,2893,7319,20.0000,7.7900,7.7900,7.7900,7.7900,,product
6711,2893,,20.0000,0.9000,0.9000,0.9000,0.9000,,shipping
6712,2894,7321,20.0000,3.8500,3.8500,3.8500,3.8500,,product
6713,2894,,20.0000,0.9000,0.9000,0.9000,0.9000,,shipping
6714,2895,7323,20.0000,3.9900,3.9900,3.9900,3.9900,,product
6715,2895,,20.0000,0.9000,0.9000,0.9000,0.9000,,shipping
6716,2896,7325,20.0000,3.8500,3.8500,3.8500,3.8500,,product
6717,2896,,20.0000,0.9000,0.9000,0.9000,0.9000,,shipping
6718,2897,7327,20.0000,8.5500,8.5500,8.5500,8.5500,,product
6719,2897,,20.0000,0.9000,0.9000,0.9000,0.9000,,shipping
6720,2898,7329,20.0000,8.0700,8.0700,8.0700,8.0700,,product
6721,2898,,20.0000,0.9000,0.9000,0.9000,0.9000,,shipping
6722,2899,7331,20.0000,7.7900,7.7900,7.7900,7.7900,,product
6723,2899,,20.0000,0.9000,0.9000,0.9000,0.9000,,shipping
6724,2900,7333,20.0000,4.3900,4.3900,4.3900,4.3900,,product
6725,2900,7335,20.0000,4.3900,4.3900,4.3900,4.3900,,product
6726,2900,7337,20.0000,10.2800,10.2800,10.2800,10.2800,,product
6727,2900,7339,20.0000,10.2900,10.2900,10.2900,10.2900,,product
6728,2900,7341,20.0000,3.2400,3.2400,3.2400,3.2400,,product
6729,2900,7343,20.0000,1.6200,1.6200,1.6200,1.6200,,product
6730,2900,7345,20.0000,1.6200,1.6200,1.6200,1.6200,,product
6731,2900,,20.0000,0.0000,0.0000,0.0000,0.0000,,shipping
6732,2901,7347,20.0000,8.8300,8.8300,8.8300,8.8300,,product
6733,2901,,20.0000,0.9000,0.9000,0.9000,0.9000,,shipping
6734,2902,7349,20.0000,10.5000,10.5000,10.5000,10.5000,,product
6735,2902,7351,20.0000,10.5000,10.5000,10.5000,10.5000,,product
6736,2902,7353,20.0000,5.3100,5.3100,5.3100,5.3100,,product
6737,2902,,20.0000,0.0000,0.0000,0.0000,0.0000,,shipping
6738,2903,7355,20.0000,7.7900,7.7900,7.7900,7.7900,,product
6739,2903,,20.0000,0.9000,0.9000,0.9000,0.9000,,shipping
6740,2904,7357,20.0000,5.2200,5.2200,5.2200,5.2200,,product
6741,2904,,20.0000,0.9000,0.9000,0.9000,0.9000,,shipping
6742,2905,7359,20.0000,7.7900,7.7900,7.7900,7.7900,,product
6743,2905,,20.0000,0.9000,0.9000,0.9000,0.9000,,shipping
6744,2906,7361,20.0000,8.8800,8.8800,8.8800,8.8800,,product
6745,2906,7363,20.0000,8.8800,8.8800,8.8800,8.8800,,product
6746,2906,7365,20.0000,10.0700,10.0700,10.0700,10.0700,,product
6747,2906,7367,20.0000,10.0700,10.0700,10.0700,10.0700,,product
6748,2906,7369,20.0000,10.0700,10.0700,10.0700,10.0700,,product
6749,2906,7371,20.0000,9.7400,9.7400,9.7400,9.7400,,product
6750,2906,7373,20.0000,9.7400,9.7400,9.7400,9.7400,,product
6751,2906,,20.0000,0.0000,0.0000,0.0000,0.0000,,shipping
6752,2907,7375,20.0000,9.7400,9.7400,9.7400,9.7400,,product
6753,2907,7377,20.0000,9.7500,9.7500,9.7500,9.7500,,product
6754,2907,7379,20.0000,0.9700,0.9700,0.9700,0.9700,,product
6755,2907,7380,20.0000,9.7400,9.7400,9.7400,9.7400,,product
6756,2907,7382,20.0000,9.7500,9.7500,9.7500,9.7500,,product
6757,2907,,20.0000,0.0000,0.0000,0.0000,0.0000,,shipping
6758,2908,7384,20.0000,3.8500,3.8500,3.8500,3.8500,,product
6759,2908,7386,20.0000,3.8500,3.8500,3.8500,3.8500,,product
6760,2908,,20.0000,0.9000,0.9000,0.9000,0.9000,,shipping
6761,2909,7388,20.0000,5.2200,5.2200,5.2200,5.2200,,product
6762,2909,,20.0000,0.9000,0.9000,0.9000,0.9000,,shipping
6763,2910,7390,20.0000,3.8500,3.8500,3.8500,3.8500,,product
6764,2910,,20.0000,0.9000,0.9000,0.9000,0.9000,,shipping
6765,2911,7392,20.0000,7.7900,7.7900,7.7900,7.7900,,product
6766,2911,,20.0000,0.9000,0.9000,0.9000,0.9000,,shipping
6767,2912,7394,20.0000,3.8500,3.8500,3.8500,3.8500,,product
6768,2912,,20.0000,0.9000,0.9000,0.9000,0.9000,,shipping
6769,2913,7396,20.0000,3.8000,3.8000,3.8000,3.8000,,product
6770,2913,,20.0000,0.9000,0.9000,0.9000,0.9000,,shipping
6771,2914,7398,20.0000,9.0200,9.0200,9.0200,9.0200,,product
6772,2914,,20.0000,0.9000,0.9000,0.9000,0.9000,,shipping
6773,2915,7400,20.0000,4.0800,4.0800,4.0800,4.0800,,product
6774,2915,,20.0000,0.9000,0.9000,0.9000,0.9000,,shipping
6775,2916,7402,20.0000,3.8000,3.8000,3.8000,3.8000,,product
6776,2916,,20.0000,0.9000,0.9000,0.9000,0.9000,,shipping
6777,2917,7404,20.0000,3.8000,3.8000,3.8000,3.8000,,product
6778,2917,7406,20.0000,5.2200,5.2200,5.2200,5.2200,,product
6779,2917,,20.0000,0.9000,0.9000,0.9000,0.9000,,shipping
6780,2918,7408,20.0000,3.8000,3.8000,3.8000,3.8000,,product
6781,2918,,20.0000,0.9000,0.9000,0.9000,0.9000,,shipping
6782,2919,7410,20.0000,5.9500,5.9500,5.9500,5.9500,,product
6783,2919,7412,20.0000,4.6500,4.6500,4.6500,4.6500,,product
6784,2919,7414,20.0000,4.6600,4.6600,4.6600,4.6600,,product
6785,2919,,20.0000,0.0000,0.0000,0.0000,0.0000,,shipping
6786,2920,7416,20.0000,3.8000,3.8000,3.8000,3.8000,,product
6787,2920,,20.0000,0.9000,0.9000,0.9000,0.9000,,shipping
6788,2921,7418,20.0000,3.9900,3.9900,3.9900,3.9900,,product
6789,2921,,20.0000,0.9000,0.9000,0.9000,0.9000,,shipping
6790,2922,7420,20.0000,3.9900,3.9900,3.9900,3.9900,,product
6791,2922,7422,20.0000,4.0800,4.0800,4.0800,4.0800,,product
6792,2922,,20.0000,0.9000,0.9000,0.9000,0.9000,,shipping
6793,2923,7424,20.0000,3.8000,3.8000,3.8000,3.8000,,product
6794,2923,,20.0000,0.9000,0.9000,0.9000,0.9000,,shipping
6795,2924,7426,20.0000,3.9900,3.9900,3.9900,3.9900,,product
6796,2924,7428,20.0000,3.9800,3.9800,3.9800,3.9800,,product
6797,2924,,20.0000,0.9000,0.9000,0.9000,0.9000,,shipping
6798,2925,7430,20.0000,1.4300,1.4300,1.4300,1.4300,,product
6799,2925,,20.0000,0.6600,0.6600,0.6600,0.6600,,shipping
6800,2926,7432,20.0000,5.5100,5.5100,5.5100,5.5100,,product
6801,2926,,20.0000,0.9000,0.9000,0.9000,0.9000,,shipping
6802,2927,7434,20.0000,8.0700,8.0700,8.0700,8.0700,,product
6803,2927,,20.0000,0.9000,0.9000,0.9000,0.9000,,shipping
6804,2928,7436,20.0000,3.8000,3.8000,3.8000,3.8000,,product
6805,2928,,20.0000,0.9000,0.9000,0.9000,0.9000,,shipping
6806,2929,7438,20.0000,3.8000,3.8000,3.8000,3.8000,,product
6807,2929,,20.0000,0.9000,0.9000,0.9000,0.9000,,shipping
6808,2930,7440,20.0000,3.9900,3.9900,3.9900,3.9900,,product
6809,2930,,20.0000,0.9000,0.9000,0.9000,0.9000,,shipping
6810,2931,7442,20.0000,8.0700,8.0700,8.0700,8.0700,,product
6811,2931,,20.0000,0.9000,0.9000,0.9000,0.9000,,shipping
6812,2932,7444,20.0000,3.8000,3.8000,3.8000,3.8000,,product
6813,2932,,20.0000,0.9000,0.9000,0.9000,0.9000,,shipping
6814,2933,7446,20.0000,5.2200,5.2200,5.2200,5.2200,,product
6815,2933,,20.0000,0.9000,0.9000,0.9000,0.9000,,shipping
6816,2934,7448,20.0000,3.8500,3.8500,3.8500,3.8500,,product
6817,2934,,20.0000,0.9000,0.9000,0.9000,0.9000,,shipping
6818,2935,7450,20.0000,8.8300,8.8300,8.8300,8.8300,,product
6819,2935,7452,20.0000,3.2400,3.2400,3.2400,3.2400,,product
6820,2935,7454,20.0000,1.6200,1.6200,1.6200,1.6200,,product
6821,2935,,20.0000,0.9000,0.9000,0.9000,0.9000,,shipping
6822,2936,7456,20.0000,3.8000,3.8000,3.8000,3.8000,,product
6823,2936,,20.0000,0.9000,0.9000,0.9000,0.9000,,shipping
6824,2937,7458,20.0000,3.8000,3.8000,3.8000,3.8000,,product
6825,2937,,20.0000,0.9000,0.9000,0.9000,0.9000,,shipping
6826,2938,7460,20.0000,3.8500,3.8500,3.8500,3.8500,,product
6827,2938,,20.0000,0.9000,0.9000,0.9000,0.9000,,shipping
6828,2939,7462,20.0000,5.2200,5.2200,5.2200,5.2200,,product
6829,2939,,20.0000,0.9000,0.9000,0.9000,0.9000,,shipping
6830,2940,7464,20.0000,3.9900,3.9900,3.9900,3.9900,,product
6831,2940,,20.0000,0.9000,0.9000,0.9000,0.9000,,shipping
6832,2941,7466,20.0000,8.0700,8.0700,8.0700,8.0700,,product
6833,2941,,20.0000,0.9000,0.9000,0.9000,0.9000,,shipping
6834,2942,7468,20.0000,8.5500,8.5500,8.5500,8.5500,,product
6835,2942,,20.0000,0.9000,0.9000,0.9000,0.9000,,shipping
6836,2943,7470,20.0000,5.2200,5.2200,5.2200,5.2200,,product
6837,2943,,20.0000,0.9000,0.9000,0.9000,0.9000,,shipping
6838,2944,7472,20.0000,3.8000,3.8000,3.8000,3.8000,,product
6839,2944,,20.0000,0.9000,0.9000,0.9000,0.9000,,shipping
6840,2945,7474,20.0000,5.2200,5.2200,5.2200,5.2200,,product
6841,2945,7476,20.0000,3.8000,3.8000,3.8000,3.8000,,product
6842,2945,,20.0000,0.9000,0.9000,0.9000,0.9000,,shipping
6843,2946,7478,20.0000,9.2000,9.2000,9.2000,9.2000,,product
6844,2946,7480,20.0000,8.5500,8.5500,8.5500,8.5500,,product
6845,2946,,20.0000,0.0000,0.0000,0.0000,0.0000,,shipping
6846,2947,7482,20.0000,3.8500,3.8500,3.8500,3.8500,,product
6847,2947,,20.0000,0.9000,0.9000,0.9000,0.9000,,shipping
6848,2948,7484,20.0000,3.8000,3.8000,3.8000,3.8000,,product
6849,2948,,20.0000,0.9000,0.9000,0.9000,0.9000,,shipping
6850,2949,7486,20.0000,3.8500,3.8500,3.8500,3.8500,,product
6851,2949,,20.0000,0.9000,0.9000,0.9000,0.9000,,shipping
6852,2950,7488,20.0000,4.0800,4.0800,4.0800,4.0800,,product
6853,2950,,20.0000,0.9000,0.9000,0.9000,0.9000,,shipping
6854,2951,7490,20.0000,8.5500,8.5500,8.5500,8.5500,,product
6855,2951,,20.0000,0.9000,0.9000,0.9000,0.9000,,shipping
6856,2952,7492,20.0000,3.8500,3.8500,3.8500,3.8500,,product
6857,2952,,20.0000,0.9000,0.9000,0.9000,0.9000,,shipping
6858,2953,7494,20.0000,10.8300,10.8300,10.8300,10.8300,,product
6859,2953,,20.0000,0.0000,0.0000,0.0000,0.0000,,shipping
6860,2954,7496,20.0000,3.8000,3.8000,3.8000,3.8000,,product
6861,2954,7498,20.0000,8.0700,8.0700,8.0700,8.0700,,product
6862,2954,,20.0000,0.9000,0.9000,0.9000,0.9000,,shipping
6863,2955,7500,20.0000,10.0700,10.0700,10.0700,10.0700,,product
6864,2955,7502,20.0000,10.8300,10.8300,10.8300,10.8300,,product
6865,2955,7504,20.0000,10.0700,10.0700,10.0700,10.0700,,product
6866,2955,7506,20.0000,10.2800,10.2800,10.2800,10.2800,,product
6867,2955,7508,20.0000,10.2900,10.2900,10.2900,10.2900,,product
6868,2955,7510,20.0000,10.2900,10.2900,10.2900,10.2900,,product
6869,2955,,20.0000,0.0000,0.0000,0.0000,0.0000,,shipping
6870,2956,7512,20.0000,9.7400,9.7400,9.7400,9.7400,,product
6871,2956,,20.0000,0.0000,0.0000,0.0000,0.0000,,shipping
6872,2957,7514,20.0000,5.2200,5.2200,5.2200,5.2200,,product
6873,2957,,20.0000,0.9000,0.9000,0.9000,0.9000,,shipping
6874,2958,7516,20.0000,3.8500,3.8500,3.8500,3.8500,,product
6875,2958,,20.0000,0.9000,0.9000,0.9000,0.9000,,shipping
6876,2959,7518,20.0000,8.0700,8.0700,8.0700,8.0700,,product
6877,2959,,20.0000,0.9000,0.9000,0.9000,0.9000,,shipping
6878,2960,7520,20.0000,3.8000,3.8000,3.8000,3.8000,,product
6879,2960,,20.0000,0.9000,0.9000,0.9000,0.9000,,shipping
6880,2961,7522,20.0000,3.8500,3.8500,3.8500,3.8500,,product
6881,2961,,20.0000,0.9000,0.9000,0.9000,0.9000,,shipping
6882,2962,7524,20.0000,4.0800,4.0800,4.0800,4.0800,,product
6883,2962,,20.0000,0.9000,0.9000,0.9000,0.9000,,shipping
6884,2963,7526,20.0000,9.2000,9.2000,9.2000,9.2000,,product
6885,2963,,20.0000,0.0000,0.0000,0.0000,0.0000,,shipping
6886,2964,7528,20.0000,9.7400,9.7400,9.7400,9.7400,,product
6887,2964,,20.0000,0.0000,0.0000,0.0000,0.0000,,shipping
6888,2965,7530,20.0000,3.8500,3.8500,3.8500,3.8500,,product
6889,2965,,20.0000,0.9000,0.9000,0.9000,0.9000,,shipping
6890,2966,7532,20.0000,3.8500,3.8500,3.8500,3.8500,,product
6891,2966,,20.0000,0.9000,0.9000,0.9000,0.9000,,shipping
6892,2967,7534,20.0000,9.2000,9.2000,9.2000,9.2000,,product
6893,2967,,20.0000,0.0000,0.0000,0.0000,0.0000,,shipping
6894,2968,7536,20.0000,8.2600,8.2600,8.2600,8.2600,,product
6895,2968,,20.0000,0.9000,0.9000,0.9000,0.9000,,shipping
6896,2969,7538,20.0000,3.8000,3.8000,3.8000,3.8000,,product
6897,2969,7540,20.0000,3.7900,3.7900,3.7900,3.7900,,product
6898,2969,7542,20.0000,3.8000,3.8000,3.8000,3.8000,,product
6899,2969,7544,20.0000,3.7900,3.7900,3.7900,3.7900,,product
6900,2969,,20.0000,0.9000,0.9000,0.9000,0.9000,,shipping
6901,2970,7546,20.0000,8.5500,8.5500,8.5500,8.5500,,product
6902,2970,,20.0000,0.9000,0.9000,0.9000,0.9000,,shipping
6903,2971,7548,20.0000,3.8000,3.8000,3.8000,3.8000,,product
6904,2971,,20.0000,0.9000,0.9000,0.9000,0.9000,,shipping
6905,2972,7550,20.0000,5.5100,5.5100,5.5100,5.5100,,product
6906,2972,,20.0000,0.9000,0.9000,0.9000,0.9000,,shipping
6907,2973,7552,20.0000,5.2200,5.2200,5.2200,5.2200,,product
6908,2973,,20.0000,0.9000,0.9000,0.9000,0.9000,,shipping
6909,2974,7554,20.0000,3.8000,3.8000,3.8000,3.8000,,product
6910,2974,7556,20.0000,3.7900,3.7900,3.7900,3.7900,,product
6911,2974,,20.0000,0.9000,0.9000,0.9000,0.9000,,shipping
6912,2975,7558,20.0000,9.7400,9.7400,9.7400,9.7400,,product
6913,2975,7560,20.0000,9.7500,9.7500,9.7500,9.7500,,product
6914,2975,7562,20.0000,10.0700,10.0700,10.0700,10.0700,,product
6915,2975,7564,20.0000,9.7400,9.7400,9.7400,9.7400,,product
6916,2975,7566,20.0000,9.7500,9.7500,9.7500,9.7500,,product
6917,2975,7568,20.0000,9.7400,9.7400,9.7400,9.7400,,product
6918,2975,,20.0000,0.0000,0.0000,0.0000,0.0000,,shipping
6919,2976,7570,20.0000,9.7400,9.7400,9.7400,9.7400,,product
6920,2976,7572,20.0000,10.2900,10.2900,10.2900,10.2900,,product
6921,2976,7574,20.0000,10.5000,10.5000,10.5000,10.5000,,product
6922,2976,7576,20.0000,10.0700,10.0700,10.0700,10.0700,,product
6923,2976,7578,20.0000,10.8300,10.8300,10.8300,10.8300,,product
6924,2976,,20.0000,0.0000,0.0000,0.0000,0.0000,,shipping
6925,2977,7580,20.0000,8.0700,8.0700,8.0700,8.0700,,product
6926,2977,,20.0000,0.9000,0.9000,0.9000,0.9000,,shipping
6927,2978,7582,20.0000,3.8000,3.8000,3.8000,3.8000,,product
6928,2978,,20.0000,0.9000,0.9000,0.9000,0.9000,,shipping
6929,2979,7584,20.0000,7.9700,7.9700,7.9700,7.9700,,product
6930,2979,,20.0000,0.9000,0.9000,0.9000,0.9000,,shipping
6931,2980,7586,20.0000,7.7900,7.7900,7.7900,7.7900,,product
6932,2980,7588,20.0000,7.7800,7.7800,7.7800,7.7800,,product
6933,2980,,20.0000,0.9000,0.9000,0.9000,0.9000,,shipping
6934,2981,7590,20.0000,3.8500,3.8500,3.8500,3.8500,,product
6935,2981,,20.0000,0.9000,0.9000,0.9000,0.9000,,shipping
6936,2982,7592,20.0000,9.4200,9.4200,9.4200,9.4200,,product
6937,2982,,20.0000,0.0000,0.0000,0.0000,0.0000,,shipping
6938,2983,7594,20.0000,8.0700,8.0700,8.0700,8.0700,,product
6939,2983,,20.0000,0.9000,0.9000,0.9000,0.9000,,shipping
6940,2984,7596,20.0000,3.8000,3.8000,3.8000,3.8000,,product
6941,2984,,20.0000,0.9000,0.9000,0.9000,0.9000,,shipping
6942,2985,7598,20.0000,9.7400,9.7400,9.7400,9.7400,,product
6943,2985,7600,20.0000,9.7500,9.7500,9.7500,9.7500,,product
6944,2985,,20.0000,0.0000,0.0000,0.0000,0.0000,,shipping
6945,2986,7602,20.0000,3.8500,3.8500,3.8500,3.8500,,product
6946,2986,,20.0000,0.9000,0.9000,0.9000,0.9000,,shipping
6947,2987,7604,20.0000,9.2000,9.2000,9.2000,9.2000,,product
6948,2987,7606,20.0000,1.6200,1.6200,1.6200,1.6200,,product
6949,2987,7608,20.0000,1.6200,1.6200,1.6200,1.6200,,product
6950,2987,7610,20.0000,1.6200,1.6200,1.6200,1.6200,,product
6951,2987,7612,20.0000,1.6200,1.6200,1.6200,1.6200,,product
6952,2987,,20.0000,0.0000,0.0000,0.0000,0.0000,,shipping
6953,2988,7614,20.0000,8.8800,8.8800,8.8800,8.8800,,product
6954,2988,,20.0000,0.0000,0.0000,0.0000,0.0000,,shipping
6955,2989,7616,20.0000,5.3000,5.3000,5.3000,5.3000,,product
6956,2989,,20.0000,0.0000,0.0000,0.0000,0.0000,,shipping
6957,2990,7618,20.0000,4.3300,4.3300,4.3300,4.3300,,product
6958,2990,7620,20.0000,4.3300,4.3300,4.3300,4.3300,,product
6959,2990,,20.0000,0.0000,0.0000,0.0000,0.0000,,shipping
6960,2991,7622,20.0000,8.8800,8.8800,8.8800,8.8800,,product
6961,2991,7624,20.0000,3.5600,3.5600,3.5600,3.5600,,product
6962,2991,7626,20.0000,3.5500,3.5500,3.5500,3.5500,,product
6963,2991,7628,20.0000,1.1900,1.1900,1.1900,1.1900,,product
6964,2991,7630,20.0000,2.3700,2.3700,2.3700,2.3700,,product
6965,2991,7632,20.0000,1.1900,1.1900,1.1900,1.1900,,product
6966,2991,7634,20.0000,1.1800,1.1800,1.1800,1.1800,,product
6967,2991,7636,20.0000,1.1900,1.1900,1.1900,1.1900,,product
6968,2991,,20.0000,3.0000,3.0000,3.0000,3.0000,,shipping
6969,2992,7638,20.0000,3.8000,3.8000,3.8000,3.8000,,product
6970,2992,,20.0000,0.9000,0.9000,0.9000,0.9000,,shipping
6971,2993,7640,20.0000,3.8500,3.8500,3.8500,3.8500,,product
6972,2993,,20.0000,0.9000,0.9000,0.9000,0.9000,,shipping
6973,2994,7642,20.0000,3.8500,3.8500,3.8500,3.8500,,product
6974,2994,,20.0000,0.9000,0.9000,0.9000,0.9000,,shipping
6975,2995,7644,20.0000,5.5100,5.5100,5.5100,5.5100,,product
6976,2995,,20.0000,0.9000,0.9000,0.9000,0.9000,,shipping
6977,2996,7646,20.0000,3.8000,3.8000,3.8000,3.8000,,product
6978,2996,,20.0000,0.9000,0.9000,0.9000,0.9000,,shipping
6979,2997,7648,20.0000,8.5500,8.5500,8.5500,8.5500,,product
6980,2997,,20.0000,0.9000,0.9000,0.9000,0.9000,,shipping
6981,2998,7650,20.0000,3.8500,3.8500,3.8500,3.8500,,product
6982,2998,,20.0000,0.9000,0.9000,0.9000,0.9000,,shipping
6983,2999,7652,20.0000,3.9900,3.9900,3.9900,3.9900,,product
6984,2999,,20.0000,0.9000,0.9000,0.9000,0.9000,,shipping
6985,3000,7654,20.0000,4.3900,4.3900,4.3900,4.3900,,product
6986,3000,7656,20.0000,1.6200,1.6200,1.6200,1.6200,,product
6987,3000,7658,20.0000,1.6200,1.6200,1.6200,1.6200,,product
6988,3000,7660,20.0000,1.6200,1.6200,1.6200,1.6200,,product
6989,3000,7662,20.0000,9.4200,9.4200,9.4200,9.4200,,product
6990,3000,7664,20.0000,9.4200,9.4200,9.4200,9.4200,,product
6991,3000,,20.0000,0.0000,0.0000,0.0000,0.0000,,shipping
6992,3001,7666,20.0000,9.2000,9.2000,9.2000,9.2000,,product
6993,3001,,20.0000,0.0000,0.0000,0.0000,0.0000,,shipping
6994,3002,7668,20.0000,9.7400,9.7400,9.7400,9.7400,,product
6995,3002,,20.0000,0.0000,0.0000,0.0000,0.0000,,shipping
6996,3003,7670,20.0000,3.9900,3.9900,3.9900,3.9900,,product
6997,3003,,20.0000,0.9000,0.9000,0.9000,0.9000,,shipping
6998,3004,7672,20.0000,10.0700,10.0700,10.0700,10.0700,,product
6999,3004,,20.0000,0.0000,0.0000,0.0000,0.0000,,shipping
7000,3005,7674,20.0000,3.8000,3.8000,3.8000,3.8000,,product
7001,3005,7676,20.0000,3.7900,3.7900,3.7900,3.7900,,product
7002,3005,,20.0000,0.9000,0.9000,0.9000,0.9000,,shipping
7003,3006,7678,20.0000,4.0800,4.0800,4.0800,4.0800,,product
7004,3006,,20.0000,0.9000,0.9000,0.9000,0.9000,,shipping
7005,3007,7680,20.0000,7.7900,7.7900,7.7900,7.7900,,product
7006,3007,,20.0000,0.9000,0.9000,0.9000,0.9000,,shipping
7007,3008,7682,20.0000,3.8000,3.8000,3.8000,3.8000,,product
7008,3008,,20.0000,0.9000,0.9000,0.9000,0.9000,,shipping
7009,3009,7684,20.0000,3.8000,3.8000,3.8000,3.8000,,product
7010,3009,,20.0000,0.9000,0.9000,0.9000,0.9000,,shipping
7011,3010,7686,20.0000,8.0700,8.0700,8.0700,8.0700,,product
7012,3010,7688,20.0000,3.8000,3.8000,3.8000,3.8000,,product
7013,3010,,20.0000,0.9000,0.9000,0.9000,0.9000,,shipping
7014,3011,7690,20.0000,4.0800,4.0800,4.0800,4.0800,,product
7015,3011,7692,20.0000,3.8000,3.8000,3.8000,3.8000,,product
7016,3011,,20.0000,0.9000,0.9000,0.9000,0.9000,,shipping
7017,3012,7694,20.0000,8.5500,8.5500,8.5500,8.5500,,product
7018,3012,,20.0000,0.9000,0.9000,0.9000,0.9000,,shipping
7019,3013,7696,20.0000,3.8000,3.8000,3.8000,3.8000,,product
7020,3013,,20.0000,0.9000,0.9000,0.9000,0.9000,,shipping
7021,3014,7698,20.0000,3.8500,3.8500,3.8500,3.8500,,product
7022,3014,,20.0000,0.9000,0.9000,0.9000,0.9000,,shipping
7023,3015,7700,20.0000,3.8000,3.8000,3.8000,3.8000,,product
7024,3015,,20.0000,0.9000,0.9000,0.9000,0.9000,,shipping
7025,3016,7702,20.0000,7.7900,7.7900,7.7900,7.7900,,product
7026,3016,,20.0000,0.9000,0.9000,0.9000,0.9000,,shipping
7027,3017,7704,20.0000,3.8500,3.8500,3.8500,3.8500,,product
7028,3017,,20.0000,0.9000,0.9000,0.9000,0.9000,,shipping
7029,3018,7706,20.0000,3.8500,3.8500,3.8500,3.8500,,product
7030,3018,,20.0000,0.9000,0.9000,0.9000,0.9000,,shipping
7031,3019,7708,20.0000,9.7900,9.7900,9.7900,9.7900,,product
7032,3019,7710,20.0000,4.8900,4.8900,4.8900,4.8900,,product
7033,3019,7712,20.0000,4.9000,4.9000,4.9000,4.9000,,product
7034,3019,7714,20.0000,5.4900,5.4900,5.4900,5.4900,,product
7035,3019,,20.0000,0.6600,0.6600,0.6600,0.6600,,shipping
7036,3020,7716,20.0000,3.8500,3.8500,3.8500,3.8500,,product
7037,3020,7718,20.0000,3.8500,3.8500,3.8500,3.8500,,product
7038,3020,,20.0000,0.9000,0.9000,0.9000,0.9000,,shipping
7039,3021,7720,20.0000,3.8000,3.8000,3.8000,3.8000,,product
7040,3021,,20.0000,0.9000,0.9000,0.9000,0.9000,,shipping
7041,3022,7722,20.0000,3.8000,3.8000,3.8000,3.8000,,product
7042,3022,,20.0000,0.9000,0.9000,0.9000,0.9000,,shipping
7043,3023,7724,20.0000,3.8000,3.8000,3.8000,3.8000,,product
7044,3023,,20.0000,0.9000,0.9000,0.9000,0.9000,,shipping
7045,3024,7726,20.0000,8.8300,8.8300,8.8300,8.8300,,product
7046,3024,,20.0000,0.9000,0.9000,0.9000,0.9000,,shipping
7047,3025,7728,20.0000,3.8500,3.8500,3.8500,3.8500,,product
7048,3025,7730,20.0000,3.7900,3.7900,3.7900,3.7900,,product
7049,3025,,20.0000,0.9000,0.9000,0.9000,0.9000,,shipping
7050,3026,7732,20.0000,5.2200,5.2200,5.2200,5.2200,,product
7051,3026,,20.0000,0.9000,0.9000,0.9000,0.9000,,shipping
7052,3027,7734,20.0000,5.2200,5.2200,5.2200,5.2200,,product
7053,3027,,20.0000,0.9000,0.9000,0.9000,0.9000,,shipping
7054,3028,7736,20.0000,4.0800,4.0800,4.0800,4.0800,,product
7055,3028,7738,20.0000,3.8000,3.8000,3.8000,3.8000,,product
7056,3028,,20.0000,0.9000,0.9000,0.9000,0.9000,,shipping
7057,3029,7740,20.0000,3.8000,3.8000,3.8000,3.8000,,product
7058,3029,,20.0000,0.9000,0.9000,0.9000,0.9000,,shipping
7059,3030,7742,20.0000,8.5500,8.5500,8.5500,8.5500,,product
7060,3030,,20.0000,0.9000,0.9000,0.9000,0.9000,,shipping
7061,3031,7744,20.0000,8.0700,8.0700,8.0700,8.0700,,product
7062,3031,,20.0000,0.9000,0.9000,0.9000,0.9000,,shipping
7063,3032,7746,20.0000,3.8000,3.8000,3.8000,3.8000,,product
7064,3032,7748,20.0000,3.7900,3.7900,3.7900,3.7900,,product
7065,3032,,20.0000,0.9000,0.9000,0.9000,0.9000,,shipping
7066,3033,7750,20.0000,3.9900,3.9900,3.9900,3.9900,,product
7067,3033,7752,20.0000,3.9800,3.9800,3.9800,3.9800,,product
7068,3033,,20.0000,0.9000,0.9000,0.9000,0.9000,,shipping
7069,3034,7754,20.0000,3.8000,3.8000,3.8000,3.8000,,product
7070,3034,,20.0000,0.9000,0.9000,0.9000,0.9000,,shipping
7071,3035,7756,20.0000,8.8800,8.8800,8.8800,8.8800,,product
7072,3035,,20.0000,0.0000,0.0000,0.0000,0.0000,,shipping
7073,3036,7758,20.0000,4.0800,4.0800,4.0800,4.0800,,product
7074,3036,,20.0000,0.9000,0.9000,0.9000,0.9000,,shipping
7075,3037,7760,20.0000,3.8500,3.8500,3.8500,3.8500,,product
7076,3037,,20.0000,0.9000,0.9000,0.9000,0.9000,,shipping
7077,3038,7762,20.0000,7.7900,7.7900,7.7900,7.7900,,product
7078,3038,,20.0000,0.9000,0.9000,0.9000,0.9000,,shipping
7079,3039,7764,20.0000,9.5000,9.5000,9.5000,9.5000,,product
7080,3039,,20.0000,0.9000,0.9000,0.9000,0.9000,,shipping
7081,3040,7766,20.0000,8.8800,8.8800,8.8800,8.8800,,product
7082,3040,7768,20.0000,9.7400,9.7400,9.7400,9.7400,,product
7083,3040,7770,20.0000,9.5300,9.5300,9.5300,9.5300,,product
7084,3040,7772,20.0000,1.6200,1.6200,1.6200,1.6200,,product
7085,3040,7774,20.0000,1.6200,1.6200,1.6200,1.6200,,product
7086,3040,7776,20.0000,8.8800,8.8800,8.8800,8.8800,,product
7087,3040,7778,20.0000,8.8800,8.8800,8.8800,8.8800,,product
7088,3040,,20.0000,0.0000,0.0000,0.0000,0.0000,,shipping
7089,3041,7780,20.0000,4.3300,4.3300,4.3300,4.3300,,product
7090,3041,,20.0000,0.0000,0.0000,0.0000,0.0000,,shipping
7091,3042,7782,20.0000,3.9900,3.9900,3.9900,3.9900,,product
7092,3042,,20.0000,0.9000,0.9000,0.9000,0.9000,,shipping
7093,3043,7784,20.0000,3.9900,3.9900,3.9900,3.9900,,product
7094,3043,,20.0000,0.9000,0.9000,0.9000,0.9000,,shipping
7095,3044,7786,20.0000,3.8000,3.8000,3.8000,3.8000,,product
7096,3044,,20.0000,0.9000,0.9000,0.9000,0.9000,,shipping
7097,3045,7788,20.0000,3.8500,3.8500,3.8500,3.8500,,product
7098,3045,,20.0000,0.9000,0.9000,0.9000,0.9000,,shipping
7099,3046,7790,20.0000,9.2000,9.2000,9.2000,9.2000,,product
7100,3046,7792,20.0000,9.2000,9.2000,9.2000,9.2000,,product
7101,3046,7794,20.0000,10.0700,10.0700,10.0700,10.0700,,product
7102,3046,7796,20.0000,10.0700,10.0700,10.0700,10.0700,,product
7103,3046,7798,20.0000,9.4200,9.4200,9.4200,9.4200,,product
7104,3046,7800,20.0000,9.4200,9.4200,9.4200,9.4200,,product
7105,3046,7802,20.0000,9.4200,9.4200,9.4200,9.4200,,product
7106,3046,7804,20.0000,5.3100,5.3100,5.3100,5.3100,,product
7107,3046,7806,20.0000,5.3000,5.3000,5.3000,5.3000,,product
7108,3046,7808,20.0000,5.3000,5.3000,5.3000,5.3000,,product
7109,3046,7810,20.0000,1.6200,1.6200,1.6200,1.6200,,product
7110,3046,,20.0000,0.0000,0.0000,0.0000,0.0000,,shipping
7111,3047,7812,20.0000,5.2200,5.2200,5.2200,5.2200,,product
7112,3047,,20.0000,0.9000,0.9000,0.9000,0.9000,,shipping
7113,3048,7814,20.0000,4.0800,4.0800,4.0800,4.0800,,product
7114,3048,,20.0000,0.9000,0.9000,0.9000,0.9000,,shipping
7115,3049,7816,20.0000,3.8000,3.8000,3.8000,3.8000,,product
7116,3049,,20.0000,0.9000,0.9000,0.9000,0.9000,,shipping
7117,3050,7818,20.0000,7.7900,7.7900,7.7900,7.7900,,product
7118,3050,,20.0000,0.9000,0.9000,0.9000,0.9000,,shipping
7119,3051,7820,20.0000,4.6500,4.6500,4.6500,4.6500,,product
7120,3051,,20.0000,0.9000,0.9000,0.9000,0.9000,,shipping
7121,3052,7822,20.0000,9.4200,9.4200,9.4200,9.4200,,product
7122,3052,,20.0000,0.0000,0.0000,0.0000,0.0000,,shipping
7123,3053,7824,20.0000,3.8000,3.8000,3.8000,3.8000,,product
7124,3053,,20.0000,0.9000,0.9000,0.9000,0.9000,,shipping
7125,3054,7826,20.0000,3.8000,3.8000,3.8000,3.8000,,product
7126,3054,,20.0000,0.9000,0.9000,0.9000,0.9000,,shipping
7127,3055,7828,20.0000,4.6500,4.6500,4.6500,4.6500,,product
7128,3055,,20.0000,0.9000,0.9000,0.9000,0.9000,,shipping
7129,3056,7830,20.0000,3.8000,3.8000,3.8000,3.8000,,product
7130,3056,7832,20.0000,3.8400,3.8400,3.8400,3.8400,,product
7131,3056,,20.0000,0.9000,0.9000,0.9000,0.9000,,shipping
7132,3057,7834,20.0000,3.8500,3.8500,3.8500,3.8500,,product
7133,3057,,20.0000,0.9000,0.9000,0.9000,0.9000,,shipping
7134,3058,7836,20.0000,3.8500,3.8500,3.8500,3.8500,,product
7135,3058,,20.0000,0.9000,0.9000,0.9000,0.9000,,shipping
7136,3059,7838,20.0000,3.8500,3.8500,3.8500,3.8500,,product
7137,3059,,20.0000,0.9000,0.9000,0.9000,0.9000,,shipping
7138,3060,7840,20.0000,9.2000,9.2000,9.2000,9.2000,,product
7139,3060,,20.0000,0.0000,0.0000,0.0000,0.0000,,shipping
7140,3061,7842,20.0000,9.4200,9.4200,9.4200,9.4200,,product
7141,3061,,20.0000,0.0000,0.0000,0.0000,0.0000,,shipping
7142,3062,7844,20.0000,8.2600,8.2600,8.2600,8.2600,,product
7143,3062,,20.0000,0.9000,0.9000,0.9000,0.9000,,shipping
7144,3063,7846,20.0000,3.8000,3.8000,3.8000,3.8000,,product
7145,3063,,20.0000,0.9000,0.9000,0.9000,0.9000,,shipping
7146,3064,7848,20.0000,9.7900,9.7900,9.7900,9.7900,,product
7147,3064,7850,20.0000,4.8900,4.8900,4.8900,4.8900,,product
7148,3064,7852,20.0000,4.9000,4.9000,4.9000,4.9000,,product
7149,3064,7854,20.0000,4.8900,4.8900,4.8900,4.8900,,product
7150,3064,7856,20.0000,4.8900,4.8900,4.8900,4.8900,,product
7151,3064,,20.0000,0.0000,0.0000,0.0000,0.0000,,shipping
7152,3065,7858,20.0000,3.8000,3.8000,3.8000,3.8000,,product
7153,3065,,20.0000,0.9000,0.9000,0.9000,0.9000,,shipping
7154,3066,7860,20.0000,5.2200,5.2200,5.2200,5.2200,,product
7155,3066,,20.0000,0.9000,0.9000,0.9000,0.9000,,shipping
7156,3067,7862,20.0000,3.8500,3.8500,3.8500,3.8500,,product
7157,3067,,20.0000,0.9000,0.9000,0.9000,0.9000,,shipping
7158,3068,7864,20.0000,8.8800,8.8800,8.8800,8.8800,,product
7159,3068,,20.0000,0.0000,0.0000,0.0000,0.0000,,shipping
7160,3069,7866,20.0000,3.8000,3.8000,3.8000,3.8000,,product
7161,3069,7868,20.0000,3.9800,3.9800,3.9800,3.9800,,product
7162,3069,,20.0000,0.9000,0.9000,0.9000,0.9000,,shipping
7163,3070,7870,20.0000,3.8000,3.8000,3.8000,3.8000,,product
7164,3070,,20.0000,0.9000,0.9000,0.9000,0.9000,,shipping
7165,3071,7872,20.0000,3.8000,3.8000,3.8000,3.8000,,product
7166,3071,,20.0000,0.9000,0.9000,0.9000,0.9000,,shipping
7167,3072,7874,20.0000,3.8000,3.8000,3.8000,3.8000,,product
7168,3072,,20.0000,0.9000,0.9000,0.9000,0.9000,,shipping
7169,3073,7876,20.0000,5.2200,5.2200,5.2200,5.2200,,product
7170,3073,,20.0000,0.9000,0.9000,0.9000,0.9000,,shipping
7171,3074,7878,20.0000,1.6200,1.6200,1.6200,1.6200,,product
7172,3074,7880,20.0000,1.6200,1.6200,1.6200,1.6200,,product
7173,3074,7882,20.0000,1.6200,1.6200,1.6200,1.6200,,product
7174,3074,7884,20.0000,1.6200,1.6200,1.6200,1.6200,,product
7175,3074,,20.0000,0.0000,0.0000,0.0000,0.0000,,shipping
7176,3075,7886,20.0000,9.7400,9.7400,9.7400,9.7400,,product
7177,3075,,20.0000,0.0000,0.0000,0.0000,0.0000,,shipping
7178,3076,7888,20.0000,7.7900,7.7900,7.7900,7.7900,,product
7179,3076,7890,20.0000,7.7800,7.7800,7.7800,7.7800,,product
7180,3076,,20.0000,0.9000,0.9000,0.9000,0.9000,,shipping
7181,3077,7892,20.0000,3.8500,3.8500,3.8500,3.8500,,product
7182,3077,,20.0000,0.9000,0.9000,0.9000,0.9000,,shipping
7183,3078,7894,20.0000,9.2000,9.2000,9.2000,9.2000,,product
7184,3078,7896,20.0000,5.9500,5.9500,5.9500,5.9500,,product
7185,3078,7898,20.0000,4.3300,4.3300,4.3300,4.3300,,product
7186,3078,7900,20.0000,9.4200,9.4200,9.4200,9.4200,,product
7187,3078,7902,20.0000,9.7500,9.7500,9.7500,9.7500,,product
7188,3078,,20.0000,0.0000,0.0000,0.0000,0.0000,,shipping
7189,3079,7904,20.0000,9.5000,9.5000,9.5000,9.5000,,product
7190,3079,,20.0000,0.9000,0.9000,0.9000,0.9000,,shipping
7191,3080,7906,20.0000,3.8500,3.8500,3.8500,3.8500,,product
7192,3080,,20.0000,0.9000,0.9000,0.9000,0.9000,,shipping
7193,3081,7908,20.0000,3.8500,3.8500,3.8500,3.8500,,product
7194,3081,,20.0000,0.9000,0.9000,0.9000,0.9000,,shipping
7195,3082,7910,20.0000,4.0800,4.0800,4.0800,4.0800,,product
7196,3082,,20.0000,0.9000,0.9000,0.9000,0.9000,,shipping
7197,3083,7912,20.0000,8.0700,8.0700,8.0700,8.0700,,product
7198,3083,,20.0000,0.9000,0.9000,0.9000,0.9000,,shipping
7199,3084,7914,20.0000,3.8500,3.8500,3.8500,3.8500,,product
7200,3084,,20.0000,0.9000,0.9000,0.9000,0.9000,,shipping
7201,3085,7916,20.0000,10.2900,10.2900,10.2900,10.2900,,product
7202,3085,7918,20.0000,10.2800,10.2800,10.2800,10.2800,,product
7203,3085,7920,20.0000,10.5000,10.5000,10.5000,10.5000,,product
7204,3085,7922,20.0000,10.5100,10.5100,10.5100,10.5100,,product
7205,3085,,20.0000,0.0000,0.0000,0.0000,0.0000,,shipping
7206,3086,7924,20.0000,7.7900,7.7900,7.7900,7.7900,,product
7207,3086,7926,20.0000,8.0700,8.0700,8.0700,8.0700,,product
7208,3086,,20.0000,0.9000,0.9000,0.9000,0.9000,,shipping
7209,3087,7928,20.0000,3.8000,3.8000,3.8000,3.8000,,product
7210,3087,,20.0000,0.9000,0.9000,0.9000,0.9000,,shipping
7211,3088,7930,20.0000,9.5000,9.5000,9.5000,9.5000,,product
7212,3088,,20.0000,0.9000,0.9000,0.9000,0.9000,,shipping
7213,3089,7932,20.0000,3.9900,3.9900,3.9900,3.9900,,product
7214,3089,,20.0000,0.9000,0.9000,0.9000,0.9000,,shipping
7215,3090,7934,20.0000,10.4400,10.4400,10.4400,10.4400,,product
7216,3090,,20.0000,0.9000,0.9000,0.9000,0.9000,,shipping
7217,3091,7936,20.0000,3.8000,3.8000,3.8000,3.8000,,product
7218,3091,,20.0000,0.9000,0.9000,0.9000,0.9000,,shipping
7219,3092,7938,20.0000,3.8500,3.8500,3.8500,3.8500,,product
7220,3092,,20.0000,0.9000,0.9000,0.9000,0.9000,,shipping
7221,3093,7940,20.0000,8.0700,8.0700,8.0700,8.0700,,product
7222,3093,,20.0000,0.9000,0.9000,0.9000,0.9000,,shipping
7223,3094,7942,20.0000,1.4000,1.4000,1.4000,1.4000,,product
7224,3094,,20.0000,0.6600,0.6600,0.6600,0.6600,,shipping
7225,3095,7944,20.0000,4.8600,4.8600,4.8600,4.8600,,product
7226,3095,7946,20.0000,1.6200,1.6200,1.6200,1.6200,,product
7227,3095,,20.0000,0.0000,0.0000,0.0000,0.0000,,shipping
7228,3096,7948,20.0000,4.6500,4.6500,4.6500,4.6500,,product
7229,3096,,20.0000,0.9000,0.9000,0.9000,0.9000,,shipping
7230,3097,7950,20.0000,8.6600,8.6600,8.6600,8.6600,,product
7231,3097,7952,20.0000,10.0700,10.0700,10.0700,10.0700,,product
7232,3097,,20.0000,0.0000,0.0000,0.0000,0.0000,,shipping
7233,3098,7954,20.0000,0.0000,0.0000,0.0000,0.0000,,product
7234,3098,7955,20.0000,10.0700,10.0700,10.0700,10.0700,,product
7235,3098,7957,20.0000,4.3300,4.3300,4.3300,4.3300,,product
7236,3098,,20.0000,3.0000,3.0000,3.0000,3.0000,,shipping
7237,3099,7959,20.0000,1.4000,1.4000,1.4000,1.4000,,product
7238,3099,7961,20.0000,2.8100,2.8100,2.8100,2.8100,,product
7239,3099,7963,20.0000,1.4000,1.4000,1.4000,1.4000,,product
7240,3099,7965,20.0000,1.6200,1.6200,1.6200,1.6200,,product
7241,3099,7967,20.0000,1.6200,1.6200,1.6200,1.6200,,product
7242,3099,7969,20.0000,2.8000,2.8000,2.8000,2.8000,,product
7243,3099,,20.0000,0.0000,0.0000,0.0000,0.0000,,shipping
7244,3100,7971,20.0000,3.9900,3.9900,3.9900,3.9900,,product
7245,3100,,20.0000,0.9000,0.9000,0.9000,0.9000,,shipping
7246,3101,7973,20.0000,3.9900,3.9900,3.9900,3.9900,,product
7247,3101,,20.0000,0.9000,0.9000,0.9000,0.9000,,shipping
7248,3102,7975,20.0000,3.8000,3.8000,3.8000,3.8000,,product
7249,3102,,20.0000,0.9000,0.9000,0.9000,0.9000,,shipping
7250,3103,7977,20.0000,3.9900,3.9900,3.9900,3.9900,,product
7251,3103,,20.0000,0.9000,0.9000,0.9000,0.9000,,shipping
7252,3104,7979,20.0000,9.5000,9.5000,9.5000,9.5000,,product
7253,3104,7981,20.0000,8.0700,8.0700,8.0700,8.0700,,product
7254,3104,,20.0000,0.9000,0.9000,0.9000,0.9000,,shipping
7255,3105,7983,20.0000,3.8000,3.8000,3.8000,3.8000,,product
7256,3105,,20.0000,0.9000,0.9000,0.9000,0.9000,,shipping
7257,3106,7985,20.0000,3.8000,3.8000,3.8000,3.8000,,product
7258,3106,,20.0000,0.9000,0.9000,0.9000,0.9000,,shipping
7259,3107,7987,20.0000,3.8500,3.8500,3.8500,3.8500,,product
7260,3107,,20.0000,0.9000,0.9000,0.9000,0.9000,,shipping
7261,3108,7989,20.0000,3.8500,3.8500,3.8500,3.8500,,product
7262,3108,,20.0000,0.9000,0.9000,0.9000,0.9000,,shipping
7263,3109,7991,20.0000,3.8000,3.8000,3.8000,3.8000,,product
7264,3109,,20.0000,0.9000,0.9000,0.9000,0.9000,,shipping
7265,3110,7993,20.0000,5.9500,5.9500,5.9500,5.9500,,product
7266,3110,7995,20.0000,10.0700,10.0700,10.0700,10.0700,,product
7267,3110,7997,20.0000,10.0700,10.0700,10.0700,10.0700,,product
7268,3110,7999,20.0000,9.4200,9.4200,9.4200,9.4200,,product
7269,3110,8001,20.0000,9.4200,9.4200,9.4200,9.4200,,product
7270,3110,8003,20.0000,10.5000,10.5000,10.5000,10.5000,,product
7271,3110,8005,20.0000,7.5000,7.5000,7.5000,7.5000,,product
7272,3110,,20.0000,0.0000,0.0000,0.0000,0.0000,,shipping
7273,3111,8007,20.0000,16.5200,16.5200,16.5200,16.5200,,product
7274,3111,,20.0000,0.9000,0.9000,0.9000,0.9000,,shipping
7275,3112,8009,20.0000,3.8500,3.8500,3.8500,3.8500,,product
7276,3112,,20.0000,0.9000,0.9000,0.9000,0.9000,,shipping
7277,3113,8011,20.0000,4.0800,4.0800,4.0800,4.0800,,product
7278,3113,,20.0000,0.9000,0.9000,0.9000,0.9000,,shipping
7279,3114,8013,20.0000,5.2200,5.2200,5.2200,5.2200,,product
7280,3114,,20.0000,0.9000,0.9000,0.9000,0.9000,,shipping
7281,3115,8015,20.0000,3.9900,3.9900,3.9900,3.9900,,product
7282,3115,8017,20.0000,3.7900,3.7900,3.7900,3.7900,,product
7283,3115,,20.0000,0.9000,0.9000,0.9000,0.9000,,shipping
7284,3116,8019,20.0000,3.8000,3.8000,3.8000,3.8000,,product
7285,3116,,20.0000,0.9000,0.9000,0.9000,0.9000,,shipping
7286,3117,8021,20.0000,8.2600,8.2600,8.2600,8.2600,,product
7287,3117,,20.0000,0.9000,0.9000,0.9000,0.9000,,shipping
7288,3118,8023,20.0000,3.8500,3.8500,3.8500,3.8500,,product
7289,3118,,20.0000,0.9000,0.9000,0.9000,0.9000,,shipping
7290,3119,8025,20.0000,3.8500,3.8500,3.8500,3.8500,,product
7291,3119,,20.0000,0.9000,0.9000,0.9000,0.9000,,shipping
7292,3120,8027,20.0000,3.9900,3.9900,3.9900,3.9900,,product
7293,3120,,20.0000,0.9000,0.9000,0.9000,0.9000,,shipping
7294,3121,8029,20.0000,3.8500,3.8500,3.8500,3.8500,,product
7295,3121,,20.0000,0.9000,0.9000,0.9000,0.9000,,shipping
7296,3122,8031,20.0000,3.8000,3.8000,3.8000,3.8000,,product
7297,3122,8033,20.0000,5.2200,5.2200,5.2200,5.2200,,product
7298,3122,,20.0000,0.9000,0.9000,0.9000,0.9000,,shipping
7299,3123,8035,20.0000,3.8500,3.8500,3.8500,3.8500,,product
7300,3123,,20.0000,0.9000,0.9000,0.9000,0.9000,,shipping
7301,3124,8037,20.0000,3.8500,3.8500,3.8500,3.8500,,product
7302,3124,,20.0000,0.9000,0.9000,0.9000,0.9000,,shipping
7303,3125,8039,20.0000,5.2200,5.2200,5.2200,5.2200,,product
7304,3125,,20.0000,0.9000,0.9000,0.9000,0.9000,,shipping
7305,3126,8041,20.0000,3.8000,3.8000,3.8000,3.8000,,product
7306,3126,,20.0000,0.9000,0.9000,0.9000,0.9000,,shipping
7307,3127,8043,20.0000,3.8500,3.8500,3.8500,3.8500,,product
7308,3127,,20.0000,0.9000,0.9000,0.9000,0.9000,,shipping
7309,3128,8045,20.0000,7.7900,7.7900,7.7900,7.7900,,product
7310,3128,,20.0000,0.9000,0.9000,0.9000,0.9000,,shipping
7311,3129,8047,20.0000,3.8500,3.8500,3.8500,3.8500,,product
7312,3129,,20.0000,0.9000,0.9000,0.9000,0.9000,,shipping
7313,3130,8049,20.0000,3.8500,3.8500,3.8500,3.8500,,product
7314,3130,,20.0000,0.9000,0.9000,0.9000,0.9000,,shipping
7315,3131,8051,20.0000,7.7900,7.7900,7.7900,7.7900,,product
7316,3131,,20.0000,0.9000,0.9000,0.9000,0.9000,,shipping
7317,3132,8053,20.0000,5.3000,5.3000,5.3000,5.3000,,product
7318,3132,,20.0000,0.0000,0.0000,0.0000,0.0000,,shipping
7319,3133,8055,20.0000,4.0800,4.0800,4.0800,4.0800,,product
7320,3133,,20.0000,0.9000,0.9000,0.9000,0.9000,,shipping
7321,3134,8057,20.0000,5.2200,5.2200,5.2200,5.2200,,product
7322,3134,,20.0000,0.9000,0.9000,0.9000,0.9000,,shipping
7323,3135,8059,20.0000,3.8500,3.8500,3.8500,3.8500,,product
7324,3135,,20.0000,0.9000,0.9000,0.9000,0.9000,,shipping
7325,3136,8061,20.0000,3.8000,3.8000,3.8000,3.8000,,product
7326,3136,,20.0000,0.9000,0.9000,0.9000,0.9000,,shipping
7327,3137,8063,20.0000,5.2200,5.2200,5.2200,5.2200,,product
7328,3137,,20.0000,0.9000,0.9000,0.9000,0.9000,,shipping
7329,3138,8065,20.0000,3.8000,3.8000,3.8000,3.8000,,product
7330,3138,,20.0000,0.9000,0.9000,0.9000,0.9000,,shipping
7331,3139,8067,20.0000,3.8000,3.8000,3.8000,3.8000,,product
7332,3139,,20.0000,0.9000,0.9000,0.9000,0.9000,,shipping
7333,3140,8069,20.0000,1.4300,1.4300,1.4300,1.4300,,product
7334,3140,,20.0000,0.6600,0.6600,0.6600,0.6600,,shipping
7335,3141,8071,20.0000,3.8500,3.8500,3.8500,3.8500,,product
7336,3141,,20.0000,0.9000,0.9000,0.9000,0.9000,,shipping
7337,3142,8073,20.0000,1.6200,1.6200,1.6200,1.6200,,product
7338,3142,8075,20.0000,1.6200,1.6200,1.6200,1.6200,,product
7339,3142,8077,20.0000,1.6200,1.6200,1.6200,1.6200,,product
7340,3142,8079,20.0000,10.0700,10.0700,10.0700,10.0700,,product
7341,3142,,20.0000,0.0000,0.0000,0.0000,0.0000,,shipping
7342,3143,8081,20.0000,3.8500,3.8500,3.8500,3.8500,,product
7343,3143,,20.0000,0.9000,0.9000,0.9000,0.9000,,shipping
7344,3144,8083,20.0000,5.2200,5.2200,5.2200,5.2200,,product
7345,3144,,20.0000,0.9000,0.9000,0.9000,0.9000,,shipping
7346,3145,8085,20.0000,8.0700,8.0700,8.0700,8.0700,,product
7347,3145,,20.0000,0.9000,0.9000,0.9000,0.9000,,shipping
7348,3146,8087,20.0000,3.8500,3.8500,3.8500,3.8500,,product
7349,3146,,20.0000,0.9000,0.9000,0.9000,0.9000,,shipping
7350,3147,8089,20.0000,3.8000,3.8000,3.8000,3.8000,,product
7351,3147,,20.0000,0.9000,0.9000,0.9000,0.9000,,shipping
7352,3148,8091,20.0000,4.6500,4.6500,4.6500,4.6500,,product
7353,3148,,20.0000,0.9000,0.9000,0.9000,0.9000,,shipping
7354,3149,8093,20.0000,3.8000,3.8000,3.8000,3.8000,,product
7355,3149,,20.0000,0.9000,0.9000,0.9000,0.9000,,shipping
7356,3150,8095,20.0000,3.8000,3.8000,3.8000,3.8000,,product
7357,3150,,20.0000,0.9000,0.9000,0.9000,0.9000,,shipping
7358,3151,8097,20.0000,5.2200,5.2200,5.2200,5.2200,,product
7359,3151,,20.0000,0.9000,0.9000,0.9000,0.9000,,shipping
7360,3152,8099,20.0000,3.8500,3.8500,3.8500,3.8500,,product
7361,3152,,20.0000,0.9000,0.9000,0.9000,0.9000,,shipping
7362,3153,8101,20.0000,3.8500,3.8500,3.8500,3.8500,,product
7363,3153,,20.0000,0.9000,0.9000,0.9000,0.9000,,shipping
7364,3154,8103,20.0000,1.6200,1.6200,1.6200,1.6200,,product
7365,3154,8105,20.0000,1.6200,1.6200,1.6200,1.6200,,product
7366,3154,,20.0000,0.6600,0.6600,0.6600,0.6600,,shipping
7367,3155,8107,20.0000,3.8500,3.8500,3.8500,3.8500,,product
7368,3155,8109,20.0000,3.8500,3.8500,3.8500,3.8500,,product
7369,3155,,20.0000,0.9000,0.9000,0.9000,0.9000,,shipping
7370,3156,8111,20.0000,3.8000,3.8000,3.8000,3.8000,,product
7371,3156,,20.0000,0.9000,0.9000,0.9000,0.9000,,shipping
7372,3157,8113,20.0000,3.8000,3.8000,3.8000,3.8000,,product
7373,3157,,20.0000,0.9000,0.9000,0.9000,0.9000,,shipping
7374,3158,8115,20.0000,8.0700,8.0700,8.0700,8.0700,,product
7375,3158,,20.0000,0.9000,0.9000,0.9000,0.9000,,shipping
7376,3159,8117,20.0000,4.0800,4.0800,4.0800,4.0800,,product
7377,3159,,20.0000,0.9000,0.9000,0.9000,0.9000,,shipping
7378,3160,8119,20.0000,4.0800,4.0800,4.0800,4.0800,,product
7379,3160,,20.0000,0.9000,0.9000,0.9000,0.9000,,shipping
7380,3161,8121,20.0000,3.8000,3.8000,3.8000,3.8000,,product
7381,3161,,20.0000,0.9000,0.9000,0.9000,0.9000,,shipping
7382,3162,8123,20.0000,3.8500,3.8500,3.8500,3.8500,,product
7383,3162,,20.0000,0.9000,0.9000,0.9000,0.9000,,shipping
7384,3163,8125,20.0000,3.8500,3.8500,3.8500,3.8500,,product
7385,3163,,20.0000,0.9000,0.9000,0.9000,0.9000,,shipping
7386,3164,8127,20.0000,3.8500,3.8500,3.8500,3.8500,,product
7387,3164,,20.0000,0.9000,0.9000,0.9000,0.9000,,shipping
7388,3165,8129,20.0000,3.8500,3.8500,3.8500,3.8500,,product
7389,3165,,20.0000,0.9000,0.9000,0.9000,0.9000,,shipping
7390,3166,8131,20.0000,9.4200,9.4200,9.4200,9.4200,,product
7391,3166,8133,20.0000,9.7400,9.7400,9.7400,9.7400,,product
7392,3166,8135,20.0000,9.7500,9.7500,9.7500,9.7500,,product
7393,3166,8137,20.0000,9.7400,9.7400,9.7400,9.7400,,product
7394,3166,8139,20.0000,9.7500,9.7500,9.7500,9.7500,,product
7395,3166,8141,20.0000,10.2800,10.2800,10.2800,10.2800,,product
7396,3166,8143,20.0000,10.0700,10.0700,10.0700,10.0700,,product
7397,3166,,20.0000,0.0000,0.0000,0.0000,0.0000,,shipping
7398,3167,8145,20.0000,3.8500,3.8500,3.8500,3.8500,,product
7399,3167,8147,20.0000,5.2200,5.2200,5.2200,5.2200,,product
7400,3167,,20.0000,0.9000,0.9000,0.9000,0.9000,,shipping
7401,3168,8149,20.0000,3.9900,3.9900,3.9900,3.9900,,product
7402,3168,,20.0000,0.9000,0.9000,0.9000,0.9000,,shipping
7403,3169,8151,20.0000,9.2000,9.2000,9.2000,9.2000,,product
7404,3169,8153,20.0000,9.7500,9.7500,9.7500,9.7500,,product
7405,3169,8155,20.0000,1.4300,1.4300,1.4300,1.4300,,product
7406,3169,8157,20.0000,1.4300,1.4300,1.4300,1.4300,,product
7407,3169,8159,20.0000,10.0700,10.0700,10.0700,10.0700,,product
7408,3169,,20.0000,3.0000,3.0000,3.0000,3.0000,,shipping
7409,3170,8161,20.0000,3.8500,3.8500,3.8500,3.8500,,product
7410,3170,,20.0000,0.9000,0.9000,0.9000,0.9000,,shipping
7411,3171,8163,20.0000,3.8500,3.8500,3.8500,3.8500,,product
7412,3171,,20.0000,0.9000,0.9000,0.9000,0.9000,,shipping
7413,3172,8165,20.0000,5.2200,5.2200,5.2200,5.2200,,product
7414,3172,,20.0000,0.9000,0.9000,0.9000,0.9000,,shipping
7415,3173,8167,20.0000,3.8000,3.8000,3.8000,3.8000,,product
7416,3173,,20.0000,0.9000,0.9000,0.9000,0.9000,,shipping
7417,3174,8169,20.0000,5.2200,5.2200,5.2200,5.2200,,product
7418,3174,,20.0000,0.9000,0.9000,0.9000,0.9000,,shipping
7419,3175,8171,20.0000,3.8500,3.8500,3.8500,3.8500,,product
7420,3175,8173,20.0000,3.8500,3.8500,3.8500,3.8500,,product
7421,3175,8175,20.0000,3.7900,3.7900,3.7900,3.7900,,product
7422,3175,8177,20.0000,3.8000,3.8000,3.8000,3.8000,,product
7423,3175,,20.0000,0.9000,0.9000,0.9000,0.9000,,shipping
7424,3176,8179,20.0000,3.9900,3.9900,3.9900,3.9900,,product
7425,3176,,20.0000,0.9000,0.9000,0.9000,0.9000,,shipping
7426,3177,8181,20.0000,3.9900,3.9900,3.9900,3.9900,,product
7427,3177,,20.0000,0.9000,0.9000,0.9000,0.9000,,shipping
7428,3178,8183,20.0000,5.7200,5.7200,5.7200,5.7200,,product
7429,3178,,20.0000,0.0000,0.0000,0.0000,0.0000,,shipping
7430,3179,8185,20.0000,3.8000,3.8000,3.8000,3.8000,,product
7431,3179,8187,20.0000,3.8400,3.8400,3.8400,3.8400,,product
7432,3179,,20.0000,0.9000,0.9000,0.9000,0.9000,,shipping
7433,3180,8189,20.0000,3.8000,3.8000,3.8000,3.8000,,product
7434,3180,,20.0000,0.9000,0.9000,0.9000,0.9000,,shipping
7435,3181,8191,20.0000,5.3000,5.3000,5.3000,5.3000,,product
7436,3181,,20.0000,0.0000,0.0000,0.0000,0.0000,,shipping
7437,3182,8193,20.0000,5.3000,5.3000,5.3000,5.3000,,product
7438,3182,8195,20.0000,5.3000,5.3000,5.3000,5.3000,,product
7439,3182,,20.0000,0.0000,0.0000,0.0000,0.0000,,shipping
7440,3183,8197,20.0000,8.8800,8.8800,8.8800,8.8800,,product
7441,3183,,20.0000,0.0000,0.0000,0.0000,0.0000,,shipping
7442,3184,8199,20.0000,4.0800,4.0800,4.0800,4.0800,,product
7443,3184,,20.0000,0.9000,0.9000,0.9000,0.9000,,shipping
7444,3185,8201,20.0000,3.8500,3.8500,3.8500,3.8500,,product
7445,3185,,20.0000,0.9000,0.9000,0.9000,0.9000,,shipping
7446,3186,8203,20.0000,3.8500,3.8500,3.8500,3.8500,,product
7447,3186,,20.0000,0.9000,0.9000,0.9000,0.9000,,shipping
7448,3187,8205,20.0000,4.0800,4.0800,4.0800,4.0800,,product
7449,3187,,20.0000,0.9000,0.9000,0.9000,0.9000,,shipping
7450,3188,8207,20.0000,5.2200,5.2200,5.2200,5.2200,,product
7451,3188,,20.0000,0.9000,0.9000,0.9000,0.9000,,shipping
7452,3189,8209,20.0000,4.0800,4.0800,4.0800,4.0800,,product
7453,3189,,20.0000,0.9000,0.9000,0.9000,0.9000,,shipping
7454,3190,8211,20.0000,3.8500,3.8500,3.8500,3.8500,,product
7455,3190,,20.0000,0.9000,0.9000,0.9000,0.9000,,shipping
7456,3191,8213,20.0000,5.2200,5.2200,5.2200,5.2200,,product
7457,3191,,20.0000,0.9000,0.9000,0.9000,0.9000,,shipping
7458,3192,8215,20.0000,3.8500,3.8500,3.8500,3.8500,,product
7459,3192,,20.0000,0.9000,0.9000,0.9000,0.9000,,shipping
7460,3193,8217,20.0000,3.8500,3.8500,3.8500,3.8500,,product
7461,3193,,20.0000,0.9000,0.9000,0.9000,0.9000,,shipping
7462,3194,8219,20.0000,8.0700,8.0700,8.0700,8.0700,,product
7463,3194,,20.0000,0.9000,0.9000,0.9000,0.9000,,shipping
7464,3195,8221,20.0000,4.0800,4.0800,4.0800,4.0800,,product
7465,3195,,20.0000,0.9000,0.9000,0.9000,0.9000,,shipping
7466,3196,8223,20.0000,4.0800,4.0800,4.0800,4.0800,,product
7467,3196,,20.0000,0.9000,0.9000,0.9000,0.9000,,shipping
7468,3197,8225,20.0000,4.0800,4.0800,4.0800,4.0800,,product
7469,3197,,20.0000,0.9000,0.9000,0.9000,0.9000,,shipping
7470,3198,8227,20.0000,3.8500,3.8500,3.8500,3.8500,,product
7471,3198,8229,20.0000,3.9800,3.9800,3.9800,3.9800,,product
7472,3198,,20.0000,0.9000,0.9000,0.9000,0.9000,,shipping
7473,3199,8231,20.0000,4.6500,4.6500,4.6500,4.6500,,product
7474,3199,,20.0000,0.9000,0.9000,0.9000,0.9000,,shipping
7475,3200,8233,20.0000,3.9900,3.9900,3.9900,3.9900,,product
7476,3200,,20.0000,0.9000,0.9000,0.9000,0.9000,,shipping
7477,3201,8235,20.0000,8.2600,8.2600,8.2600,8.2600,,product
7478,3201,,20.0000,0.9000,0.9000,0.9000,0.9000,,shipping
7479,3202,8237,20.0000,3.8500,3.8500,3.8500,3.8500,,product
7480,3202,,20.0000,0.9000,0.9000,0.9000,0.9000,,shipping
7481,3203,8239,20.0000,9.7400,9.7400,9.7400,9.7400,,product
7482,3203,8241,20.0000,5.3100,5.3100,5.3100,5.3100,,product
7483,3203,8243,20.0000,5.3000,5.3000,5.3000,5.3000,,product
7484,3203,,20.0000,0.0000,0.0000,0.0000,0.0000,,shipping
7485,3204,8245,20.0000,3.8000,3.8000,3.8000,3.8000,,product
7486,3204,,20.0000,0.9000,0.9000,0.9000,0.9000,,shipping
7487,3205,8247,20.0000,3.8500,3.8500,3.8500,3.8500,,product
7488,3205,,20.0000,0.9000,0.9000,0.9000,0.9000,,shipping
7489,3206,8249,20.0000,3.8500,3.8500,3.8500,3.8500,,product
7490,3206,,20.0000,0.9000,0.9000,0.9000,0.9000,,shipping
7491,3207,8251,20.0000,4.0800,4.0800,4.0800,4.0800,,product
7492,3207,,20.0000,0.9000,0.9000,0.9000,0.9000,,shipping
7493,3208,8253,20.0000,4.3300,4.3300,4.3300,4.3300,,product
7494,3208,,20.0000,0.0000,0.0000,0.0000,0.0000,,shipping
7495,3209,8255,20.0000,1.6200,1.6200,1.6200,1.6200,,product
7496,3209,8257,20.0000,1.6200,1.6200,1.6200,1.6200,,product
7497,3209,8259,20.0000,1.6200,1.6200,1.6200,1.6200,,product
7498,3209,8261,20.0000,1.6200,1.6200,1.6200,1.6200,,product
7499,3209,,20.0000,0.0000,0.0000,0.0000,0.0000,,shipping
7500,3210,8263,20.0000,10.0700,10.0700,10.0700,10.0700,,product
7501,3210,,20.0000,0.0000,0.0000,0.0000,0.0000,,shipping
7502,3211,8265,20.0000,7.7900,7.7900,7.7900,7.7900,,product
7503,3211,8267,20.0000,7.7800,7.7800,7.7800,7.7800,,product
7504,3211,,20.0000,0.9000,0.9000,0.9000,0.9000,,shipping
7505,3212,8269,20.0000,7.7900,7.7900,7.7900,7.7900,,product
7506,3212,8271,20.0000,3.7900,3.7900,3.7900,3.7900,,product
7507,3212,,20.0000,0.9000,0.9000,0.9000,0.9000,,shipping
7508,3213,8273,20.0000,3.8500,3.8500,3.8500,3.8500,,product
7509,3213,,20.0000,0.9000,0.9000,0.9000,0.9000,,shipping
7510,3214,8275,20.0000,3.9900,3.9900,3.9900,3.9900,,product
7511,3214,,20.0000,0.9000,0.9000,0.9000,0.9000,,shipping
7512,3215,8277,20.0000,4.8600,4.8600,4.8600,4.8600,,product
7513,3215,,20.0000,0.6600,0.6600,0.6600,0.6600,,shipping
7514,3216,8279,20.0000,3.9900,3.9900,3.9900,3.9900,,product
7515,3216,,20.0000,0.9000,0.9000,0.9000,0.9000,,shipping
7516,3217,8281,20.0000,9.5000,9.5000,9.5000,9.5000,,product
7517,3217,,20.0000,0.9000,0.9000,0.9000,0.9000,,shipping
7518,3218,8283,20.0000,8.5500,8.5500,8.5500,8.5500,,product
7519,3218,,20.0000,0.9000,0.9000,0.9000,0.9000,,shipping
7520,3219,8285,20.0000,10.8300,10.8300,10.8300,10.8300,,product
7521,3219,8287,20.0000,1.6200,1.6200,1.6200,1.6200,,product
7522,3219,,20.0000,0.0000,0.0000,0.0000,0.0000,,shipping
7523,3220,8289,20.0000,3.8500,3.8500,3.8500,3.8500,,product
7524,3220,,20.0000,0.9000,0.9000,0.9000,0.9000,,shipping
7525,3221,8291,20.0000,7.7900,7.7900,7.7900,7.7900,,product
7526,3221,,20.0000,0.9000,0.9000,0.9000,0.9000,,shipping
7527,3222,8293,20.0000,5.2200,5.2200,5.2200,5.2200,,product
7528,3222,,20.0000,0.9000,0.9000,0.9000,0.9000,,shipping
7529,3223,8295,20.0000,5.2200,5.2200,5.2200,5.2200,,product
7530,3223,,20.0000,0.9000,0.9000,0.9000,0.9000,,shipping
7531,3224,8297,20.0000,4.0800,4.0800,4.0800,4.0800,,product
7532,3224,8299,20.0000,4.0800,4.0800,4.0800,4.0800,,product
7533,3224,,20.0000,0.9000,0.9000,0.9000,0.9000,,shipping
7534,3225,8301,20.0000,3.8500,3.8500,3.8500,3.8500,,product
7535,3225,,20.0000,0.9000,0.9000,0.9000,0.9000,,shipping
7536,3226,8303,20.0000,10.8300,10.8300,10.8300,10.8300,,product
7537,3226,,20.0000,0.0000,0.0000,0.0000,0.0000,,shipping
7538,3227,8305,20.0000,9.7400,9.7400,9.7400,9.7400,,product
7539,3227,,20.0000,0.0000,0.0000,0.0000,0.0000,,shipping
7540,3228,8307,20.0000,5.3000,5.3000,5.3000,5.3000,,product
7541,3228,,20.0000,0.0000,0.0000,0.0000,0.0000,,shipping
7542,3229,8309,20.0000,3.8500,3.8500,3.8500,3.8500,,product
7543,3229,,20.0000,0.9000,0.9000,0.9000,0.9000,,shipping
7544,3230,8311,20.0000,3.8000,3.8000,3.8000,3.8000,,product
7545,3230,,20.0000,0.9000,0.9000,0.9000,0.9000,,shipping
7546,3231,8313,20.0000,3.8000,3.8000,3.8000,3.8000,,product
7547,3231,,20.0000,0.9000,0.9000,0.9000,0.9000,,shipping
7548,3232,8315,20.0000,3.8500,3.8500,3.8500,3.8500,,product
7549,3232,,20.0000,0.9000,0.9000,0.9000,0.9000,,shipping
7550,3233,8317,20.0000,7.7900,7.7900,7.7900,7.7900,,product
7551,3233,,20.0000,0.9000,0.9000,0.9000,0.9000,,shipping
7552,3234,8319,20.0000,3.8500,3.8500,3.8500,3.8500,,product
7553,3234,,20.0000,0.9000,0.9000,0.9000,0.9000,,shipping
7554,3235,8321,20.0000,8.0700,8.0700,8.0700,8.0700,,product
7555,3235,,20.0000,0.9000,0.9000,0.9000,0.9000,,shipping
7556,3236,8323,20.0000,3.8500,3.8500,3.8500,3.8500,,product
7557,3236,,20.0000,0.9000,0.9000,0.9000,0.9000,,shipping
7558,3237,8325,20.0000,9.5000,9.5000,9.5000,9.5000,,product
7559,3237,,20.0000,0.9000,0.9000,0.9000,0.9000,,shipping
7560,3238,8327,20.0000,3.8500,3.8500,3.8500,3.8500,,product
7561,3238,,20.0000,0.9000,0.9000,0.9000,0.9000,,shipping
7562,3239,8329,20.0000,4.0800,4.0800,4.0800,4.0800,,product
7563,3239,,20.0000,0.9000,0.9000,0.9000,0.9000,,shipping
7564,3240,8331,20.0000,9.7400,9.7400,9.7400,9.7400,,product
7565,3240,,20.0000,0.0000,0.0000,0.0000,0.0000,,shipping
7566,3241,8333,20.0000,8.8300,8.8300,8.8300,8.8300,,product
7567,3241,,20.0000,0.9000,0.9000,0.9000,0.9000,,shipping
7568,3242,8335,20.0000,3.8500,3.8500,3.8500,3.8500,,product
7569,3242,,20.0000,0.9000,0.9000,0.9000,0.9000,,shipping
7570,3243,8337,20.0000,3.8000,3.8000,3.8000,3.8000,,product
7571,3243,,20.0000,0.9000,0.9000,0.9000,0.9000,,shipping
7572,3244,8339,20.0000,8.5500,8.5500,8.5500,8.5500,,product
7573,3244,,20.0000,0.9000,0.9000,0.9000,0.9000,,shipping
7574,3245,8341,20.0000,3.8000,3.8000,3.8000,3.8000,,product
7575,3245,,20.0000,0.9000,0.9000,0.9000,0.9000,,shipping
7576,3246,8343,20.0000,3.8500,3.8500,3.8500,3.8500,,product
7577,3246,,20.0000,0.9000,0.9000,0.9000,0.9000,,shipping
7578,3247,8345,20.0000,3.8500,3.8500,3.8500,3.8500,,product
7579,3247,,20.0000,0.9000,0.9000,0.9000,0.9000,,shipping
7580,3248,8347,20.0000,3.8500,3.8500,3.8500,3.8500,,product
7581,3248,,20.0000,0.9000,0.9000,0.9000,0.9000,,shipping
7582,3249,8349,20.0000,10.2900,10.2900,10.2900,10.2900,,product
7583,3249,,20.0000,0.0000,0.0000,0.0000,0.0000,,shipping
7584,3250,8351,20.0000,3.8000,3.8000,3.8000,3.8000,,product
7585,3250,,20.0000,0.9000,0.9000,0.9000,0.9000,,shipping
7586,3251,8353,20.0000,3.8000,3.8000,3.8000,3.8000,,product
7587,3251,,20.0000,0.9000,0.9000,0.9000,0.9000,,shipping
7588,3252,8355,20.0000,3.8000,3.8000,3.8000,3.8000,,product
7589,3252,,20.0000,0.9000,0.9000,0.9000,0.9000,,shipping
7590,3253,8357,20.0000,3.8500,3.8500,3.8500,3.8500,,product
7591,3253,,20.0000,0.9000,0.9000,0.9000,0.9000,,shipping
7592,3254,8359,20.0000,3.8500,3.8500,3.8500,3.8500,,product
7593,3254,,20.0000,0.9000,0.9000,0.9000,0.9000,,shipping
7594,3255,8361,20.0000,4.0800,4.0800,4.0800,4.0800,,product
7595,3255,,20.0000,0.9000,0.9000,0.9000,0.9000,,shipping
7596,3256,8363,20.0000,5.2200,5.2200,5.2200,5.2200,,product
7597,3256,,20.0000,0.9000,0.9000,0.9000,0.9000,,shipping
7598,3257,8365,20.0000,8.5500,8.5500,8.5500,8.5500,,product
7599,3257,8367,20.0000,8.0700,8.0700,8.0700,8.0700,,product
7600,3257,8369,20.0000,8.0700,8.0700,8.0700,8.0700,,product
7601,3257,,20.0000,0.9000,0.9000,0.9000,0.9000,,shipping
7602,3258,8371,20.0000,5.2200,5.2200,5.2200,5.2200,,product
7603,3258,8373,20.0000,5.2200,5.2200,5.2200,5.2200,,product
7604,3258,,20.0000,0.9000,0.9000,0.9000,0.9000,,shipping
7605,3259,8375,20.0000,3.8500,3.8500,3.8500,3.8500,,product
7606,3259,,20.0000,0.9000,0.9000,0.9000,0.9000,,shipping
7607,3260,8377,20.0000,9.5000,9.5000,9.5000,9.5000,,product
7608,3260,,20.0000,0.9000,0.9000,0.9000,0.9000,,shipping
7609,3261,8379,20.0000,3.8500,3.8500,3.8500,3.8500,,product
7610,3261,,20.0000,0.9000,0.9000,0.9000,0.9000,,shipping
7611,3262,8381,20.0000,3.2400,3.2400,3.2400,3.2400,,product
7612,3262,8383,20.0000,1.1900,1.1900,1.1900,1.1900,,product
7613,3262,8385,20.0000,1.1800,1.1800,1.1800,1.1800,,product
7614,3262,8387,20.0000,1.4000,1.4000,1.4000,1.4000,,product
7615,3262,8389,20.0000,1.8400,1.8400,1.8400,1.8400,,product
7616,3262,8391,20.0000,1.8400,1.8400,1.8400,1.8400,,product
7617,3262,8393,20.0000,1.6200,1.6200,1.6200,1.6200,,product
7618,3262,,20.0000,0.0000,0.0000,0.0000,0.0000,,shipping
7619,3263,8395,20.0000,8.5500,8.5500,8.5500,8.5500,,product
7620,3263,,20.0000,0.9000,0.9000,0.9000,0.9000,,shipping
7621,3264,8397,20.0000,3.8500,3.8500,3.8500,3.8500,,product
7622,3264,,20.0000,0.9000,0.9000,0.9000,0.9000,,shipping
7623,3265,8399,20.0000,3.9900,3.9900,3.9900,3.9900,,product
7624,3265,,20.0000,0.9000,0.9000,0.9000,0.9000,,shipping
7625,3266,8401,20.0000,3.8500,3.8500,3.8500,3.8500,,product
7626,3266,,20.0000,0.9000,0.9000,0.9000,0.9000,,shipping
7627,3267,8403,20.0000,3.8500,3.8500,3.8500,3.8500,,product
7628,3267,,20.0000,0.9000,0.9000,0.9000,0.9000,,shipping
7629,3268,8405,20.0000,3.9900,3.9900,3.9900,3.9900,,product
7630,3268,,20.0000,0.9000,0.9000,0.9000,0.9000,,shipping
7631,3269,8407,20.0000,5.2200,5.2200,5.2200,5.2200,,product
7632,3269,,20.0000,0.9000,0.9000,0.9000,0.9000,,shipping
7633,3270,8409,20.0000,3.9900,3.9900,3.9900,3.9900,,product
7634,3270,,20.0000,0.9000,0.9000,0.9000,0.9000,,shipping
7635,3271,8411,20.0000,3.8500,3.8500,3.8500,3.8500,,product
7636,3271,,20.0000,0.9000,0.9000,0.9000,0.9000,,shipping
7637,3272,8413,20.0000,7.7900,7.7900,7.7900,7.7900,,product
7638,3272,,20.0000,0.9000,0.9000,0.9000,0.9000,,shipping
7639,3273,8415,20.0000,8.0700,8.0700,8.0700,8.0700,,product
7640,3273,,20.0000,0.9000,0.9000,0.9000,0.9000,,shipping
7641,3274,8417,20.0000,3.8500,3.8500,3.8500,3.8500,,product
7642,3274,,20.0000,0.9000,0.9000,0.9000,0.9000,,shipping
7643,3275,8419,20.0000,3.9900,3.9900,3.9900,3.9900,,product
7644,3275,,20.0000,0.9000,0.9000,0.9000,0.9000,,shipping
7645,3276,8421,20.0000,3.8500,3.8500,3.8500,3.8500,,product
7646,3276,,20.0000,0.9000,0.9000,0.9000,0.9000,,shipping
7647,3277,8423,20.0000,4.6500,4.6500,4.6500,4.6500,,product
7648,3277,,20.0000,0.9000,0.9000,0.9000,0.9000,,shipping
7649,3278,8425,20.0000,3.9900,3.9900,3.9900,3.9900,,product
7650,3278,8427,20.0000,3.9800,3.9800,3.9800,3.9800,,product
7651,3278,8429,20.0000,3.9900,3.9900,3.9900,3.9900,,product
7652,3278,,20.0000,0.9000,0.9000,0.9000,0.9000,,shipping
7653,3279,8431,20.0000,5.9500,5.9500,5.9500,5.9500,,product
7654,3279,,20.0000,0.0000,0.0000,0.0000,0.0000,,shipping
7655,3280,8433,20.0000,3.8500,3.8500,3.8500,3.8500,,product
7656,3280,,20.0000,0.9000,0.9000,0.9000,0.9000,,shipping
7657,3281,8435,20.0000,3.8500,3.8500,3.8500,3.8500,,product
7658,3281,,20.0000,0.9000,0.9000,0.9000,0.9000,,shipping
7659,3282,8437,20.0000,3.8000,3.8000,3.8000,3.8000,,product
7660,3282,,20.0000,0.9000,0.9000,0.9000,0.9000,,shipping
7661,3283,8439,20.0000,3.8500,3.8500,3.8500,3.8500,,product
7662,3283,,20.0000,0.9000,0.9000,0.9000,0.9000,,shipping
7663,3284,8441,20.0000,5.2200,5.2200,5.2200,5.2200,,product
7664,3284,,20.0000,0.9000,0.9000,0.9000,0.9000,,shipping
7665,3285,8443,20.0000,3.8000,3.8000,3.8000,3.8000,,product
7666,3285,,20.0000,0.9000,0.9000,0.9000,0.9000,,shipping
7667,3286,8445,20.0000,3.8000,3.8000,3.8000,3.8000,,product
7668,3286,,20.0000,0.9000,0.9000,0.9000,0.9000,,shipping
7669,3287,8447,20.0000,5.2200,5.2200,5.2200,5.2200,,product
7670,3287,,20.0000,0.9000,0.9000,0.9000,0.9000,,shipping
7671,3288,8449,20.0000,4.6500,4.6500,4.6500,4.6500,,product
7672,3288,,20.0000,0.9000,0.9000,0.9000,0.9000,,shipping
7673,3289,8451,20.0000,3.8000,3.8000,3.8000,3.8000,,product
7674,3289,,20.0000,0.9000,0.9000,0.9000,0.9000,,shipping
7675,3290,8453,20.0000,3.8000,3.8000,3.8000,3.8000,,product
7676,3290,,20.0000,0.9000,0.9000,0.9000,0.9000,,shipping
7677,3291,8455,20.0000,8.5500,8.5500,8.5500,8.5500,,product
7678,3291,,20.0000,0.9000,0.9000,0.9000,0.9000,,shipping
7679,3292,8457,20.0000,4.6500,4.6500,4.6500,4.6500,,product
7680,3292,,20.0000,0.9000,0.9000,0.9000,0.9000,,shipping
7681,3293,8459,20.0000,5.2200,5.2200,5.2200,5.2200,,product
7682,3293,,20.0000,0.9000,0.9000,0.9000,0.9000,,shipping
7683,3294,8461,20.0000,3.8500,3.8500,3.8500,3.8500,,product
7684,3294,,20.0000,0.9000,0.9000,0.9000,0.9000,,shipping
7685,3295,8463,20.0000,3.8000,3.8000,3.8000,3.8000,,product
7686,3295,,20.0000,0.9000,0.9000,0.9000,0.9000,,shipping
7687,3296,8465,20.0000,10.8300,10.8300,10.8300,10.8300,,product
7688,3296,8467,20.0000,1.6200,1.6200,1.6200,1.6200,,product
7689,3296,,20.0000,0.0000,0.0000,0.0000,0.0000,,shipping
7690,3297,8469,20.0000,3.8500,3.8500,3.8500,3.8500,,product
7691,3297,,20.0000,0.9000,0.9000,0.9000,0.9000,,shipping
7692,3298,8471,20.0000,3.8500,3.8500,3.8500,3.8500,,product
7693,3298,,20.0000,0.9000,0.9000,0.9000,0.9000,,shipping
7694,3299,8473,20.0000,1.6200,1.6200,1.6200,1.6200,,product
7695,3299,8475,20.0000,1.6200,1.6200,1.6200,1.6200,,product
7696,3299,8477,20.0000,1.6200,1.6200,1.6200,1.6200,,product
7697,3299,8479,20.0000,1.6200,1.6200,1.6200,1.6200,,product
7698,3299,,20.0000,0.0000,0.0000,0.0000,0.0000,,shipping
7699,3300,8481,20.0000,9.5000,9.5000,9.5000,9.5000,,product
7700,3300,,20.0000,0.9000,0.9000,0.9000,0.9000,,shipping
7701,3301,8483,20.0000,3.8000,3.8000,3.8000,3.8000,,product
7702,3301,,20.0000,0.9000,0.9000,0.9000,0.9000,,shipping
7703,3302,8485,20.0000,3.8500,3.8500,3.8500,3.8500,,product
7704,3302,,20.0000,0.9000,0.9000,0.9000,0.9000,,shipping
7705,3303,8487,20.0000,3.8500,3.8500,3.8500,3.8500,,product
7706,3303,,20.0000,0.9000,0.9000,0.9000,0.9000,,shipping
7707,3304,8489,20.0000,8.8800,8.8800,8.8800,8.8800,,product
7708,3304,,20.0000,0.0000,0.0000,0.0000,0.0000,,shipping
7709,3305,8491,20.0000,3.8000,3.8000,3.8000,3.8000,,product
7710,3305,,20.0000,0.9000,0.9000,0.9000,0.9000,,shipping
7711,3306,8493,20.0000,3.8500,3.8500,3.8500,3.8500,,product
7712,3306,,20.0000,0.9000,0.9000,0.9000,0.9000,,shipping
7713,3307,8495,20.0000,3.8500,3.8500,3.8500,3.8500,,product
7714,3307,,20.0000,0.9000,0.9000,0.9000,0.9000,,shipping
7715,3308,8497,20.0000,8.5500,8.5500,8.5500,8.5500,,product
7716,3308,8499,20.0000,8.5400,8.5400,8.5400,8.5400,,product
7717,3308,,20.0000,0.9000,0.9000,0.9000,0.9000,,shipping
7718,3309,8501,20.0000,3.8000,3.8000,3.8000,3.8000,,product
7719,3309,,20.0000,0.9000,0.9000,0.9000,0.9000,,shipping
7720,3310,8503,20.0000,3.8000,3.8000,3.8000,3.8000,,product
7721,3310,,20.0000,0.9000,0.9000,0.9000,0.9000,,shipping
7722,3311,8505,20.0000,3.8500,3.8500,3.8500,3.8500,,product
7723,3311,,20.0000,0.9000,0.9000,0.9000,0.9000,,shipping
7724,3312,8507,20.0000,10.0700,10.0700,10.0700,10.0700,,product
7725,3312,,20.0000,0.6600,0.6600,0.6600,0.6600,,shipping
7726,3313,8509,20.0000,7.7900,7.7900,7.7900,7.7900,,product
7727,3313,,20.0000,0.9000,0.9000,0.9000,0.9000,,shipping
7728,3314,8511,20.0000,5.2200,5.2200,5.2200,5.2200,,product
7729,3314,,20.0000,0.9000,0.9000,0.9000,0.9000,,shipping
7730,3315,8513,20.0000,9.7400,9.7400,9.7400,9.7400,,product
7731,3315,,20.0000,0.0000,0.0000,0.0000,0.0000,,shipping
7732,3316,8515,20.0000,3.8500,3.8500,3.8500,3.8500,,product
7733,3316,,20.0000,0.9000,0.9000,0.9000,0.9000,,shipping
7734,3317,8517,20.0000,3.8500,3.8500,3.8500,3.8500,,product
7735,3317,,20.0000,0.9000,0.9000,0.9000,0.9000,,shipping
7736,3318,8519,20.0000,1.4300,1.4300,1.4300,1.4300,,product
7737,3318,,20.0000,0.6600,0.6600,0.6600,0.6600,,shipping
7738,3319,8521,20.0000,4.0800,4.0800,4.0800,4.0800,,product
7739,3319,,20.0000,0.9000,0.9000,0.9000,0.9000,,shipping
7740,3320,8523,20.0000,3.8000,3.8000,3.8000,3.8000,,product
7741,3320,,20.0000,0.9000,0.9000,0.9000,0.9000,,shipping
7742,3321,8525,20.0000,4.0800,4.0800,4.0800,4.0800,,product
7743,3321,,20.0000,0.9000,0.9000,0.9000,0.9000,,shipping
7744,3322,8527,20.0000,3.8000,3.8000,3.8000,3.8000,,product
7745,3322,,20.0000,0.9000,0.9000,0.9000,0.9000,,shipping
7746,3323,8529,20.0000,3.8000,3.8000,3.8000,3.8000,,product
7747,3323,,20.0000,0.9000,0.9000,0.9000,0.9000,,shipping
7748,3324,8531,20.0000,3.8000,3.8000,3.8000,3.8000,,product
7749,3324,,20.0000,0.9000,0.9000,0.9000,0.9000,,shipping
7750,3325,8533,20.0000,5.2200,5.2200,5.2200,5.2200,,product
7751,3325,,20.0000,0.9000,0.9000,0.9000,0.9000,,shipping
7752,3326,8535,20.0000,3.8000,3.8000,3.8000,3.8000,,product
7753,3326,8537,20.0000,3.7900,3.7900,3.7900,3.7900,,product
7754,3326,,20.0000,0.9000,0.9000,0.9000,0.9000,,shipping
7755,3327,8539,20.0000,3.8000,3.8000,3.8000,3.8000,,product
7756,3327,,20.0000,0.9000,0.9000,0.9000,0.9000,,shipping
7757,3328,8541,20.0000,3.8500,3.8500,3.8500,3.8500,,product
7758,3328,,20.0000,0.9000,0.9000,0.9000,0.9000,,shipping
7759,3329,8543,20.0000,3.8000,3.8000,3.8000,3.8000,,product
7760,3329,,20.0000,0.9000,0.9000,0.9000,0.9000,,shipping
7761,3330,8545,20.0000,3.8500,3.8500,3.8500,3.8500,,product
7762,3330,,20.0000,0.9000,0.9000,0.9000,0.9000,,shipping
7763,3331,8547,20.0000,5.2200,5.2200,5.2200,5.2200,,product
7764,3331,,20.0000,0.9000,0.9000,0.9000,0.9000,,shipping
7765,3332,8549,20.0000,3.8000,3.8000,3.8000,3.8000,,product
7766,3332,,20.0000,0.9000,0.9000,0.9000,0.9000,,shipping
7767,3333,8551,20.0000,3.8500,3.8500,3.8500,3.8500,,product
7768,3333,,20.0000,0.9000,0.9000,0.9000,0.9000,,shipping
7769,3334,8554,20.0000,3.8500,3.8500,3.8500,3.8500,,product
7770,3334,,20.0000,0.9000,0.9000,0.9000,0.9000,,shipping
7771,3335,8556,20.0000,3.8000,3.8000,3.8000,3.8000,,product
7772,3335,,20.0000,0.9000,0.9000,0.9000,0.9000,,shipping
7773,3336,8558,20.0000,1.4300,1.4300,1.4300,1.4300,,product
7774,3336,,20.0000,0.6600,0.6600,0.6600,0.6600,,shipping
7775,3337,8560,20.0000,3.8000,3.8000,3.8000,3.8000,,product
7776,3337,,20.0000,0.9000,0.9000,0.9000,0.9000,,shipping
7777,3338,8562,20.0000,3.8500,3.8500,3.8500,3.8500,,product
7778,3338,,20.0000,0.9000,0.9000,0.9000,0.9000,,shipping
7779,3339,8564,20.0000,3.8500,3.8500,3.8500,3.8500,,product
7780,3339,,20.0000,0.9000,0.9000,0.9000,0.9000,,shipping
7781,3340,8566,20.0000,3.8500,3.8500,3.8500,3.8500,,product
7782,3340,,20.0000,0.9000,0.9000,0.9000,0.9000,,shipping
7783,3341,8574,20.0000,5.2200,5.2200,5.2200,5.2200,,product
7784,3341,,20.0000,0.9000,0.9000,0.9000,0.9000,,shipping
7785,3342,8576,20.0000,3.8000,3.8000,3.8000,3.8000,,product
7786,3342,,20.0000,0.9000,0.9000,0.9000,0.9000,,shipping
7787,3343,8578,20.0000,3.8500,3.8500,3.8500,3.8500,,product
7788,3343,,20.0000,0.9000,0.9000,0.9000,0.9000,,shipping
7789,3344,8580,20.0000,3.8000,3.8000,3.8000,3.8000,,product
7790,3344,,20.0000,0.9000,0.9000,0.9000,0.9000,,shipping
7791,3345,8582,20.0000,3.8500,3.8500,3.8500,3.8500,,product
7792,3345,,20.0000,0.9000,0.9000,0.9000,0.9000,,shipping
7793,3346,8584,20.0000,8.5500,8.5500,8.5500,8.5500,,product
7794,3346,,20.0000,0.9000,0.9000,0.9000,0.9000,,shipping
7795,3347,8586,20.0000,8.0700,8.0700,8.0700,8.0700,,product
7796,3347,,20.0000,0.9000,0.9000,0.9000,0.9000,,shipping
7797,3348,8588,20.0000,3.8500,3.8500,3.8500,3.8500,,product
7798,3348,,20.0000,0.9000,0.9000,0.9000,0.9000,,shipping
7799,3349,8590,20.0000,4.0800,4.0800,4.0800,4.0800,,product
7800,3349,8592,20.0000,3.9900,3.9900,3.9900,3.9900,,product
7801,3349,,20.0000,0.9000,0.9000,0.9000,0.9000,,shipping
7802,3350,8594,20.0000,5.2200,5.2200,5.2200,5.2200,,product
7803,3350,,20.0000,0.9000,0.9000,0.9000,0.9000,,shipping
7804,3351,8596,20.0000,3.8000,3.8000,3.8000,3.8000,,product
7805,3351,,20.0000,0.9000,0.9000,0.9000,0.9000,,shipping
7806,3352,8598,20.0000,8.2600,8.2600,8.2600,8.2600,,product
7807,3352,,20.0000,0.9000,0.9000,0.9000,0.9000,,shipping
7808,3353,8600,20.0000,8.0700,8.0700,8.0700,8.0700,,product
7809,3353,8602,20.0000,8.0700,8.0700,8.0700,8.0700,,product
7810,3353,,20.0000,0.9000,0.9000,0.9000,0.9000,,shipping
7811,3354,8604,20.0000,3.8000,3.8000,3.8000,3.8000,,product
7812,3354,,20.0000,0.9000,0.9000,0.9000,0.9000,,shipping
7813,3355,8606,20.0000,3.8500,3.8500,3.8500,3.8500,,product
7814,3355,,20.0000,0.9000,0.9000,0.9000,0.9000,,shipping
7815,3356,8608,20.0000,5.2200,5.2200,5.2200,5.2200,,product
7816,3356,,20.0000,0.9000,0.9000,0.9000,0.9000,,shipping
7817,3357,8610,20.0000,9.7400,9.7400,9.7400,9.7400,,product
7818,3357,8612,20.0000,0.9700,0.9700,0.9700,0.9700,,product
7819,3357,8613,20.0000,9.7500,9.7500,9.7500,9.7500,,product
7820,3357,,20.0000,0.0000,0.0000,0.0000,0.0000,,shipping
7821,3358,8615,20.0000,10.8300,10.8300,10.8300,10.8300,,product
7822,3358,8617,20.0000,10.8300,10.8300,10.8300,10.8300,,product
7823,3358,8619,20.0000,10.8200,10.8200,10.8200,10.8200,,product
7824,3358,,20.0000,0.0000,0.0000,0.0000,0.0000,,shipping
7825,3359,8621,20.0000,9.5000,9.5000,9.5000,9.5000,,product
7826,3359,,20.0000,0.9000,0.9000,0.9000,0.9000,,shipping
7827,3360,8623,20.0000,3.8500,3.8500,3.8500,3.8500,,product
7828,3360,,20.0000,0.9000,0.9000,0.9000,0.9000,,shipping
7829,3361,8625,20.0000,3.8500,3.8500,3.8500,3.8500,,product
7830,3361,,20.0000,0.9000,0.9000,0.9000,0.9000,,shipping
7831,3362,8627,20.0000,3.9900,3.9900,3.9900,3.9900,,product
7832,3362,,20.0000,0.9000,0.9000,0.9000,0.9000,,shipping
7833,3363,8629,20.0000,3.8000,3.8000,3.8000,3.8000,,product
7834,3363,,20.0000,0.9000,0.9000,0.9000,0.9000,,shipping
7835,3364,8631,20.0000,4.0800,4.0800,4.0800,4.0800,,product
7836,3364,,20.0000,0.9000,0.9000,0.9000,0.9000,,shipping
7837,3365,8633,20.0000,4.0800,4.0800,4.0800,4.0800,,product
7838,3365,,20.0000,0.9000,0.9000,0.9000,0.9000,,shipping
7839,3366,8635,20.0000,10.0700,10.0700,10.0700,10.0700,,product
7840,3366,,20.0000,0.0000,0.0000,0.0000,0.0000,,shipping
7841,3367,8637,20.0000,3.9900,3.9900,3.9900,3.9900,,product
7842,3367,8639,20.0000,3.8400,3.8400,3.8400,3.8400,,product
7843,3367,,20.0000,0.9000,0.9000,0.9000,0.9000,,shipping
7844,3368,8641,20.0000,4.0800,4.0800,4.0800,4.0800,,product
7845,3368,,20.0000,0.9000,0.9000,0.9000,0.9000,,shipping
7846,3369,8643,20.0000,3.8500,3.8500,3.8500,3.8500,,product
7847,3369,,20.0000,0.9000,0.9000,0.9000,0.9000,,shipping
7848,3370,8645,20.0000,3.8500,3.8500,3.8500,3.8500,,product
7849,3370,,20.0000,0.9000,0.9000,0.9000,0.9000,,shipping
7850,3371,8647,20.0000,3.8500,3.8500,3.8500,3.8500,,product
7851,3371,,20.0000,0.9000,0.9000,0.9000,0.9000,,shipping
7852,3372,8649,20.0000,3.8500,3.8500,3.8500,3.8500,,product
7853,3372,,20.0000,0.9000,0.9000,0.9000,0.9000,,shipping
7854,3373,8651,20.0000,3.8500,3.8500,3.8500,3.8500,,product
7855,3373,,20.0000,0.9000,0.9000,0.9000,0.9000,,shipping
7856,3374,8653,20.0000,9.7400,9.7400,9.7400,9.7400,,product
7857,3374,,20.0000,0.6600,0.6600,0.6600,0.6600,,shipping
7858,3375,8655,20.0000,1.4300,1.4300,1.4300,1.4300,,product
7859,3375,,20.0000,0.6600,0.6600,0.6600,0.6600,,shipping
7860,3376,8657,20.0000,3.8000,3.8000,3.8000,3.8000,,product
7861,3376,,20.0000,0.9000,0.9000,0.9000,0.9000,,shipping
7862,3377,8659,20.0000,3.8000,3.8000,3.8000,3.8000,,product
7863,3377,,20.0000,0.9000,0.9000,0.9000,0.9000,,shipping
7864,3378,8661,20.0000,3.9900,3.9900,3.9900,3.9900,,product
7865,3378,,20.0000,0.9000,0.9000,0.9000,0.9000,,shipping
7866,3379,8663,20.0000,3.8500,3.8500,3.8500,3.8500,,product
7867,3379,8665,20.0000,3.9800,3.9800,3.9800,3.9800,,product
7868,3379,,20.0000,0.9000,0.9000,0.9000,0.9000,,shipping
7869,3380,8667,20.0000,4.0800,4.0800,4.0800,4.0800,,product
7870,3380,,20.0000,0.9000,0.9000,0.9000,0.9000,,shipping
7871,3381,8669,20.0000,3.9900,3.9900,3.9900,3.9900,,product
7872,3381,,20.0000,0.9000,0.9000,0.9000,0.9000,,shipping
7873,3382,8671,20.0000,1.1900,1.1900,1.1900,1.1900,,product
7874,3382,8673,20.0000,1.1800,1.1800,1.1800,1.1800,,product
7875,3382,8675,20.0000,1.1900,1.1900,1.1900,1.1900,,product
7876,3382,8677,20.0000,1.1800,1.1800,1.1800,1.1800,,product
7877,3382,8679,20.0000,10.0700,10.0700,10.0700,10.0700,,product
7878,3382,8681,20.0000,10.0700,10.0700,10.0700,10.0700,,product
7879,3382,8683,20.0000,10.0700,10.0700,10.0700,10.0700,,product
7880,3382,8685,20.0000,10.0700,10.0700,10.0700,10.0700,,product
7881,3382,8687,20.0000,10.0700,10.0700,10.0700,10.0700,,product
7882,3382,8689,20.0000,9.7500,9.7500,9.7500,9.7500,,product
7883,3382,8691,20.0000,9.7400,9.7400,9.7400,9.7400,,product
7884,3382,8693,20.0000,9.4200,9.4200,9.4200,9.4200,,product
7885,3382,,20.0000,0.0000,0.0000,0.0000,0.0000,,shipping
7886,3383,8695,20.0000,3.8500,3.8500,3.8500,3.8500,,product
7887,3383,,20.0000,0.9000,0.9000,0.9000,0.9000,,shipping
7888,3384,8697,20.0000,8.5500,8.5500,8.5500,8.5500,,product
7889,3384,,20.0000,0.9000,0.9000,0.9000,0.9000,,shipping
7890,3385,8699,20.0000,3.8000,3.8000,3.8000,3.8000,,product
7891,3385,,20.0000,0.9000,0.9000,0.9000,0.9000,,shipping
7892,3386,8701,20.0000,3.8500,3.8500,3.8500,3.8500,,product
7893,3386,,20.0000,0.9000,0.9000,0.9000,0.9000,,shipping
7894,3387,8703,20.0000,4.3900,4.3900,4.3900,4.3900,,product
7895,3387,,20.0000,0.0000,0.0000,0.0000,0.0000,,shipping
7896,3388,8705,20.0000,4.0800,4.0800,4.0800,4.0800,,product
7897,3388,,20.0000,0.9000,0.9000,0.9000,0.9000,,shipping
7898,3389,8707,20.0000,3.8000,3.8000,3.8000,3.8000,,product
7899,3389,,20.0000,0.9000,0.9000,0.9000,0.9000,,shipping
7900,3390,8709,20.0000,3.8000,3.8000,3.8000,3.8000,,product
7901,3390,,20.0000,0.9000,0.9000,0.9000,0.9000,,shipping
7902,3391,8711,20.0000,5.2200,5.2200,5.2200,5.2200,,product
7903,3391,,20.0000,0.9000,0.9000,0.9000,0.9000,,shipping
7904,3392,8713,20.0000,3.8500,3.8500,3.8500,3.8500,,product
7905,3392,,20.0000,0.9000,0.9000,0.9000,0.9000,,shipping
7906,3393,8715,20.0000,3.8500,3.8500,3.8500,3.8500,,product
7907,3393,,20.0000,0.9000,0.9000,0.9000,0.9000,,shipping
7908,3394,8717,20.0000,9.5000,9.5000,9.5000,9.5000,,product
7909,3394,,20.0000,0.9000,0.9000,0.9000,0.9000,,shipping
7910,3395,8719,20.0000,9.7400,9.7400,9.7400,9.7400,,product
7911,3395,8721,20.0000,9.7500,9.7500,9.7500,9.7500,,product
7912,3395,8723,20.0000,9.7400,9.7400,9.7400,9.7400,,product
7913,3395,,20.0000,0.0000,0.0000,0.0000,0.0000,,shipping
7914,3396,8725,20.0000,8.5500,8.5500,8.5500,8.5500,,product
7915,3396,8727,20.0000,9.4900,9.4900,9.4900,9.4900,,product
7916,3396,,20.0000,0.9000,0.9000,0.9000,0.9000,,shipping
7917,3397,8729,20.0000,8.5500,8.5500,8.5500,8.5500,,product
7918,3397,,20.0000,0.9000,0.9000,0.9000,0.9000,,shipping
7919,3398,8731,20.0000,8.0700,8.0700,8.0700,8.0700,,product
7920,3398,,20.0000,0.9000,0.9000,0.9000,0.9000,,shipping
7921,3399,8733,20.0000,8.0700,8.0700,8.0700,8.0700,,product
7922,3399,,20.0000,0.9000,0.9000,0.9000,0.9000,,shipping
7923,3400,8735,20.0000,3.8500,3.8500,3.8500,3.8500,,product
7924,3400,,20.0000,0.9000,0.9000,0.9000,0.9000,,shipping
7925,3401,8737,20.0000,3.8500,3.8500,3.8500,3.8500,,product
7926,3401,,20.0000,0.9000,0.9000,0.9000,0.9000,,shipping
7927,3402,8739,20.0000,8.0700,8.0700,8.0700,8.0700,,product
7928,3402,8741,20.0000,8.0700,8.0700,8.0700,8.0700,,product
7929,3402,,20.0000,0.9000,0.9000,0.9000,0.9000,,shipping
7930,3403,8743,20.0000,3.8000,3.8000,3.8000,3.8000,,product
7931,3403,,20.0000,0.9000,0.9000,0.9000,0.9000,,shipping
7932,3404,8745,20.0000,3.8500,3.8500,3.8500,3.8500,,product
7933,3404,,20.0000,0.9000,0.9000,0.9000,0.9000,,shipping
7934,3405,8747,20.0000,5.2200,5.2200,5.2200,5.2200,,product
7935,3405,,20.0000,0.9000,0.9000,0.9000,0.9000,,shipping
7936,3406,8749,20.0000,8.5500,8.5500,8.5500,8.5500,,product
7937,3406,,20.0000,0.9000,0.9000,0.9000,0.9000,,shipping
7938,3407,8751,20.0000,3.8500,3.8500,3.8500,3.8500,,product
7939,3407,8753,20.0000,1.4300,1.4300,1.4300,1.4300,,product
7940,3407,,20.0000,0.9000,0.9000,0.9000,0.9000,,shipping
7941,3408,8755,20.0000,10.0700,10.0700,10.0700,10.0700,,product
7942,3408,8757,20.0000,9.7400,9.7400,9.7400,9.7400,,product
7943,3408,,20.0000,0.0000,0.0000,0.0000,0.0000,,shipping
7944,3409,8759,20.0000,8.5500,8.5500,8.5500,8.5500,,product
7945,3409,,20.0000,0.9000,0.9000,0.9000,0.9000,,shipping
7946,3410,8761,20.0000,4.0800,4.0800,4.0800,4.0800,,product
7947,3410,,20.0000,0.9000,0.9000,0.9000,0.9000,,shipping
7948,3411,8763,20.0000,5.2200,5.2200,5.2200,5.2200,,product
7949,3411,,20.0000,0.9000,0.9000,0.9000,0.9000,,shipping
7950,3412,8765,20.0000,3.8000,3.8000,3.8000,3.8000,,product
7951,3412,,20.0000,0.9000,0.9000,0.9000,0.9000,,shipping
7952,3413,8767,20.0000,8.2600,8.2600,8.2600,8.2600,,product
7953,3413,,20.0000,0.9000,0.9000,0.9000,0.9000,,shipping
7954,3414,8769,20.0000,3.8000,3.8000,3.8000,3.8000,,product
7955,3414,,20.0000,0.9000,0.9000,0.9000,0.9000,,shipping
7956,3415,8771,20.0000,3.8000,3.8000,3.8000,3.8000,,product
7957,3415,8773,20.0000,3.7900,3.7900,3.7900,3.7900,,product
7958,3415,,20.0000,0.9000,0.9000,0.9000,0.9000,,shipping
7959,3416,8775,20.0000,10.0700,10.0700,10.0700,10.0700,,product
7960,3416,,20.0000,0.0000,0.0000,0.0000,0.0000,,shipping
7961,3417,8777,20.0000,8.8300,8.8300,8.8300,8.8300,,product
7962,3417,,20.0000,0.9000,0.9000,0.9000,0.9000,,shipping
7963,3418,8779,20.0000,9.2000,9.2000,9.2000,9.2000,,product
7964,3418,,20.0000,0.0000,0.0000,0.0000,0.0000,,shipping
7965,3419,8781,20.0000,9.4200,9.4200,9.4200,9.4200,,product
7966,3419,8783,20.0000,9.4200,9.4200,9.4200,9.4200,,product
7967,3419,8785,20.0000,9.4200,9.4200,9.4200,9.4200,,product
7968,3419,,20.0000,0.0000,0.0000,0.0000,0.0000,,shipping
7969,3420,8787,20.0000,3.8500,3.8500,3.8500,3.8500,,product
7970,3420,,20.0000,0.9000,0.9000,0.9000,0.9000,,shipping
7971,3421,8789,20.0000,3.8000,3.8000,3.8000,3.8000,,product
7972,3421,8791,20.0000,3.7900,3.7900,3.7900,3.7900,,product
7973,3421,,20.0000,0.9000,0.9000,0.9000,0.9000,,shipping
7974,3422,8793,20.0000,5.2200,5.2200,5.2200,5.2200,,product
7975,3422,,20.0000,0.9000,0.9000,0.9000,0.9000,,shipping
7976,3423,8795,20.0000,3.8000,3.8000,3.8000,3.8000,,product
7977,3423,,20.0000,0.9000,0.9000,0.9000,0.9000,,shipping
7978,3424,8797,20.0000,8.8800,8.8800,8.8800,8.8800,,product
7979,3424,,20.0000,0.0000,0.0000,0.0000,0.0000,,shipping
7980,3425,8799,20.0000,3.8500,3.8500,3.8500,3.8500,,product
7981,3425,8801,20.0000,3.8500,3.8500,3.8500,3.8500,,product
7982,3425,,20.0000,0.9000,0.9000,0.9000,0.9000,,shipping
7983,3426,8803,20.0000,1.4300,1.4300,1.4300,1.4300,,product
7984,3426,8805,20.0000,1.4300,1.4300,1.4300,1.4300,,product
7985,3426,8807,20.0000,1.6200,1.6200,1.6200,1.6200,,product
7986,3426,8809,20.0000,1.6200,1.6200,1.6200,1.6200,,product
7987,3426,8811,20.0000,1.6200,1.6200,1.6200,1.6200,,product
7988,3426,,20.0000,0.0000,0.0000,0.0000,0.0000,,shipping
7989,3427,8813,20.0000,5.2200,5.2200,5.2200,5.2200,,product
7990,3427,,20.0000,0.9000,0.9000,0.9000,0.9000,,shipping
7991,3428,8815,20.0000,10.0700,10.0700,10.0700,10.0700,,product
7992,3428,8817,20.0000,5.9500,5.9500,5.9500,5.9500,,product
7993,3428,8819,20.0000,5.9500,5.9500,5.9500,5.9500,,product
7994,3428,8821,20.0000,1.6200,1.6200,1.6200,1.6200,,product
7995,3428,8823,20.0000,1.8400,1.8400,1.8400,1.8400,,product
7996,3428,,20.0000,0.0000,0.0000,0.0000,0.0000,,shipping
7997,3429,8825,20.0000,4.0800,4.0800,4.0800,4.0800,,product
7998,3429,,20.0000,0.9000,0.9000,0.9000,0.9000,,shipping
7999,3430,8827,20.0000,9.7400,9.7400,9.7400,9.7400,,product
8000,3430,,20.0000,0.0000,0.0000,0.0000,0.0000,,shipping
8001,3431,8829,20.0000,9.5000,9.5000,9.5000,9.5000,,product
8002,3431,,20.0000,0.9000,0.9000,0.9000,0.9000,,shipping
8003,3432,8831,20.0000,3.9900,3.9900,3.9900,3.9900,,product
8004,3432,,20.0000,0.9000,0.9000,0.9000,0.9000,,shipping
8005,3433,8833,20.0000,7.7900,7.7900,7.7900,7.7900,,product
8006,3433,,20.0000,0.9000,0.9000,0.9000,0.9000,,shipping
8007,3434,8835,20.0000,3.8500,3.8500,3.8500,3.8500,,product
8008,3434,,20.0000,0.9000,0.9000,0.9000,0.9000,,shipping
8009,3435,8837,20.0000,3.8500,3.8500,3.8500,3.8500,,product
8010,3435,,20.0000,0.9000,0.9000,0.9000,0.9000,,shipping
8011,3436,8839,20.0000,3.8000,3.8000,3.8000,3.8000,,product
8012,3436,,20.0000,0.9000,0.9000,0.9000,0.9000,,shipping
8013,3437,8841,20.0000,4.0800,4.0800,4.0800,4.0800,,product
8014,3437,8843,20.0000,4.0800,4.0800,4.0800,4.0800,,product
8015,3437,,20.0000,0.9000,0.9000,0.9000,0.9000,,shipping
8016,3438,8845,20.0000,3.9900,3.9900,3.9900,3.9900,,product
8017,3438,,20.0000,0.9000,0.9000,0.9000,0.9000,,shipping
8018,3439,8847,20.0000,9.7400,9.7400,9.7400,9.7400,,product
8019,3439,,20.0000,0.0000,0.0000,0.0000,0.0000,,shipping
8020,3440,8849,20.0000,3.8500,3.8500,3.8500,3.8500,,product
8021,3440,,20.0000,0.9000,0.9000,0.9000,0.9000,,shipping
8022,3441,8851,20.0000,3.8500,3.8500,3.8500,3.8500,,product
8023,3441,,20.0000,0.9000,0.9000,0.9000,0.9000,,shipping
8024,3442,8853,20.0000,7.7900,7.7900,7.7900,7.7900,,product
8025,3442,,20.0000,0.9000,0.9000,0.9000,0.9000,,shipping
8026,3443,8855,20.0000,3.9900,3.9900,3.9900,3.9900,,product
8027,3443,,20.0000,0.9000,0.9000,0.9000,0.9000,,shipping
8028,3444,8857,20.0000,4.0800,4.0800,4.0800,4.0800,,product
8029,3444,,20.0000,0.9000,0.9000,0.9000,0.9000,,shipping
8030,3445,8859,20.0000,3.9900,3.9900,3.9900,3.9900,,product
8031,3445,8861,20.0000,3.9800,3.9800,3.9800,3.9800,,product
8032,3445,,20.0000,0.9000,0.9000,0.9000,0.9000,,shipping
8033,3446,8863,20.0000,4.0800,4.0800,4.0800,4.0800,,product
8034,3446,,20.0000,0.9000,0.9000,0.9000,0.9000,,shipping
8035,3447,8865,20.0000,9.7400,9.7400,9.7400,9.7400,,product
8036,3447,8867,20.0000,1.6200,1.6200,1.6200,1.6200,,product
8037,3447,8869,20.0000,1.6200,1.6200,1.6200,1.6200,,product
8038,3447,8871,20.0000,1.6200,1.6200,1.6200,1.6200,,product
8039,3447,8873,20.0000,9.7500,9.7500,9.7500,9.7500,,product
8040,3447,8875,20.0000,9.7400,9.7400,9.7400,9.7400,,product
8041,3447,,20.0000,0.0000,0.0000,0.0000,0.0000,,shipping
8042,3448,8877,20.0000,5.2200,5.2200,5.2200,5.2200,,product
8043,3448,,20.0000,0.9000,0.9000,0.9000,0.9000,,shipping
8044,3449,8879,20.0000,4.0800,4.0800,4.0800,4.0800,,product
8045,3449,,20.0000,0.9000,0.9000,0.9000,0.9000,,shipping
8046,3450,8881,20.0000,8.0700,8.0700,8.0700,8.0700,,product
8047,3450,8883,20.0000,3.8500,3.8500,3.8500,3.8500,,product
8048,3450,,20.0000,0.9000,0.9000,0.9000,0.9000,,shipping
8049,3451,8885,20.0000,3.8500,3.8500,3.8500,3.8500,,product
8050,3451,,20.0000,0.9000,0.9000,0.9000,0.9000,,shipping
8051,3452,8887,20.0000,5.4900,5.4900,5.4900,5.4900,,product
8052,3452,8889,20.0000,4.9000,4.9000,4.9000,4.9000,,product
8053,3452,8891,20.0000,4.8900,4.8900,4.8900,4.8900,,product
8054,3452,8893,20.0000,5.5000,5.5000,5.5000,5.5000,,product
8055,3452,8895,20.0000,4.0500,4.0500,4.0500,4.0500,,product
8056,3452,8897,20.0000,4.0500,4.0500,4.0500,4.0500,,product
8057,3452,8899,20.0000,4.0500,4.0500,4.0500,4.0500,,product
8058,3452,8901,20.0000,5.4900,5.4900,5.4900,5.4900,,product
8059,3452,,20.0000,0.0000,0.0000,0.0000,0.0000,,shipping
8060,3453,8903,20.0000,3.8500,3.8500,3.8500,3.8500,,product
8061,3453,,20.0000,0.9000,0.9000,0.9000,0.9000,,shipping
8062,3454,8905,20.0000,3.8500,3.8500,3.8500,3.8500,,product
8063,3454,,20.0000,0.9000,0.9000,0.9000,0.9000,,shipping
8064,3455,8907,20.0000,9.7400,9.7400,9.7400,9.7400,,product
8065,3455,,20.0000,0.6600,0.6600,0.6600,0.6600,,shipping
8066,3456,8909,20.0000,3.8500,3.8500,3.8500,3.8500,,product
8067,3456,,20.0000,0.9000,0.9000,0.9000,0.9000,,shipping
8068,3457,8911,20.0000,5.2200,5.2200,5.2200,5.2200,,product
8069,3457,8913,20.0000,5.2200,5.2200,5.2200,5.2200,,product
8070,3457,,20.0000,0.9000,0.9000,0.9000,0.9000,,shipping
8071,3458,8915,20.0000,4.0800,4.0800,4.0800,4.0800,,product
8072,3458,,20.0000,0.9000,0.9000,0.9000,0.9000,,shipping
8073,3459,8917,20.0000,3.8000,3.8000,3.8000,3.8000,,product
8074,3459,,20.0000,0.9000,0.9000,0.9000,0.9000,,shipping
8075,3460,8919,20.0000,3.8000,3.8000,3.8000,3.8000,,product
8076,3460,,20.0000,0.9000,0.9000,0.9000,0.9000,,shipping
8077,3461,8921,20.0000,9.7400,9.7400,9.7400,9.7400,,product
8078,3461,8923,20.0000,1.4100,1.4100,1.4100,1.4100,,product
8079,3461,8925,20.0000,3.6700,3.6700,3.6700,3.6700,,product
8080,3461,8927,20.0000,1.8300,1.8300,1.8300,1.8300,,product
8081,3461,8929,20.0000,4.3300,4.3300,4.3300,4.3300,,product
8082,3461,,20.0000,0.0000,0.0000,0.0000,0.0000,,shipping
8083,3462,8931,20.0000,9.2000,9.2000,9.2000,9.2000,,product
8084,3462,,20.0000,0.0000,0.0000,0.0000,0.0000,,shipping
8085,3463,8933,20.0000,3.8000,3.8000,3.8000,3.8000,,product
8086,3463,,20.0000,0.9000,0.9000,0.9000,0.9000,,shipping
8087,3464,8935,20.0000,3.8500,3.8500,3.8500,3.8500,,product
8088,3464,,20.0000,0.9000,0.9000,0.9000,0.9000,,shipping
8089,3465,8937,20.0000,19.4900,19.4900,19.4900,19.4900,,product
8090,3465,8939,20.0000,1.1800,1.1800,1.1800,1.1800,,product
8091,3465,8941,20.0000,1.1900,1.1900,1.1900,1.1900,,product
8092,3465,8943,20.0000,1.6200,1.6200,1.6200,1.6200,,product
8093,3465,8945,20.0000,1.6200,1.6200,1.6200,1.6200,,product
8094,3465,8947,20.0000,1.6200,1.6200,1.6200,1.6200,,product
8095,3465,,20.0000,0.0000,0.0000,0.0000,0.0000,,shipping
8096,3466,8949,20.0000,9.5000,9.5000,9.5000,9.5000,,product
8097,3466,,20.0000,0.9000,0.9000,0.9000,0.9000,,shipping
8098,3467,8951,20.0000,3.8000,3.8000,3.8000,3.8000,,product
8099,3467,8953,20.0000,3.7900,3.7900,3.7900,3.7900,,product
8100,3467,,20.0000,0.9000,0.9000,0.9000,0.9000,,shipping
8101,3468,8955,20.0000,5.2200,5.2200,5.2200,5.2200,,product
8102,3468,,20.0000,0.9000,0.9000,0.9000,0.9000,,shipping
8103,3469,8957,20.0000,5.2200,5.2200,5.2200,5.2200,,product
8104,3469,,20.0000,0.9000,0.9000,0.9000,0.9000,,shipping
8105,3470,8959,20.0000,3.9900,3.9900,3.9900,3.9900,,product
8106,3470,,20.0000,0.9000,0.9000,0.9000,0.9000,,shipping
8107,3471,8961,20.0000,10.0700,10.0700,10.0700,10.0700,,product
8108,3471,8963,20.0000,10.8300,10.8300,10.8300,10.8300,,product
8109,3471,8965,20.0000,1.6200,1.6200,1.6200,1.6200,,product
8110,3471,8967,20.0000,1.6200,1.6200,1.6200,1.6200,,product
8111,3471,8969,20.0000,1.6200,1.6200,1.6200,1.6200,,product
8112,3471,,20.0000,0.0000,0.0000,0.0000,0.0000,,shipping
8113,3472,8971,20.0000,4.0800,4.0800,4.0800,4.0800,,product
8114,3472,8973,20.0000,4.0800,4.0800,4.0800,4.0800,,product
8115,3472,,20.0000,0.9000,0.9000,0.9000,0.9000,,shipping
8116,3473,8975,20.0000,3.8000,3.8000,3.8000,3.8000,,product
8117,3473,,20.0000,0.9000,0.9000,0.9000,0.9000,,shipping
8118,3474,8977,20.0000,9.7400,9.7400,9.7400,9.7400,,product
8119,3474,,20.0000,0.0000,0.0000,0.0000,0.0000,,shipping
8120,3475,8979,20.0000,3.8500,3.8500,3.8500,3.8500,,product
8121,3475,,20.0000,0.9000,0.9000,0.9000,0.9000,,shipping
8122,3476,8981,20.0000,4.6500,4.6500,4.6500,4.6500,,product
8123,3476,,20.0000,0.9000,0.9000,0.9000,0.9000,,shipping
8124,3477,8983,20.0000,3.8500,3.8500,3.8500,3.8500,,product
8125,3477,,20.0000,0.9000,0.9000,0.9000,0.9000,,shipping
8126,3478,8985,20.0000,4.5400,4.5400,4.5400,4.5400,,product
8127,3478,,20.0000,0.6600,0.6600,0.6600,0.6600,,shipping
8128,3479,8987,20.0000,9.2000,9.2000,9.2000,9.2000,,product
8129,3479,8989,20.0000,9.2000,9.2000,9.2000,9.2000,,product
8130,3479,8991,20.0000,10.0700,10.0700,10.0700,10.0700,,product
8131,3479,8993,20.0000,10.0700,10.0700,10.0700,10.0700,,product
8132,3479,8995,20.0000,10.0700,10.0700,10.0700,10.0700,,product
8133,3479,8997,20.0000,10.0700,10.0700,10.0700,10.0700,,product
8134,3479,,20.0000,0.0000,0.0000,0.0000,0.0000,,shipping
8135,3480,8999,20.0000,3.8500,3.8500,3.8500,3.8500,,product
8136,3480,,20.0000,0.9000,0.9000,0.9000,0.9000,,shipping
8137,3481,9001,20.0000,5.2200,5.2200,5.2200,5.2200,,product
8138,3481,,20.0000,0.9000,0.9000,0.9000,0.9000,,shipping
8139,3482,9003,20.0000,10.8300,10.8300,10.8300,10.8300,,product
8140,3482,9005,20.0000,10.8300,10.8300,10.8300,10.8300,,product
8141,3482,,20.0000,0.0000,0.0000,0.0000,0.0000,,shipping
8142,3483,9007,20.0000,5.2200,5.2200,5.2200,5.2200,,product
8143,3483,,20.0000,0.9000,0.9000,0.9000,0.9000,,shipping
8144,3484,9009,20.0000,3.9900,3.9900,3.9900,3.9900,,product
8145,3484,,20.0000,0.9000,0.9000,0.9000,0.9000,,shipping
8146,3485,9011,20.0000,3.8500,3.8500,3.8500,3.8500,,product
8147,3485,,20.0000,0.9000,0.9000,0.9000,0.9000,,shipping
8148,3486,9013,20.0000,3.8500,3.8500,3.8500,3.8500,,product
8149,3486,,20.0000,0.9000,0.9000,0.9000,0.9000,,shipping
8150,3487,9015,20.0000,3.8500,3.8500,3.8500,3.8500,,product
8151,3487,,20.0000,0.9000,0.9000,0.9000,0.9000,,shipping
8152,3488,9017,20.0000,4.0800,4.0800,4.0800,4.0800,,product
8153,3488,,20.0000,0.9000,0.9000,0.9000,0.9000,,shipping
8154,3489,9019,20.0000,9.0200,9.0200,9.0200,9.0200,,product
8155,3489,9021,20.0000,9.0200,9.0200,9.0200,9.0200,,product
8156,3489,,20.0000,0.9000,0.9000,0.9000,0.9000,,shipping
8157,3490,9023,20.0000,3.8500,3.8500,3.8500,3.8500,,product
8158,3490,,20.0000,0.9000,0.9000,0.9000,0.9000,,shipping
8159,3491,9025,20.0000,3.8500,3.8500,3.8500,3.8500,,product
8160,3491,,20.0000,0.9000,0.9000,0.9000,0.9000,,shipping
8161,3492,9027,20.0000,3.8000,3.8000,3.8000,3.8000,,product
8162,3492,,20.0000,0.9000,0.9000,0.9000,0.9000,,shipping
8163,3493,9029,20.0000,3.8500,3.8500,3.8500,3.8500,,product
8164,3493,,20.0000,0.9000,0.9000,0.9000,0.9000,,shipping
8165,3494,9031,20.0000,10.0700,10.0700,10.0700,10.0700,,product
8166,3494,,20.0000,0.0000,0.0000,0.0000,0.0000,,shipping
8167,3495,9033,20.0000,8.5500,8.5500,8.5500,8.5500,,product
8168,3495,,20.0000,0.9000,0.9000,0.9000,0.9000,,shipping
8169,3496,9035,20.0000,3.8500,3.8500,3.8500,3.8500,,product
8170,3496,,20.0000,0.9000,0.9000,0.9000,0.9000,,shipping
8171,3497,9037,20.0000,4.6500,4.6500,4.6500,4.6500,,product
8172,3497,,20.0000,0.9000,0.9000,0.9000,0.9000,,shipping
8173,3498,9039,20.0000,3.8000,3.8000,3.8000,3.8000,,product
8174,3498,,20.0000,0.9000,0.9000,0.9000,0.9000,,shipping
8175,3499,9041,20.0000,5.2200,5.2200,5.2200,5.2200,,product
8176,3499,,20.0000,0.9000,0.9000,0.9000,0.9000,,shipping
8177,3500,9043,20.0000,3.9900,3.9900,3.9900,3.9900,,product
8178,3500,,20.0000,0.9000,0.9000,0.9000,0.9000,,shipping
8179,3501,9045,20.0000,3.9900,3.9900,3.9900,3.9900,,product
8180,3501,,20.0000,0.9000,0.9000,0.9000,0.9000,,shipping
8181,3502,9047,20.0000,5.2200,5.2200,5.2200,5.2200,,product
8182,3502,,20.0000,0.9000,0.9000,0.9000,0.9000,,shipping
8183,3503,9049,20.0000,7.7000,7.7000,7.7000,7.7000,,product
8184,3503,,20.0000,0.9000,0.9000,0.9000,0.9000,,shipping
8185,3504,9051,20.0000,5.2200,5.2200,5.2200,5.2200,,product
8186,3504,9053,20.0000,3.8500,3.8500,3.8500,3.8500,,product
8187,3504,9055,20.0000,5.2200,5.2200,5.2200,5.2200,,product
8188,3504,,20.0000,0.9000,0.9000,0.9000,0.9000,,shipping
8189,3505,9057,20.0000,3.8500,3.8500,3.8500,3.8500,,product
8190,3505,,20.0000,0.9000,0.9000,0.9000,0.9000,,shipping
8191,3506,9059,20.0000,3.9900,3.9900,3.9900,3.9900,,product
8192,3506,,20.0000,0.9000,0.9000,0.9000,0.9000,,shipping
8193,3507,9061,20.0000,5.2200,5.2200,5.2200,5.2200,,product
8194,3507,,20.0000,0.9000,0.9000,0.9000,0.9000,,shipping
8195,3508,9063,20.0000,4.0800,4.0800,4.0800,4.0800,,product
8196,3508,,20.0000,0.9000,0.9000,0.9000,0.9000,,shipping
8197,3509,9065,20.0000,8.2600,8.2600,8.2600,8.2600,,product
8198,3509,,20.0000,0.9000,0.9000,0.9000,0.9000,,shipping
8199,3510,9067,20.0000,3.8000,3.8000,3.8000,3.8000,,product
8200,3510,,20.0000,0.9000,0.9000,0.9000,0.9000,,shipping
8201,3511,9069,20.0000,4.0800,4.0800,4.0800,4.0800,,product
8202,3511,,20.0000,0.9000,0.9000,0.9000,0.9000,,shipping
8203,3512,9071,20.0000,4.6500,4.6500,4.6500,4.6500,,product
8204,3512,,20.0000,0.9000,0.9000,0.9000,0.9000,,shipping
8205,3513,9073,20.0000,3.8000,3.8000,3.8000,3.8000,,product
8206,3513,,20.0000,0.9000,0.9000,0.9000,0.9000,,shipping
8207,3514,9075,20.0000,5.2200,5.2200,5.2200,5.2200,,product
8208,3514,,20.0000,0.9000,0.9000,0.9000,0.9000,,shipping
8209,3515,9077,20.0000,3.8500,3.8500,3.8500,3.8500,,product
8210,3515,,20.0000,0.9000,0.9000,0.9000,0.9000,,shipping
8211,3516,9079,20.0000,3.8500,3.8500,3.8500,3.8500,,product
8212,3516,,20.0000,0.9000,0.9000,0.9000,0.9000,,shipping
8213,3517,9081,20.0000,3.9900,3.9900,3.9900,3.9900,,product
8214,3517,9083,20.0000,3.9800,3.9800,3.9800,3.9800,,product
8215,3517,,20.0000,0.9000,0.9000,0.9000,0.9000,,shipping
8216,3518,9085,20.0000,10.0700,10.0700,10.0700,10.0700,,product
8217,3518,,20.0000,0.0000,0.0000,0.0000,0.0000,,shipping
8218,3519,9087,20.0000,5.2200,5.2200,5.2200,5.2200,,product
8219,3519,,20.0000,0.9000,0.9000,0.9000,0.9000,,shipping
8220,3520,9089,20.0000,5.2200,5.2200,5.2200,5.2200,,product
8221,3520,,20.0000,0.9000,0.9000,0.9000,0.9000,,shipping
8222,3521,9091,20.0000,3.9900,3.9900,3.9900,3.9900,,product
8223,3521,,20.0000,0.9000,0.9000,0.9000,0.9000,,shipping
8224,3522,9093,20.0000,4.6500,4.6500,4.6500,4.6500,,product
8225,3522,,20.0000,0.9000,0.9000,0.9000,0.9000,,shipping
8226,3523,9095,20.0000,5.2200,5.2200,5.2200,5.2200,,product
8227,3523,,20.0000,0.9000,0.9000,0.9000,0.9000,,shipping
8228,3524,9097,20.0000,5.2200,5.2200,5.2200,5.2200,,product
8229,3524,,20.0000,0.9000,0.9000,0.9000,0.9000,,shipping
8230,3525,9099,20.0000,3.9900,3.9900,3.9900,3.9900,,product
8231,3525,,20.0000,0.9000,0.9000,0.9000,0.9000,,shipping
8232,3526,9101,20.0000,5.2200,5.2200,5.2200,5.2200,,product
8233,3526,,20.0000,0.9000,0.9000,0.9000,0.9000,,shipping
8234,3527,9103,20.0000,3.8500,3.8500,3.8500,3.8500,,product
8235,3527,,20.0000,0.9000,0.9000,0.9000,0.9000,,shipping
8236,3528,9105,20.0000,5.2200,5.2200,5.2200,5.2200,,product
8237,3528,,20.0000,0.9000,0.9000,0.9000,0.9000,,shipping
8238,3529,9107,20.0000,3.8500,3.8500,3.8500,3.8500,,product
8239,3529,,20.0000,0.9000,0.9000,0.9000,0.9000,,shipping
8240,3530,9109,20.0000,3.8500,3.8500,3.8500,3.8500,,product
8241,3530,,20.0000,0.9000,0.9000,0.9000,0.9000,,shipping
8242,3531,9111,20.0000,3.9900,3.9900,3.9900,3.9900,,product
8243,3531,,20.0000,0.9000,0.9000,0.9000,0.9000,,shipping
8244,3532,9113,20.0000,4.0800,4.0800,4.0800,4.0800,,product
8245,3532,,20.0000,0.9000,0.9000,0.9000,0.9000,,shipping
8246,3533,9115,20.0000,8.5500,8.5500,8.5500,8.5500,,product
8247,3533,,20.0000,0.9000,0.9000,0.9000,0.9000,,shipping
8248,3534,9117,20.0000,5.2200,5.2200,5.2200,5.2200,,product
8249,3534,,20.0000,0.9000,0.9000,0.9000,0.9000,,shipping
8250,3535,9119,20.0000,3.9900,3.9900,3.9900,3.9900,,product
8251,3535,,20.0000,0.9000,0.9000,0.9000,0.9000,,shipping
8252,3536,9121,20.0000,3.8500,3.8500,3.8500,3.8500,,product
8253,3536,,20.0000,0.9000,0.9000,0.9000,0.9000,,shipping
8254,3537,9123,20.0000,4.0800,4.0800,4.0800,4.0800,,product
8255,3537,,20.0000,0.9000,0.9000,0.9000,0.9000,,shipping
8256,3538,9125,20.0000,8.5500,8.5500,8.5500,8.5500,,product
8257,3538,,20.0000,0.9000,0.9000,0.9000,0.9000,,shipping
8258,3539,9127,20.0000,10.4400,10.4400,10.4400,10.4400,,product
8259,3539,,20.0000,0.9000,0.9000,0.9000,0.9000,,shipping
8260,3540,9129,20.0000,3.9900,3.9900,3.9900,3.9900,,product
8261,3540,,20.0000,0.9000,0.9000,0.9000,0.9000,,shipping
8262,3541,9131,20.0000,5.2200,5.2200,5.2200,5.2200,,product
8263,3541,,20.0000,0.9000,0.9000,0.9000,0.9000,,shipping
8264,3542,9133,20.0000,3.8500,3.8500,3.8500,3.8500,,product
8265,3542,,20.0000,0.9000,0.9000,0.9000,0.9000,,shipping
8266,3543,9135,20.0000,3.8500,3.8500,3.8500,3.8500,,product
8267,3543,,20.0000,0.9000,0.9000,0.9000,0.9000,,shipping
8268,3544,9137,20.0000,5.2200,5.2200,5.2200,5.2200,,product
8269,3544,,20.0000,0.9000,0.9000,0.9000,0.9000,,shipping
8270,3545,9139,20.0000,3.8000,3.8000,3.8000,3.8000,,product
8271,3545,,20.0000,0.9000,0.9000,0.9000,0.9000,,shipping
8272,3546,9141,20.0000,5.2200,5.2200,5.2200,5.2200,,product
8273,3546,,20.0000,0.9000,0.9000,0.9000,0.9000,,shipping
8274,3547,9143,20.0000,5.2200,5.2200,5.2200,5.2200,,product
8275,3547,,20.0000,0.9000,0.9000,0.9000,0.9000,,shipping
8276,3548,9145,20.0000,4.0800,4.0800,4.0800,4.0800,,product
8277,3548,,20.0000,0.9000,0.9000,0.9000,0.9000,,shipping
8278,3549,9147,20.0000,7.7900,7.7900,7.7900,7.7900,,product
8279,3549,,20.0000,0.9000,0.9000,0.9000,0.9000,,shipping
8280,3550,9149,20.0000,4.0800,4.0800,4.0800,4.0800,,product
8281,3550,,20.0000,0.9000,0.9000,0.9000,0.9000,,shipping
8282,3551,9151,20.0000,5.2200,5.2200,5.2200,5.2200,,product
8283,3551,9153,20.0000,3.8500,3.8500,3.8500,3.8500,,product
8284,3551,,20.0000,0.9000,0.9000,0.9000,0.9000,,shipping
8285,3552,9155,20.0000,3.9900,3.9900,3.9900,3.9900,,product
8286,3552,,20.0000,0.9000,0.9000,0.9000,0.9000,,shipping
8287,3553,9157,20.0000,5.2200,5.2200,5.2200,5.2200,,product
8288,3553,,20.0000,0.9000,0.9000,0.9000,0.9000,,shipping
8289,3554,9159,20.0000,3.8500,3.8500,3.8500,3.8500,,product
8290,3554,,20.0000,0.9000,0.9000,0.9000,0.9000,,shipping
8291,3555,9161,20.0000,5.2200,5.2200,5.2200,5.2200,,product
8292,3555,,20.0000,0.9000,0.9000,0.9000,0.9000,,shipping
8293,3556,9163,20.0000,4.0800,4.0800,4.0800,4.0800,,product
8294,3556,,20.0000,0.9000,0.9000,0.9000,0.9000,,shipping
8295,3557,9165,20.0000,5.3000,5.3000,5.3000,5.3000,,product
8296,3557,9167,20.0000,10.8300,10.8300,10.8300,10.8300,,product
8297,3557,9169,20.0000,10.8300,10.8300,10.8300,10.8300,,product
8298,3557,,20.0000,0.0000,0.0000,0.0000,0.0000,,shipping
8299,3558,9171,20.0000,5.2200,5.2200,5.2200,5.2200,,product
8300,3558,,20.0000,0.9000,0.9000,0.9000,0.9000,,shipping
8301,3559,9173,20.0000,3.8500,3.8500,3.8500,3.8500,,product
8302,3559,,20.0000,0.9000,0.9000,0.9000,0.9000,,shipping
8303,3560,9175,20.0000,5.2200,5.2200,5.2200,5.2200,,product
8304,3560,,20.0000,0.9000,0.9000,0.9000,0.9000,,shipping
8305,3561,9177,20.0000,9.7400,9.7400,9.7400,9.7400,,product
8306,3561,9179,20.0000,9.7500,9.7500,9.7500,9.7500,,product
8307,3561,9181,20.0000,9.7400,9.7400,9.7400,9.7400,,product
8308,3561,9183,20.0000,9.7500,9.7500,9.7500,9.7500,,product
8309,3561,9185,20.0000,1.6200,1.6200,1.6200,1.6200,,product
8310,3561,9187,20.0000,1.6200,1.6200,1.6200,1.6200,,product
8311,3561,9189,20.0000,1.6200,1.6200,1.6200,1.6200,,product
8312,3561,,20.0000,0.0000,0.0000,0.0000,0.0000,,shipping
8313,3562,9191,20.0000,3.8500,3.8500,3.8500,3.8500,,product
8314,3562,,20.0000,0.9000,0.9000,0.9000,0.9000,,shipping
8315,3563,9193,20.0000,3.8500,3.8500,3.8500,3.8500,,product
8316,3563,,20.0000,0.9000,0.9000,0.9000,0.9000,,shipping
8317,3564,9195,20.0000,5.2200,5.2200,5.2200,5.2200,,product
8318,3564,,20.0000,0.9000,0.9000,0.9000,0.9000,,shipping
8319,3565,9197,20.0000,3.8500,3.8500,3.8500,3.8500,,product
8320,3565,,20.0000,0.9000,0.9000,0.9000,0.9000,,shipping
8321,3566,9199,20.0000,5.2200,5.2200,5.2200,5.2200,,product
8322,3566,9201,20.0000,5.2200,5.2200,5.2200,5.2200,,product
8323,3566,,20.0000,0.9000,0.9000,0.9000,0.9000,,shipping
8324,3567,9203,20.0000,5.2200,5.2200,5.2200,5.2200,,product
8325,3567,,20.0000,0.9000,0.9000,0.9000,0.9000,,shipping
8326,3568,9205,20.0000,4.0800,4.0800,4.0800,4.0800,,product
8327,3568,,20.0000,0.9000,0.9000,0.9000,0.9000,,shipping
8328,3569,9207,20.0000,3.8500,3.8500,3.8500,3.8500,,product
8329,3569,,20.0000,0.9000,0.9000,0.9000,0.9000,,shipping
8330,3570,9209,20.0000,5.2200,5.2200,5.2200,5.2200,,product
8331,3570,,20.0000,0.9000,0.9000,0.9000,0.9000,,shipping
8332,3571,9211,20.0000,5.2200,5.2200,5.2200,5.2200,,product
8333,3571,,20.0000,0.9000,0.9000,0.9000,0.9000,,shipping
8334,3572,9213,20.0000,5.2200,5.2200,5.2200,5.2200,,product
8335,3572,,20.0000,0.9000,0.9000,0.9000,0.9000,,shipping
8336,3573,9215,20.0000,5.2200,5.2200,5.2200,5.2200,,product
8337,3573,,20.0000,0.9000,0.9000,0.9000,0.9000,,shipping
8338,3574,9217,20.0000,3.9900,3.9900,3.9900,3.9900,,product
8339,3574,,20.0000,0.9000,0.9000,0.9000,0.9000,,shipping
8340,3575,9219,20.0000,3.8000,3.8000,3.8000,3.8000,,product
8341,3575,,20.0000,0.9000,0.9000,0.9000,0.9000,,shipping
8342,3576,9221,20.0000,3.8500,3.8500,3.8500,3.8500,,product
8343,3576,,20.0000,0.9000,0.9000,0.9000,0.9000,,shipping
8344,3577,9223,20.0000,3.9900,3.9900,3.9900,3.9900,,product
8345,3577,9225,20.0000,1.6200,1.6200,1.6200,1.6200,,product
8346,3577,,20.0000,0.9000,0.9000,0.9000,0.9000,,shipping
8347,3578,9227,20.0000,9.7400,9.7400,9.7400,9.7400,,product
8348,3578,,20.0000,0.0000,0.0000,0.0000,0.0000,,shipping
8349,3579,9229,20.0000,10.0700,10.0700,10.0700,10.0700,,product
8350,3579,,20.0000,0.0000,0.0000,0.0000,0.0000,,shipping
8351,3580,9231,20.0000,10.5000,10.5000,10.5000,10.5000,,product
8352,3580,9233,20.0000,10.5000,10.5000,10.5000,10.5000,,product
8353,3580,,20.0000,0.0000,0.0000,0.0000,0.0000,,shipping
8354,3581,9235,20.0000,3.8500,3.8500,3.8500,3.8500,,product
8355,3581,,20.0000,0.9000,0.9000,0.9000,0.9000,,shipping
8356,3582,9237,20.0000,3.8500,3.8500,3.8500,3.8500,,product
8357,3582,,20.0000,0.9000,0.9000,0.9000,0.9000,,shipping
8358,3583,9239,20.0000,5.2200,5.2200,5.2200,5.2200,,product
8359,3583,,20.0000,0.9000,0.9000,0.9000,0.9000,,shipping
8360,3584,9241,20.0000,3.9900,3.9900,3.9900,3.9900,,product
8361,3584,9243,20.0000,3.9800,3.9800,3.9800,3.9800,,product
8362,3584,,20.0000,0.9000,0.9000,0.9000,0.9000,,shipping
8363,3585,9245,20.0000,5.2200,5.2200,5.2200,5.2200,,product
8364,3585,,20.0000,0.9000,0.9000,0.9000,0.9000,,shipping
8365,3586,9247,20.0000,4.0800,4.0800,4.0800,4.0800,,product
8366,3586,,20.0000,0.9000,0.9000,0.9000,0.9000,,shipping
8367,3587,9249,20.0000,2.8000,2.8000,2.8000,2.8000,,product
8368,3587,,20.0000,0.6600,0.6600,0.6600,0.6600,,shipping
8369,3588,9251,20.0000,5.2200,5.2200,5.2200,5.2200,,product
8370,3588,,20.0000,0.9000,0.9000,0.9000,0.9000,,shipping
8371,3589,9253,20.0000,5.2200,5.2200,5.2200,5.2200,,product
8372,3589,,20.0000,0.9000,0.9000,0.9000,0.9000,,shipping
8373,3590,9255,20.0000,3.8500,3.8500,3.8500,3.8500,,product
8374,3590,,20.0000,0.9000,0.9000,0.9000,0.9000,,shipping
8375,3591,9257,20.0000,3.8500,3.8500,3.8500,3.8500,,product
8376,3591,,20.0000,0.9000,0.9000,0.9000,0.9000,,shipping
8377,3592,9259,20.0000,1.6200,1.6200,1.6200,1.6200,,product
8378,3592,9261,20.0000,1.6200,1.6200,1.6200,1.6200,,product
8379,3592,9263,20.0000,1.6200,1.6200,1.6200,1.6200,,product
8380,3592,9265,20.0000,1.6200,1.6200,1.6200,1.6200,,product
8381,3592,9267,20.0000,1.6200,1.6200,1.6200,1.6200,,product
8382,3592,,20.0000,0.0000,0.0000,0.0000,0.0000,,shipping
8383,3593,9269,20.0000,3.8500,3.8500,3.8500,3.8500,,product
8384,3593,,20.0000,0.9000,0.9000,0.9000,0.9000,,shipping
8385,3594,9271,20.0000,3.8000,3.8000,3.8000,3.8000,,product
8386,3594,,20.0000,0.9000,0.9000,0.9000,0.9000,,shipping
8387,3595,9273,20.0000,3.8500,3.8500,3.8500,3.8500,,product
8388,3595,,20.0000,0.9000,0.9000,0.9000,0.9000,,shipping
8389,3596,9275,20.0000,3.9900,3.9900,3.9900,3.9900,,product
8390,3596,,20.0000,0.9000,0.9000,0.9000,0.9000,,shipping
8391,3597,9277,20.0000,5.2200,5.2200,5.2200,5.2200,,product
8392,3597,,20.0000,0.9000,0.9000,0.9000,0.9000,,shipping
8393,3598,9279,20.0000,3.8500,3.8500,3.8500,3.8500,,product
8394,3598,,20.0000,0.9000,0.9000,0.9000,0.9000,,shipping
8395,3599,9281,20.0000,3.8500,3.8500,3.8500,3.8500,,product
8396,3599,9283,20.0000,3.8500,3.8500,3.8500,3.8500,,product
8397,3599,,20.0000,0.9000,0.9000,0.9000,0.9000,,shipping
8398,3600,9285,20.0000,3.9900,3.9900,3.9900,3.9900,,product
8399,3600,,20.0000,0.9000,0.9000,0.9000,0.9000,,shipping
8400,3601,9287,20.0000,3.8500,3.8500,3.8500,3.8500,,product
8401,3601,,20.0000,0.9000,0.9000,0.9000,0.9000,,shipping
8402,3602,9289,20.0000,9.7400,9.7400,9.7400,9.7400,,product
8403,3602,9291,20.0000,10.0700,10.0700,10.0700,10.0700,,product
8404,3602,9293,20.0000,4.3300,4.3300,4.3300,4.3300,,product
8405,3602,,20.0000,0.0000,0.0000,0.0000,0.0000,,shipping
8406,3603,9295,20.0000,5.9500,5.9500,5.9500,5.9500,,product
8407,3603,,20.0000,0.6600,0.6600,0.6600,0.6600,,shipping
8408,3604,9297,20.0000,4.6500,4.6500,4.6500,4.6500,,product
8409,3604,,20.0000,0.9000,0.9000,0.9000,0.9000,,shipping
8410,3605,9299,20.0000,3.9900,3.9900,3.9900,3.9900,,product
8411,3605,,20.0000,0.9000,0.9000,0.9000,0.9000,,shipping
8412,3606,9301,20.0000,3.8500,3.8500,3.8500,3.8500,,product
8413,3606,,20.0000,0.9000,0.9000,0.9000,0.9000,,shipping
8414,3607,9303,20.0000,3.8500,3.8500,3.8500,3.8500,,product
8415,3607,,20.0000,0.9000,0.9000,0.9000,0.9000,,shipping
8416,3608,9305,20.0000,5.5100,5.5100,5.5100,5.5100,,product
8417,3608,,20.0000,0.9000,0.9000,0.9000,0.9000,,shipping
8418,3609,9307,20.0000,1.6200,1.6200,1.6200,1.6200,,product
8419,3609,9309,20.0000,1.6200,1.6200,1.6200,1.6200,,product
8420,3609,,20.0000,0.6600,0.6600,0.6600,0.6600,,shipping
8421,3610,9311,20.0000,3.9900,3.9900,3.9900,3.9900,,product
8422,3610,9313,20.0000,5.2200,5.2200,5.2200,5.2200,,product
8423,3610,9315,20.0000,3.8400,3.8400,3.8400,3.8400,,product
8424,3610,,20.0000,0.9000,0.9000,0.9000,0.9000,,shipping
8425,3611,9317,20.0000,8.5500,8.5500,8.5500,8.5500,,product
8426,3611,,20.0000,0.9000,0.9000,0.9000,0.9000,,shipping
8427,3612,9319,20.0000,3.8500,3.8500,3.8500,3.8500,,product
8428,3612,,20.0000,0.9000,0.9000,0.9000,0.9000,,shipping
8429,3613,9321,20.0000,3.9900,3.9900,3.9900,3.9900,,product
8430,3613,,20.0000,0.9000,0.9000,0.9000,0.9000,,shipping
8431,3614,9323,20.0000,5.2200,5.2200,5.2200,5.2200,,product
8432,3614,,20.0000,0.9000,0.9000,0.9000,0.9000,,shipping
8433,3615,9325,20.0000,3.8000,3.8000,3.8000,3.8000,,product
8434,3615,,20.0000,0.9000,0.9000,0.9000,0.9000,,shipping
8435,3616,9327,20.0000,5.2200,5.2200,5.2200,5.2200,,product
8436,3616,,20.0000,0.9000,0.9000,0.9000,0.9000,,shipping
8437,3617,9329,20.0000,3.8500,3.8500,3.8500,3.8500,,product
8438,3617,,20.0000,0.9000,0.9000,0.9000,0.9000,,shipping
8439,3618,9331,20.0000,3.8500,3.8500,3.8500,3.8500,,product
8440,3618,,20.0000,0.9000,0.9000,0.9000,0.9000,,shipping
8441,3619,9333,20.0000,5.2200,5.2200,5.2200,5.2200,,product
8442,3619,,20.0000,0.9000,0.9000,0.9000,0.9000,,shipping
8443,3620,9335,20.0000,5.2200,5.2200,5.2200,5.2200,,product
8444,3620,,20.0000,0.9000,0.9000,0.9000,0.9000,,shipping
8445,3621,9337,20.0000,4.0800,4.0800,4.0800,4.0800,,product
8446,3621,,20.0000,0.9000,0.9000,0.9000,0.9000,,shipping
8447,3622,9339,20.0000,5.2200,5.2200,5.2200,5.2200,,product
8448,3622,,20.0000,0.9000,0.9000,0.9000,0.9000,,shipping
8449,3623,9341,20.0000,8.2600,8.2600,8.2600,8.2600,,product
8450,3623,9343,20.0000,3.8500,3.8500,3.8500,3.8500,,product
8451,3623,,20.0000,0.9000,0.9000,0.9000,0.9000,,shipping
8452,3624,9345,20.0000,4.0800,4.0800,4.0800,4.0800,,product
8453,3624,,20.0000,0.9000,0.9000,0.9000,0.9000,,shipping
8454,3625,9347,20.0000,3.8000,3.8000,3.8000,3.8000,,product
8455,3625,,20.0000,0.9000,0.9000,0.9000,0.9000,,shipping
8456,3626,9349,20.0000,8.5500,8.5500,8.5500,8.5500,,product
8457,3626,9351,20.0000,8.5400,8.5400,8.5400,8.5400,,product
8458,3626,,20.0000,0.9000,0.9000,0.9000,0.9000,,shipping
8459,3627,9353,20.0000,8.5500,8.5500,8.5500,8.5500,,product
8460,3627,,20.0000,0.9000,0.9000,0.9000,0.9000,,shipping
8461,3628,9355,20.0000,5.2200,5.2200,5.2200,5.2200,,product
8462,3628,,20.0000,0.9000,0.9000,0.9000,0.9000,,shipping
8463,3629,9357,20.0000,5.2200,5.2200,5.2200,5.2200,,product
8464,3629,,20.0000,0.9000,0.9000,0.9000,0.9000,,shipping
8465,3630,9359,20.0000,5.2200,5.2200,5.2200,5.2200,,product
8466,3630,,20.0000,0.9000,0.9000,0.9000,0.9000,,shipping
8467,3631,9361,20.0000,3.2400,3.2400,3.2400,3.2400,,product
8468,3631,9363,20.0000,3.2400,3.2400,3.2400,3.2400,,product
8469,3631,9365,20.0000,1.8400,1.8400,1.8400,1.8400,,product
8470,3631,,20.0000,0.0000,0.0000,0.0000,0.0000,,shipping
8471,3632,9367,20.0000,9.2000,9.2000,9.2000,9.2000,,product
8472,3632,9369,20.0000,9.2000,9.2000,9.2000,9.2000,,product
8473,3632,,20.0000,0.0000,0.0000,0.0000,0.0000,,shipping
8474,3633,9371,20.0000,9.7400,9.7400,9.7400,9.7400,,product
8475,3633,9373,20.0000,9.7500,9.7500,9.7500,9.7500,,product
8476,3633,9375,20.0000,10.0700,10.0700,10.0700,10.0700,,product
8477,3633,,20.0000,0.0000,0.0000,0.0000,0.0000,,shipping
8478,3634,9377,20.0000,3.8500,3.8500,3.8500,3.8500,,product
8479,3634,,20.0000,0.9000,0.9000,0.9000,0.9000,,shipping
8480,3635,9379,20.0000,3.8500,3.8500,3.8500,3.8500,,product
8481,3635,,20.0000,0.9000,0.9000,0.9000,0.9000,,shipping
8482,3636,9381,20.0000,8.5500,8.5500,8.5500,8.5500,,product
8483,3636,,20.0000,0.9000,0.9000,0.9000,0.9000,,shipping
8484,3637,9383,20.0000,5.9500,5.9500,5.9500,5.9500,,product
8485,3637,9385,20.0000,1.1900,1.1900,1.1900,1.1900,,product
8486,3637,9387,20.0000,1.1800,1.1800,1.1800,1.1800,,product
8487,3637,9389,20.0000,1.1900,1.1900,1.1900,1.1900,,product
8488,3637,,20.0000,0.0000,0.0000,0.0000,0.0000,,shipping
8489,3638,9391,20.0000,3.8500,3.8500,3.8500,3.8500,,product
8490,3638,,20.0000,0.9000,0.9000,0.9000,0.9000,,shipping
8491,3639,9393,20.0000,3.8500,3.8500,3.8500,3.8500,,product
8492,3639,,20.0000,0.9000,0.9000,0.9000,0.9000,,shipping
8493,3640,9395,20.0000,3.8500,3.8500,3.8500,3.8500,,product
8494,3640,,20.0000,0.9000,0.9000,0.9000,0.9000,,shipping
8495,3641,9397,20.0000,5.2200,5.2200,5.2200,5.2200,,product
8496,3641,,20.0000,0.9000,0.9000,0.9000,0.9000,,shipping
8497,3642,9399,20.0000,4.0800,4.0800,4.0800,4.0800,,product
8498,3642,9401,20.0000,9.5000,9.5000,9.5000,9.5000,,product
8499,3642,,20.0000,0.9000,0.9000,0.9000,0.9000,,shipping
8500,3643,9403,20.0000,9.5000,9.5000,9.5000,9.5000,,product
8501,3643,,20.0000,0.9000,0.9000,0.9000,0.9000,,shipping
8502,3644,9405,20.0000,3.8000,3.8000,3.8000,3.8000,,product
8503,3644,,20.0000,0.9000,0.9000,0.9000,0.9000,,shipping
8504,3645,9407,20.0000,3.8000,3.8000,3.8000,3.8000,,product
8505,3645,,20.0000,0.9000,0.9000,0.9000,0.9000,,shipping
8506,3646,9409,20.0000,5.2200,5.2200,5.2200,5.2200,,product
8507,3646,,20.0000,0.9000,0.9000,0.9000,0.9000,,shipping
8508,3647,9411,20.0000,3.8000,3.8000,3.8000,3.8000,,product
8509,3647,,20.0000,0.9000,0.9000,0.9000,0.9000,,shipping
8510,3648,9413,20.0000,5.2200,5.2200,5.2200,5.2200,,product
8511,3648,,20.0000,0.9000,0.9000,0.9000,0.9000,,shipping
8512,3649,9415,20.0000,5.2200,5.2200,5.2200,5.2200,,product
8513,3649,,20.0000,0.9000,0.9000,0.9000,0.9000,,shipping
8514,3650,9417,20.0000,4.0800,4.0800,4.0800,4.0800,,product
8515,3650,,20.0000,0.9000,0.9000,0.9000,0.9000,,shipping
8516,3651,9419,20.0000,3.8500,3.8500,3.8500,3.8500,,product
8517,3651,,20.0000,0.9000,0.9000,0.9000,0.9000,,shipping
8518,3652,9421,20.0000,3.6700,3.6700,3.6700,3.6700,,product
8519,3652,9423,20.0000,10.8300,10.8300,10.8300,10.8300,,product
8520,3652,,20.0000,0.0000,0.0000,0.0000,0.0000,,shipping
8521,3653,9425,20.0000,4.0800,4.0800,4.0800,4.0800,,product
8522,3653,,20.0000,0.9000,0.9000,0.9000,0.9000,,shipping
8523,3654,9427,20.0000,5.2200,5.2200,5.2200,5.2200,,product
8524,3654,,20.0000,0.9000,0.9000,0.9000,0.9000,,shipping
8525,3655,9429,20.0000,3.5600,3.5600,3.5600,3.5600,,product
8526,3655,,20.0000,0.6600,0.6600,0.6600,0.6600,,shipping
8527,3656,9431,20.0000,4.0800,4.0800,4.0800,4.0800,,product
8528,3656,9433,20.0000,1.4000,1.4000,1.4000,1.4000,,product
8529,3656,9435,20.0000,2.8100,2.8100,2.8100,2.8100,,product
8530,3656,,20.0000,0.9000,0.9000,0.9000,0.9000,,shipping
8531,3657,9437,20.0000,3.8000,3.8000,3.8000,3.8000,,product
8532,3657,,20.0000,0.9000,0.9000,0.9000,0.9000,,shipping
8533,3658,9439,20.0000,3.8000,3.8000,3.8000,3.8000,,product
8534,3658,,20.0000,0.9000,0.9000,0.9000,0.9000,,shipping
8535,3659,9441,20.0000,5.9500,5.9500,5.9500,5.9500,,product
8536,3659,,20.0000,0.6600,0.6600,0.6600,0.6600,,shipping
8537,3660,9443,20.0000,4.6500,4.6500,4.6500,4.6500,,product
8538,3660,,20.0000,0.9000,0.9000,0.9000,0.9000,,shipping
8539,3661,9445,20.0000,3.8000,3.8000,3.8000,3.8000,,product
8540,3661,,20.0000,0.9000,0.9000,0.9000,0.9000,,shipping
8541,3662,9447,20.0000,5.2200,5.2200,5.2200,5.2200,,product
8542,3662,,20.0000,0.9000,0.9000,0.9000,0.9000,,shipping
8543,3663,9449,20.0000,3.8500,3.8500,3.8500,3.8500,,product
8544,3663,,20.0000,0.9000,0.9000,0.9000,0.9000,,shipping
8545,3664,9451,20.0000,5.2200,5.2200,5.2200,5.2200,,product
8546,3664,,20.0000,0.9000,0.9000,0.9000,0.9000,,shipping
8547,3665,9453,20.0000,10.0700,10.0700,10.0700,10.0700,,product
8548,3665,9455,20.0000,9.7400,9.7400,9.7400,9.7400,,product
8549,3665,9457,20.0000,9.7500,9.7500,9.7500,9.7500,,product
8550,3665,,20.0000,0.0000,0.0000,0.0000,0.0000,,shipping
8551,3666,9459,20.0000,3.9900,3.9900,3.9900,3.9900,,product
8552,3666,,20.0000,0.9000,0.9000,0.9000,0.9000,,shipping
8553,3667,9461,20.0000,8.0700,8.0700,8.0700,8.0700,,product
8554,3667,,20.0000,0.9000,0.9000,0.9000,0.9000,,shipping
8555,3668,9463,20.0000,3.9900,3.9900,3.9900,3.9900,,product
8556,3668,,20.0000,0.9000,0.9000,0.9000,0.9000,,shipping
8557,3669,9465,20.0000,3.8500,3.8500,3.8500,3.8500,,product
8558,3669,,20.0000,0.9000,0.9000,0.9000,0.9000,,shipping
8559,3670,9467,20.0000,5.2200,5.2200,5.2200,5.2200,,product
8560,3670,,20.0000,0.9000,0.9000,0.9000,0.9000,,shipping
8561,3671,9469,20.0000,9.7400,9.7400,9.7400,9.7400,,product
8562,3671,,20.0000,0.6600,0.6600,0.6600,0.6600,,shipping
8563,3672,9471,20.0000,5.2200,5.2200,5.2200,5.2200,,product
8564,3672,,20.0000,0.9000,0.9000,0.9000,0.9000,,shipping
8565,3673,9473,20.0000,3.9900,3.9900,3.9900,3.9900,,product
8566,3673,9475,20.0000,1.6200,1.6200,1.6200,1.6200,,product
8567,3673,,20.0000,0.9000,0.9000,0.9000,0.9000,,shipping
8568,3674,9477,20.0000,3.8500,3.8500,3.8500,3.8500,,product
8569,3674,,20.0000,0.9000,0.9000,0.9000,0.9000,,shipping
8570,3675,9479,20.0000,5.2200,5.2200,5.2200,5.2200,,product
8571,3675,,20.0000,0.9000,0.9000,0.9000,0.9000,,shipping
8572,3676,9481,20.0000,3.8500,3.8500,3.8500,3.8500,,product
8573,3676,,20.0000,0.9000,0.9000,0.9000,0.9000,,shipping
8574,3677,9483,20.0000,5.2200,5.2200,5.2200,5.2200,,product
8575,3677,,20.0000,0.9000,0.9000,0.9000,0.9000,,shipping
8576,3678,9485,20.0000,3.8000,3.8000,3.8000,3.8000,,product
8577,3678,,20.0000,0.9000,0.9000,0.9000,0.9000,,shipping
8578,3679,9487,20.0000,3.8000,3.8000,3.8000,3.8000,,product
8579,3679,9489,20.0000,3.7900,3.7900,3.7900,3.7900,,product
8580,3679,9491,20.0000,5.2200,5.2200,5.2200,5.2200,,product
8581,3679,,20.0000,0.9000,0.9000,0.9000,0.9000,,shipping
8582,3680,9493,20.0000,5.3000,5.3000,5.3000,5.3000,,product
8583,3680,9495,20.0000,5.3000,5.3000,5.3000,5.3000,,product
8584,3680,9497,20.0000,1.1900,1.1900,1.1900,1.1900,,product
8585,3680,9499,20.0000,1.1900,1.1900,1.1900,1.1900,,product
8586,3680,9501,20.0000,1.1800,1.1800,1.1800,1.1800,,product
8587,3680,,20.0000,0.0000,0.0000,0.0000,0.0000,,shipping
8588,3681,9503,20.0000,3.8000,3.8000,3.8000,3.8000,,product
8589,3681,,20.0000,0.9000,0.9000,0.9000,0.9000,,shipping
8590,3682,9505,20.0000,8.5500,8.5500,8.5500,8.5500,,product
8591,3682,,20.0000,0.9000,0.9000,0.9000,0.9000,,shipping
8592,3683,9507,20.0000,3.8500,3.8500,3.8500,3.8500,,product
8593,3683,,20.0000,0.9000,0.9000,0.9000,0.9000,,shipping
8594,3684,9509,20.0000,1.1900,1.1900,1.1900,1.1900,,product
8595,3684,9511,20.0000,1.1800,1.1800,1.1800,1.1800,,product
8596,3684,9513,20.0000,1.1900,1.1900,1.1900,1.1900,,product
8597,3684,9515,20.0000,1.1800,1.1800,1.1800,1.1800,,product
8598,3684,9517,20.0000,1.6200,1.6200,1.6200,1.6200,,product
8599,3684,9519,20.0000,1.6200,1.6200,1.6200,1.6200,,product
8600,3684,9521,20.0000,1.6200,1.6200,1.6200,1.6200,,product
8601,3684,9523,20.0000,1.6200,1.6200,1.6200,1.6200,,product
8602,3684,,20.0000,0.0000,0.0000,0.0000,0.0000,,shipping
8603,3685,9525,20.0000,8.5500,8.5500,8.5500,8.5500,,product
8604,3685,,20.0000,0.9000,0.9000,0.9000,0.9000,,shipping
8605,3686,9527,20.0000,8.5500,8.5500,8.5500,8.5500,,product
8606,3686,,20.0000,0.9000,0.9000,0.9000,0.9000,,shipping
8607,3687,9529,20.0000,5.2200,5.2200,5.2200,5.2200,,product
8608,3687,,20.0000,0.9000,0.9000,0.9000,0.9000,,shipping
8609,3688,9531,20.0000,1.4300,1.4300,1.4300,1.4300,,product
8610,3688,9533,20.0000,1.4300,1.4300,1.4300,1.4300,,product
8611,3688,9535,20.0000,1.4300,1.4300,1.4300,1.4300,,product
8612,3688,9537,20.0000,0.6400,0.6400,0.6400,0.6400,,product
8613,3688,9539,20.0000,1.1900,1.1900,1.1900,1.1900,,product
8614,3688,9541,20.0000,4.2100,4.2100,4.2100,4.2100,,product
8615,3688,,20.0000,0.0000,0.0000,0.0000,0.0000,,shipping
8616,3689,9543,20.0000,3.8000,3.8000,3.8000,3.8000,,product
8617,3689,9545,20.0000,3.7900,3.7900,3.7900,3.7900,,product
8618,3689,,20.0000,0.9000,0.9000,0.9000,0.9000,,shipping
8619,3690,9547,20.0000,3.8500,3.8500,3.8500,3.8500,,product
8620,3690,,20.0000,0.9000,0.9000,0.9000,0.9000,,shipping
8621,3691,9549,20.0000,8.2600,8.2600,8.2600,8.2600,,product
8622,3691,,20.0000,0.9000,0.9000,0.9000,0.9000,,shipping
8623,3692,9551,20.0000,3.8500,3.8500,3.8500,3.8500,,product
8624,3692,,20.0000,0.9000,0.9000,0.9000,0.9000,,shipping
8625,3693,9553,20.0000,3.8500,3.8500,3.8500,3.8500,,product
8626,3693,,20.0000,0.9000,0.9000,0.9000,0.9000,,shipping
8627,3694,9555,20.0000,10.0700,10.0700,10.0700,10.0700,,product
8628,3694,,20.0000,0.0000,0.0000,0.0000,0.0000,,shipping
8629,3695,9557,20.0000,4.8900,4.8900,4.8900,4.8900,,product
8630,3695,9559,20.0000,4.0500,4.0500,4.0500,4.0500,,product
8631,3695,9561,20.0000,10.9900,10.9900,10.9900,10.9900,,product
8632,3695,9563,20.0000,5.5000,5.5000,5.5000,5.5000,,product
8633,3695,,20.0000,0.6500,0.6500,0.6500,0.6500,,shipping
8634,3696,9565,20.0000,3.8500,3.8500,3.8500,3.8500,,product
8635,3696,,20.0000,0.9000,0.9000,0.9000,0.9000,,shipping
8636,3697,9567,20.0000,9.2000,9.2000,9.2000,9.2000,,product
8637,3697,,20.0000,0.0000,0.0000,0.0000,0.0000,,shipping
8638,3698,9569,20.0000,10.2900,10.2900,10.2900,10.2900,,product
8639,3698,,20.0000,0.0000,0.0000,0.0000,0.0000,,shipping
8640,3699,9571,20.0000,10.0700,10.0700,10.0700,10.0700,,product
8641,3699,,20.0000,0.0000,0.0000,0.0000,0.0000,,shipping
8642,3700,9573,20.0000,8.8300,8.8300,8.8300,8.8300,,product
8643,3700,,20.0000,0.9000,0.9000,0.9000,0.9000,,shipping
8644,3701,9575,20.0000,5.2200,5.2200,5.2200,5.2200,,product
8645,3701,,20.0000,0.9000,0.9000,0.9000,0.9000,,shipping
8646,3702,9577,20.0000,3.8000,3.8000,3.8000,3.8000,,product
8647,3702,,20.0000,0.9000,0.9000,0.9000,0.9000,,shipping
8648,3703,9579,20.0000,9.2000,9.2000,9.2000,9.2000,,product
8649,3703,,20.0000,0.0000,0.0000,0.0000,0.0000,,shipping
8650,3704,9581,20.0000,4.3300,4.3300,4.3300,4.3300,,product
8651,3704,9583,20.0000,3.2400,3.2400,3.2400,3.2400,,product
8652,3704,9585,20.0000,1.6200,1.6200,1.6200,1.6200,,product
8653,3704,,20.0000,0.0000,0.0000,0.0000,0.0000,,shipping
8654,3705,9587,20.0000,1.6200,1.6200,1.6200,1.6200,,product
8655,3705,9589,20.0000,1.6200,1.6200,1.6200,1.6200,,product
8656,3705,9591,20.0000,1.6200,1.6200,1.6200,1.6200,,product
8657,3705,9593,20.0000,1.6200,1.6200,1.6200,1.6200,,product
8658,3705,,20.0000,0.0000,0.0000,0.0000,0.0000,,shipping
8659,3706,9595,20.0000,4.6500,4.6500,4.6500,4.6500,,product
8660,3706,,20.0000,0.9000,0.9000,0.9000,0.9000,,shipping
8661,3707,9597,20.0000,8.5500,8.5500,8.5500,8.5500,,product
8662,3707,,20.0000,0.9000,0.9000,0.9000,0.9000,,shipping
8663,3708,9599,20.0000,1.1900,1.1900,1.1900,1.1900,,product
8664,3708,,20.0000,0.6500,0.6500,0.6500,0.6500,,shipping
8665,3709,9601,20.0000,5.2200,5.2200,5.2200,5.2200,,product
8666,3709,,20.0000,0.9000,0.9000,0.9000,0.9000,,shipping
8667,3710,9603,20.0000,4.0800,4.0800,4.0800,4.0800,,product
8668,3710,,20.0000,0.9000,0.9000,0.9000,0.9000,,shipping
8669,3711,9605,20.0000,4.6500,4.6500,4.6500,4.6500,,product
8670,3711,,20.0000,0.9000,0.9000,0.9000,0.9000,,shipping
8671,3712,9607,20.0000,8.0700,8.0700,8.0700,8.0700,,product
8672,3712,,20.0000,0.9000,0.9000,0.9000,0.9000,,shipping
8673,3713,9609,20.0000,10.0700,10.0700,10.0700,10.0700,,product
8674,3713,9611,20.0000,10.0700,10.0700,10.0700,10.0700,,product
8675,3713,,20.0000,0.0000,0.0000,0.0000,0.0000,,shipping
8676,3714,9613,20.0000,3.9900,3.9900,3.9900,3.9900,,product
8677,3714,,20.0000,0.9000,0.9000,0.9000,0.9000,,shipping
8678,3715,9615,20.0000,3.8500,3.8500,3.8500,3.8500,,product
8679,3715,,20.0000,0.9000,0.9000,0.9000,0.9000,,shipping
8680,3716,9617,20.0000,8.0700,8.0700,8.0700,8.0700,,product
8681,3716,,20.0000,0.9000,0.9000,0.9000,0.9000,,shipping
8682,3717,9619,20.0000,3.9900,3.9900,3.9900,3.9900,,product
8683,3717,,20.0000,0.9000,0.9000,0.9000,0.9000,,shipping
8684,3718,9621,20.0000,4.5400,4.5400,4.5400,4.5400,,product
8685,3718,9623,20.0000,1.4300,1.4300,1.4300,1.4300,,product
8686,3718,9625,20.0000,1.4300,1.4300,1.4300,1.4300,,product
8687,3718,9627,20.0000,1.4300,1.4300,1.4300,1.4300,,product
8688,3718,,20.0000,0.0000,0.0000,0.0000,0.0000,,shipping
8689,3719,9629,20.0000,4.6500,4.6500,4.6500,4.6500,,product
8690,3719,9631,20.0000,4.6500,4.6500,4.6500,4.6500,,product
8691,3719,,20.0000,0.9000,0.9000,0.9000,0.9000,,shipping
8692,3720,9633,20.0000,1.6200,1.6200,1.6200,1.6200,,product
8693,3720,9635,20.0000,1.6200,1.6200,1.6200,1.6200,,product
8694,3720,9637,20.0000,1.6200,1.6200,1.6200,1.6200,,product
8695,3720,9639,20.0000,1.6200,1.6200,1.6200,1.6200,,product
8696,3720,,20.0000,0.0000,0.0000,0.0000,0.0000,,shipping
8697,3721,9641,20.0000,5.2200,5.2200,5.2200,5.2200,,product
8698,3721,,20.0000,0.9000,0.9000,0.9000,0.9000,,shipping
8699,3722,9643,20.0000,1.6200,1.6200,1.6200,1.6200,,product
8700,3722,9645,20.0000,1.6200,1.6200,1.6200,1.6200,,product
8701,3722,9647,20.0000,1.6200,1.6200,1.6200,1.6200,,product
8702,3722,,20.0000,0.6600,0.6600,0.6600,0.6600,,shipping
8703,3723,9649,20.0000,10.5000,10.5000,10.5000,10.5000,,product
8704,3723,9651,20.0000,9.7500,9.7500,9.7500,9.7500,,product
8705,3723,9653,20.0000,4.3200,4.3200,4.3200,4.3200,,product
8706,3723,9655,20.0000,4.8600,4.8600,4.8600,4.8600,,product
8707,3723,,20.0000,3.0000,3.0000,3.0000,3.0000,,shipping
8708,3724,9657,20.0000,3.9900,3.9900,3.9900,3.9900,,product
8709,3724,,20.0000,0.9000,0.9000,0.9000,0.9000,,shipping
8710,3725,9659,20.0000,8.5500,8.5500,8.5500,8.5500,,product
8711,3725,,20.0000,0.9000,0.9000,0.9000,0.9000,,shipping
8712,3726,9661,20.0000,5.2200,5.2200,5.2200,5.2200,,product
8713,3726,9663,20.0000,1.6200,1.6200,1.6200,1.6200,,product
8714,3726,,20.0000,0.9000,0.9000,0.9000,0.9000,,shipping
8715,3727,9665,20.0000,3.8500,3.8500,3.8500,3.8500,,product
8716,3727,9667,20.0000,3.8500,3.8500,3.8500,3.8500,,product
8717,3727,,20.0000,0.9000,0.9000,0.9000,0.9000,,shipping
8718,3728,9669,20.0000,3.8500,3.8500,3.8500,3.8500,,product
8719,3728,,20.0000,0.9000,0.9000,0.9000,0.9000,,shipping
8720,3729,9671,20.0000,1.1900,1.1900,1.1900,1.1900,,product
8721,3729,9673,20.0000,1.1800,1.1800,1.1800,1.1800,,product
8722,3729,,20.0000,0.6600,0.6600,0.6600,0.6600,,shipping
8723,3730,9675,20.0000,1.6200,1.6200,1.6200,1.6200,,product
8724,3730,9677,20.0000,1.6200,1.6200,1.6200,1.6200,,product
8725,3730,9679,20.0000,1.6200,1.6200,1.6200,1.6200,,product
8726,3730,9681,20.0000,1.6200,1.6200,1.6200,1.6200,,product
8727,3730,,20.0000,0.0000,0.0000,0.0000,0.0000,,shipping
8728,3731,9683,20.0000,3.8500,3.8500,3.8500,3.8500,,product
8729,3731,,20.0000,0.9000,0.9000,0.9000,0.9000,,shipping
8730,3732,9685,20.0000,3.2400,3.2400,3.2400,3.2400,,product
8731,3732,9687,20.0000,1.6200,1.6200,1.6200,1.6200,,product
8732,3732,,20.0000,0.6600,0.6600,0.6600,0.6600,,shipping
8733,3733,9689,20.0000,9.7400,9.7400,9.7400,9.7400,,product
8734,3733,9691,20.0000,9.7500,9.7500,9.7500,9.7500,,product
8735,3733,,20.0000,0.0000,0.0000,0.0000,0.0000,,shipping
8736,3734,9693,20.0000,5.9500,5.9500,5.9500,5.9500,,product
8737,3734,9695,20.0000,5.9500,5.9500,5.9500,5.9500,,product
8738,3734,9697,20.0000,5.9600,5.9600,5.9600,5.9600,,product
8739,3734,,20.0000,0.0000,0.0000,0.0000,0.0000,,shipping
8740,3735,9699,20.0000,5.2200,5.2200,5.2200,5.2200,,product
8741,3735,,20.0000,0.9000,0.9000,0.9000,0.9000,,shipping
8742,3736,9701,20.0000,9.0200,9.0200,9.0200,9.0200,,product
8743,3736,,20.0000,0.9000,0.9000,0.9000,0.9000,,shipping
8744,3737,9703,20.0000,10.0700,10.0700,10.0700,10.0700,,product
8745,3737,9705,20.0000,5.9500,5.9500,5.9500,5.9500,,product
8746,3737,9707,20.0000,1.8400,1.8400,1.8400,1.8400,,product
8747,3737,9709,20.0000,1.8300,1.8300,1.8300,1.8300,,product
8748,3737,9711,20.0000,2.8100,2.8100,2.8100,2.8100,,product
8749,3737,,20.0000,0.0000,0.0000,0.0000,0.0000,,shipping
8750,3738,9713,20.0000,3.8500,3.8500,3.8500,3.8500,,product
8751,3738,,20.0000,0.9000,0.9000,0.9000,0.9000,,shipping
8752,3739,9715,20.0000,9.7400,9.7400,9.7400,9.7400,,product
8753,3739,,20.0000,0.0000,0.0000,0.0000,0.0000,,shipping
8754,3740,9717,20.0000,5.2200,5.2200,5.2200,5.2200,,product
8755,3740,9719,20.0000,5.2200,5.2200,5.2200,5.2200,,product
8756,3740,,20.0000,0.9000,0.9000,0.9000,0.9000,,shipping
8757,3741,9721,20.0000,3.8500,3.8500,3.8500,3.8500,,product
8758,3741,,20.0000,0.9000,0.9000,0.9000,0.9000,,shipping
8759,3742,9723,20.0000,5.4900,5.4900,5.4900,5.4900,,product
8760,3742,9725,20.0000,4.9000,4.9000,4.9000,4.9000,,product
8761,3742,9727,20.0000,4.0500,4.0500,4.0500,4.0500,,product
8762,3742,,20.0000,0.6600,0.6600,0.6600,0.6600,,shipping
8763,3743,9729,20.0000,4.0800,4.0800,4.0800,4.0800,,product
8764,3743,,20.0000,0.9000,0.9000,0.9000,0.9000,,shipping
8765,3744,9731,20.0000,4.0800,4.0800,4.0800,4.0800,,product
8766,3744,,20.0000,0.9000,0.9000,0.9000,0.9000,,shipping
8767,3745,9733,20.0000,10.8300,10.8300,10.8300,10.8300,,product
8768,3745,,20.0000,0.0000,0.0000,0.0000,0.0000,,shipping
8769,3746,9735,20.0000,3.8500,3.8500,3.8500,3.8500,,product
8770,3746,,20.0000,0.9000,0.9000,0.9000,0.9000,,shipping
8771,3747,9737,20.0000,3.8500,3.8500,3.8500,3.8500,,product
8772,3747,9739,20.0000,3.8500,3.8500,3.8500,3.8500,,product
8773,3747,,20.0000,0.9000,0.9000,0.9000,0.9000,,shipping
8774,3748,9741,20.0000,10.0700,10.0700,10.0700,10.0700,,product
8775,3748,9743,20.0000,9.2000,9.2000,9.2000,9.2000,,product
8776,3748,,20.0000,0.0000,0.0000,0.0000,0.0000,,shipping
8777,3749,9745,20.0000,3.8500,3.8500,3.8500,3.8500,,product
8778,3749,,20.0000,0.9000,0.9000,0.9000,0.9000,,shipping
8779,3750,9747,20.0000,3.8500,3.8500,3.8500,3.8500,,product
8780,3750,9749,20.0000,3.8500,3.8500,3.8500,3.8500,,product
8781,3750,,20.0000,0.9000,0.9000,0.9000,0.9000,,shipping
8782,3751,9751,20.0000,3.8500,3.8500,3.8500,3.8500,,product
8783,3751,,20.0000,0.9000,0.9000,0.9000,0.9000,,shipping
8784,3752,9753,20.0000,9.0200,9.0200,9.0200,9.0200,,product
8785,3752,,20.0000,0.9000,0.9000,0.9000,0.9000,,shipping
8786,3753,9755,20.0000,3.8000,3.8000,3.8000,3.8000,,product
8787,3753,,20.0000,0.9000,0.9000,0.9000,0.9000,,shipping
8788,3754,9757,20.0000,9.7400,9.7400,9.7400,9.7400,,product
8789,3754,,20.0000,0.0000,0.0000,0.0000,0.0000,,shipping
8790,3755,9759,20.0000,8.0700,8.0700,8.0700,8.0700,,product
8791,3755,9761,20.0000,8.3600,8.3600,8.3600,8.3600,,product
8792,3755,9763,20.0000,8.0700,8.0700,8.0700,8.0700,,product
8793,3755,9765,20.0000,8.8300,8.8300,8.8300,8.8300,,product
8794,3755,,20.0000,0.9000,0.9000,0.9000,0.9000,,shipping
8795,3756,9767,20.0000,3.8500,3.8500,3.8500,3.8500,,product
8796,3756,,20.0000,0.9000,0.9000,0.9000,0.9000,,shipping
8797,3757,9769,20.0000,3.8000,3.8000,3.8000,3.8000,,product
8798,3757,,20.0000,0.9000,0.9000,0.9000,0.9000,,shipping
8799,3758,9771,20.0000,3.8000,3.8000,3.8000,3.8000,,product
8800,3758,,20.0000,0.9000,0.9000,0.9000,0.9000,,shipping
8801,3759,9773,20.0000,5.3000,5.3000,5.3000,5.3000,,product
8802,3759,9775,20.0000,5.3000,5.3000,5.3000,5.3000,,product
8803,3759,9777,20.0000,5.3100,5.3100,5.3100,5.3100,,product
8804,3759,9779,20.0000,5.3000,5.3000,5.3000,5.3000,,product
8805,3759,,20.0000,0.0000,0.0000,0.0000,0.0000,,shipping
8806,3760,9781,20.0000,5.9500,5.9500,5.9500,5.9500,,product
8807,3760,9783,20.0000,5.9500,5.9500,5.9500,5.9500,,product
8808,3760,,20.0000,0.0000,0.0000,0.0000,0.0000,,shipping
8809,3761,9785,20.0000,3.8500,3.8500,3.8500,3.8500,,product
8810,3761,,20.0000,0.9000,0.9000,0.9000,0.9000,,shipping
8811,3762,9787,20.0000,3.8000,3.8000,3.8000,3.8000,,product
8812,3762,,20.0000,0.9000,0.9000,0.9000,0.9000,,shipping
8813,3763,9789,20.0000,3.8500,3.8500,3.8500,3.8500,,product
8814,3763,,20.0000,0.9000,0.9000,0.9000,0.9000,,shipping
8815,3764,9791,20.0000,3.8000,3.8000,3.8000,3.8000,,product
8816,3764,,20.0000,0.9000,0.9000,0.9000,0.9000,,shipping
8817,3765,9793,20.0000,1.8400,1.8400,1.8400,1.8400,,product
8818,3765,9795,20.0000,1.8300,1.8300,1.8300,1.8300,,product
8819,3765,9797,20.0000,1.6200,1.6200,1.6200,1.6200,,product
8820,3765,9799,20.0000,1.6200,1.6200,1.6200,1.6200,,product
8821,3765,9801,20.0000,1.6200,1.6200,1.6200,1.6200,,product
8822,3765,9803,20.0000,1.6200,1.6200,1.6200,1.6200,,product
8823,3765,,20.0000,0.0000,0.0000,0.0000,0.0000,,shipping
8824,3766,9805,20.0000,3.8500,3.8500,3.8500,3.8500,,product
8825,3766,,20.0000,0.9000,0.9000,0.9000,0.9000,,shipping
8826,3767,9807,20.0000,4.0800,4.0800,4.0800,4.0800,,product
8827,3767,9809,20.0000,4.0800,4.0800,4.0800,4.0800,,product
8828,3767,,20.0000,0.9000,0.9000,0.9000,0.9000,,shipping
8829,3768,9811,20.0000,3.8000,3.8000,3.8000,3.8000,,product
8830,3768,,20.0000,0.9000,0.9000,0.9000,0.9000,,shipping
8831,3769,9813,20.0000,9.7400,9.7400,9.7400,9.7400,,product
8832,3769,,20.0000,0.0000,0.0000,0.0000,0.0000,,shipping
8833,3770,9815,20.0000,3.8000,3.8000,3.8000,3.8000,,product
8834,3770,,20.0000,0.9000,0.9000,0.9000,0.9000,,shipping
8835,3771,9817,20.0000,4.6500,4.6500,4.6500,4.6500,,product
8836,3771,,20.0000,0.9000,0.9000,0.9000,0.9000,,shipping
8837,3772,9819,20.0000,4.6500,4.6500,4.6500,4.6500,,product
8838,3772,9821,20.0000,9.5000,9.5000,9.5000,9.5000,,product
8839,3772,,20.0000,0.9000,0.9000,0.9000,0.9000,,shipping
8840,3773,9823,20.0000,3.8000,3.8000,3.8000,3.8000,,product
8841,3773,,20.0000,0.9000,0.9000,0.9000,0.9000,,shipping
8842,3774,9825,20.0000,8.5500,8.5500,8.5500,8.5500,,product
8843,3774,,20.0000,0.9000,0.9000,0.9000,0.9000,,shipping
8844,3775,9827,20.0000,4.3300,4.3300,4.3300,4.3300,,product
8845,3775,9829,20.0000,1.8300,1.8300,1.8300,1.8300,,product
8846,3775,9831,20.0000,1.8400,1.8400,1.8400,1.8400,,product
8847,3775,9833,20.0000,6.4800,6.4800,6.4800,6.4800,,product
8848,3775,9835,20.0000,3.2400,3.2400,3.2400,3.2400,,product
8849,3775,9837,20.0000,1.6200,1.6200,1.6200,1.6200,,product
8850,3775,,20.0000,0.0000,0.0000,0.0000,0.0000,,shipping
8851,3776,9839,20.0000,10.8300,10.8300,10.8300,10.8300,,product
8852,3776,9841,20.0000,10.8300,10.8300,10.8300,10.8300,,product
8853,3776,,20.0000,0.0000,0.0000,0.0000,0.0000,,shipping
8854,3777,9843,20.0000,5.2200,5.2200,5.2200,5.2200,,product
8855,3777,,20.0000,0.9000,0.9000,0.9000,0.9000,,shipping
8856,3778,9845,20.0000,3.8500,3.8500,3.8500,3.8500,,product
8857,3778,,20.0000,0.9000,0.9000,0.9000,0.9000,,shipping
8858,3779,9847,20.0000,3.8000,3.8000,3.8000,3.8000,,product
8859,3779,,20.0000,0.9000,0.9000,0.9000,0.9000,,shipping
8860,3780,9849,20.0000,3.8500,3.8500,3.8500,3.8500,,product
8861,3780,,20.0000,0.9000,0.9000,0.9000,0.9000,,shipping
8862,3781,9851,20.0000,3.8500,3.8500,3.8500,3.8500,,product
8863,3781,,20.0000,0.9000,0.9000,0.9000,0.9000,,shipping
8864,3782,9853,20.0000,7.7900,7.7900,7.7900,7.7900,,product
8865,3782,,20.0000,0.9000,0.9000,0.9000,0.9000,,shipping
8866,3783,9855,20.0000,7.7900,7.7900,7.7900,7.7900,,product
8867,3783,,20.0000,0.9000,0.9000,0.9000,0.9000,,shipping
8868,3784,9857,20.0000,8.2600,8.2600,8.2600,8.2600,,product
8869,3784,,20.0000,0.9000,0.9000,0.9000,0.9000,,shipping
8870,3785,9859,20.0000,5.2200,5.2200,5.2200,5.2200,,product
8871,3785,,20.0000,0.9000,0.9000,0.9000,0.9000,,shipping
8872,3786,9861,20.0000,5.2200,5.2200,5.2200,5.2200,,product
8873,3786,,20.0000,0.9000,0.9000,0.9000,0.9000,,shipping
8874,3787,9863,20.0000,5.2200,5.2200,5.2200,5.2200,,product
8875,3787,,20.0000,0.9000,0.9000,0.9000,0.9000,,shipping
8876,3788,9865,20.0000,8.5500,8.5500,8.5500,8.5500,,product
8877,3788,,20.0000,0.9000,0.9000,0.9000,0.9000,,shipping
8878,3789,9867,20.0000,8.5500,8.5500,8.5500,8.5500,,product
8879,3789,9869,20.0000,1.1800,1.1800,1.1800,1.1800,,product
8880,3789,,20.0000,0.9000,0.9000,0.9000,0.9000,,shipping
8881,3790,9871,20.0000,4.6500,4.6500,4.6500,4.6500,,product
8882,3790,,20.0000,0.9000,0.9000,0.9000,0.9000,,shipping
8883,3791,9873,20.0000,8.5500,8.5500,8.5500,8.5500,,product
8884,3791,9875,20.0000,8.5400,8.5400,8.5400,8.5400,,product
8885,3791,,20.0000,0.9000,0.9000,0.9000,0.9000,,shipping
8886,3792,9877,20.0000,3.8000,3.8000,3.8000,3.8000,,product
8887,3792,,20.0000,0.9000,0.9000,0.9000,0.9000,,shipping
8888,3793,9879,20.0000,5.2200,5.2200,5.2200,5.2200,,product
8889,3793,,20.0000,0.9000,0.9000,0.9000,0.9000,,shipping
8890,3794,9881,20.0000,3.8500,3.8500,3.8500,3.8500,,product
8891,3794,,20.0000,0.9000,0.9000,0.9000,0.9000,,shipping
8892,3795,9883,20.0000,4.0800,4.0800,4.0800,4.0800,,product
8893,3795,9885,20.0000,4.0800,4.0800,4.0800,4.0800,,product
8894,3795,9887,20.0000,3.8500,3.8500,3.8500,3.8500,,product
8895,3795,9889,20.0000,1.6200,1.6200,1.6200,1.6200,,product
8896,3795,,20.0000,0.9000,0.9000,0.9000,0.9000,,shipping
8897,3796,9891,20.0000,3.8000,3.8000,3.8000,3.8000,,product
8898,3796,,20.0000,0.9000,0.9000,0.9000,0.9000,,shipping
8899,3797,9893,20.0000,3.8500,3.8500,3.8500,3.8500,,product
8900,3797,9895,20.0000,8.0700,8.0700,8.0700,8.0700,,product
8901,3797,,20.0000,0.9000,0.9000,0.9000,0.9000,,shipping
8902,3798,9897,20.0000,5.2200,5.2200,5.2200,5.2200,,product
8903,3798,,20.0000,0.9000,0.9000,0.9000,0.9000,,shipping
8904,3799,9899,20.0000,9.4200,9.4200,9.4200,9.4200,,product
8905,3799,,20.0000,0.0000,0.0000,0.0000,0.0000,,shipping
8906,3800,9901,20.0000,9.7400,9.7400,9.7400,9.7400,,product
8907,3800,9903,20.0000,9.7500,9.7500,9.7500,9.7500,,product
8908,3800,,20.0000,0.0000,0.0000,0.0000,0.0000,,shipping
8909,3801,9905,20.0000,5.2200,5.2200,5.2200,5.2200,,product
8910,3801,,20.0000,0.9000,0.9000,0.9000,0.9000,,shipping
8911,3802,9907,20.0000,3.9900,3.9900,3.9900,3.9900,,product
8912,3802,,20.0000,0.9000,0.9000,0.9000,0.9000,,shipping
8913,3803,9909,20.0000,3.8500,3.8500,3.8500,3.8500,,product
8914,3803,,20.0000,0.9000,0.9000,0.9000,0.9000,,shipping
8915,3804,9911,20.0000,8.5500,8.5500,8.5500,8.5500,,product
8916,3804,,20.0000,0.9000,0.9000,0.9000,0.9000,,shipping
8917,3805,9913,20.0000,9.5000,9.5000,9.5000,9.5000,,product
8918,3805,,20.0000,0.9000,0.9000,0.9000,0.9000,,shipping
8919,3806,9915,20.0000,3.8000,3.8000,3.8000,3.8000,,product
8920,3806,,20.0000,0.9000,0.9000,0.9000,0.9000,,shipping
8921,3807,9917,20.0000,10.8300,10.8300,10.8300,10.8300,,product
8922,3807,9919,20.0000,10.0700,10.0700,10.0700,10.0700,,product
8923,3807,9921,20.0000,10.8300,10.8300,10.8300,10.8300,,product
8924,3807,9923,20.0000,5.7200,5.7200,5.7200,5.7200,,product
8925,3807,,20.0000,3.0000,3.0000,3.0000,3.0000,,shipping
8926,3808,9925,20.0000,10.0700,10.0700,10.0700,10.0700,,product
8927,3808,9927,20.0000,3.2400,3.2400,3.2400,3.2400,,product
8928,3808,9929,20.0000,1.6200,1.6200,1.6200,1.6200,,product
8929,3808,,20.0000,0.0000,0.0000,0.0000,0.0000,,shipping
8930,3809,9931,20.0000,3.8500,3.8500,3.8500,3.8500,,product
8931,3809,,20.0000,0.9000,0.9000,0.9000,0.9000,,shipping
8932,3810,9933,20.0000,8.2600,8.2600,8.2600,8.2600,,product
8933,3810,,20.0000,0.9000,0.9000,0.9000,0.9000,,shipping
8934,3811,9935,20.0000,9.9900,9.9900,9.9900,9.9900,,product
8935,3811,9937,20.0000,4.0500,4.0500,4.0500,4.0500,,product
8936,3811,,20.0000,0.6600,0.6600,0.6600,0.6600,,shipping
8937,3812,9939,20.0000,3.9900,3.9900,3.9900,3.9900,,product
8938,3812,,20.0000,0.9000,0.9000,0.9000,0.9000,,shipping
8939,3813,9941,20.0000,5.2200,5.2200,5.2200,5.2200,,product
8940,3813,,20.0000,0.9000,0.9000,0.9000,0.9000,,shipping
8941,3814,9943,20.0000,3.8000,3.8000,3.8000,3.8000,,product
8942,3814,,20.0000,0.9000,0.9000,0.9000,0.9000,,shipping
8943,3815,9945,20.0000,9.7400,9.7400,9.7400,9.7400,,product
8944,3815,,20.0000,0.0000,0.0000,0.0000,0.0000,,shipping
8945,3816,9947,20.0000,9.7400,9.7400,9.7400,9.7400,,product
8946,3816,,20.0000,0.0000,0.0000,0.0000,0.0000,,shipping
8947,3817,9949,20.0000,8.5500,8.5500,8.5500,8.5500,,product
8948,3817,,20.0000,0.9000,0.9000,0.9000,0.9000,,shipping
8949,3818,9951,20.0000,4.0800,4.0800,4.0800,4.0800,,product
8950,3818,,20.0000,0.9000,0.9000,0.9000,0.9000,,shipping
8951,3819,9953,20.0000,3.8000,3.8000,3.8000,3.8000,,product
8952,3819,,20.0000,0.9000,0.9000,0.9000,0.9000,,shipping
8953,3820,9955,20.0000,7.7900,7.7900,7.7900,7.7900,,product
8954,3820,,20.0000,0.9000,0.9000,0.9000,0.9000,,shipping
8955,3821,9957,20.0000,9.7400,9.7400,9.7400,9.7400,,product
8956,3821,9959,20.0000,4.3300,4.3300,4.3300,4.3300,,product
8957,3821,9961,20.0000,2.3700,2.3700,2.3700,2.3700,,product
8958,3821,9963,20.0000,1.1900,1.1900,1.1900,1.1900,,product
8959,3821,9965,20.0000,1.1900,1.1900,1.1900,1.1900,,product
8960,3821,,20.0000,0.0000,0.0000,0.0000,0.0000,,shipping
8961,3822,9967,20.0000,3.8000,3.8000,3.8000,3.8000,,product
8962,3822,,20.0000,0.9000,0.9000,0.9000,0.9000,,shipping
8963,3823,9969,20.0000,3.9900,3.9900,3.9900,3.9900,,product
8964,3823,,20.0000,0.9000,0.9000,0.9000,0.9000,,shipping
8965,3824,9971,20.0000,3.8000,3.8000,3.8000,3.8000,,product
8966,3824,,20.0000,0.9000,0.9000,0.9000,0.9000,,shipping
8967,3825,9973,20.0000,8.8300,8.8300,8.8300,8.8300,,product
8968,3825,,20.0000,0.9000,0.9000,0.9000,0.9000,,shipping
8969,3826,9975,20.0000,9.2000,9.2000,9.2000,9.2000,,product
8970,3826,9977,20.0000,9.4200,9.4200,9.4200,9.4200,,product
8971,3826,9979,20.0000,9.4200,9.4200,9.4200,9.4200,,product
8972,3826,9981,20.0000,9.4200,9.4200,9.4200,9.4200,,product
8973,3826,9983,20.0000,9.7500,9.7500,9.7500,9.7500,,product
8974,3826,,20.0000,0.0000,0.0000,0.0000,0.0000,,shipping
8975,3827,9985,20.0000,3.8000,3.8000,3.8000,3.8000,,product
8976,3827,9987,20.0000,3.9800,3.9800,3.9800,3.9800,,product
8977,3827,,20.0000,0.9000,0.9000,0.9000,0.9000,,shipping
8978,3828,9989,20.0000,1.1900,1.1900,1.1900,1.1900,,product
8979,3828,9991,20.0000,2.3700,2.3700,2.3700,2.3700,,product
8980,3828,9993,20.0000,1.1800,1.1800,1.1800,1.1800,,product
8981,3828,9995,20.0000,2.3800,2.3800,2.3800,2.3800,,product
8982,3828,9997,20.0000,1.6200,1.6200,1.6200,1.6200,,product
8983,3828,9999,20.0000,1.6200,1.6200,1.6200,1.6200,,product
8984,3828,,20.0000,0.0000,0.0000,0.0000,0.0000,,shipping
8985,3829,10001,20.0000,3.8500,3.8500,3.8500,3.8500,,product
8986,3829,,20.0000,0.9000,0.9000,0.9000,0.9000,,shipping
8987,3830,10003,20.0000,7.7900,7.7900,7.7900,7.7900,,product
8988,3830,,20.0000,0.9000,0.9000,0.9000,0.9000,,shipping
8989,3831,10005,20.0000,8.0700,8.0700,8.0700,8.0700,,product
8990,3831,,20.0000,0.9000,0.9000,0.9000,0.9000,,shipping
8991,3832,10007,20.0000,3.8500,3.8500,3.8500,3.8500,,product
8992,3832,,20.0000,0.9000,0.9000,0.9000,0.9000,,shipping
8993,3833,10009,20.0000,3.8500,3.8500,3.8500,3.8500,,product
8994,3833,,20.0000,0.9000,0.9000,0.9000,0.9000,,shipping
8995,3834,10011,20.0000,8.0700,8.0700,8.0700,8.0700,,product
8996,3834,,20.0000,0.9000,0.9000,0.9000,0.9000,,shipping
8997,3835,10013,20.0000,7.7900,7.7900,7.7900,7.7900,,product
8998,3835,,20.0000,0.9000,0.9000,0.9000,0.9000,,shipping
8999,3836,10015,20.0000,7.7900,7.7900,7.7900,7.7900,,product
9000,3836,,20.0000,0.9000,0.9000,0.9000,0.9000,,shipping
9001,3837,10017,20.0000,8.0700,8.0700,8.0700,8.0700,,product
9002,3837,,20.0000,0.9000,0.9000,0.9000,0.9000,,shipping
9003,3838,10019,20.0000,5.2200,5.2200,5.2200,5.2200,,product
9004,3838,,20.0000,0.9000,0.9000,0.9000,0.9000,,shipping
9005,3839,10021,20.0000,10.8200,10.8200,10.8200,10.8200,,product
9006,3839,,20.0000,0.0000,0.0000,0.0000,0.0000,,shipping
9007,3840,10023,20.0000,9.7400,9.7400,9.7400,9.7400,,product
9008,3840,10025,20.0000,9.7500,9.7500,9.7500,9.7500,,product
9009,3840,10027,20.0000,9.7400,9.7400,9.7400,9.7400,,product
9010,3840,,20.0000,0.0000,0.0000,0.0000,0.0000,,shipping
9011,3841,10029,20.0000,1.6200,1.6200,1.6200,1.6200,,product
9012,3841,10031,20.0000,5.9500,5.9500,5.9500,5.9500,,product
9013,3841,10033,20.0000,4.3900,4.3900,4.3900,4.3900,,product
9014,3841,,20.0000,0.0000,0.0000,0.0000,0.0000,,shipping
9015,3842,10035,20.0000,9.2000,9.2000,9.2000,9.2000,,product
9016,3842,10037,20.0000,9.2000,9.2000,9.2000,9.2000,,product
9017,3842,10039,20.0000,5.3100,5.3100,5.3100,5.3100,,product
9018,3842,10041,20.0000,5.3000,5.3000,5.3000,5.3000,,product
9019,3842,10043,20.0000,1.4300,1.4300,1.4300,1.4300,,product
9020,3842,10045,20.0000,1.1800,1.1800,1.1800,1.1800,,product
9021,3842,,20.0000,0.0000,0.0000,0.0000,0.0000,,shipping
9022,3843,10047,20.0000,8.5500,8.5500,8.5500,8.5500,,product
9023,3843,,20.0000,0.9000,0.9000,0.9000,0.9000,,shipping
9024,3844,10049,20.0000,4.6500,4.6500,4.6500,4.6500,,product
9025,3844,10051,20.0000,5.9500,5.9500,5.9500,5.9500,,product
9026,3844,,20.0000,0.0000,0.0000,0.0000,0.0000,,shipping
9027,3845,10053,20.0000,9.4200,9.4200,9.4200,9.4200,,product
9028,3845,,20.0000,0.0000,0.0000,0.0000,0.0000,,shipping
9029,3846,10055,20.0000,4.0800,4.0800,4.0800,4.0800,,product
9030,3846,,20.0000,0.9000,0.9000,0.9000,0.9000,,shipping
9031,3847,10057,20.0000,8.5500,8.5500,8.5500,8.5500,,product
9032,3847,10059,20.0000,8.5400,8.5400,8.5400,8.5400,,product
9033,3847,,20.0000,0.9000,0.9000,0.9000,0.9000,,shipping
9034,3848,10061,20.0000,3.8500,3.8500,3.8500,3.8500,,product
9035,3848,,20.0000,0.9000,0.9000,0.9000,0.9000,,shipping
9036,3849,10063,20.0000,7.7900,7.7900,7.7900,7.7900,,product
9037,3849,,20.0000,0.9000,0.9000,0.9000,0.9000,,shipping
9038,3850,10065,20.0000,7.7900,7.7900,7.7900,7.7900,,product
9039,3850,,20.0000,0.9000,0.9000,0.9000,0.9000,,shipping
9040,3851,10067,20.0000,3.8000,3.8000,3.8000,3.8000,,product
9041,3851,,20.0000,0.9000,0.9000,0.9000,0.9000,,shipping
9042,3852,10069,20.0000,8.0700,8.0700,8.0700,8.0700,,product
9043,3852,10071,20.0000,5.2200,5.2200,5.2200,5.2200,,product
9044,3852,,20.0000,0.9000,0.9000,0.9000,0.9000,,shipping
9045,3853,10073,20.0000,8.5500,8.5500,8.5500,8.5500,,product
9046,3853,,20.0000,0.9000,0.9000,0.9000,0.9000,,shipping
9047,3854,10075,20.0000,1.6200,1.6200,1.6200,1.6200,,product
9048,3854,10077,20.0000,5.3000,5.3000,5.3000,5.3000,,product
9049,3854,10079,20.0000,1.6200,1.6200,1.6200,1.6200,,product
9050,3854,10081,20.0000,1.1900,1.1900,1.1900,1.1900,,product
9051,3854,10083,20.0000,1.1800,1.1800,1.1800,1.1800,,product
9052,3854,10085,20.0000,9.5300,9.5300,9.5300,9.5300,,product
9053,3854,10087,20.0000,4.3300,4.3300,4.3300,4.3300,,product
9054,3854,10089,20.0000,1.6200,1.6200,1.6200,1.6200,,product
9055,3854,,20.0000,0.0000,0.0000,0.0000,0.0000,,shipping
9056,3855,10091,20.0000,8.2600,8.2600,8.2600,8.2600,,product
9057,3855,,20.0000,0.9000,0.9000,0.9000,0.9000,,shipping
9058,3856,10093,20.0000,10.8300,10.8300,10.8300,10.8300,,product
9059,3856,10095,20.0000,1.6200,1.6200,1.6200,1.6200,,product
9060,3856,10097,20.0000,1.6200,1.6200,1.6200,1.6200,,product
9061,3856,,20.0000,0.0000,0.0000,0.0000,0.0000,,shipping
9062,3857,10099,20.0000,8.0700,8.0700,8.0700,8.0700,,product
9063,3857,,20.0000,0.9000,0.9000,0.9000,0.9000,,shipping
9064,3858,10101,20.0000,3.8000,3.8000,3.8000,3.8000,,product
9065,3858,,20.0000,0.9000,0.9000,0.9000,0.9000,,shipping
9066,3859,10103,20.0000,9.2000,9.2000,9.2000,9.2000,,product
9067,3859,10105,20.0000,9.2000,9.2000,9.2000,9.2000,,product
9068,3859,,20.0000,0.0000,0.0000,0.0000,0.0000,,shipping
9069,3860,10107,20.0000,8.5500,8.5500,8.5500,8.5500,,product
9070,3860,,20.0000,0.9000,0.9000,0.9000,0.9000,,shipping
9071,3861,10109,20.0000,4.0800,4.0800,4.0800,4.0800,,product
9072,3861,10111,20.0000,5.2200,5.2200,5.2200,5.2200,,product
9073,3861,,20.0000,0.9000,0.9000,0.9000,0.9000,,shipping
9074,3862,10113,20.0000,7.7900,7.7900,7.7900,7.7900,,product
9075,3862,,20.0000,0.9000,0.9000,0.9000,0.9000,,shipping
9076,3863,10115,20.0000,7.7900,7.7900,7.7900,7.7900,,product
9077,3863,,20.0000,0.9000,0.9000,0.9000,0.9000,,shipping
9078,3864,10117,20.0000,3.8500,3.8500,3.8500,3.8500,,product
9079,3864,,20.0000,0.9000,0.9000,0.9000,0.9000,,shipping
9080,3865,10119,20.0000,5.2200,5.2200,5.2200,5.2200,,product
9081,3865,,20.0000,0.9000,0.9000,0.9000,0.9000,,shipping
9082,3866,10121,20.0000,5.2200,5.2200,5.2200,5.2200,,product
9083,3866,,20.0000,0.9000,0.9000,0.9000,0.9000,,shipping
9084,3867,10123,20.0000,3.8000,3.8000,3.8000,3.8000,,product
9085,3867,,20.0000,0.9000,0.9000,0.9000,0.9000,,shipping
9086,3868,10125,20.0000,5.2200,5.2200,5.2200,5.2200,,product
9087,3868,,20.0000,0.9000,0.9000,0.9000,0.9000,,shipping
9088,3869,10127,20.0000,4.0800,4.0800,4.0800,4.0800,,product
9089,3869,,20.0000,0.9000,0.9000,0.9000,0.9000,,shipping
9090,3870,10129,20.0000,5.2200,5.2200,5.2200,5.2200,,product
9091,3870,,20.0000,0.9000,0.9000,0.9000,0.9000,,shipping
9092,3871,10131,20.0000,1.8400,1.8400,1.8400,1.8400,,product
9093,3871,10133,20.0000,1.8300,1.8300,1.8300,1.8300,,product
9094,3871,10135,20.0000,1.8400,1.8400,1.8400,1.8400,,product
9095,3871,10137,20.0000,8.8800,8.8800,8.8800,8.8800,,product
9096,3871,,20.0000,0.0000,0.0000,0.0000,0.0000,,shipping
9097,3872,10139,20.0000,7.7900,7.7900,7.7900,7.7900,,product
9098,3872,,20.0000,0.9000,0.9000,0.9000,0.9000,,shipping
9099,3873,10141,20.0000,3.2400,3.2400,3.2400,3.2400,,product
9100,3873,10143,20.0000,5.2200,5.2200,5.2200,5.2200,,product
9101,3873,,20.0000,0.9000,0.9000,0.9000,0.9000,,shipping
9102,3874,10145,20.0000,8.0700,8.0700,8.0700,8.0700,,product
9103,3874,,20.0000,0.9000,0.9000,0.9000,0.9000,,shipping
9104,3875,10147,20.0000,10.8300,10.8300,10.8300,10.8300,,product
9105,3875,10149,20.0000,1.6200,1.6200,1.6200,1.6200,,product
9106,3875,,20.0000,0.0000,0.0000,0.0000,0.0000,,shipping
9107,3876,10151,20.0000,7.7900,7.7900,7.7900,7.7900,,product
9108,3876,,20.0000,0.9000,0.9000,0.9000,0.9000,,shipping
9109,3877,10153,20.0000,4.0800,4.0800,4.0800,4.0800,,product
9110,3877,,20.0000,0.9000,0.9000,0.9000,0.9000,,shipping
9111,3878,10155,20.0000,4.6500,4.6500,4.6500,4.6500,,product
9112,3878,10157,20.0000,8.2600,8.2600,8.2600,8.2600,,product
9113,3878,,20.0000,0.9000,0.9000,0.9000,0.9000,,shipping
9114,3879,10159,20.0000,3.8000,3.8000,3.8000,3.8000,,product
9115,3879,,20.0000,0.9000,0.9000,0.9000,0.9000,,shipping
9116,3880,10161,20.0000,8.0700,8.0700,8.0700,8.0700,,product
9117,3880,,20.0000,0.9000,0.9000,0.9000,0.9000,,shipping
9118,3881,10163,20.0000,5.2200,5.2200,5.2200,5.2200,,product
9119,3881,,20.0000,0.9000,0.9000,0.9000,0.9000,,shipping
9120,3882,10165,20.0000,4.0800,4.0800,4.0800,4.0800,,product
9121,3882,,20.0000,0.9000,0.9000,0.9000,0.9000,,shipping
9122,3883,10167,20.0000,8.0700,8.0700,8.0700,8.0700,,product
9123,3883,,20.0000,0.9000,0.9000,0.9000,0.9000,,shipping
9124,3884,10169,20.0000,10.8300,10.8300,10.8300,10.8300,,product
9125,3884,10171,20.0000,10.8300,10.8300,10.8300,10.8300,,product
9126,3884,10173,20.0000,9.4200,9.4200,9.4200,9.4200,,product
9127,3884,,20.0000,0.0000,0.0000,0.0000,0.0000,,shipping
9128,3885,10175,20.0000,3.8000,3.8000,3.8000,3.8000,,product
9129,3885,,20.0000,0.9000,0.9000,0.9000,0.9000,,shipping
9130,3886,10177,20.0000,9.2000,9.2000,9.2000,9.2000,,product
9131,3886,10179,20.0000,9.2000,9.2000,9.2000,9.2000,,product
9132,3886,,20.0000,0.0000,0.0000,0.0000,0.0000,,shipping
9133,3887,10181,20.0000,5.2200,5.2200,5.2200,5.2200,,product
9134,3887,,20.0000,0.9000,0.9000,0.9000,0.9000,,shipping
9135,3888,10183,20.0000,3.8500,3.8500,3.8500,3.8500,,product
9136,3888,,20.0000,0.9000,0.9000,0.9000,0.9000,,shipping
9137,3889,10185,20.0000,10.8300,10.8300,10.8300,10.8300,,product
9138,3889,10187,20.0000,10.8300,10.8300,10.8300,10.8300,,product
9139,3889,10189,20.0000,10.8200,10.8200,10.8200,10.8200,,product
9140,3889,10191,20.0000,9.7500,9.7500,9.7500,9.7500,,product
9141,3889,,20.0000,0.0000,0.0000,0.0000,0.0000,,shipping
9142,3890,10193,20.0000,9.5000,9.5000,9.5000,9.5000,,product
9143,3890,,20.0000,0.9000,0.9000,0.9000,0.9000,,shipping
9144,3891,10195,20.0000,1.1900,1.1900,1.1900,1.1900,,product
9145,3891,10197,20.0000,1.1800,1.1800,1.1800,1.1800,,product
9146,3891,10199,20.0000,1.1900,1.1900,1.1900,1.1900,,product
9147,3891,10201,20.0000,5.9500,5.9500,5.9500,5.9500,,product
9148,3891,,20.0000,0.0000,0.0000,0.0000,0.0000,,shipping
9149,3892,10203,20.0000,3.8500,3.8500,3.8500,3.8500,,product
9150,3892,,20.0000,0.9000,0.9000,0.9000,0.9000,,shipping
9151,3893,10205,20.0000,3.8000,3.8000,3.8000,3.8000,,product
9152,3893,,20.0000,0.9000,0.9000,0.9000,0.9000,,shipping
9153,3894,10207,20.0000,1.8400,1.8400,1.8400,1.8400,,product
9154,3894,10209,20.0000,1.8300,1.8300,1.8300,1.8300,,product
9155,3894,10211,20.0000,1.8400,1.8400,1.8400,1.8400,,product
9156,3894,10213,20.0000,1.8300,1.8300,1.8300,1.8300,,product
9157,3894,,20.0000,0.0000,0.0000,0.0000,0.0000,,shipping
9158,3895,10215,20.0000,3.8000,3.8000,3.8000,3.8000,,product
9159,3895,,20.0000,0.9000,0.9000,0.9000,0.9000,,shipping
9160,3896,10217,20.0000,8.2600,8.2600,8.2600,8.2600,,product
9161,3896,,20.0000,0.9000,0.9000,0.9000,0.9000,,shipping
9162,3897,10219,20.0000,5.2200,5.2200,5.2200,5.2200,,product
9163,3897,,20.0000,0.9000,0.9000,0.9000,0.9000,,shipping
9164,3898,10221,20.0000,9.7400,9.7400,9.7400,9.7400,,product
9165,3898,10223,20.0000,9.7500,9.7500,9.7500,9.7500,,product
9166,3898,,20.0000,0.0000,0.0000,0.0000,0.0000,,shipping
9167,3899,10225,20.0000,8.0700,8.0700,8.0700,8.0700,,product
9168,3899,,20.0000,0.9000,0.9000,0.9000,0.9000,,shipping
9169,3900,10227,20.0000,9.2000,9.2000,9.2000,9.2000,,product
9170,3900,,20.0000,0.6600,0.6600,0.6600,0.6600,,shipping
9171,3901,10229,20.0000,9.7400,9.7400,9.7400,9.7400,,product
9172,3901,,20.0000,0.0000,0.0000,0.0000,0.0000,,shipping
9173,3902,10231,20.0000,8.5500,8.5500,8.5500,8.5500,,product
9174,3902,,20.0000,0.9000,0.9000,0.9000,0.9000,,shipping
9175,3903,10233,20.0000,9.7400,9.7400,9.7400,9.7400,,product
9176,3903,,20.0000,0.0000,0.0000,0.0000,0.0000,,shipping
9177,3904,10235,20.0000,3.8500,3.8500,3.8500,3.8500,,product
9178,3904,,20.0000,0.9000,0.9000,0.9000,0.9000,,shipping
9179,3905,10237,20.0000,8.5500,8.5500,8.5500,8.5500,,product
9180,3905,,20.0000,0.9000,0.9000,0.9000,0.9000,,shipping
9181,3906,10239,20.0000,4.3300,4.3300,4.3300,4.3300,,product
9182,3906,,20.0000,0.0000,0.0000,0.0000,0.0000,,shipping
9183,3907,10241,20.0000,9.5300,9.5300,9.5300,9.5300,,product
9184,3907,,20.0000,0.0000,0.0000,0.0000,0.0000,,shipping
9185,3908,10243,20.0000,8.0700,8.0700,8.0700,8.0700,,product
9186,3908,,20.0000,0.9000,0.9000,0.9000,0.9000,,shipping
9187,3909,10245,20.0000,9.5000,9.5000,9.5000,9.5000,,product
9188,3909,,20.0000,0.9000,0.9000,0.9000,0.9000,,shipping
9189,3910,10247,20.0000,3.8500,3.8500,3.8500,3.8500,,product
9190,3910,,20.0000,0.9000,0.9000,0.9000,0.9000,,shipping
9191,3911,10249,20.0000,8.8300,8.8300,8.8300,8.8300,,product
9192,3911,,20.0000,0.9000,0.9000,0.9000,0.9000,,shipping
9193,3912,10251,20.0000,5.2200,5.2200,5.2200,5.2200,,product
9194,3912,,20.0000,0.9000,0.9000,0.9000,0.9000,,shipping
9195,3913,10253,20.0000,3.8500,3.8500,3.8500,3.8500,,product
9196,3913,,20.0000,0.9000,0.9000,0.9000,0.9000,,shipping
9197,3914,10255,20.0000,3.2400,3.2400,3.2400,3.2400,,product
9198,3914,10257,20.0000,1.6200,1.6200,1.6200,1.6200,,product
9199,3914,,20.0000,0.6600,0.6600,0.6600,0.6600,,shipping
9200,3915,10259,20.0000,4.3900,4.3900,4.3900,4.3900,,product
9201,3915,,20.0000,0.0000,0.0000,0.0000,0.0000,,shipping
9202,3916,10261,20.0000,3.8000,3.8000,3.8000,3.8000,,product
9203,3916,,20.0000,0.9000,0.9000,0.9000,0.9000,,shipping
9204,3917,10263,20.0000,3.8500,3.8500,3.8500,3.8500,,product
9205,3917,,20.0000,0.9000,0.9000,0.9000,0.9000,,shipping
9206,3918,10265,20.0000,3.8000,3.8000,3.8000,3.8000,,product
9207,3918,,20.0000,0.9000,0.9000,0.9000,0.9000,,shipping
9208,3919,10267,20.0000,4.6500,4.6500,4.6500,4.6500,,product
9209,3919,,20.0000,0.9000,0.9000,0.9000,0.9000,,shipping
9210,3920,10269,20.0000,4.6500,4.6500,4.6500,4.6500,,product
9211,3920,10271,20.0000,5.9500,5.9500,5.9500,5.9500,,product
9212,3920,10273,20.0000,5.9600,5.9600,5.9600,5.9600,,product
9213,3920,,20.0000,0.0000,0.0000,0.0000,0.0000,,shipping
9214,3921,10275,20.0000,8.8800,8.8800,8.8800,8.8800,,product
9215,3921,,20.0000,0.0000,0.0000,0.0000,0.0000,,shipping
9216,3922,10277,20.0000,8.0700,8.0700,8.0700,8.0700,,product
9217,3922,,20.0000,0.9000,0.9000,0.9000,0.9000,,shipping
9218,3923,10279,20.0000,5.2200,5.2200,5.2200,5.2200,,product
9219,3923,,20.0000,0.9000,0.9000,0.9000,0.9000,,shipping
9220,3924,10281,20.0000,3.8000,3.8000,3.8000,3.8000,,product
9221,3924,10283,20.0000,3.7900,3.7900,3.7900,3.7900,,product
9222,3924,,20.0000,0.9000,0.9000,0.9000,0.9000,,shipping
9223,3925,10285,20.0000,7.7900,7.7900,7.7900,7.7900,,product
9224,3925,,20.0000,0.9000,0.9000,0.9000,0.9000,,shipping
9225,3926,10287,20.0000,3.9900,3.9900,3.9900,3.9900,,product
9226,3926,,20.0000,0.9000,0.9000,0.9000,0.9000,,shipping
9227,3927,10289,20.0000,7.7900,7.7900,7.7900,7.7900,,product
9228,3927,,20.0000,0.9000,0.9000,0.9000,0.9000,,shipping
9229,3928,10291,20.0000,5.2200,5.2200,5.2200,5.2200,,product
9230,3928,,20.0000,0.9000,0.9000,0.9000,0.9000,,shipping
9231,3929,10293,20.0000,3.8000,3.8000,3.8000,3.8000,,product
9232,3929,,20.0000,0.9000,0.9000,0.9000,0.9000,,shipping
9233,3930,10295,20.0000,7.7900,7.7900,7.7900,7.7900,,product
9234,3930,,20.0000,0.9000,0.9000,0.9000,0.9000,,shipping
9235,3931,10297,20.0000,3.8500,3.8500,3.8500,3.8500,,product
9236,3931,,20.0000,0.9000,0.9000,0.9000,0.9000,,shipping
9237,3932,10299,20.0000,8.5500,8.5500,8.5500,8.5500,,product
9238,3932,,20.0000,0.9000,0.9000,0.9000,0.9000,,shipping
9239,3933,10301,20.0000,8.5500,8.5500,8.5500,8.5500,,product
9240,3933,,20.0000,0.9000,0.9000,0.9000,0.9000,,shipping
9241,3934,10303,20.0000,9.2000,9.2000,9.2000,9.2000,,product
9242,3934,,20.0000,0.0000,0.0000,0.0000,0.0000,,shipping
9243,3935,10305,20.0000,9.2000,9.2000,9.2000,9.2000,,product
9244,3935,10307,20.0000,8.8800,8.8800,8.8800,8.8800,,product
9245,3935,10309,20.0000,8.8800,8.8800,8.8800,8.8800,,product
9246,3935,10311,20.0000,9.2000,9.2000,9.2000,9.2000,,product
9247,3935,,20.0000,0.0000,0.0000,0.0000,0.0000,,shipping
9248,3936,10313,20.0000,5.5100,5.5100,5.5100,5.5100,,product
9249,3936,,20.0000,0.9000,0.9000,0.9000,0.9000,,shipping
9250,3937,10315,20.0000,5.2200,5.2200,5.2200,5.2200,,product
9251,3937,,20.0000,0.9000,0.9000,0.9000,0.9000,,shipping
9252,3938,10317,20.0000,5.2200,5.2200,5.2200,5.2200,,product
9253,3938,,20.0000,0.9000,0.9000,0.9000,0.9000,,shipping
9254,3939,10319,20.0000,8.5500,8.5500,8.5500,8.5500,,product
9255,3939,,20.0000,0.9000,0.9000,0.9000,0.9000,,shipping
9256,3940,10321,20.0000,3.8000,3.8000,3.8000,3.8000,,product
9257,3940,,20.0000,0.9000,0.9000,0.9000,0.9000,,shipping
9258,3941,10323,20.0000,5.2200,5.2200,5.2200,5.2200,,product
9259,3941,,20.0000,0.9000,0.9000,0.9000,0.9000,,shipping
9260,3942,10325,20.0000,7.7900,7.7900,7.7900,7.7900,,product
9261,3942,,20.0000,0.9000,0.9000,0.9000,0.9000,,shipping
9262,3943,10327,20.0000,8.8800,8.8800,8.8800,8.8800,,product
9263,3943,,20.0000,0.0000,0.0000,0.0000,0.0000,,shipping
9264,3944,10329,20.0000,3.8000,3.8000,3.8000,3.8000,,product
9265,3944,10331,20.0000,3.7900,3.7900,3.7900,3.7900,,product
9266,3944,,20.0000,0.9000,0.9000,0.9000,0.9000,,shipping
9267,3945,10333,20.0000,3.8000,3.8000,3.8000,3.8000,,product
9268,3945,,20.0000,0.9000,0.9000,0.9000,0.9000,,shipping
9269,3946,10335,20.0000,5.2200,5.2200,5.2200,5.2200,,product
9270,3946,,20.0000,0.9000,0.9000,0.9000,0.9000,,shipping
9271,3947,10337,20.0000,3.8000,3.8000,3.8000,3.8000,,product
9272,3947,,20.0000,0.9000,0.9000,0.9000,0.9000,,shipping
9273,3948,10339,20.0000,8.0700,8.0700,8.0700,8.0700,,product
9274,3948,,20.0000,0.9000,0.9000,0.9000,0.9000,,shipping
9275,3949,10341,20.0000,8.8800,8.8800,8.8800,8.8800,,product
9276,3949,,20.0000,0.0000,0.0000,0.0000,0.0000,,shipping
9277,3950,10343,20.0000,7.7900,7.7900,7.7900,7.7900,,product
9278,3950,,20.0000,0.9000,0.9000,0.9000,0.9000,,shipping
9279,3951,10345,20.0000,3.8500,3.8500,3.8500,3.8500,,product
9280,3951,,20.0000,0.9000,0.9000,0.9000,0.9000,,shipping
9281,3952,10347,20.0000,3.8500,3.8500,3.8500,3.8500,,product
9282,3952,,20.0000,0.9000,0.9000,0.9000,0.9000,,shipping
9283,3953,10349,20.0000,4.6500,4.6500,4.6500,4.6500,,product
9284,3953,10351,20.0000,4.3300,4.3300,4.3300,4.3300,,product
9285,3953,10353,20.0000,4.3900,4.3900,4.3900,4.3900,,product
9286,3953,,20.0000,0.0000,0.0000,0.0000,0.0000,,shipping
9287,3954,10355,20.0000,1.6200,1.6200,1.6200,1.6200,,product
9288,3954,10357,20.0000,1.6200,1.6200,1.6200,1.6200,,product
9289,3954,10359,20.0000,1.6200,1.6200,1.6200,1.6200,,product
9290,3954,10361,20.0000,1.6200,1.6200,1.6200,1.6200,,product
9291,3954,10363,20.0000,9.4200,9.4200,9.4200,9.4200,,product
9292,3954,,20.0000,0.0000,0.0000,0.0000,0.0000,,shipping
9293,3955,10365,20.0000,8.5500,8.5500,8.5500,8.5500,,product
9294,3955,,20.0000,0.9000,0.9000,0.9000,0.9000,,shipping
9295,3956,10367,20.0000,3.8500,3.8500,3.8500,3.8500,,product
9296,3956,,20.0000,0.9000,0.9000,0.9000,0.9000,,shipping
9297,3957,10369,20.0000,3.8500,3.8500,3.8500,3.8500,,product
9298,3957,,20.0000,0.9000,0.9000,0.9000,0.9000,,shipping
9299,3958,10371,20.0000,3.2400,3.2400,3.2400,3.2400,,product
9300,3958,,20.0000,0.6600,0.6600,0.6600,0.6600,,shipping
9301,3959,10373,20.0000,3.8500,3.8500,3.8500,3.8500,,product
9302,3959,,20.0000,0.9000,0.9000,0.9000,0.9000,,shipping
9303,3960,10375,20.0000,3.8500,3.8500,3.8500,3.8500,,product
9304,3960,,20.0000,0.9000,0.9000,0.9000,0.9000,,shipping
9305,3961,10377,20.0000,3.8500,3.8500,3.8500,3.8500,,product
9306,3961,,20.0000,0.9000,0.9000,0.9000,0.9000,,shipping
9307,3962,10379,20.0000,8.0700,8.0700,8.0700,8.0700,,product
9308,3962,,20.0000,0.9000,0.9000,0.9000,0.9000,,shipping
9309,3963,10381,20.0000,8.0700,8.0700,8.0700,8.0700,,product
9310,3963,,20.0000,0.9000,0.9000,0.9000,0.9000,,shipping
9311,3964,10383,20.0000,9.5000,9.5000,9.5000,9.5000,,product
9312,3964,10385,20.0000,4.8900,4.8900,4.8900,4.8900,,product
9313,3964,10387,20.0000,4.8900,4.8900,4.8900,4.8900,,product
9314,3964,10389,20.0000,4.0500,4.0500,4.0500,4.0500,,product
9315,3964,10391,20.0000,4.0500,4.0500,4.0500,4.0500,,product
9316,3964,10393,20.0000,5.5000,5.5000,5.5000,5.5000,,product
9317,3964,10395,20.0000,5.4900,5.4900,5.4900,5.4900,,product
9318,3964,,20.0000,0.0000,0.0000,0.0000,0.0000,,shipping
9319,3965,10397,20.0000,8.0700,8.0700,8.0700,8.0700,,product
9320,3965,10399,20.0000,8.0700,8.0700,8.0700,8.0700,,product
9321,3965,,20.0000,0.9000,0.9000,0.9000,0.9000,,shipping
9322,3966,10401,20.0000,4.6500,4.6500,4.6500,4.6500,,product
9323,3966,,20.0000,0.9000,0.9000,0.9000,0.9000,,shipping
9324,3967,10403,20.0000,5.2200,5.2200,5.2200,5.2200,,product
9325,3967,,20.0000,0.9000,0.9000,0.9000,0.9000,,shipping
9326,3968,10405,20.0000,4.0800,4.0800,4.0800,4.0800,,product
9327,3968,,20.0000,0.9000,0.9000,0.9000,0.9000,,shipping
9328,3969,10407,20.0000,10.8300,10.8300,10.8300,10.8300,,product
9329,3969,10409,20.0000,4.3900,4.3900,4.3900,4.3900,,product
9330,3969,10411,20.0000,1.6200,1.6200,1.6200,1.6200,,product
9331,3969,10413,20.0000,2.8600,2.8600,2.8600,2.8600,,product
9332,3969,10415,20.0000,1.6200,1.6200,1.6200,1.6200,,product
9333,3969,,20.0000,0.0000,0.0000,0.0000,0.0000,,shipping
9334,3970,10417,20.0000,7.7900,7.7900,7.7900,7.7900,,product
9335,3970,,20.0000,0.9000,0.9000,0.9000,0.9000,,shipping
9336,3971,10419,20.0000,8.5500,8.5500,8.5500,8.5500,,product
9337,3971,,20.0000,0.9000,0.9000,0.9000,0.9000,,shipping
9338,3972,10421,20.0000,4.0800,4.0800,4.0800,4.0800,,product
9339,3972,,20.0000,0.9000,0.9000,0.9000,0.9000,,shipping
9340,3973,10423,20.0000,3.8000,3.8000,3.8000,3.8000,,product
9341,3973,,20.0000,0.9000,0.9000,0.9000,0.9000,,shipping
9342,3974,10425,20.0000,4.0800,4.0800,4.0800,4.0800,,product
9343,3974,,20.0000,0.9000,0.9000,0.9000,0.9000,,shipping
9344,3975,10427,20.0000,4.0800,4.0800,4.0800,4.0800,,product
9345,3975,,20.0000,0.9000,0.9000,0.9000,0.9000,,shipping
9346,3976,10429,20.0000,8.2600,8.2600,8.2600,8.2600,,product
9347,3976,10431,20.0000,7.7900,7.7900,7.7900,7.7900,,product
9348,3976,10433,20.0000,9.4900,9.4900,9.4900,9.4900,,product
9349,3976,,20.0000,0.9000,0.9000,0.9000,0.9000,,shipping
9350,3977,10435,20.0000,1.6200,1.6200,1.6200,1.6200,,product
9351,3977,10437,20.0000,1.6200,1.6200,1.6200,1.6200,,product
9352,3977,10439,20.0000,1.6200,1.6200,1.6200,1.6200,,product
9353,3977,10441,20.0000,1.6200,1.6200,1.6200,1.6200,,product
9354,3977,,20.0000,0.0000,0.0000,0.0000,0.0000,,shipping
9355,3978,10443,20.0000,3.9900,3.9900,3.9900,3.9900,,product
9356,3978,,20.0000,0.9000,0.9000,0.9000,0.9000,,shipping
9357,3979,10445,20.0000,3.8000,3.8000,3.8000,3.8000,,product
9358,3979,10447,20.0000,4.6500,4.6500,4.6500,4.6500,,product
9359,3979,,20.0000,0.9000,0.9000,0.9000,0.9000,,shipping
9360,3980,10449,20.0000,3.8000,3.8000,3.8000,3.8000,,product
9361,3980,,20.0000,0.9000,0.9000,0.9000,0.9000,,shipping
9362,3981,10451,20.0000,3.8500,3.8500,3.8500,3.8500,,product
9363,3981,,20.0000,0.9000,0.9000,0.9000,0.9000,,shipping
9364,3982,10453,20.0000,8.5500,8.5500,8.5500,8.5500,,product
9365,3982,,20.0000,0.9000,0.9000,0.9000,0.9000,,shipping
9366,3983,10455,20.0000,8.3600,8.3600,8.3600,8.3600,,product
9367,3983,,20.0000,0.9000,0.9000,0.9000,0.9000,,shipping
9368,3984,10457,20.0000,3.8500,3.8500,3.8500,3.8500,,product
9369,3984,,20.0000,0.9000,0.9000,0.9000,0.9000,,shipping
9370,3985,10459,20.0000,3.8000,3.8000,3.8000,3.8000,,product
9371,3985,,20.0000,0.9000,0.9000,0.9000,0.9000,,shipping
9372,3986,10461,20.0000,8.2600,8.2600,8.2600,8.2600,,product
9373,3986,,20.0000,0.9000,0.9000,0.9000,0.9000,,shipping
9374,3987,10463,20.0000,7.7900,7.7900,7.7900,7.7900,,product
9375,3987,,20.0000,0.9000,0.9000,0.9000,0.9000,,shipping
9376,3988,10465,20.0000,7.7900,7.7900,7.7900,7.7900,,product
9377,3988,,20.0000,0.9000,0.9000,0.9000,0.9000,,shipping
9378,3989,10467,20.0000,3.8500,3.8500,3.8500,3.8500,,product
9379,3989,,20.0000,0.9000,0.9000,0.9000,0.9000,,shipping
9380,3990,10469,20.0000,3.8000,3.8000,3.8000,3.8000,,product
9381,3990,,20.0000,0.9000,0.9000,0.9000,0.9000,,shipping
9382,3991,10471,20.0000,3.8500,3.8500,3.8500,3.8500,,product
9383,3991,,20.0000,0.9000,0.9000,0.9000,0.9000,,shipping
9384,3992,10473,20.0000,9.7400,9.7400,9.7400,9.7400,,product
9385,3992,,20.0000,0.0000,0.0000,0.0000,0.0000,,shipping
9386,3993,10475,20.0000,4.6500,4.6500,4.6500,4.6500,,product
9387,3993,,20.0000,0.0000,0.0000,0.0000,0.0000,,shipping
9388,3994,10477,20.0000,5.3000,5.3000,5.3000,5.3000,,product
9389,3994,10479,20.0000,9.7500,9.7500,9.7500,9.7500,,product
9390,3994,10481,20.0000,9.7400,9.7400,9.7400,9.7400,,product
9391,3994,10483,20.0000,20.1400,20.1400,20.1400,20.1400,,product
9392,3994,10485,20.0000,10.0700,10.0700,10.0700,10.0700,,product
9393,3994,10487,20.0000,10.0700,10.0700,10.0700,10.0700,,product
9394,3994,10489,20.0000,1.1900,1.1900,1.1900,1.1900,,product
9395,3994,10491,20.0000,1.1800,1.1800,1.1800,1.1800,,product
9396,3994,10493,20.0000,1.1900,1.1900,1.1900,1.1900,,product
9397,3994,10495,20.0000,1.4300,1.4300,1.4300,1.4300,,product
9398,3994,,20.0000,0.0000,0.0000,0.0000,0.0000,,shipping
9399,3995,10497,20.0000,9.2000,9.2000,9.2000,9.2000,,product
9400,3995,,20.0000,0.0000,0.0000,0.0000,0.0000,,shipping
9401,3996,10499,20.0000,8.3600,8.3600,8.3600,8.3600,,product
9402,3996,,20.0000,0.9000,0.9000,0.9000,0.9000,,shipping
9403,3997,10501,20.0000,7.7900,7.7900,7.7900,7.7900,,product
9404,3997,,20.0000,0.9000,0.9000,0.9000,0.9000,,shipping
9405,3998,10503,20.0000,3.8500,3.8500,3.8500,3.8500,,product
9406,3998,,20.0000,0.9000,0.9000,0.9000,0.9000,,shipping
9407,3999,10505,20.0000,7.7900,7.7900,7.7900,7.7900,,product
9408,3999,,20.0000,0.9000,0.9000,0.9000,0.9000,,shipping
9409,4000,10507,20.0000,3.8000,3.8000,3.8000,3.8000,,product
9410,4000,,20.0000,0.9000,0.9000,0.9000,0.9000,,shipping
9411,4001,10509,20.0000,5.2200,5.2200,5.2200,5.2200,,product
9412,4001,10511,20.0000,8.0700,8.0700,8.0700,8.0700,,product
9413,4001,,20.0000,0.9000,0.9000,0.9000,0.9000,,shipping
9414,4002,10513,20.0000,9.5000,9.5000,9.5000,9.5000,,product
9415,4002,,20.0000,0.9000,0.9000,0.9000,0.9000,,shipping
9416,4003,10515,20.0000,9.7400,9.7400,9.7400,9.7400,,product
9417,4003,,20.0000,0.0000,0.0000,0.0000,0.0000,,shipping
9418,4004,10517,20.0000,5.2200,5.2200,5.2200,5.2200,,product
9419,4004,,20.0000,0.9000,0.9000,0.9000,0.9000,,shipping
9420,4005,10519,20.0000,7.7900,7.7900,7.7900,7.7900,,product
9421,4005,,20.0000,0.9000,0.9000,0.9000,0.9000,,shipping
9422,4006,10521,20.0000,4.3300,4.3300,4.3300,4.3300,,product
9423,4006,10523,20.0000,9.7400,9.7400,9.7400,9.7400,,product
9424,4006,10525,20.0000,9.4200,9.4200,9.4200,9.4200,,product
9425,4006,,20.0000,0.0000,0.0000,0.0000,0.0000,,shipping
9426,4007,10527,20.0000,8.0700,8.0700,8.0700,8.0700,,product
9427,4007,,20.0000,0.9000,0.9000,0.9000,0.9000,,shipping
9428,4008,10529,20.0000,5.2200,5.2200,5.2200,5.2200,,product
9429,4008,,20.0000,0.9000,0.9000,0.9000,0.9000,,shipping
9430,4009,10531,20.0000,3.8000,3.8000,3.8000,3.8000,,product
9431,4009,,20.0000,0.9000,0.9000,0.9000,0.9000,,shipping
9432,4010,10533,20.0000,6.4800,6.4800,6.4800,6.4800,,product
9433,4010,,20.0000,0.0000,0.0000,0.0000,0.0000,,shipping
9434,4011,10535,20.0000,3.8500,3.8500,3.8500,3.8500,,product
9435,4011,,20.0000,0.9000,0.9000,0.9000,0.9000,,shipping
9436,4012,10537,20.0000,10.4400,10.4400,10.4400,10.4400,,product
9437,4012,,20.0000,0.9000,0.9000,0.9000,0.9000,,shipping
9438,4013,10539,20.0000,3.8500,3.8500,3.8500,3.8500,,product
9439,4013,,20.0000,0.9000,0.9000,0.9000,0.9000,,shipping
9440,4014,10541,20.0000,3.8000,3.8000,3.8000,3.8000,,product
9441,4014,,20.0000,0.9000,0.9000,0.9000,0.9000,,shipping
9442,4015,10543,20.0000,3.2400,3.2400,3.2400,3.2400,,product
9443,4015,10545,20.0000,3.2400,3.2400,3.2400,3.2400,,product
9444,4015,10547,20.0000,3.2400,3.2400,3.2400,3.2400,,product
9445,4015,10549,20.0000,3.2400,3.2400,3.2400,3.2400,,product
9446,4015,10551,20.0000,3.2400,3.2400,3.2400,3.2400,,product
9447,4015,10553,20.0000,3.2400,3.2400,3.2400,3.2400,,product
9448,4015,10555,20.0000,3.2400,3.2400,3.2400,3.2400,,product
9449,4015,10557,20.0000,3.2400,3.2400,3.2400,3.2400,,product
9450,4015,10559,20.0000,3.2400,3.2400,3.2400,3.2400,,product
9451,4015,10561,20.0000,3.2400,3.2400,3.2400,3.2400,,product
9452,4015,10563,20.0000,3.2400,3.2400,3.2400,3.2400,,product
9453,4015,10565,20.0000,3.2400,3.2400,3.2400,3.2400,,product
9454,4015,10567,20.0000,3.2400,3.2400,3.2400,3.2400,,product
9455,4015,10569,20.0000,3.2400,3.2400,3.2400,3.2400,,product
9456,4015,10571,20.0000,2.8600,2.8600,2.8600,2.8600,,product
9457,4015,10573,20.0000,2.8600,2.8600,2.8600,2.8600,,product
9458,4015,10575,20.0000,2.8600,2.8600,2.8600,2.8600,,product
9459,4015,10577,20.0000,17.7600,17.7600,17.7600,17.7600,,product
9460,4015,,20.0000,0.0000,0.0000,0.0000,0.0000,,shipping
9461,4016,10579,20.0000,7.7900,7.7900,7.7900,7.7900,,product
9462,4016,,20.0000,0.9000,0.9000,0.9000,0.9000,,shipping
9463,4017,10581,20.0000,3.8500,3.8500,3.8500,3.8500,,product
9464,4017,,20.0000,0.9000,0.9000,0.9000,0.9000,,shipping
9465,4018,10583,20.0000,8.0700,8.0700,8.0700,8.0700,,product
9466,4018,,20.0000,0.9000,0.9000,0.9000,0.9000,,shipping
9467,4019,10585,20.0000,3.8500,3.8500,3.8500,3.8500,,product
9468,4019,,20.0000,0.9000,0.9000,0.9000,0.9000,,shipping
9469,4020,10587,20.0000,5.2200,5.2200,5.2200,5.2200,,product
9470,4020,,20.0000,0.9000,0.9000,0.9000,0.9000,,shipping
9471,4021,10589,20.0000,10.0700,10.0700,10.0700,10.0700,,product
9472,4021,10591,20.0000,10.0700,10.0700,10.0700,10.0700,,product
9473,4021,,20.0000,0.0000,0.0000,0.0000,0.0000,,shipping
9474,4022,10593,20.0000,5.3000,5.3000,5.3000,5.3000,,product
9475,4022,10595,20.0000,5.3000,5.3000,5.3000,5.3000,,product
9476,4022,10597,20.0000,5.3100,5.3100,5.3100,5.3100,,product
9477,4022,10599,20.0000,5.3000,5.3000,5.3000,5.3000,,product
9478,4022,10601,20.0000,5.3000,5.3000,5.3000,5.3000,,product
9479,4022,,20.0000,0.0000,0.0000,0.0000,0.0000,,shipping
9480,4023,10603,20.0000,0.9700,0.9700,0.9700,0.9700,,product
9481,4023,10604,20.0000,9.7400,9.7400,9.7400,9.7400,,product
9482,4023,10606,20.0000,9.7500,9.7500,9.7500,9.7500,,product
9483,4023,,20.0000,0.0000,0.0000,0.0000,0.0000,,shipping
9484,4024,10608,20.0000,3.9900,3.9900,3.9900,3.9900,,product
9485,4024,,20.0000,0.9000,0.9000,0.9000,0.9000,,shipping
9486,4025,10610,20.0000,5.2200,5.2200,5.2200,5.2200,,product
9487,4025,,20.0000,0.9000,0.9000,0.9000,0.9000,,shipping
9488,4026,10612,20.0000,8.5500,8.5500,8.5500,8.5500,,product
9489,4026,,20.0000,0.9000,0.9000,0.9000,0.9000,,shipping
9490,4027,10614,20.0000,5.2200,5.2200,5.2200,5.2200,,product
9491,4027,,20.0000,0.9000,0.9000,0.9000,0.9000,,shipping
9492,4028,10616,20.0000,3.8000,3.8000,3.8000,3.8000,,product
9493,4028,,20.0000,0.9000,0.9000,0.9000,0.9000,,shipping
9494,4029,10618,20.0000,3.8000,3.8000,3.8000,3.8000,,product
9495,4029,,20.0000,0.9000,0.9000,0.9000,0.9000,,shipping
9496,4030,10620,20.0000,9.5000,9.5000,9.5000,9.5000,,product
9497,4030,10622,20.0000,8.2600,8.2600,8.2600,8.2600,,product
9498,4030,10624,20.0000,9.4900,9.4900,9.4900,9.4900,,product
9499,4030,,20.0000,0.9000,0.9000,0.9000,0.9000,,shipping
9500,4031,10626,20.0000,7.7900,7.7900,7.7900,7.7900,,product
9501,4031,,20.0000,0.9000,0.9000,0.9000,0.9000,,shipping
9502,4032,10628,20.0000,3.8000,3.8000,3.8000,3.8000,,product
9503,4032,,20.0000,0.9000,0.9000,0.9000,0.9000,,shipping
9504,4033,10630,20.0000,8.8300,8.8300,8.8300,8.8300,,product
9505,4033,10632,20.0000,8.8300,8.8300,8.8300,8.8300,,product
9506,4033,10634,20.0000,1.6200,1.6200,1.6200,1.6200,,product
9507,4033,10636,20.0000,1.6200,1.6200,1.6200,1.6200,,product
9508,4033,,20.0000,0.9000,0.9000,0.9000,0.9000,,shipping
9509,4034,10638,20.0000,10.8300,10.8300,10.8300,10.8300,,product
9510,4034,,20.0000,0.0000,0.0000,0.0000,0.0000,,shipping
9511,4035,10640,20.0000,7.7900,7.7900,7.7900,7.7900,,product
9512,4035,,20.0000,0.9000,0.9000,0.9000,0.9000,,shipping
9513,4036,10642,20.0000,5.2200,5.2200,5.2200,5.2200,,product
9514,4036,,20.0000,0.9000,0.9000,0.9000,0.9000,,shipping
9515,4037,10644,20.0000,5.2200,5.2200,5.2200,5.2200,,product
9516,4037,,20.0000,0.9000,0.9000,0.9000,0.9000,,shipping
9517,4038,10646,20.0000,8.0700,8.0700,8.0700,8.0700,,product
9518,4038,,20.0000,0.9000,0.9000,0.9000,0.9000,,shipping
9519,4039,10648,20.0000,3.8500,3.8500,3.8500,3.8500,,product
9520,4039,,20.0000,0.9000,0.9000,0.9000,0.9000,,shipping
9521,4040,10650,20.0000,8.3600,8.3600,8.3600,8.3600,,product
9522,4040,,20.0000,0.9000,0.9000,0.9000,0.9000,,shipping
9523,4041,10652,20.0000,3.8000,3.8000,3.8000,3.8000,,product
9524,4041,,20.0000,0.9000,0.9000,0.9000,0.9000,,shipping
9525,4042,10654,20.0000,10.8300,10.8300,10.8300,10.8300,,product
9526,4042,,20.0000,0.0000,0.0000,0.0000,0.0000,,shipping
9527,4043,10656,20.0000,5.9500,5.9500,5.9500,5.9500,,product
9528,4043,10658,20.0000,10.2900,10.2900,10.2900,10.2900,,product
9529,4043,,20.0000,0.0000,0.0000,0.0000,0.0000,,shipping
9530,4044,10660,20.0000,8.5500,8.5500,8.5500,8.5500,,product
9531,4044,,20.0000,0.9000,0.9000,0.9000,0.9000,,shipping
9532,4045,10662,20.0000,3.8500,3.8500,3.8500,3.8500,,product
9533,4045,,20.0000,0.9000,0.9000,0.9000,0.9000,,shipping
9534,4046,10664,20.0000,5.2200,5.2200,5.2200,5.2200,,product
9535,4046,,20.0000,0.9000,0.9000,0.9000,0.9000,,shipping
9536,4047,10666,20.0000,5.3000,5.3000,5.3000,5.3000,,product
9537,4047,10668,20.0000,10.0700,10.0700,10.0700,10.0700,,product
9538,4047,10670,20.0000,10.0700,10.0700,10.0700,10.0700,,product
9539,4047,10672,20.0000,10.0700,10.0700,10.0700,10.0700,,product
9540,4047,10674,20.0000,10.0700,10.0700,10.0700,10.0700,,product
9541,4047,10676,20.0000,10.0700,10.0700,10.0700,10.0700,,product
9542,4047,10678,20.0000,10.2900,10.2900,10.2900,10.2900,,product
9543,4047,10680,20.0000,10.2800,10.2800,10.2800,10.2800,,product
9544,4047,,20.0000,0.0000,0.0000,0.0000,0.0000,,shipping
9545,4048,10682,20.0000,9.2000,9.2000,9.2000,9.2000,,product
9546,4048,10684,20.0000,9.2000,9.2000,9.2000,9.2000,,product
9547,4048,10686,20.0000,9.2100,9.2100,9.2100,9.2100,,product
9548,4048,10688,20.0000,9.2000,9.2000,9.2000,9.2000,,product
9549,4048,10690,20.0000,9.2000,9.2000,9.2000,9.2000,,product
9550,4048,,20.0000,0.0000,0.0000,0.0000,0.0000,,shipping
9551,4049,10692,20.0000,9.7400,9.7400,9.7400,9.7400,,product
9552,4049,,20.0000,0.0000,0.0000,0.0000,0.0000,,shipping
9553,4050,10694,20.0000,10.5000,10.5000,10.5000,10.5000,,product
9554,4050,,20.0000,0.0000,0.0000,0.0000,0.0000,,shipping
9555,4051,10696,20.0000,3.8000,3.8000,3.8000,3.8000,,product
9556,4051,,20.0000,0.9000,0.9000,0.9000,0.9000,,shipping
9557,4052,10698,20.0000,10.2900,10.2900,10.2900,10.2900,,product
9558,4052,,20.0000,0.0000,0.0000,0.0000,0.0000,,shipping
9559,4053,10700,20.0000,3.8500,3.8500,3.8500,3.8500,,product
9560,4053,,20.0000,0.9000,0.9000,0.9000,0.9000,,shipping
9561,4054,10702,20.0000,9.2000,9.2000,9.2000,9.2000,,product
9562,4054,,20.0000,0.0000,0.0000,0.0000,0.0000,,shipping
9563,4055,10704,20.0000,5.2200,5.2200,5.2200,5.2200,,product
9564,4055,,20.0000,0.9000,0.9000,0.9000,0.9000,,shipping
9565,4056,10706,20.0000,3.9900,3.9900,3.9900,3.9900,,product
9566,4056,,20.0000,0.9000,0.9000,0.9000,0.9000,,shipping
9567,4057,10708,20.0000,8.6400,8.6400,8.6400,8.6400,,product
9568,4057,,20.0000,0.0000,0.0000,0.0000,0.0000,,shipping
9569,4058,10710,20.0000,3.8500,3.8500,3.8500,3.8500,,product
9570,4058,,20.0000,0.9000,0.9000,0.9000,0.9000,,shipping
9571,4059,10712,20.0000,5.2200,5.2200,5.2200,5.2200,,product
9572,4059,,20.0000,0.9000,0.9000,0.9000,0.9000,,shipping
9573,4060,10714,20.0000,4.3900,4.3900,4.3900,4.3900,,product
9574,4060,10716,20.0000,4.3900,4.3900,4.3900,4.3900,,product
9575,4060,10718,20.0000,4.3800,4.3800,4.3800,4.3800,,product
9576,4060,10720,20.0000,4.3900,4.3900,4.3900,4.3900,,product
9577,4060,10722,20.0000,4.3900,4.3900,4.3900,4.3900,,product
9578,4060,10724,20.0000,4.3300,4.3300,4.3300,4.3300,,product
9579,4060,10726,20.0000,4.3300,4.3300,4.3300,4.3300,,product
9580,4060,10728,20.0000,4.3200,4.3200,4.3200,4.3200,,product
9581,4060,10730,20.0000,4.3300,4.3300,4.3300,4.3300,,product
9582,4060,10732,20.0000,4.3300,4.3300,4.3300,4.3300,,product
9583,4060,10734,20.0000,10.0700,10.0700,10.0700,10.0700,,product
9584,4060,10736,20.0000,10.0700,10.0700,10.0700,10.0700,,product
9585,4060,10738,20.0000,10.0700,10.0700,10.0700,10.0700,,product
9586,4060,10740,20.0000,5.9500,5.9500,5.9500,5.9500,,product
9587,4060,10742,20.0000,5.9500,5.9500,5.9500,5.9500,,product
9588,4060,10744,20.0000,5.9600,5.9600,5.9600,5.9600,,product
9589,4060,10746,20.0000,5.9500,5.9500,5.9500,5.9500,,product
9590,4060,10748,20.0000,4.6500,4.6500,4.6500,4.6500,,product
9591,4060,10750,20.0000,4.3900,4.3900,4.3900,4.3900,,product
9592,4060,10752,20.0000,4.3900,4.3900,4.3900,4.3900,,product
9593,4060,10754,20.0000,4.3800,4.3800,4.3800,4.3800,,product
9594,4060,,20.0000,0.0000,0.0000,0.0000,0.0000,,shipping
9595,4061,10756,20.0000,3.8000,3.8000,3.8000,3.8000,,product
9596,4061,,20.0000,0.9000,0.9000,0.9000,0.9000,,shipping
9597,4062,10758,20.0000,3.8000,3.8000,3.8000,3.8000,,product
9598,4062,,20.0000,0.9000,0.9000,0.9000,0.9000,,shipping
9599,4063,10760,20.0000,10.2900,10.2900,10.2900,10.2900,,product
9600,4063,10762,20.0000,10.2800,10.2800,10.2800,10.2800,,product
9601,4063,,20.0000,0.0000,0.0000,0.0000,0.0000,,shipping
9602,4064,10764,20.0000,4.8900,4.8900,4.8900,4.8900,,product
9603,4064,10766,20.0000,4.9000,4.9000,4.9000,4.9000,,product
9604,4064,10768,20.0000,4.8900,4.8900,4.8900,4.8900,,product
9605,4064,10770,20.0000,4.9000,4.9000,4.9000,4.9000,,product
9606,4064,10772,20.0000,4.0500,4.0500,4.0500,4.0500,,product
9607,4064,10774,20.0000,9.4900,9.4900,9.4900,9.4900,,product
9608,4064,,20.0000,0.0000,0.0000,0.0000,0.0000,,shipping
9609,4065,10776,20.0000,5.9500,5.9500,5.9500,5.9500,,product
9610,4065,,20.0000,0.0000,0.0000,0.0000,0.0000,,shipping
9611,4066,10778,20.0000,10.8300,10.8300,10.8300,10.8300,,product
9612,4066,10780,20.0000,10.8300,10.8300,10.8300,10.8300,,product
9613,4066,,20.0000,0.0000,0.0000,0.0000,0.0000,,shipping
9614,4067,10782,20.0000,9.2000,9.2000,9.2000,9.2000,,product
9615,4067,,20.0000,0.0000,0.0000,0.0000,0.0000,,shipping
9616,4068,10784,20.0000,9.2000,9.2000,9.2000,9.2000,,product
9617,4068,10786,20.0000,9.2000,9.2000,9.2000,9.2000,,product
9618,4068,10788,20.0000,9.2100,9.2100,9.2100,9.2100,,product
9619,4068,,20.0000,0.0000,0.0000,0.0000,0.0000,,shipping
9620,4069,10790,20.0000,10.8300,10.8300,10.8300,10.8300,,product
9621,4069,,20.0000,0.0000,0.0000,0.0000,0.0000,,shipping
9622,4070,10792,20.0000,8.5500,8.5500,8.5500,8.5500,,product
9623,4070,,20.0000,0.9000,0.9000,0.9000,0.9000,,shipping
9624,4071,10794,20.0000,5.3000,5.3000,5.3000,5.3000,,product
9625,4071,10796,20.0000,5.3000,5.3000,5.3000,5.3000,,product
9626,4071,,20.0000,0.0000,0.0000,0.0000,0.0000,,shipping
9627,4072,10798,20.0000,5.9500,5.9500,5.9500,5.9500,,product
9628,4072,,20.0000,0.0000,0.0000,0.0000,0.0000,,shipping
9629,4073,10800,20.0000,4.3300,4.3300,4.3300,4.3300,,product
9630,4073,10802,20.0000,4.3900,4.3900,4.3900,4.3900,,product
9631,4073,10804,20.0000,3.4500,3.4500,3.4500,3.4500,,product
9632,4073,10806,20.0000,1.7300,1.7300,1.7300,1.7300,,product
9633,4073,10808,20.0000,1.5200,1.5200,1.5200,1.5200,,product
9634,4073,10810,20.0000,2.9200,2.9200,2.9200,2.9200,,product
9635,4073,10812,20.0000,1.4600,1.4600,1.4600,1.4600,,product
9636,4073,10814,20.0000,1.7300,1.7300,1.7300,1.7300,,product
9637,4073,10816,20.0000,4.3900,4.3900,4.3900,4.3900,,product
9638,4073,,20.0000,0.0000,0.0000,0.0000,0.0000,,shipping
9639,4074,10818,20.0000,3.8500,3.8500,3.8500,3.8500,,product
9640,4074,,20.0000,0.9000,0.9000,0.9000,0.9000,,shipping
9641,4075,10820,20.0000,5.9500,5.9500,5.9500,5.9500,,product
9642,4075,,20.0000,0.0000,0.0000,0.0000,0.0000,,shipping
9643,4076,10822,20.0000,10.0700,10.0700,10.0700,10.0700,,product
9644,4076,,20.0000,0.0000,0.0000,0.0000,0.0000,,shipping
9645,4077,10824,20.0000,3.8000,3.8000,3.8000,3.8000,,product
9646,4077,,20.0000,0.9000,0.9000,0.9000,0.9000,,shipping
9647,4078,10826,20.0000,8.1600,8.1600,8.1600,8.1600,,product
9648,4078,,20.0000,0.9000,0.9000,0.9000,0.9000,,shipping
9649,4079,10828,20.0000,3.4600,3.4600,3.4600,3.4600,,product
9650,4079,10830,20.0000,3.4500,3.4500,3.4500,3.4500,,product
9651,4079,,20.0000,0.0000,0.0000,0.0000,0.0000,,shipping
9652,4080,10832,20.0000,10.0700,10.0700,10.0700,10.0700,,product
9653,4080,,20.0000,0.0000,0.0000,0.0000,0.0000,,shipping
9654,4081,10834,20.0000,4.0800,4.0800,4.0800,4.0800,,product
9655,4081,,20.0000,0.9000,0.9000,0.9000,0.9000,,shipping
9656,4082,10836,20.0000,3.8500,3.8500,3.8500,3.8500,,product
9657,4082,,20.0000,0.9000,0.9000,0.9000,0.9000,,shipping
9658,4083,10838,20.0000,4.3300,4.3300,4.3300,4.3300,,product
9659,4083,10840,20.0000,4.3900,4.3900,4.3900,4.3900,,product
9660,4083,10842,20.0000,9.2000,9.2000,9.2000,9.2000,,product
9661,4083,,20.0000,0.0000,0.0000,0.0000,0.0000,,shipping
9662,4084,10844,20.0000,9.2000,9.2000,9.2000,9.2000,,product
9663,4084,,20.0000,0.0000,0.0000,0.0000,0.0000,,shipping
9664,4085,10846,20.0000,4.5400,4.5400,4.5400,4.5400,,product
9665,4085,10848,20.0000,10.0700,10.0700,10.0700,10.0700,,product
9666,4085,,20.0000,0.0000,0.0000,0.0000,0.0000,,shipping
9667,4086,10850,20.0000,5.2200,5.2200,5.2200,5.2200,,product
9668,4086,,20.0000,0.9000,0.9000,0.9000,0.9000,,shipping
9669,4087,10852,20.0000,5.9500,5.9500,5.9500,5.9500,,product
9670,4087,,20.0000,0.0000,0.0000,0.0000,0.0000,,shipping
9671,4088,10854,20.0000,4.0800,4.0800,4.0800,4.0800,,product
9672,4088,,20.0000,0.9000,0.9000,0.9000,0.9000,,shipping
9673,4089,10856,20.0000,9.4200,9.4200,9.4200,9.4200,,product
9674,4089,10858,20.0000,10.8300,10.8300,10.8300,10.8300,,product
9675,4089,,20.0000,0.0000,0.0000,0.0000,0.0000,,shipping
9676,4090,10860,20.0000,9.7400,9.7400,9.7400,9.7400,,product
9677,4090,,20.0000,0.0000,0.0000,0.0000,0.0000,,shipping
9678,4091,10862,20.0000,9.7400,9.7400,9.7400,9.7400,,product
9679,4091,10864,20.0000,5.3100,5.3100,5.3100,5.3100,,product
9680,4091,10866,20.0000,5.3000,5.3000,5.3000,5.3000,,product
9681,4091,10868,20.0000,5.3000,5.3000,5.3000,5.3000,,product
9682,4091,,20.0000,0.0000,0.0000,0.0000,0.0000,,shipping
9683,4092,10870,20.0000,8.0700,8.0700,8.0700,8.0700,,product
9684,4092,,20.0000,0.9000,0.9000,0.9000,0.9000,,shipping
9685,4093,10872,20.0000,10.0700,10.0700,10.0700,10.0700,,product
9686,4093,10874,20.0000,10.0700,10.0700,10.0700,10.0700,,product
9687,4093,10876,20.0000,9.7400,9.7400,9.7400,9.7400,,product
9688,4093,10878,20.0000,9.7500,9.7500,9.7500,9.7500,,product
9689,4093,10880,20.0000,9.7400,9.7400,9.7400,9.7400,,product
9690,4093,10882,20.0000,9.7500,9.7500,9.7500,9.7500,,product
9691,4093,10884,20.0000,9.7400,9.7400,9.7400,9.7400,,product
9692,4093,10886,20.0000,9.7400,9.7400,9.7400,9.7400,,product
9693,4093,,20.0000,0.0000,0.0000,0.0000,0.0000,,shipping
9694,4094,10888,20.0000,9.7400,9.7400,9.7400,9.7400,,product
9695,4094,10890,20.0000,10.2900,10.2900,10.2900,10.2900,,product
9696,4094,10892,20.0000,10.5000,10.5000,10.5000,10.5000,,product
9697,4094,10894,20.0000,10.2900,10.2900,10.2900,10.2900,,product
9698,4094,,20.0000,0.0000,0.0000,0.0000,0.0000,,shipping
9699,4095,10896,20.0000,5.9500,5.9500,5.9500,5.9500,,product
9700,4095,,20.0000,0.0000,0.0000,0.0000,0.0000,,shipping
9701,4096,10898,20.0000,5.2200,5.2200,5.2200,5.2200,,product
9702,4096,,20.0000,0.9000,0.9000,0.9000,0.9000,,shipping
9703,4097,10900,20.0000,3.9900,3.9900,3.9900,3.9900,,product
9704,4097,,20.0000,0.9000,0.9000,0.9000,0.9000,,shipping
9705,4098,10902,20.0000,3.8000,3.8000,3.8000,3.8000,,product
9706,4098,,20.0000,0.9000,0.9000,0.9000,0.9000,,shipping
9707,4099,10904,20.0000,1.7300,1.7300,1.7300,1.7300,,product
9708,4099,10906,20.0000,1.7300,1.7300,1.7300,1.7300,,product
9709,4099,10908,20.0000,1.4000,1.4000,1.4000,1.4000,,product
9710,4099,10910,20.0000,0.9700,0.9700,0.9700,0.9700,,product
9711,4099,10911,20.0000,5.3000,5.3000,5.3000,5.3000,,product
9712,4099,10913,20.0000,5.9500,5.9500,5.9500,5.9500,,product
9713,4099,10915,20.0000,5.9500,5.9500,5.9500,5.9500,,product
9714,4099,10917,20.0000,5.9600,5.9600,5.9600,5.9600,,product
9715,4099,,20.0000,0.0000,0.0000,0.0000,0.0000,,shipping
9716,4100,10919,20.0000,4.5400,4.5400,4.5400,4.5400,,product
9717,4100,,20.0000,0.0000,0.0000,0.0000,0.0000,,shipping
9718,4101,10921,20.0000,4.3900,4.3900,4.3900,4.3900,,product
9719,4101,10923,20.0000,4.3900,4.3900,4.3900,4.3900,,product
9720,4101,10925,20.0000,4.6500,4.6500,4.6500,4.6500,,product
9721,4101,,20.0000,0.0000,0.0000,0.0000,0.0000,,shipping
9722,4102,10927,20.0000,9.4200,9.4200,9.4200,9.4200,,product
9723,4102,,20.0000,0.0000,0.0000,0.0000,0.0000,,shipping
9724,4103,10929,20.0000,9.7400,9.7400,9.7400,9.7400,,product
9725,4103,10931,20.0000,10.8300,10.8300,10.8300,10.8300,,product
9726,4103,10933,20.0000,1.7300,1.7300,1.7300,1.7300,,product
9727,4103,10935,20.0000,1.7300,1.7300,1.7300,1.7300,,product
9728,4103,10937,20.0000,1.7300,1.7300,1.7300,1.7300,,product
9729,4103,,20.0000,0.0000,0.0000,0.0000,0.0000,,shipping
9730,4104,10939,20.0000,5.9500,5.9500,5.9500,5.9500,,product
9731,4104,,20.0000,0.0000,0.0000,0.0000,0.0000,,shipping
9732,4105,10941,20.0000,9.7400,9.7400,9.7400,9.7400,,product
9733,4105,,20.0000,0.0000,0.0000,0.0000,0.0000,,shipping
9734,4106,10943,20.0000,10.0700,10.0700,10.0700,10.0700,,product
9735,4106,10945,20.0000,10.0700,10.0700,10.0700,10.0700,,product
9736,4106,,20.0000,0.0000,0.0000,0.0000,0.0000,,shipping
9737,4107,10947,20.0000,9.4200,9.4200,9.4200,9.4200,,product
9738,4107,10949,20.0000,9.2000,9.2000,9.2000,9.2000,,product
9739,4107,,20.0000,0.0000,0.0000,0.0000,0.0000,,shipping
9740,4108,10951,20.0000,3.8000,3.8000,3.8000,3.8000,,product
9741,4108,,20.0000,0.9000,0.9000,0.9000,0.9000,,shipping
9742,4109,10953,20.0000,5.2200,5.2200,5.2200,5.2200,,product
9743,4109,,20.0000,0.9000,0.9000,0.9000,0.9000,,shipping
9744,4110,10955,20.0000,3.8500,3.8500,3.8500,3.8500,,product
9745,4110,,20.0000,0.9000,0.9000,0.9000,0.9000,,shipping
9746,4111,10957,20.0000,1.7300,1.7300,1.7300,1.7300,,product
9747,4111,10959,20.0000,1.7300,1.7300,1.7300,1.7300,,product
9748,4111,10961,20.0000,1.7200,1.7200,1.7200,1.7200,,product
9749,4111,10963,20.0000,1.7300,1.7300,1.7300,1.7300,,product
9750,4111,,20.0000,0.0000,0.0000,0.0000,0.0000,,shipping
9751,4112,10965,20.0000,9.0200,9.0200,9.0200,9.0200,,product
9752,4112,,20.0000,0.9000,0.9000,0.9000,0.9000,,shipping
9753,4113,10967,20.0000,3.8000,3.8000,3.8000,3.8000,,product
9754,4113,,20.0000,0.9000,0.9000,0.9000,0.9000,,shipping
9755,4114,10969,20.0000,3.8500,3.8500,3.8500,3.8500,,product
9756,4114,,20.0000,0.9000,0.9000,0.9000,0.9000,,shipping
9757,4115,10971,20.0000,3.8000,3.8000,3.8000,3.8000,,product
9758,4115,,20.0000,0.9000,0.9000,0.9000,0.9000,,shipping
9759,4116,10973,20.0000,10.0700,10.0700,10.0700,10.0700,,product
9760,4116,10975,20.0000,8.7800,8.7800,8.7800,8.7800,,product
9761,4116,10977,20.0000,1.4600,1.4600,1.4600,1.4600,,product
9762,4116,10979,20.0000,3.4500,3.4500,3.4500,3.4500,,product
9763,4116,10981,20.0000,1.7300,1.7300,1.7300,1.7300,,product
9764,4116,10983,20.0000,1.7300,1.7300,1.7300,1.7300,,product
9765,4116,10985,20.0000,1.7300,1.7300,1.7300,1.7300,,product
9766,4116,10987,20.0000,1.7300,1.7300,1.7300,1.7300,,product
9767,4116,10989,20.0000,3.4500,3.4500,3.4500,3.4500,,product
9768,4116,10991,20.0000,1.7300,1.7300,1.7300,1.7300,,product
9769,4116,10993,20.0000,1.7300,1.7300,1.7300,1.7300,,product
9770,4116,10995,20.0000,4.0100,4.0100,4.0100,4.0100,,product
9771,4116,10997,20.0000,2.0000,2.0000,2.0000,2.0000,,product
9772,4116,10999,20.0000,9.4200,9.4200,9.4200,9.4200,,product
9773,4116,,20.0000,0.0000,0.0000,0.0000,0.0000,,shipping
9774,4117,11001,20.0000,10.8300,10.8300,10.8300,10.8300,,product
9775,4117,,20.0000,0.0000,0.0000,0.0000,0.0000,,shipping
9776,4118,11003,20.0000,3.4600,3.4600,3.4600,3.4600,,product
9777,4118,11005,20.0000,4.0800,4.0800,4.0800,4.0800,,product
9778,4118,,20.0000,0.9000,0.9000,0.9000,0.9000,,shipping
9779,4119,11007,20.0000,4.0500,4.0500,4.0500,4.0500,,product
9780,4119,11009,20.0000,9.5000,9.5000,9.5000,9.5000,,product
9781,4119,11011,20.0000,9.4900,9.4900,9.4900,9.4900,,product
9782,4119,11013,20.0000,9.5000,9.5000,9.5000,9.5000,,product
9783,4119,11015,20.0000,5.4900,5.4900,5.4900,5.4900,,product
9784,4119,,20.0000,0.6600,0.6600,0.6600,0.6600,,shipping
9785,4120,11017,20.0000,4.3300,4.3300,4.3300,4.3300,,product
9786,4120,11019,20.0000,4.3300,4.3300,4.3300,4.3300,,product
9787,4120,11021,20.0000,1.7200,1.7200,1.7200,1.7200,,product
9788,4120,11023,20.0000,10.8300,10.8300,10.8300,10.8300,,product
9789,4120,11025,20.0000,10.8300,10.8300,10.8300,10.8300,,product
9790,4120,11027,20.0000,4.3300,4.3300,4.3300,4.3300,,product
9791,4120,11029,20.0000,1.7300,1.7300,1.7300,1.7300,,product
9792,4120,,20.0000,0.0000,0.0000,0.0000,0.0000,,shipping
9793,4121,11031,20.0000,9.7400,9.7400,9.7400,9.7400,,product
9794,4121,11033,20.0000,9.7500,9.7500,9.7500,9.7500,,product
9795,4121,11035,20.0000,9.7400,9.7400,9.7400,9.7400,,product
9796,4121,11037,20.0000,9.7500,9.7500,9.7500,9.7500,,product
9797,4121,11039,20.0000,9.7400,9.7400,9.7400,9.7400,,product
9798,4121,11041,20.0000,9.2000,9.2000,9.2000,9.2000,,product
9799,4121,11043,20.0000,9.2000,9.2000,9.2000,9.2000,,product
9800,4121,11045,20.0000,9.2100,9.2100,9.2100,9.2100,,product
9801,4121,11047,20.0000,9.2000,9.2000,9.2000,9.2000,,product
9802,4121,11049,20.0000,9.2000,9.2000,9.2000,9.2000,,product
9803,4121,11051,20.0000,9.2000,9.2000,9.2000,9.2000,,product
9804,4121,,20.0000,0.0000,0.0000,0.0000,0.0000,,shipping
9805,4122,11053,20.0000,3.8500,3.8500,3.8500,3.8500,,product
9806,4122,,20.0000,0.9000,0.9000,0.9000,0.9000,,shipping
9807,4123,11055,20.0000,3.9900,3.9900,3.9900,3.9900,,product
9808,4123,,20.0000,0.9000,0.9000,0.9000,0.9000,,shipping
9809,4124,11057,20.0000,3.8500,3.8500,3.8500,3.8500,,product
9810,4124,,20.0000,0.9000,0.9000,0.9000,0.9000,,shipping
9811,4125,11059,20.0000,1.4600,1.4600,1.4600,1.4600,,product
9812,4125,11061,20.0000,1.7300,1.7300,1.7300,1.7300,,product
9813,4125,11063,20.0000,4.3900,4.3900,4.3900,4.3900,,product
9814,4125,11065,20.0000,4.3300,4.3300,4.3300,4.3300,,product
9815,4125,,20.0000,0.0000,0.0000,0.0000,0.0000,,shipping
9816,4126,11067,20.0000,1.7300,1.7300,1.7300,1.7300,,product
9817,4126,11069,20.0000,10.8300,10.8300,10.8300,10.8300,,product
9818,4126,11071,20.0000,10.8200,10.8200,10.8200,10.8200,,product
9819,4126,11073,20.0000,10.8300,10.8300,10.8300,10.8300,,product
9820,4126,11075,20.0000,10.8300,10.8300,10.8300,10.8300,,product
9821,4126,,20.0000,0.0000,0.0000,0.0000,0.0000,,shipping
9822,4127,11077,20.0000,3.9900,3.9900,3.9900,3.9900,,product
9823,4127,,20.0000,0.9000,0.9000,0.9000,0.9000,,shipping
9824,4128,11079,20.0000,9.7400,9.7400,9.7400,9.7400,,product
9825,4128,11081,20.0000,4.6600,4.6600,4.6600,4.6600,,product
9826,4128,11083,20.0000,1.4600,1.4600,1.4600,1.4600,,product
9827,4128,11085,20.0000,1.4600,1.4600,1.4600,1.4600,,product
9828,4128,,20.0000,0.0000,0.0000,0.0000,0.0000,,shipping
9829,4129,11087,20.0000,4.0800,4.0800,4.0800,4.0800,,product
9830,4129,,20.0000,0.9000,0.9000,0.9000,0.9000,,shipping
9831,4130,11089,20.0000,9.7400,9.7400,9.7400,9.7400,,product
9832,4130,11091,20.0000,10.0700,10.0700,10.0700,10.0700,,product
9833,4130,,20.0000,0.0000,0.0000,0.0000,0.0000,,shipping
9834,4131,11093,20.0000,3.8500,3.8500,3.8500,3.8500,,product
9835,4131,,20.0000,0.9000,0.9000,0.9000,0.9000,,shipping
9836,4132,11095,20.0000,4.3900,4.3900,4.3900,4.3900,,product
9837,4132,11097,20.0000,4.6500,4.6500,4.6500,4.6500,,product
9838,4132,,20.0000,0.0000,0.0000,0.0000,0.0000,,shipping
9839,4133,11099,20.0000,7.5900,7.5900,7.5900,7.5900,,product
9840,4133,,20.0000,0.9000,0.9000,0.9000,0.9000,,shipping
9841,4134,11101,20.0000,3.9900,3.9900,3.9900,3.9900,,product
9842,4134,,20.0000,0.9000,0.9000,0.9000,0.9000,,shipping
9843,4135,11103,20.0000,3.8000,3.8000,3.8000,3.8000,,product
9844,4135,,20.0000,0.9000,0.9000,0.9000,0.9000,,shipping
9845,4136,11105,20.0000,3.8500,3.8500,3.8500,3.8500,,product
9846,4136,,20.0000,0.9000,0.9000,0.9000,0.9000,,shipping
9847,4137,11107,20.0000,3.8000,3.8000,3.8000,3.8000,,product
9848,4137,,20.0000,0.9000,0.9000,0.9000,0.9000,,shipping
9849,4138,11109,20.0000,4.5400,4.5400,4.5400,4.5400,,product
9850,4138,11111,20.0000,4.5500,4.5500,4.5500,4.5500,,product
9851,4138,11113,20.0000,4.5400,4.5400,4.5400,4.5400,,product
9852,4138,,20.0000,0.0000,0.0000,0.0000,0.0000,,shipping
9853,4139,11115,20.0000,4.3900,4.3900,4.3900,4.3900,,product
9854,4139,,20.0000,0.0000,0.0000,0.0000,0.0000,,shipping
9855,4140,11117,20.0000,3.9900,3.9900,3.9900,3.9900,,product
9856,4140,,20.0000,0.9000,0.9000,0.9000,0.9000,,shipping
9857,4141,11119,20.0000,3.8000,3.8000,3.8000,3.8000,,product
9858,4141,,20.0000,0.9000,0.9000,0.9000,0.9000,,shipping
9859,4142,11121,20.0000,9.7400,9.7400,9.7400,9.7400,,product
9860,4142,11123,20.0000,10.0700,10.0700,10.0700,10.0700,,product
9861,4142,11125,20.0000,10.0700,10.0700,10.0700,10.0700,,product
9862,4142,11127,20.0000,10.0700,10.0700,10.0700,10.0700,,product
9863,4142,11129,20.0000,10.0700,10.0700,10.0700,10.0700,,product
9864,4142,,20.0000,0.0000,0.0000,0.0000,0.0000,,shipping
9865,4143,11131,20.0000,3.8500,3.8500,3.8500,3.8500,,product
9866,4143,,20.0000,0.9000,0.9000,0.9000,0.9000,,shipping
9867,4144,11133,20.0000,10.8300,10.8300,10.8300,10.8300,,product
9868,4144,11135,20.0000,10.8300,10.8300,10.8300,10.8300,,product
9869,4144,,20.0000,0.0000,0.0000,0.0000,0.0000,,shipping
9870,4145,11137,20.0000,5.2200,5.2200,5.2200,5.2200,,product
9871,4145,,20.0000,0.9000,0.9000,0.9000,0.9000,,shipping
9872,4146,11139,20.0000,3.8000,3.8000,3.8000,3.8000,,product
9873,4146,,20.0000,0.9000,0.9000,0.9000,0.9000,,shipping
9874,4147,11141,20.0000,1.5600,1.5600,1.5600,1.5600,,product
9875,4147,11143,20.0000,1.5500,1.5500,1.5500,1.5500,,product
9876,4147,11145,20.0000,1.5600,1.5600,1.5600,1.5600,,product
9877,4147,11147,20.0000,1.5500,1.5500,1.5500,1.5500,,product
9878,4147,11149,20.0000,1.5600,1.5600,1.5600,1.5600,,product
9879,4147,11151,20.0000,1.5500,1.5500,1.5500,1.5500,,product
9880,4147,,20.0000,0.0000,0.0000,0.0000,0.0000,,shipping
9881,4148,11153,20.0000,10.0700,10.0700,10.0700,10.0700,,product
9882,4148,,20.0000,0.0000,0.0000,0.0000,0.0000,,shipping
9883,4149,11155,20.0000,5.2200,5.2200,5.2200,5.2200,,product
9884,4149,,20.0000,0.9000,0.9000,0.9000,0.9000,,shipping
9885,4150,11157,20.0000,9.2000,9.2000,9.2000,9.2000,,product
9886,4150,11159,20.0000,6.2800,6.2800,6.2800,6.2800,,product
9887,4150,11161,20.0000,6.2800,6.2800,6.2800,6.2800,,product
9888,4150,,20.0000,0.0000,0.0000,0.0000,0.0000,,shipping
9889,4151,11163,20.0000,1.5600,1.5600,1.5600,1.5600,,product
9890,4151,11165,20.0000,3.1100,3.1100,3.1100,3.1100,,product
9891,4151,11167,20.0000,1.5500,1.5500,1.5500,1.5500,,product
9892,4151,,20.0000,0.0000,0.0000,0.0000,0.0000,,shipping
9893,4152,11169,20.0000,4.0800,4.0800,4.0800,4.0800,,product
9894,4152,,20.0000,0.9000,0.9000,0.9000,0.9000,,shipping
9895,4153,11171,20.0000,5.2200,5.2200,5.2200,5.2200,,product
9896,4153,,20.0000,0.9000,0.9000,0.9000,0.9000,,shipping
9897,4154,11173,20.0000,4.3300,4.3300,4.3300,4.3300,,product
9898,4154,,20.0000,0.0000,0.0000,0.0000,0.0000,,shipping
9899,4155,11175,20.0000,3.9900,3.9900,3.9900,3.9900,,product
9900,4155,,20.0000,0.9000,0.9000,0.9000,0.9000,,shipping
9901,4156,11177,20.0000,3.8000,3.8000,3.8000,3.8000,,product
9902,4156,,20.0000,0.9000,0.9000,0.9000,0.9000,,shipping
9903,4157,11179,20.0000,3.8000,3.8000,3.8000,3.8000,,product
9904,4157,11181,20.0000,3.9800,3.9800,3.9800,3.9800,,product
9905,4157,,20.0000,0.9000,0.9000,0.9000,0.9000,,shipping
9906,4158,11183,20.0000,3.8500,3.8500,3.8500,3.8500,,product
9907,4158,,20.0000,0.9000,0.9000,0.9000,0.9000,,shipping
9908,4159,11185,20.0000,4.6700,4.6700,4.6700,4.6700,,product
9909,4159,11187,20.0000,4.6600,4.6600,4.6600,4.6600,,product
9910,4159,11189,20.0000,4.6700,4.6700,4.6700,4.6700,,product
9911,4159,11191,20.0000,3.1100,3.1100,3.1100,3.1100,,product
9912,4159,,20.0000,0.0000,0.0000,0.0000,0.0000,,shipping
9913,4160,11193,20.0000,3.9900,3.9900,3.9900,3.9900,,product
9914,4160,,20.0000,0.9000,0.9000,0.9000,0.9000,,shipping
9915,4161,11195,20.0000,5.2200,5.2200,5.2200,5.2200,,product
9916,4161,,20.0000,0.9000,0.9000,0.9000,0.9000,,shipping
9917,4162,11197,20.0000,3.8000,3.8000,3.8000,3.8000,,product
9918,4162,,20.0000,0.9000,0.9000,0.9000,0.9000,,shipping
9919,4163,11199,20.0000,3.8500,3.8500,3.8500,3.8500,,product
9920,4163,,20.0000,0.9000,0.9000,0.9000,0.9000,,shipping
9921,4164,11201,20.0000,4.0800,4.0800,4.0800,4.0800,,product
9922,4164,,20.0000,0.9000,0.9000,0.9000,0.9000,,shipping
9923,4165,11203,20.0000,3.9900,3.9900,3.9900,3.9900,,product
9924,4165,,20.0000,0.9000,0.9000,0.9000,0.9000,,shipping
9925,4166,11205,20.0000,5.2200,5.2200,5.2200,5.2200,,product
9926,4166,,20.0000,0.9000,0.9000,0.9000,0.9000,,shipping
9927,4167,11207,20.0000,10.5000,10.5000,10.5000,10.5000,,product
9928,4167,11209,20.0000,1.5600,1.5600,1.5600,1.5600,,product
9929,4167,11211,20.0000,1.5500,1.5500,1.5500,1.5500,,product
9930,4167,11213,20.0000,1.5600,1.5600,1.5600,1.5600,,product
9931,4167,11215,20.0000,1.5500,1.5500,1.5500,1.5500,,product
9932,4167,11217,20.0000,1.5600,1.5600,1.5600,1.5600,,product
9933,4167,11219,20.0000,1.5500,1.5500,1.5500,1.5500,,product
9934,4167,,20.0000,0.0000,0.0000,0.0000,0.0000,,shipping
9935,4168,11221,20.0000,9.2100,9.2100,9.2100,9.2100,,product
9936,4168,,20.0000,0.9000,0.9000,0.9000,0.9000,,shipping
9937,4169,11223,20.0000,3.8000,3.8000,3.8000,3.8000,,product
9938,4169,,20.0000,0.9000,0.9000,0.9000,0.9000,,shipping
9939,4170,11225,20.0000,5.2200,5.2200,5.2200,5.2200,,product
9940,4170,,20.0000,0.9000,0.9000,0.9000,0.9000,,shipping
9941,4171,11227,20.0000,10.5000,10.5000,10.5000,10.5000,,product
9942,4171,11229,20.0000,4.3900,4.3900,4.3900,4.3900,,product
9943,4171,11231,20.0000,10.2900,10.2900,10.2900,10.2900,,product
9944,4171,,20.0000,0.0000,0.0000,0.0000,0.0000,,shipping
9945,4172,11233,20.0000,10.0700,10.0700,10.0700,10.0700,,product
9946,4172,11235,20.0000,1.3700,1.3700,1.3700,1.3700,,product
9947,4172,,20.0000,0.0000,0.0000,0.0000,0.0000,,shipping
9948,4173,11237,20.0000,5.2200,5.2200,5.2200,5.2200,,product
9949,4173,,20.0000,0.9000,0.9000,0.9000,0.9000,,shipping
9950,4174,11239,20.0000,4.3900,4.3900,4.3900,4.3900,,product
9951,4174,11241,20.0000,4.3900,4.3900,4.3900,4.3900,,product
9952,4174,11243,20.0000,4.3800,4.3800,4.3800,4.3800,,product
9953,4174,11245,20.0000,4.5500,4.5500,4.5500,4.5500,,product
9954,4174,,20.0000,0.0000,0.0000,0.0000,0.0000,,shipping
9955,4175,11247,20.0000,6.2800,6.2800,6.2800,6.2800,,product
9956,4175,,20.0000,0.0000,0.0000,0.0000,0.0000,,shipping
9957,4176,11249,20.0000,2.0000,2.0000,2.0000,2.0000,,product
9958,4176,11251,20.0000,1.7300,1.7300,1.7300,1.7300,,product
9959,4176,,20.0000,0.6600,0.6600,0.6600,0.6600,,shipping
9960,4177,11253,20.0000,3.9900,3.9900,3.9900,3.9900,,product
9961,4177,,20.0000,0.9000,0.9000,0.9000,0.9000,,shipping
9962,4178,11255,20.0000,3.8000,3.8000,3.8000,3.8000,,product
9963,4178,,20.0000,0.9000,0.9000,0.9000,0.9000,,shipping
9964,4179,11257,20.0000,3.8500,3.8500,3.8500,3.8500,,product
9965,4179,,20.0000,0.9000,0.9000,0.9000,0.9000,,shipping
9966,4180,11259,20.0000,5.2200,5.2200,5.2200,5.2200,,product
9967,4180,,20.0000,0.9000,0.9000,0.9000,0.9000,,shipping
9968,4181,11261,20.0000,5.2200,5.2200,5.2200,5.2200,,product
9969,4181,,20.0000,0.9000,0.9000,0.9000,0.9000,,shipping
9970,4182,11263,20.0000,5.3000,5.3000,5.3000,5.3000,,product
9971,4182,11265,20.0000,10.2900,10.2900,10.2900,10.2900,,product
9972,4182,11267,20.0000,1.5500,1.5500,1.5500,1.5500,,product
9973,4182,11269,20.0000,1.5600,1.5600,1.5600,1.5600,,product
9974,4182,,20.0000,0.0000,0.0000,0.0000,0.0000,,shipping
9975,4183,11271,20.0000,3.9900,3.9900,3.9900,3.9900,,product
9976,4183,,20.0000,0.9000,0.9000,0.9000,0.9000,,shipping
9977,4184,11273,20.0000,1.5600,1.5600,1.5600,1.5600,,product
9978,4184,11275,20.0000,1.5500,1.5500,1.5500,1.5500,,product
9979,4184,11277,20.0000,3.1100,3.1100,3.1100,3.1100,,product
9980,4184,11279,20.0000,10.8300,10.8300,10.8300,10.8300,,product
9981,4184,11281,20.0000,5.3000,5.3000,5.3000,5.3000,,product
9982,4184,11283,20.0000,1.3200,1.3200,1.3200,1.3200,,product
9983,4184,11285,20.0000,1.3100,1.3100,1.3100,1.3100,,product
9984,4184,,20.0000,0.0000,0.0000,0.0000,0.0000,,shipping
9985,4185,11287,20.0000,3.8000,3.8000,3.8000,3.8000,,product
9986,4185,,20.0000,0.9000,0.9000,0.9000,0.9000,,shipping
9987,4186,11289,20.0000,5.2200,5.2200,5.2200,5.2200,,product
9988,4186,,20.0000,0.9000,0.9000,0.9000,0.9000,,shipping
9989,4187,11291,20.0000,3.9900,3.9900,3.9900,3.9900,,product
9990,4187,,20.0000,0.9000,0.9000,0.9000,0.9000,,shipping
9991,4188,11293,20.0000,5.3000,5.3000,5.3000,5.3000,,product
9992,4188,,20.0000,0.0000,0.0000,0.0000,0.0000,,shipping
9993,4189,11295,20.0000,3.8000,3.8000,3.8000,3.8000,,product
9994,4189,,20.0000,0.9000,0.9000,0.9000,0.9000,,shipping
9995,4190,11297,20.0000,4.0100,4.0100,4.0100,4.0100,,product
9996,4190,,20.0000,0.6600,0.6600,0.6600,0.6600,,shipping
9997,4191,11299,20.0000,1.5600,1.5600,1.5600,1.5600,,product
9998,4191,11301,20.0000,1.5500,1.5500,1.5500,1.5500,,product
9999,4191,11303,20.0000,1.5600,1.5600,1.5600,1.5600,,product
10000,4191,11305,20.0000,1.5500,1.5500,1.5500,1.5500,,product
10001,4191,11307,20.0000,1.5600,1.5600,1.5600,1.5600,,product
10002,4191,11309,20.0000,1.5500,1.5500,1.5500,1.5500,,product
10003,4191,11311,20.0000,3.1100,3.1100,3.1100,3.1100,,product
10004,4191,11313,20.0000,1.5600,1.5600,1.5600,1.5600,,product
10005,4191,11315,20.0000,1.5500,1.5500,1.5500,1.5500,,product
10006,4191,11317,20.0000,1.5600,1.5600,1.5600,1.5600,,product
10007,4191,,20.0000,0.0000,0.0000,0.0000,0.0000,,shipping
10008,4192,11319,20.0000,3.8500,3.8500,3.8500,3.8500,,product
10009,4192,,20.0000,0.9000,0.9000,0.9000,0.9000,,shipping
10010,4193,11321,20.0000,5.2200,5.2200,5.2200,5.2200,,product
10011,4193,,20.0000,0.9000,0.9000,0.9000,0.9000,,shipping
10012,4194,11323,20.0000,3.8500,3.8500,3.8500,3.8500,,product
10013,4194,,20.0000,0.9000,0.9000,0.9000,0.9000,,shipping
10014,4195,11325,20.0000,9.7400,9.7400,9.7400,9.7400,,product
10015,4195,11327,20.0000,9.7500,9.7500,9.7500,9.7500,,product
10016,4195,,20.0000,0.0000,0.0000,0.0000,0.0000,,shipping
10017,4196,11329,20.0000,5.9500,5.9500,5.9500,5.9500,,product
10018,4196,11331,20.0000,5.9500,5.9500,5.9500,5.9500,,product
10019,4196,11333,20.0000,5.9600,5.9600,5.9600,5.9600,,product
10020,4196,,20.0000,0.0000,0.0000,0.0000,0.0000,,shipping
10021,4197,11335,20.0000,5.2200,5.2200,5.2200,5.2200,,product
10022,4197,,20.0000,0.9000,0.9000,0.9000,0.9000,,shipping
10023,4198,11337,20.0000,4.5400,4.5400,4.5400,4.5400,,product
10024,4198,11339,20.0000,5.9600,5.9600,5.9600,5.9600,,product
10025,4198,11341,20.0000,5.9500,5.9500,5.9500,5.9500,,product
10026,4198,,20.0000,0.0000,0.0000,0.0000,0.0000,,shipping
10027,4199,11343,20.0000,5.9500,5.9500,5.9500,5.9500,,product
10028,4199,11345,20.0000,4.0000,4.0000,4.0000,4.0000,,product
10029,4199,11347,20.0000,9.2100,9.2100,9.2100,9.2100,,product
10030,4199,,20.0000,0.0000,0.0000,0.0000,0.0000,,shipping
10031,4200,11349,20.0000,10.5000,10.5000,10.5000,10.5000,,product
10032,4200,,20.0000,0.0000,0.0000,0.0000,0.0000,,shipping
10033,4201,11351,20.0000,9.7400,9.7400,9.7400,9.7400,,product
10034,4201,,20.0000,0.0000,0.0000,0.0000,0.0000,,shipping
10035,4202,11353,20.0000,9.2000,9.2000,9.2000,9.2000,,product
10036,4202,,20.0000,0.0000,0.0000,0.0000,0.0000,,shipping
10037,4203,11355,20.0000,9.7400,9.7400,9.7400,9.7400,,product
10038,4203,11357,20.0000,9.7500,9.7500,9.7500,9.7500,,product
10039,4203,11359,20.0000,10.0700,10.0700,10.0700,10.0700,,product
10040,4203,11361,20.0000,10.0700,10.0700,10.0700,10.0700,,product
10041,4203,11363,20.0000,9.7400,9.7400,9.7400,9.7400,,product
10042,4203,11365,20.0000,9.7500,9.7500,9.7500,9.7500,,product
10043,4203,11367,20.0000,9.7400,9.7400,9.7400,9.7400,,product
10044,4203,11369,20.0000,9.7400,9.7400,9.7400,9.7400,,product
10045,4203,11371,20.0000,4.3900,4.3900,4.3900,4.3900,,product
10046,4203,11373,20.0000,4.3900,4.3900,4.3900,4.3900,,product
10047,4203,11375,20.0000,5.3000,5.3000,5.3000,5.3000,,product
10048,4203,11377,20.0000,10.2900,10.2900,10.2900,10.2900,,product
10049,4203,11379,20.0000,10.2800,10.2800,10.2800,10.2800,,product
10050,4203,11381,20.0000,5.9600,5.9600,5.9600,5.9600,,product
10051,4203,11383,20.0000,5.9500,5.9500,5.9500,5.9500,,product
10052,4203,11385,20.0000,5.9500,5.9500,5.9500,5.9500,,product
10053,4203,11387,20.0000,5.9500,5.9500,5.9500,5.9500,,product
10054,4203,11389,20.0000,5.9500,5.9500,5.9500,5.9500,,product
10055,4203,11391,20.0000,5.9600,5.9600,5.9600,5.9600,,product
10056,4203,,20.0000,0.0000,0.0000,0.0000,0.0000,,shipping
10057,4204,11393,20.0000,10.8300,10.8300,10.8300,10.8300,,product
10058,4204,,20.0000,0.0000,0.0000,0.0000,0.0000,,shipping
10059,4205,11395,20.0000,4.3900,4.3900,4.3900,4.3900,,product
10060,4205,,20.0000,0.0000,0.0000,0.0000,0.0000,,shipping
10061,4206,11397,20.0000,4.6500,4.6500,4.6500,4.6500,,product
10062,4206,11399,20.0000,4.6500,4.6500,4.6500,4.6500,,product
10063,4206,11401,20.0000,4.3900,4.3900,4.3900,4.3900,,product
10064,4206,,20.0000,0.0000,0.0000,0.0000,0.0000,,shipping
10065,4207,11403,20.0000,5.3000,5.3000,5.3000,5.3000,,product
10066,4207,,20.0000,0.0000,0.0000,0.0000,0.0000,,shipping
10067,4208,11405,20.0000,3.8500,3.8500,3.8500,3.8500,,product
10068,4208,11407,20.0000,3.8500,3.8500,3.8500,3.8500,,product
10069,4208,,20.0000,0.9000,0.9000,0.9000,0.9000,,shipping
10070,4209,11409,20.0000,5.2200,5.2200,5.2200,5.2200,,product
10071,4209,,20.0000,0.9000,0.9000,0.9000,0.9000,,shipping
10072,4210,11411,20.0000,5.2200,5.2200,5.2200,5.2200,,product
10073,4210,11413,20.0000,5.2200,5.2200,5.2200,5.2200,,product
10074,4210,,20.0000,0.9000,0.9000,0.9000,0.9000,,shipping
10075,4211,11415,20.0000,9.7900,9.7900,9.7900,9.7900,,product
10076,4211,11417,20.0000,4.8900,4.8900,4.8900,4.8900,,product
10077,4211,11419,20.0000,4.9000,4.9000,4.9000,4.9000,,product
10078,4211,11421,20.0000,4.8900,4.8900,4.8900,4.8900,,product
10079,4211,11423,20.0000,4.0500,4.0500,4.0500,4.0500,,product
10080,4211,11425,20.0000,9.5000,9.5000,9.5000,9.5000,,product
10081,4211,11427,20.0000,5.4900,5.4900,5.4900,5.4900,,product
10082,4211,11429,20.0000,5.4900,5.4900,5.4900,5.4900,,product
10083,4211,11431,20.0000,5.5000,5.5000,5.5000,5.5000,,product
10084,4211,,20.0000,0.0000,0.0000,0.0000,0.0000,,shipping
10085,4212,11433,20.0000,9.7400,9.7400,9.7400,9.7400,,product
10086,4212,,20.0000,0.0000,0.0000,0.0000,0.0000,,shipping
10087,4213,11435,20.0000,3.8000,3.8000,3.8000,3.8000,,product
10088,4213,11437,20.0000,3.7900,3.7900,3.7900,3.7900,,product
10089,4213,,20.0000,0.9000,0.9000,0.9000,0.9000,,shipping
10090,4214,11439,20.0000,10.0700,10.0700,10.0700,10.0700,,product
10091,4214,,20.0000,0.0000,0.0000,0.0000,0.0000,,shipping
10092,4215,11441,20.0000,3.8500,3.8500,3.8500,3.8500,,product
10093,4215,,20.0000,0.9000,0.9000,0.9000,0.9000,,shipping
10094,4216,11443,20.0000,2.0000,2.0000,2.0000,2.0000,,product
10095,4216,11445,20.0000,5.2200,5.2200,5.2200,5.2200,,product
10096,4216,,20.0000,0.9000,0.9000,0.9000,0.9000,,shipping
10097,4217,11447,20.0000,9.7400,9.7400,9.7400,9.7400,,product
10098,4217,,20.0000,0.0000,0.0000,0.0000,0.0000,,shipping
10099,4218,11449,20.0000,3.8500,3.8500,3.8500,3.8500,,product
10100,4218,,20.0000,0.9000,0.9000,0.9000,0.9000,,shipping
10101,4219,11451,20.0000,4.3300,4.3300,4.3300,4.3300,,product
10102,4219,11453,20.0000,4.3300,4.3300,4.3300,4.3300,,product
10103,4219,11455,20.0000,4.3200,4.3200,4.3200,4.3200,,product
10104,4219,11457,20.0000,4.3300,4.3300,4.3300,4.3300,,product
10105,4219,,20.0000,0.0000,0.0000,0.0000,0.0000,,shipping
10106,4220,11459,20.0000,10.0700,10.0700,10.0700,10.0700,,product
10107,4220,,20.0000,0.0000,0.0000,0.0000,0.0000,,shipping
10108,4221,11461,20.0000,3.8500,3.8500,3.8500,3.8500,,product
10109,4221,,20.0000,0.9000,0.9000,0.9000,0.9000,,shipping
10110,4222,11463,20.0000,3.8000,3.8000,3.8000,3.8000,,product
10111,4222,,20.0000,0.9000,0.9000,0.9000,0.9000,,shipping
10112,4223,11465,20.0000,4.5400,4.5400,4.5400,4.5400,,product
10113,4223,,20.0000,0.0000,0.0000,0.0000,0.0000,,shipping
10114,4224,11467,20.0000,4.5400,4.5400,4.5400,4.5400,,product
10115,4224,,20.0000,0.0000,0.0000,0.0000,0.0000,,shipping
10116,4225,11469,20.0000,3.9900,3.9900,3.9900,3.9900,,product
10117,4225,,20.0000,0.9000,0.9000,0.9000,0.9000,,shipping
10118,4226,11471,20.0000,3.8500,3.8500,3.8500,3.8500,,product
10119,4226,,20.0000,0.9000,0.9000,0.9000,0.9000,,shipping
10120,4227,11473,20.0000,1.5700,1.5700,1.5700,1.5700,,product
10121,4227,11475,20.0000,1.5200,1.5200,1.5200,1.5200,,product
10122,4227,11477,20.0000,4.5400,4.5400,4.5400,4.5400,,product
10123,4227,,20.0000,0.0000,0.0000,0.0000,0.0000,,shipping
10124,4228,11479,20.0000,3.8000,3.8000,3.8000,3.8000,,product
10125,4228,,20.0000,0.9000,0.9000,0.9000,0.9000,,shipping
10126,4229,11481,20.0000,4.0800,4.0800,4.0800,4.0800,,product
10127,4229,,20.0000,0.9000,0.9000,0.9000,0.9000,,shipping
10128,4230,11483,20.0000,5.3000,5.3000,5.3000,5.3000,,product
10129,4230,11485,20.0000,10.8300,10.8300,10.8300,10.8300,,product
10130,4230,11487,20.0000,10.8300,10.8300,10.8300,10.8300,,product
10131,4230,11489,20.0000,10.8300,10.8300,10.8300,10.8300,,product
10132,4230,,20.0000,0.0000,0.0000,0.0000,0.0000,,shipping
10133,4231,11491,20.0000,3.8500,3.8500,3.8500,3.8500,,product
10134,4231,,20.0000,0.9000,0.9000,0.9000,0.9000,,shipping
10135,4232,11493,20.0000,9.7400,9.7400,9.7400,9.7400,,product
10136,4232,,20.0000,0.6600,0.6600,0.6600,0.6600,,shipping
10137,4233,11495,20.0000,1.4600,1.4600,1.4600,1.4600,,product
10138,4233,11497,20.0000,1.4600,1.4600,1.4600,1.4600,,product
10139,4233,11499,20.0000,9.2100,9.2100,9.2100,9.2100,,product
10140,4233,11501,20.0000,6.2700,6.2700,6.2700,6.2700,,product
10141,4233,11503,20.0000,1.4700,1.4700,1.4700,1.4700,,product
10142,4233,11505,20.0000,1.4600,1.4600,1.4600,1.4600,,product
10143,4233,,20.0000,0.0000,0.0000,0.0000,0.0000,,shipping
10144,4234,11507,20.0000,1.4600,1.4600,1.4600,1.4600,,product
10145,4234,11509,20.0000,5.2200,5.2200,5.2200,5.2200,,product
10146,4234,,20.0000,0.9000,0.9000,0.9000,0.9000,,shipping
10147,4235,11511,20.0000,3.9900,3.9900,3.9900,3.9900,,product
10148,4235,,20.0000,0.9000,0.9000,0.9000,0.9000,,shipping
10149,4236,11513,20.0000,10.2900,10.2900,10.2900,10.2900,,product
10150,4236,,20.0000,0.0000,0.0000,0.0000,0.0000,,shipping
10151,4237,11515,20.0000,9.4200,9.4200,9.4200,9.4200,,product
10152,4237,,20.0000,0.0000,0.0000,0.0000,0.0000,,shipping
10153,4238,11517,20.0000,4.8900,4.8900,4.8900,4.8900,,product
10154,4238,11519,20.0000,4.9000,4.9000,4.9000,4.9000,,product
10155,4238,11521,20.0000,4.0500,4.0500,4.0500,4.0500,,product
10156,4238,11523,20.0000,4.0500,4.0500,4.0500,4.0500,,product
10157,4238,11525,20.0000,4.0500,4.0500,4.0500,4.0500,,product
10158,4238,,20.0000,0.6600,0.6600,0.6600,0.6600,,shipping
10159,4239,11527,20.0000,5.2200,5.2200,5.2200,5.2200,,product
10160,4239,,20.0000,0.9000,0.9000,0.9000,0.9000,,shipping
10161,4240,11529,20.0000,9.7400,9.7400,9.7400,9.7400,,product
10162,4240,11531,20.0000,10.0700,10.0700,10.0700,10.0700,,product
10163,4240,,20.0000,0.0000,0.0000,0.0000,0.0000,,shipping
10164,4241,11533,20.0000,5.2200,5.2200,5.2200,5.2200,,product
10165,4241,,20.0000,0.9000,0.9000,0.9000,0.9000,,shipping
10166,4242,11535,20.0000,3.8500,3.8500,3.8500,3.8500,,product
10167,4242,,20.0000,0.9000,0.9000,0.9000,0.9000,,shipping
10168,4243,11537,20.0000,3.9900,3.9900,3.9900,3.9900,,product
10169,4243,,20.0000,0.9000,0.9000,0.9000,0.9000,,shipping
10170,4244,11539,20.0000,4.3900,4.3900,4.3900,4.3900,,product
10171,4244,,20.0000,0.0000,0.0000,0.0000,0.0000,,shipping
10172,4245,11541,20.0000,10.8300,10.8300,10.8300,10.8300,,product
10173,4245,11543,20.0000,10.8300,10.8300,10.8300,10.8300,,product
10174,4245,11545,20.0000,10.8200,10.8200,10.8200,10.8200,,product
10175,4245,11547,20.0000,10.8300,10.8300,10.8300,10.8300,,product
10176,4245,11549,20.0000,4.3300,4.3300,4.3300,4.3300,,product
10177,4245,,20.0000,0.0000,0.0000,0.0000,0.0000,,shipping
10178,4246,11551,20.0000,8.8800,8.8800,8.8800,8.8800,,product
10179,4246,,20.0000,0.0000,0.0000,0.0000,0.0000,,shipping
10180,4247,11553,20.0000,3.8500,3.8500,3.8500,3.8500,,product
10181,4247,,20.0000,0.9000,0.9000,0.9000,0.9000,,shipping
10182,4248,11555,20.0000,5.3000,5.3000,5.3000,5.3000,,product
10183,4248,11557,20.0000,10.2900,10.2900,10.2900,10.2900,,product
10184,4248,,20.0000,0.0000,0.0000,0.0000,0.0000,,shipping
10185,4249,11559,20.0000,10.8300,10.8300,10.8300,10.8300,,product
10186,4249,11561,20.0000,10.8300,10.8300,10.8300,10.8300,,product
10187,4249,,20.0000,0.0000,0.0000,0.0000,0.0000,,shipping
10188,4250,11563,20.0000,3.8500,3.8500,3.8500,3.8500,,product
10189,4250,,20.0000,0.9000,0.9000,0.9000,0.9000,,shipping
10190,4251,11565,20.0000,3.8500,3.8500,3.8500,3.8500,,product
10191,4251,,20.0000,0.9000,0.9000,0.9000,0.9000,,shipping
10192,4252,11567,20.0000,10.0700,10.0700,10.0700,10.0700,,product
10193,4252,11569,20.0000,1.7300,1.7300,1.7300,1.7300,,product
10194,4252,11571,20.0000,1.7300,1.7300,1.7300,1.7300,,product
10195,4252,11573,20.0000,1.7200,1.7200,1.7200,1.7200,,product
10196,4252,11575,20.0000,9.2100,9.2100,9.2100,9.2100,,product
10197,4252,,20.0000,0.0000,0.0000,0.0000,0.0000,,shipping
10198,4253,11577,20.0000,4.6500,4.6500,4.6500,4.6500,,product
10199,4253,,20.0000,0.9000,0.9000,0.9000,0.9000,,shipping
10200,4254,11579,20.0000,8.8800,8.8800,8.8800,8.8800,,product
10201,4254,11581,20.0000,10.0700,10.0700,10.0700,10.0700,,product
10202,4254,11583,20.0000,10.2800,10.2800,10.2800,10.2800,,product
10203,4254,11585,20.0000,10.2900,10.2900,10.2900,10.2900,,product
10204,4254,,20.0000,0.0000,0.0000,0.0000,0.0000,,shipping
10205,4255,11587,20.0000,3.8000,3.8000,3.8000,3.8000,,product
10206,4255,,20.0000,0.9000,0.9000,0.9000,0.9000,,shipping
10207,4256,11589,20.0000,3.8500,3.8500,3.8500,3.8500,,product
10208,4256,,20.0000,0.9000,0.9000,0.9000,0.9000,,shipping
10209,4257,11591,20.0000,5.3100,5.3100,5.3100,5.3100,,product
10210,4257,11593,20.0000,8.7000,8.7000,8.7000,8.7000,,product
10211,4257,11595,20.0000,8.6900,8.6900,8.6900,8.6900,,product
10212,4257,11597,20.0000,8.7000,8.7000,8.7000,8.7000,,product
10213,4257,11599,20.0000,7.9200,7.9200,7.9200,7.9200,,product
10214,4257,11601,20.0000,8.9900,8.9900,8.9900,8.9900,,product
10215,4257,11603,20.0000,5.3100,5.3100,5.3100,5.3100,,product
10216,4257,11605,20.0000,4.1500,4.1500,4.1500,4.1500,,product
10217,4257,11607,20.0000,9.1800,9.1800,9.1800,9.1800,,product
10218,4257,11609,20.0000,5.1900,5.1900,5.1900,5.1900,,product
10219,4257,11611,20.0000,3.4500,3.4500,3.4500,3.4500,,product
10220,4257,11613,20.0000,3.4600,3.4600,3.4600,3.4600,,product
10221,4257,11615,20.0000,3.4500,3.4500,3.4500,3.4500,,product
10222,4257,11617,20.0000,3.4600,3.4600,3.4600,3.4600,,product
10223,4257,,20.0000,0.0000,0.0000,0.0000,0.0000,,shipping
10224,4258,11619,20.0000,9.7400,9.7400,9.7400,9.7400,,product
10225,4258,11621,20.0000,9.5300,9.5300,9.5300,9.5300,,product
10226,4258,11623,20.0000,5.9500,5.9500,5.9500,5.9500,,product
10227,4258,,20.0000,0.0000,0.0000,0.0000,0.0000,,shipping
10228,4259,11625,20.0000,3.8500,3.8500,3.8500,3.8500,,product
10229,4259,,20.0000,0.9000,0.9000,0.9000,0.9000,,shipping
