tax_id,order_id,code,title,percent,amount,priority,position,base_amount,process,base_real_amount
1,2,20% VAT,20% VAT,20.0000,29.1500,0,0,29.1500,0,29.1500
2,3,20% VAT,20% VAT,20.0000,2.4000,0,0,2.4000,0,2.4000
3,4,20% VAT,20% VAT,20.0000,13.9900,0,0,13.9900,0,13.9900
4,5,20% VAT,20% VAT,20.0000,28.3200,0,0,28.3200,0,28.3200
5,6,20% VAT,20% VAT,20.0000,14.1600,0,0,14.1600,0,14.1600
6,7,20% VAT,20% VAT,20.0000,14.9900,0,0,14.9900,0,14.9900
7,13,20% VAT,20% VAT,20.0000,14.1600,0,0,14.1600,0,14.1600
8,14,20% VAT,20% VAT,20.0000,14.9900,0,0,14.9900,0,14.9900
9,15,20% VAT,20% VAT,20.0000,13.3000,0,0,13.3000,0,13.3000
10,16,20% VAT,20% VAT,20.0000,6.6600,0,0,6.6600,0,6.6600
11,17,20% VAT,20% VAT,20.0000,8.3300,0,0,8.3300,0,8.3300
12,18,20% VAT,20% VAT,20.0000,15.4500,0,0,15.4500,0,15.4500
13,19,20% VAT,20% VAT,20.0000,14.9500,0,0,14.9500,0,14.9500
14,20,20% VAT,20% VAT,20.0000,14.9500,0,0,14.9500,0,14.9500
15,21,20% VAT,20% VAT,20.0000,23.6700,0,0,23.6700,0,23.6700
16,22,20% VAT,20% VAT,20.0000,7.2800,0,0,7.2800,0,7.2800
17,23,20% VAT,20% VAT,20.0000,15.7800,0,0,15.7800,0,15.7800
18,24,20% VAT,20% VAT,20.0000,15.7800,0,0,15.7800,0,15.7800
19,25,20% VAT,20% VAT,20.0000,7.4500,0,0,7.4500,0,7.4500
20,26,20% VAT,20% VAT,20.0000,15.7800,0,0,15.7800,0,15.7800
21,27,20% VAT,20% VAT,20.0000,15.6500,0,0,15.6500,0,15.6500
22,28,20% VAT,20% VAT,20.0000,15.6500,0,0,15.6500,0,15.6500
23,29,20% VAT,20% VAT,20.0000,15.6500,0,0,15.6500,0,15.6500
24,30,20% VAT,20% VAT,20.0000,15.6500,0,0,15.6500,0,15.6500
25,31,20% VAT,20% VAT,20.0000,2.8200,0,0,2.8200,0,2.8200
26,32,20% VAT,20% VAT,20.0000,6.1500,0,0,6.1500,0,6.1500
27,33,20% VAT,20% VAT,20.0000,17.3200,0,0,17.3200,0,17.3200
28,34,20% VAT,20% VAT,20.0000,17.3200,0,0,17.3200,0,17.3200
29,35,20% VAT,20% VAT,20.0000,5.9800,0,0,5.9800,0,5.9800
30,36,20% VAT,20% VAT,20.0000,8.1500,0,0,8.1500,0,8.1500
31,37,20% VAT,20% VAT,20.0000,17.3200,0,0,17.3200,0,17.3200
32,38,20% VAT,20% VAT,20.0000,3.1500,0,0,3.1500,0,3.1500
33,39,20% VAT,20% VAT,20.0000,7.3200,0,0,7.3200,0,7.3200
34,40,20% VAT,20% VAT,20.0000,12.3200,0,0,12.3200,0,12.3200
35,41,20% VAT,20% VAT,20.0000,16.8200,0,0,16.8200,0,16.8200
36,42,20% VAT,20% VAT,20.0000,15.6500,0,0,15.6500,0,15.6500
37,43,20% VAT,20% VAT,20.0000,5.6500,0,0,5.6500,0,5.6500
38,44,20% VAT,20% VAT,20.0000,2.2400,0,0,2.2400,0,2.2400
39,45,20% VAT,20% VAT,20.0000,15.6500,0,0,15.6500,0,15.6500
40,46,20% VAT,20% VAT,20.0000,15.6500,0,0,15.6500,0,15.6500
41,47,20% VAT,20% VAT,20.0000,15.6500,0,0,15.6500,0,15.6500
42,48,20% VAT,20% VAT,20.0000,5.8200,0,0,5.8200,0,5.8200
43,49,20% VAT,20% VAT,20.0000,14.3200,0,0,14.3200,0,14.3200
44,50,20% VAT,20% VAT,20.0000,12.6400,0,0,12.6400,0,12.6400
45,51,20% VAT,20% VAT,20.0000,14.3200,0,0,14.3200,0,14.3200
46,52,20% VAT,20% VAT,20.0000,7.3200,0,0,7.3200,0,7.3200
47,53,20% VAT,20% VAT,20.0000,15.6500,0,0,15.6500,0,15.6500
48,54,20% VAT,20% VAT,20.0000,7.3200,0,0,7.3200,0,7.3200
49,55,20% VAT,20% VAT,20.0000,6.1500,0,0,6.1500,0,6.1500
50,56,20% VAT,20% VAT,20.0000,9.8200,0,0,9.8200,0,9.8200
51,57,20% VAT,20% VAT,20.0000,15.6500,0,0,15.6500,0,15.6500
52,58,20% VAT,20% VAT,20.0000,2.8200,0,0,2.8200,0,2.8200
53,59,20% VAT,20% VAT,20.0000,15.9800,0,0,15.9800,0,15.9800
54,60,20% VAT,20% VAT,20.0000,9.8200,0,0,9.8200,0,9.8200
55,61,20% VAT,20% VAT,20.0000,15.9800,0,0,15.9800,0,15.9800
56,62,20% VAT,20% VAT,20.0000,1.2500,0,0,1.2500,0,1.2500
57,63,20% VAT,20% VAT,20.0000,17.3200,0,0,17.3200,0,17.3200
58,64,20% VAT,20% VAT,20.0000,2.1500,0,0,2.1500,0,2.1500
59,65,20% VAT,20% VAT,20.0000,11.4800,0,0,11.4800,0,11.4800
60,66,20% VAT,20% VAT,20.0000,2.1500,0,0,2.1500,0,2.1500
61,67,20% VAT,20% VAT,20.0000,2.4800,0,0,2.4800,0,2.4800
62,68,20% VAT,20% VAT,20.0000,2.1500,0,0,2.1500,0,2.1500
63,69,20% VAT,20% VAT,20.0000,2.1500,0,0,2.1500,0,2.1500
64,70,20% VAT,20% VAT,20.0000,2.2400,0,0,2.2400,0,2.2400
65,71,20% VAT,20% VAT,20.0000,2.2400,0,0,2.2400,0,2.2400
66,72,20% VAT,20% VAT,20.0000,6.1500,0,0,6.1500,0,6.1500
67,73,20% VAT,20% VAT,20.0000,6.1500,0,0,6.1500,0,6.1500
68,74,20% VAT,20% VAT,20.0000,17.3200,0,0,17.3200,0,17.3200
69,75,20% VAT,20% VAT,20.0000,14.3200,0,0,14.3200,0,14.3200
70,76,20% VAT,20% VAT,20.0000,15.6500,0,0,15.6500,0,15.6500
71,77,20% VAT,20% VAT,20.0000,14.8200,0,0,14.8200,0,14.8200
72,78,20% VAT,20% VAT,20.0000,8.8200,0,0,8.8200,0,8.8200
73,79,20% VAT,20% VAT,20.0000,8.8200,0,0,8.8200,0,8.8200
74,80,20% VAT,20% VAT,20.0000,15.6500,0,0,15.6500,0,15.6500
75,81,20% VAT,20% VAT,20.0000,15.6500,0,0,15.6500,0,15.6500
76,82,20% VAT,20% VAT,20.0000,5.8200,0,0,5.8200,0,5.8200
77,83,20% VAT,20% VAT,20.0000,7.3200,0,0,7.3200,0,7.3200
78,84,20% VAT,20% VAT,20.0000,9.8200,0,0,9.8200,0,9.8200
79,85,20% VAT,20% VAT,20.0000,14.8200,0,0,14.8200,0,14.8200
80,86,20% VAT,20% VAT,20.0000,7.3200,0,0,7.3200,0,7.3200
81,87,20% VAT,20% VAT,20.0000,8.1500,0,0,8.1500,0,8.1500
82,88,20% VAT,20% VAT,20.0000,7.3200,0,0,7.3200,0,7.3200
83,89,20% VAT,20% VAT,20.0000,7.3200,0,0,7.3200,0,7.3200
84,90,20% VAT,20% VAT,20.0000,7.3200,0,0,7.3200,0,7.3200
85,91,20% VAT,20% VAT,20.0000,16.3200,0,0,16.3200,0,16.3200
86,92,20% VAT,20% VAT,20.0000,16.3200,0,0,16.3200,0,16.3200
87,93,20% VAT,20% VAT,20.0000,3.1500,0,0,3.1500,0,3.1500
88,94,20% VAT,20% VAT,20.0000,3.1500,0,0,3.1500,0,3.1500
89,95,20% VAT,20% VAT,20.0000,3.1500,0,0,3.1500,0,3.1500
90,96,20% VAT,20% VAT,20.0000,3.1500,0,0,3.1500,0,3.1500
91,97,20% VAT,20% VAT,20.0000,3.1500,0,0,3.1500,0,3.1500
92,98,20% VAT,20% VAT,20.0000,38.4500,0,0,38.4500,0,38.4500
93,99,20% VAT,20% VAT,20.0000,16.3200,0,0,16.3200,0,16.3200
94,100,20% VAT,20% VAT,20.0000,16.3200,0,0,16.3200,0,16.3200
95,101,20% VAT,20% VAT,20.0000,15.6500,0,0,15.6500,0,15.6500
96,102,20% VAT,20% VAT,20.0000,15.6500,0,0,15.6500,0,15.6500
97,103,20% VAT,20% VAT,20.0000,15.6500,0,0,15.6500,0,15.6500
98,104,20% VAT,20% VAT,20.0000,18.1400,0,0,18.1400,0,18.1400
99,105,20% VAT,20% VAT,20.0000,12.3100,0,0,12.3100,0,12.3100
100,106,20% VAT,20% VAT,20.0000,9.2300,0,0,9.2300,0,9.2300
101,107,20% VAT,20% VAT,20.0000,9.2300,0,0,9.2300,0,9.2300
102,108,20% VAT,20% VAT,20.0000,9.2300,0,0,9.2300,0,9.2300
103,109,20% VAT,20% VAT,20.0000,9.2300,0,0,9.2300,0,9.2300
104,110,20% VAT,20% VAT,20.0000,9.2300,0,0,9.2300,0,9.2300
105,111,20% VAT,20% VAT,20.0000,5.6500,0,0,5.6500,0,5.6500
106,112,20% VAT,20% VAT,20.0000,2.3200,0,0,2.3200,0,2.3200
107,113,20% VAT,20% VAT,20.0000,2.3200,0,0,2.3200,0,2.3200
108,114,20% VAT,20% VAT,20.0000,5.3200,0,0,5.3200,0,5.3200
109,115,20% VAT,20% VAT,20.0000,9.8200,0,0,9.8200,0,9.8200
110,116,20% VAT,20% VAT,20.0000,14.8200,0,0,14.8200,0,14.8200
111,117,20% VAT,20% VAT,20.0000,7.3200,0,0,7.3200,0,7.3200
112,118,20% VAT,20% VAT,20.0000,7.3200,0,0,7.3200,0,7.3200
113,119,20% VAT,20% VAT,20.0000,15.6500,0,0,15.6500,0,15.6500
114,120,20% VAT,20% VAT,20.0000,7.3200,0,0,7.3200,0,7.3200
115,121,20% VAT,20% VAT,20.0000,15.6500,0,0,15.6500,0,15.6500
116,122,20% VAT,20% VAT,20.0000,7.3200,0,0,7.3200,0,7.3200
117,123,20% VAT,20% VAT,20.0000,7.3200,0,0,7.3200,0,7.3200
118,124,20% VAT,20% VAT,20.0000,30.6400,0,0,30.6400,0,30.6400
119,125,20% VAT,20% VAT,20.0000,7.3200,0,0,7.3200,0,7.3200
120,126,20% VAT,20% VAT,20.0000,14.9700,0,0,14.9700,0,14.9700
121,127,20% VAT,20% VAT,20.0000,7.3200,0,0,7.3200,0,7.3200
122,128,20% VAT,20% VAT,20.0000,22.3100,0,0,22.3100,0,22.3100
123,129,20% VAT,20% VAT,20.0000,7.3200,0,0,7.3200,0,7.3200
124,130,20% VAT,20% VAT,20.0000,7.3200,0,0,7.3200,0,7.3200
125,131,20% VAT,20% VAT,20.0000,8.9000,0,0,8.9000,0,8.9000
126,132,20% VAT,20% VAT,20.0000,15.6500,0,0,15.6500,0,15.6500
127,133,20% VAT,20% VAT,20.0000,17.8100,0,0,17.8100,0,17.8100
128,134,20% VAT,20% VAT,20.0000,8.9000,0,0,8.9000,0,8.9000
129,135,20% VAT,20% VAT,20.0000,15.6500,0,0,15.6500,0,15.6500
130,136,20% VAT,20% VAT,20.0000,15.6500,0,0,15.6500,0,15.6500
131,137,20% VAT,20% VAT,20.0000,9.8200,0,0,9.8200,0,9.8200
132,138,20% VAT,20% VAT,20.0000,15.6500,0,0,15.6500,0,15.6500
133,139,20% VAT,20% VAT,20.0000,7.6500,0,0,7.6500,0,7.6500
134,140,20% VAT,20% VAT,20.0000,17.3200,0,0,17.3200,0,17.3200
135,141,20% VAT,20% VAT,20.0000,15.6500,0,0,15.6500,0,15.6500
136,142,20% VAT,20% VAT,20.0000,15.6500,0,0,15.6500,0,15.6500
137,143,20% VAT,20% VAT,20.0000,5.6500,0,0,5.6500,0,5.6500
138,144,20% VAT,20% VAT,20.0000,19.8100,0,0,19.8100,0,19.8100
139,145,20% VAT,20% VAT,20.0000,26.1200,0,0,26.1200,0,26.1200
140,146,20% VAT,20% VAT,20.0000,13.9700,0,0,13.9700,0,13.9700
141,147,20% VAT,20% VAT,20.0000,16.1400,0,0,16.1400,0,16.1400
142,148,20% VAT,20% VAT,20.0000,8.9700,0,0,8.9700,0,8.9700
143,149,20% VAT,20% VAT,20.0000,33.9700,0,0,33.9700,0,33.9700
144,150,20% VAT,20% VAT,20.0000,29.8800,0,0,29.8800,0,29.8800
145,151,20% VAT,20% VAT,20.0000,14.4600,0,0,14.4600,0,14.4600
146,152,20% VAT,20% VAT,20.0000,47.6300,0,0,47.6300,0,47.6300
147,153,20% VAT,20% VAT,20.0000,13.3900,0,0,13.3900,0,13.3900
148,154,20% VAT,20% VAT,20.0000,16.4700,0,0,16.4700,0,16.4700
149,155,20% VAT,20% VAT,20.0000,21.4700,0,0,21.4700,0,21.4700
150,156,20% VAT,20% VAT,20.0000,35.6300,0,0,35.6300,0,35.6300
151,157,20% VAT,20% VAT,20.0000,35.3000,0,0,35.3000,0,35.3000
152,158,20% VAT,20% VAT,20.0000,17.1500,0,0,17.1500,0,17.1500
153,159,20% VAT,20% VAT,20.0000,7.3200,0,0,7.3200,0,7.3200
154,160,20% VAT,20% VAT,20.0000,15.6500,0,0,15.6500,0,15.6500
155,161,20% VAT,20% VAT,20.0000,14.8200,0,0,14.8200,0,14.8200
156,162,20% VAT,20% VAT,20.0000,2.1500,0,0,2.1500,0,2.1500
157,163,20% VAT,20% VAT,20.0000,4.4800,0,0,4.4800,0,4.4800
158,164,20% VAT,20% VAT,20.0000,5.6500,0,0,5.6500,0,5.6500
159,165,20% VAT,20% VAT,20.0000,1.2500,0,0,1.2500,0,1.2500
160,166,20% VAT,20% VAT,20.0000,8.9800,0,0,8.9800,0,8.9800
161,167,20% VAT,20% VAT,20.0000,1.2500,0,0,1.2500,0,1.2500
162,168,20% VAT,20% VAT,20.0000,1.5900,0,0,1.5900,0,1.5900
163,169,20% VAT,20% VAT,20.0000,1.2500,0,0,1.2500,0,1.2500
164,170,20% VAT,20% VAT,20.0000,0.0100,0,0,0.0100,0,0.0100
165,171,20% VAT,20% VAT,20.0000,0.0100,0,0,0.0100,0,0.0100
166,172,20% VAT,20% VAT,20.0000,14.3100,0,0,14.3100,0,14.3100
167,173,20% VAT,20% VAT,20.0000,9.1500,0,0,9.1500,0,9.1500
168,174,20% VAT,20% VAT,20.0000,7.8200,0,0,7.8200,0,7.8200
169,175,20% VAT,20% VAT,20.0000,7.3200,0,0,7.3200,0,7.3200
170,176,20% VAT,20% VAT,20.0000,7.3200,0,0,7.3200,0,7.3200
171,177,20% VAT,20% VAT,20.0000,0.0400,0,0,0.0400,0,0.0400
172,178,20% VAT,20% VAT,20.0000,7.3200,0,0,7.3200,0,7.3200
173,179,20% VAT,20% VAT,20.0000,6.8200,0,0,6.8200,0,6.8200
174,180,20% VAT,20% VAT,20.0000,7.3200,0,0,7.3200,0,7.3200
175,181,20% VAT,20% VAT,20.0000,7.3200,0,0,7.3200,0,7.3200
176,182,20% VAT,20% VAT,20.0000,1.8500,0,0,1.8500,0,1.8500
177,183,20% VAT,20% VAT,20.0000,15.6500,0,0,15.6500,0,15.6500
178,184,20% VAT,20% VAT,20.0000,7.3200,0,0,7.3200,0,7.3200
179,185,20% VAT,20% VAT,20.0000,15.6500,0,0,15.6500,0,15.6500
180,186,20% VAT,20% VAT,20.0000,7.3200,0,0,7.3200,0,7.3200
181,187,20% VAT,20% VAT,20.0000,10.1500,0,0,10.1500,0,10.1500
182,188,20% VAT,20% VAT,20.0000,12.3200,0,0,12.3200,0,12.3200
183,189,20% VAT,20% VAT,20.0000,7.3200,0,0,7.3200,0,7.3200
184,190,20% VAT,20% VAT,20.0000,7.3200,0,0,7.3200,0,7.3200
185,191,20% VAT,20% VAT,20.0000,6.3200,0,0,6.3200,0,6.3200
186,192,20% VAT,20% VAT,20.0000,16.3200,0,0,16.3200,0,16.3200
187,193,20% VAT,20% VAT,20.0000,5.6400,0,0,5.6400,0,5.6400
188,194,20% VAT,20% VAT,20.0000,7.6400,0,0,7.6400,0,7.6400
189,195,20% VAT,20% VAT,20.0000,6.1500,0,0,6.1500,0,6.1500
190,196,20% VAT,20% VAT,20.0000,6.8200,0,0,6.8200,0,6.8200
191,197,20% VAT,20% VAT,20.0000,7.3200,0,0,7.3200,0,7.3200
192,198,20% VAT,20% VAT,20.0000,17.3200,0,0,17.3200,0,17.3200
193,199,20% VAT,20% VAT,20.0000,15.6500,0,0,15.6500,0,15.6500
194,200,20% VAT,20% VAT,20.0000,17.3200,0,0,17.3200,0,17.3200
195,201,20% VAT,20% VAT,20.0000,8.6500,0,0,8.6500,0,8.6500
196,202,20% VAT,20% VAT,20.0000,15.6500,0,0,15.6500,0,15.6500
197,203,20% VAT,20% VAT,20.0000,25.4000,0,0,25.4000,0,25.4000
198,204,20% VAT,20% VAT,20.0000,15.6500,0,0,15.6500,0,15.6500
199,205,20% VAT,20% VAT,20.0000,0.0200,0,0,0.0200,0,0.0200
200,206,20% VAT,20% VAT,20.0000,15.6500,0,0,15.6500,0,15.6500
201,207,20% VAT,20% VAT,20.0000,0.0100,0,0,0.0100,0,0.0100
202,208,20% VAT,20% VAT,20.0000,0.0100,0,0,0.0100,0,0.0100
203,209,20% VAT,20% VAT,20.0000,7.3200,0,0,7.3200,0,7.3200
204,210,20% VAT,20% VAT,20.0000,0.0200,0,0,0.0200,0,0.0200
205,212,20% VAT,20% VAT,20.0000,0.0100,0,0,0.0100,0,0.0100
206,214,20% VAT,20% VAT,20.0000,0.0100,0,0,0.0100,0,0.0100
207,215,20% VAT,20% VAT,20.0000,0.0100,0,0,0.0100,0,0.0100
208,216,20% VAT,20% VAT,20.0000,5.8200,0,0,5.8200,0,5.8200
209,217,20% VAT,20% VAT,20.0000,9.3200,0,0,9.3200,0,9.3200
210,218,20% VAT,20% VAT,20.0000,14.8200,0,0,14.8200,0,14.8200
211,219,20% VAT,20% VAT,20.0000,14.8200,0,0,14.8200,0,14.8200
212,220,20% VAT,20% VAT,20.0000,14.3200,0,0,14.3200,0,14.3200
213,221,20% VAT,20% VAT,20.0000,2.1500,0,0,2.1500,0,2.1500
214,222,20% VAT,20% VAT,20.0000,15.1500,0,0,15.1500,0,15.1500
215,223,20% VAT,20% VAT,20.0000,0.0100,0,0,0.0100,0,0.0100
216,224,20% VAT,20% VAT,20.0000,15.6500,0,0,15.6500,0,15.6500
217,225,20% VAT,20% VAT,20.0000,15.6500,0,0,15.6500,0,15.6500
218,226,20% VAT,20% VAT,20.0000,43.6300,0,0,43.6300,0,43.6300
219,227,20% VAT,20% VAT,20.0000,29.3100,0,0,29.3100,0,29.3100
220,228,20% VAT,20% VAT,20.0000,29.3100,0,0,29.3100,0,29.3100
221,229,20% VAT,20% VAT,20.0000,16.3200,0,0,16.3200,0,16.3200
222,230,20% VAT,20% VAT,20.0000,30.6400,0,0,30.6400,0,30.6400
223,231,20% VAT,20% VAT,20.0000,4.9700,0,0,4.9700,0,4.9700
224,232,20% VAT,20% VAT,20.0000,7.3200,0,0,7.3200,0,7.3200
225,233,20% VAT,20% VAT,20.0000,15.6500,0,0,15.6500,0,15.6500
226,234,20% VAT,20% VAT,20.0000,15.6500,0,0,15.6500,0,15.6500
227,235,20% VAT,20% VAT,20.0000,15.6500,0,0,15.6500,0,15.6500
228,236,20% VAT,20% VAT,20.0000,15.6500,0,0,15.6500,0,15.6500
229,237,20% VAT,20% VAT,20.0000,24.6300,0,0,24.6300,0,24.6300
230,238,20% VAT,20% VAT,20.0000,16.9700,0,0,16.9700,0,16.9700
231,239,20% VAT,20% VAT,20.0000,6.4800,0,0,6.4800,0,6.4800
232,240,20% VAT,20% VAT,20.0000,15.6500,0,0,15.6500,0,15.6500
233,241,20% VAT,20% VAT,20.0000,6.3200,0,0,6.3200,0,6.3200
234,242,20% VAT,20% VAT,20.0000,59.9600,0,0,59.9600,0,59.9600
235,243,20% VAT,20% VAT,20.0000,8.8200,0,0,8.8200,0,8.8200
236,244,20% VAT,20% VAT,20.0000,7.3200,0,0,7.3200,0,7.3200
237,245,20% VAT,20% VAT,20.0000,13.9700,0,0,13.9700,0,13.9700
238,246,20% VAT,20% VAT,20.0000,15.9800,0,0,15.9800,0,15.9800
239,247,20% VAT,20% VAT,20.0000,16.4800,0,0,16.4800,0,16.4800
240,248,20% VAT,20% VAT,20.0000,7.8200,0,0,7.8200,0,7.8200
241,249,20% VAT,20% VAT,20.0000,7.8200,0,0,7.8200,0,7.8200
242,250,20% VAT,20% VAT,20.0000,17.3200,0,0,17.3200,0,17.3200
243,251,20% VAT,20% VAT,20.0000,7.3200,0,0,7.3200,0,7.3200
244,252,20% VAT,20% VAT,20.0000,14.8200,0,0,14.8200,0,14.8200
245,253,20% VAT,20% VAT,20.0000,17.3100,0,0,17.3100,0,17.3100
246,254,20% VAT,20% VAT,20.0000,8.8200,0,0,8.8200,0,8.8200
247,255,20% VAT,20% VAT,20.0000,14.3200,0,0,14.3200,0,14.3200
248,256,20% VAT,20% VAT,20.0000,14.3200,0,0,14.3200,0,14.3200
249,257,20% VAT,20% VAT,20.0000,17.3100,0,0,17.3100,0,17.3100
250,258,20% VAT,20% VAT,20.0000,3.9800,0,0,3.9800,0,3.9800
251,259,20% VAT,20% VAT,20.0000,4.3100,0,0,4.3100,0,4.3100
252,260,20% VAT,20% VAT,20.0000,14.8200,0,0,14.8200,0,14.8200
253,261,20% VAT,20% VAT,20.0000,7.3200,0,0,7.3200,0,7.3200
254,262,20% VAT,20% VAT,20.0000,14.8200,0,0,14.8200,0,14.8200
255,263,20% VAT,20% VAT,20.0000,17.1500,0,0,17.1500,0,17.1500
256,264,20% VAT,20% VAT,20.0000,26.3000,0,0,26.3000,0,26.3000
257,265,20% VAT,20% VAT,20.0000,26.3000,0,0,26.3000,0,26.3000
258,266,20% VAT,20% VAT,20.0000,8.8200,0,0,8.8200,0,8.8200
259,267,20% VAT,20% VAT,20.0000,8.8200,0,0,8.8200,0,8.8200
260,268,20% VAT,20% VAT,20.0000,11.4700,0,0,11.4700,0,11.4700
261,269,20% VAT,20% VAT,20.0000,8.8200,0,0,8.8200,0,8.8200
262,270,20% VAT,20% VAT,20.0000,14.8200,0,0,14.8200,0,14.8200
263,271,20% VAT,20% VAT,20.0000,15.6500,0,0,15.6500,0,15.6500
264,272,20% VAT,20% VAT,20.0000,8.9800,0,0,8.9800,0,8.9800
265,273,20% VAT,20% VAT,20.0000,15.4700,0,0,15.4700,0,15.4700
266,274,20% VAT,20% VAT,20.0000,15.4700,0,0,15.4700,0,15.4700
267,275,20% VAT,20% VAT,20.0000,6.3200,0,0,6.3200,0,6.3200
268,276,20% VAT,20% VAT,20.0000,33.9600,0,0,33.9600,0,33.9600
269,277,20% VAT,20% VAT,20.0000,17.3200,0,0,17.3200,0,17.3200
270,278,20% VAT,20% VAT,20.0000,14.8200,0,0,14.8200,0,14.8200
271,279,20% VAT,20% VAT,20.0000,5.6500,0,0,5.6500,0,5.6500
272,280,20% VAT,20% VAT,20.0000,7.3200,0,0,7.3200,0,7.3200
273,281,20% VAT,20% VAT,20.0000,7.3200,0,0,7.3200,0,7.3200
274,282,20% VAT,20% VAT,20.0000,14.8200,0,0,14.8200,0,14.8200
275,283,20% VAT,20% VAT,20.0000,28.4700,0,0,28.4700,0,28.4700
276,284,20% VAT,20% VAT,20.0000,14.8200,0,0,14.8200,0,14.8200
277,285,20% VAT,20% VAT,20.0000,17.3200,0,0,17.3200,0,17.3200
278,286,20% VAT,20% VAT,20.0000,30.6400,0,0,30.6400,0,30.6400
279,287,20% VAT,20% VAT,20.0000,5.8200,0,0,5.8200,0,5.8200
280,288,20% VAT,20% VAT,20.0000,5.8200,0,0,5.8200,0,5.8200
281,289,20% VAT,20% VAT,20.0000,15.6500,0,0,15.6500,0,15.6500
282,290,20% VAT,20% VAT,20.0000,7.3200,0,0,7.3200,0,7.3200
283,291,20% VAT,20% VAT,20.0000,2.1500,0,0,2.1500,0,2.1500
284,292,20% VAT,20% VAT,20.0000,9.8200,0,0,9.8200,0,9.8200
285,293,20% VAT,20% VAT,20.0000,15.3200,0,0,15.3200,0,15.3200
286,294,20% VAT,20% VAT,20.0000,7.6500,0,0,7.6500,0,7.6500
287,295,20% VAT,20% VAT,20.0000,10.3200,0,0,10.3200,0,10.3200
288,296,20% VAT,20% VAT,20.0000,15.6500,0,0,15.6500,0,15.6500
289,297,20% VAT,20% VAT,20.0000,7.6500,0,0,7.6500,0,7.6500
290,298,20% VAT,20% VAT,20.0000,5.6500,0,0,5.6500,0,5.6500
291,299,20% VAT,20% VAT,20.0000,0.0100,0,0,0.0100,0,0.0100
292,301,20% VAT,20% VAT,20.0000,14.8200,0,0,14.8200,0,14.8200
293,302,20% VAT,20% VAT,20.0000,0.0100,0,0,0.0100,0,0.0100
294,303,20% VAT,20% VAT,20.0000,12.4700,0,0,12.4700,0,12.4700
295,305,20% VAT,20% VAT,20.0000,17.3100,0,0,17.3100,0,17.3100
296,306,20% VAT,20% VAT,20.0000,15.3200,0,0,15.3200,0,15.3200
297,307,20% VAT,20% VAT,20.0000,7.3200,0,0,7.3200,0,7.3200
298,308,20% VAT,20% VAT,20.0000,15.6500,0,0,15.6500,0,15.6500
299,309,20% VAT,20% VAT,20.0000,16.3200,0,0,16.3200,0,16.3200
300,310,20% VAT,20% VAT,20.0000,7.3200,0,0,7.3200,0,7.3200
301,311,20% VAT,20% VAT,20.0000,6.3200,0,0,6.3200,0,6.3200
302,312,20% VAT,20% VAT,20.0000,6.3200,0,0,6.3200,0,6.3200
303,313,20% VAT,20% VAT,20.0000,6.3200,0,0,6.3200,0,6.3200
304,314,20% VAT,20% VAT,20.0000,17.3200,0,0,17.3200,0,17.3200
305,315,20% VAT,20% VAT,20.0000,20.9700,0,0,20.9700,0,20.9700
306,316,20% VAT,20% VAT,20.0000,31.4800,0,0,31.4800,0,31.4800
307,317,20% VAT,20% VAT,20.0000,2.8200,0,0,2.8200,0,2.8200
308,318,20% VAT,20% VAT,20.0000,5.8200,0,0,5.8200,0,5.8200
309,319,20% VAT,20% VAT,20.0000,6.1500,0,0,6.1500,0,6.1500
310,320,20% VAT,20% VAT,20.0000,10.1500,0,0,10.1500,0,10.1500
311,321,20% VAT,20% VAT,20.0000,7.3200,0,0,7.3200,0,7.3200
312,322,20% VAT,20% VAT,20.0000,9.8200,0,0,9.8200,0,9.8200
313,323,20% VAT,20% VAT,20.0000,6.1500,0,0,6.1500,0,6.1500
314,324,20% VAT,20% VAT,20.0000,17.3200,0,0,17.3200,0,17.3200
315,325,20% VAT,20% VAT,20.0000,6.8200,0,0,6.8200,0,6.8200
316,326,20% VAT,20% VAT,20.0000,17.6500,0,0,17.6500,0,17.6500
317,327,20% VAT,20% VAT,20.0000,9.8200,0,0,9.8200,0,9.8200
318,328,20% VAT,20% VAT,20.0000,10.6500,0,0,10.6500,0,10.6500
319,329,20% VAT,20% VAT,20.0000,15.6500,0,0,15.6500,0,15.6500
320,330,20% VAT,20% VAT,20.0000,15.6500,0,0,15.6500,0,15.6500
321,331,20% VAT,20% VAT,20.0000,7.8700,0,0,7.8700,0,7.8700
322,332,20% VAT,20% VAT,20.0000,12.9700,0,0,12.9700,0,12.9700
323,333,20% VAT,20% VAT,20.0000,14.3200,0,0,14.3200,0,14.3200
324,334,20% VAT,20% VAT,20.0000,15.6500,0,0,15.6500,0,15.6500
325,335,20% VAT,20% VAT,20.0000,19.8100,0,0,19.8100,0,19.8100
326,336,20% VAT,20% VAT,20.0000,41.7900,0,0,41.7900,0,41.7900
327,337,20% VAT,20% VAT,20.0000,24.4700,0,0,24.4700,0,24.4700
328,338,20% VAT,20% VAT,20.0000,32.4700,0,0,32.4700,0,32.4700
329,339,20% VAT,20% VAT,20.0000,21.4700,0,0,21.4700,0,21.4700
330,340,20% VAT,20% VAT,20.0000,9.2900,0,0,9.2900,0,9.2900
331,341,20% VAT,20% VAT,20.0000,7.3200,0,0,7.3200,0,7.3200
332,342,20% VAT,20% VAT,20.0000,23.9600,0,0,23.9600,0,23.9600
333,343,20% VAT,20% VAT,20.0000,7.3200,0,0,7.3200,0,7.3200
334,344,20% VAT,20% VAT,20.0000,14.8200,0,0,14.8200,0,14.8200
335,345,20% VAT,20% VAT,20.0000,15.3200,0,0,15.3200,0,15.3200
336,346,20% VAT,20% VAT,20.0000,7.3200,0,0,7.3200,0,7.3200
337,347,20% VAT,20% VAT,20.0000,7.3200,0,0,7.3200,0,7.3200
338,348,20% VAT,20% VAT,20.0000,10.9800,0,0,10.9800,0,10.9800
339,349,20% VAT,20% VAT,20.0000,17.6500,0,0,17.6500,0,17.6500
340,350,20% VAT,20% VAT,20.0000,3.1500,0,0,3.1500,0,3.1500
341,351,20% VAT,20% VAT,20.0000,6.3200,0,0,6.3200,0,6.3200
342,352,20% VAT,20% VAT,20.0000,16.3200,0,0,16.3200,0,16.3200
343,353,20% VAT,20% VAT,20.0000,16.3200,0,0,16.3200,0,16.3200
344,354,20% VAT,20% VAT,20.0000,6.4800,0,0,6.4800,0,6.4800
345,355,20% VAT,20% VAT,20.0000,6.4800,0,0,6.4800,0,6.4800
346,356,20% VAT,20% VAT,20.0000,6.3200,0,0,6.3200,0,6.3200
347,357,20% VAT,20% VAT,20.0000,29.8100,0,0,29.8100,0,29.8100
348,358,20% VAT,20% VAT,20.0000,7.1400,0,0,7.1400,0,7.1400
349,359,20% VAT,20% VAT,20.0000,6.3200,0,0,6.3200,0,6.3200
350,360,20% VAT,20% VAT,20.0000,15.6500,0,0,15.6500,0,15.6500
351,361,20% VAT,20% VAT,20.0000,10.6500,0,0,10.6500,0,10.6500
352,362,20% VAT,20% VAT,20.0000,7.3200,0,0,7.3200,0,7.3200
353,363,20% VAT,20% VAT,20.0000,17.3100,0,0,17.3100,0,17.3100
354,364,20% VAT,20% VAT,20.0000,6.8200,0,0,6.8200,0,6.8200
355,365,20% VAT,20% VAT,20.0000,45.3000,0,0,45.3000,0,45.3000
356,366,20% VAT,20% VAT,20.0000,15.6500,0,0,15.6500,0,15.6500
357,367,20% VAT,20% VAT,20.0000,15.6500,0,0,15.6500,0,15.6500
358,368,20% VAT,20% VAT,20.0000,15.6500,0,0,15.6500,0,15.6500
359,369,20% VAT,20% VAT,20.0000,15.6500,0,0,15.6500,0,15.6500
360,370,20% VAT,20% VAT,20.0000,8.8000,0,0,8.8000,0,8.8000
361,371,20% VAT,20% VAT,20.0000,7.3200,0,0,7.3200,0,7.3200
362,372,20% VAT,20% VAT,20.0000,18.1500,0,0,18.1500,0,18.1500
363,373,20% VAT,20% VAT,20.0000,13.9700,0,0,13.9700,0,13.9700
364,374,20% VAT,20% VAT,20.0000,15.6500,0,0,15.6500,0,15.6500
365,375,20% VAT,20% VAT,20.0000,14.3200,0,0,14.3200,0,14.3200
366,376,20% VAT,20% VAT,20.0000,3.9700,0,0,3.9700,0,3.9700
367,377,20% VAT,20% VAT,20.0000,49.1200,0,0,49.1200,0,49.1200
368,378,20% VAT,20% VAT,20.0000,35.9500,0,0,35.9500,0,35.9500
369,379,20% VAT,20% VAT,20.0000,15.3200,0,0,15.3200,0,15.3200
370,380,20% VAT,20% VAT,20.0000,14.8200,0,0,14.8200,0,14.8200
371,381,20% VAT,20% VAT,20.0000,15.6500,0,0,15.6500,0,15.6500
372,382,20% VAT,20% VAT,20.0000,3.1500,0,0,3.1500,0,3.1500
373,383,20% VAT,20% VAT,20.0000,11.9700,0,0,11.9700,0,11.9700
374,384,20% VAT,20% VAT,20.0000,15.4700,0,0,15.4700,0,15.4700
375,385,20% VAT,20% VAT,20.0000,12.9700,0,0,12.9700,0,12.9700
376,386,20% VAT,20% VAT,20.0000,12.9700,0,0,12.9700,0,12.9700
377,387,20% VAT,20% VAT,20.0000,13.9700,0,0,13.9700,0,13.9700
378,388,20% VAT,20% VAT,20.0000,17.3200,0,0,17.3200,0,17.3200
379,389,20% VAT,20% VAT,20.0000,16.7300,0,0,16.7300,0,16.7300
380,390,20% VAT,20% VAT,20.0000,6.8200,0,0,6.8200,0,6.8200
381,391,20% VAT,20% VAT,20.0000,7.3200,0,0,7.3200,0,7.3200
382,392,20% VAT,20% VAT,20.0000,7.3200,0,0,7.3200,0,7.3200
383,393,20% VAT,20% VAT,20.0000,7.3200,0,0,7.3200,0,7.3200
384,394,20% VAT,20% VAT,20.0000,23.9700,0,0,23.9700,0,23.9700
385,395,20% VAT,20% VAT,20.0000,16.3200,0,0,16.3200,0,16.3200
386,396,20% VAT,20% VAT,20.0000,32.1300,0,0,32.1300,0,32.1300
387,397,20% VAT,20% VAT,20.0000,38.1300,0,0,38.1300,0,38.1300
388,398,20% VAT,20% VAT,20.0000,11.3100,0,0,11.3100,0,11.3100
389,399,20% VAT,20% VAT,20.0000,16.8200,0,0,16.8200,0,16.8200
390,400,20% VAT,20% VAT,20.0000,15.6500,0,0,15.6500,0,15.6500
391,401,20% VAT,20% VAT,20.0000,16.9700,0,0,16.9700,0,16.9700
392,402,20% VAT,20% VAT,20.0000,4.3100,0,0,4.3100,0,4.3100
393,403,20% VAT,20% VAT,20.0000,26.9600,0,0,26.9600,0,26.9600
394,404,20% VAT,20% VAT,20.0000,7.3200,0,0,7.3200,0,7.3200
395,405,20% VAT,20% VAT,20.0000,29.3100,0,0,29.3100,0,29.3100
396,406,20% VAT,20% VAT,20.0000,5.8200,0,0,5.8200,0,5.8200
397,407,20% VAT,20% VAT,20.0000,33.9700,0,0,33.9700,0,33.9700
398,408,20% VAT,20% VAT,20.0000,33.9700,0,0,33.9700,0,33.9700
399,409,20% VAT,20% VAT,20.0000,7.3200,0,0,7.3200,0,7.3200
400,410,20% VAT,20% VAT,20.0000,6.3200,0,0,6.3200,0,6.3200
401,411,20% VAT,20% VAT,20.0000,30.6400,0,0,30.6400,0,30.6400
402,412,20% VAT,20% VAT,20.0000,14.8200,0,0,14.8200,0,14.8200
403,413,20% VAT,20% VAT,20.0000,7.3200,0,0,7.3200,0,7.3200
404,414,20% VAT,20% VAT,20.0000,14.8200,0,0,14.8200,0,14.8200
405,415,20% VAT,20% VAT,20.0000,25.4700,0,0,25.4700,0,25.4700
406,416,20% VAT,20% VAT,20.0000,7.3200,0,0,7.3200,0,7.3200
407,417,20% VAT,20% VAT,20.0000,10.9700,0,0,10.9700,0,10.9700
408,418,20% VAT,20% VAT,20.0000,7.3200,0,0,7.3200,0,7.3200
409,419,20% VAT,20% VAT,20.0000,7.3200,0,0,7.3200,0,7.3200
410,420,20% VAT,20% VAT,20.0000,15.6500,0,0,15.6500,0,15.6500
411,421,20% VAT,20% VAT,20.0000,15.6500,0,0,15.6500,0,15.6500
412,422,20% VAT,20% VAT,20.0000,15.6500,0,0,15.6500,0,15.6500
413,423,20% VAT,20% VAT,20.0000,7.3200,0,0,7.3200,0,7.3200
414,424,20% VAT,20% VAT,20.0000,7.3200,0,0,7.3200,0,7.3200
415,425,20% VAT,20% VAT,20.0000,13.9700,0,0,13.9700,0,13.9700
416,426,20% VAT,20% VAT,20.0000,10.1500,0,0,10.1500,0,10.1500
417,427,20% VAT,20% VAT,20.0000,15.6500,0,0,15.6500,0,15.6500
418,428,20% VAT,20% VAT,20.0000,14.8200,0,0,14.8200,0,14.8200
419,429,20% VAT,20% VAT,20.0000,7.3200,0,0,7.3200,0,7.3200
420,430,20% VAT,20% VAT,20.0000,6.3200,0,0,6.3200,0,6.3200
421,431,20% VAT,20% VAT,20.0000,6.3200,0,0,6.3200,0,6.3200
422,432,20% VAT,20% VAT,20.0000,6.1500,0,0,6.1500,0,6.1500
423,433,20% VAT,20% VAT,20.0000,7.3200,0,0,7.3200,0,7.3200
424,434,20% VAT,20% VAT,20.0000,15.6500,0,0,15.6500,0,15.6500
425,435,20% VAT,20% VAT,20.0000,15.6500,0,0,15.6500,0,15.6500
426,436,20% VAT,20% VAT,20.0000,15.6500,0,0,15.6500,0,15.6500
427,437,20% VAT,20% VAT,20.0000,14.8200,0,0,14.8200,0,14.8200
428,438,20% VAT,20% VAT,20.0000,14.9600,0,0,14.9600,0,14.9600
429,439,20% VAT,20% VAT,20.0000,14.9600,0,0,14.9600,0,14.9600
430,440,20% VAT,20% VAT,20.0000,33.9700,0,0,33.9700,0,33.9700
431,441,20% VAT,20% VAT,20.0000,33.9700,0,0,33.9700,0,33.9700
432,442,20% VAT,20% VAT,20.0000,6.3200,0,0,6.3200,0,6.3200
433,443,20% VAT,20% VAT,20.0000,13.1300,0,0,13.1300,0,13.1300
434,444,20% VAT,20% VAT,20.0000,13.1300,0,0,13.1300,0,13.1300
435,445,20% VAT,20% VAT,20.0000,14.8100,0,0,14.8100,0,14.8100
436,446,20% VAT,20% VAT,20.0000,7.3200,0,0,7.3200,0,7.3200
437,447,20% VAT,20% VAT,20.0000,15.6500,0,0,15.6500,0,15.6500
438,448,20% VAT,20% VAT,20.0000,17.3200,0,0,17.3200,0,17.3200
439,449,20% VAT,20% VAT,20.0000,7.8200,0,0,7.8200,0,7.8200
440,450,20% VAT,20% VAT,20.0000,10.4800,0,0,10.4800,0,10.4800
441,451,20% VAT,20% VAT,20.0000,14.8100,0,0,14.8100,0,14.8100
442,452,20% VAT,20% VAT,20.0000,6.1500,0,0,6.1500,0,6.1500
443,453,20% VAT,20% VAT,20.0000,8.1500,0,0,8.1500,0,8.1500
444,454,20% VAT,20% VAT,20.0000,8.9800,0,0,8.9800,0,8.9800
445,455,20% VAT,20% VAT,20.0000,7.3000,0,0,7.3000,0,7.3000
446,456,20% VAT,20% VAT,20.0000,6.4800,0,0,6.4800,0,6.4800
447,457,20% VAT,20% VAT,20.0000,15.6500,0,0,15.6500,0,15.6500
448,458,20% VAT,20% VAT,20.0000,7.3200,0,0,7.3200,0,7.3200
449,459,20% VAT,20% VAT,20.0000,8.9800,0,0,8.9800,0,8.9800
450,460,20% VAT,20% VAT,20.0000,15.8100,0,0,15.8100,0,15.8100
451,461,20% VAT,20% VAT,20.0000,7.3200,0,0,7.3200,0,7.3200
452,462,20% VAT,20% VAT,20.0000,11.9800,0,0,11.9800,0,11.9800
453,463,20% VAT,20% VAT,20.0000,14.3200,0,0,14.3200,0,14.3200
454,464,20% VAT,20% VAT,20.0000,15.6500,0,0,15.6500,0,15.6500
455,465,20% VAT,20% VAT,20.0000,21.4700,0,0,21.4700,0,21.4700
456,466,20% VAT,20% VAT,20.0000,9.1400,0,0,9.1400,0,9.1400
457,467,20% VAT,20% VAT,20.0000,7.3200,0,0,7.3200,0,7.3200
458,468,20% VAT,20% VAT,20.0000,7.3200,0,0,7.3200,0,7.3200
459,469,20% VAT,20% VAT,20.0000,7.3200,0,0,7.3200,0,7.3200
460,470,20% VAT,20% VAT,20.0000,6.9800,0,0,6.9800,0,6.9800
461,471,20% VAT,20% VAT,20.0000,16.4800,0,0,16.4800,0,16.4800
462,472,20% VAT,20% VAT,20.0000,15.3200,0,0,15.3200,0,15.3200
463,473,20% VAT,20% VAT,20.0000,1.2500,0,0,1.2500,0,1.2500
464,474,20% VAT,20% VAT,20.0000,7.3200,0,0,7.3200,0,7.3200
465,475,20% VAT,20% VAT,20.0000,4.8200,0,0,4.8200,0,4.8200
466,476,20% VAT,20% VAT,20.0000,30.6400,0,0,30.6400,0,30.6400
467,477,20% VAT,20% VAT,20.0000,5.8200,0,0,5.8200,0,5.8200
468,478,20% VAT,20% VAT,20.0000,31.9700,0,0,31.9700,0,31.9700
469,479,20% VAT,20% VAT,20.0000,10.6500,0,0,10.6500,0,10.6500
470,480,20% VAT,20% VAT,20.0000,14.3200,0,0,14.3200,0,14.3200
471,481,20% VAT,20% VAT,20.0000,1.8500,0,0,1.8500,0,1.8500
472,482,20% VAT,20% VAT,20.0000,6.1500,0,0,6.1500,0,6.1500
473,483,20% VAT,20% VAT,20.0000,15.1500,0,0,15.1500,0,15.1500
474,484,20% VAT,20% VAT,20.0000,18.4700,0,0,18.4700,0,18.4700
475,485,20% VAT,20% VAT,20.0000,15.6500,0,0,15.6500,0,15.6500
476,486,20% VAT,20% VAT,20.0000,30.6400,0,0,30.6400,0,30.6400
477,487,20% VAT,20% VAT,20.0000,14.8200,0,0,14.8200,0,14.8200
478,488,20% VAT,20% VAT,20.0000,10.9800,0,0,10.9800,0,10.9800
479,489,20% VAT,20% VAT,20.0000,10.3200,0,0,10.3200,0,10.3200
480,490,20% VAT,20% VAT,20.0000,2.1500,0,0,2.1500,0,2.1500
481,491,20% VAT,20% VAT,20.0000,23.9700,0,0,23.9700,0,23.9700
482,492,20% VAT,20% VAT,20.0000,28.9700,0,0,28.9700,0,28.9700
483,493,20% VAT,20% VAT,20.0000,26.9700,0,0,26.9700,0,26.9700
484,494,20% VAT,20% VAT,20.0000,23.9700,0,0,23.9700,0,23.9700
485,495,20% VAT,20% VAT,20.0000,8.9800,0,0,8.9800,0,8.9800
486,496,20% VAT,20% VAT,20.0000,6.3200,0,0,6.3200,0,6.3200
487,497,20% VAT,20% VAT,20.0000,6.6500,0,0,6.6500,0,6.6500
488,498,20% VAT,20% VAT,20.0000,15.6400,0,0,15.6400,0,15.6400
489,499,20% VAT,20% VAT,20.0000,6.3200,0,0,6.3200,0,6.3200
490,500,20% VAT,20% VAT,20.0000,7.6500,0,0,7.6500,0,7.6500
491,501,20% VAT,20% VAT,20.0000,16.3200,0,0,16.3200,0,16.3200
492,502,20% VAT,20% VAT,20.0000,15.3200,0,0,15.3200,0,15.3200
493,503,20% VAT,20% VAT,20.0000,7.3200,0,0,7.3200,0,7.3200
494,504,20% VAT,20% VAT,20.0000,7.3200,0,0,7.3200,0,7.3200
495,505,20% VAT,20% VAT,20.0000,15.6500,0,0,15.6500,0,15.6500
496,506,20% VAT,20% VAT,20.0000,15.6500,0,0,15.6500,0,15.6500
497,507,20% VAT,20% VAT,20.0000,28.9700,0,0,28.9700,0,28.9700
498,508,20% VAT,20% VAT,20.0000,6.8200,0,0,6.8200,0,6.8200
499,509,20% VAT,20% VAT,20.0000,15.9800,0,0,15.9800,0,15.9800
500,510,20% VAT,20% VAT,20.0000,50.1200,0,0,50.1200,0,50.1200
501,511,20% VAT,20% VAT,20.0000,15.6500,0,0,15.6500,0,15.6500
502,512,20% VAT,20% VAT,20.0000,5.8200,0,0,5.8200,0,5.8200
503,513,20% VAT,20% VAT,20.0000,14.3200,0,0,14.3200,0,14.3200
504,514,20% VAT,20% VAT,20.0000,16.6400,0,0,16.6400,0,16.6400
505,515,20% VAT,20% VAT,20.0000,15.6500,0,0,15.6500,0,15.6500
506,516,20% VAT,20% VAT,20.0000,5.6500,0,0,5.6500,0,5.6500
507,517,20% VAT,20% VAT,20.0000,25.1300,0,0,25.1300,0,25.1300
508,518,20% VAT,20% VAT,20.0000,9.8200,0,0,9.8200,0,9.8200
509,519,20% VAT,20% VAT,20.0000,14.8200,0,0,14.8200,0,14.8200
510,520,20% VAT,20% VAT,20.0000,14.8200,0,0,14.8200,0,14.8200
511,521,20% VAT,20% VAT,20.0000,31.3100,0,0,31.3100,0,31.3100
512,522,20% VAT,20% VAT,20.0000,2.8200,0,0,2.8200,0,2.8200
513,523,20% VAT,20% VAT,20.0000,2.8200,0,0,2.8200,0,2.8200
514,524,20% VAT,20% VAT,20.0000,7.3200,0,0,7.3200,0,7.3200
515,525,20% VAT,20% VAT,20.0000,6.1500,0,0,6.1500,0,6.1500
516,526,20% VAT,20% VAT,20.0000,7.3200,0,0,7.3200,0,7.3200
517,527,20% VAT,20% VAT,20.0000,14.8000,0,0,14.8000,0,14.8000
518,528,20% VAT,20% VAT,20.0000,18.1400,0,0,18.1400,0,18.1400
519,529,20% VAT,20% VAT,20.0000,7.3200,0,0,7.3200,0,7.3200
520,530,20% VAT,20% VAT,20.0000,5.8200,0,0,5.8200,0,5.8200
521,531,20% VAT,20% VAT,20.0000,23.2300,0,0,23.2300,0,23.2300
522,532,20% VAT,20% VAT,20.0000,6.3200,0,0,6.3200,0,6.3200
523,533,20% VAT,20% VAT,20.0000,37.6300,0,0,37.6300,0,37.6300
524,534,20% VAT,20% VAT,20.0000,7.3200,0,0,7.3200,0,7.3200
525,535,20% VAT,20% VAT,20.0000,14.8200,0,0,14.8200,0,14.8200
526,536,20% VAT,20% VAT,20.0000,5.6500,0,0,5.6500,0,5.6500
527,537,20% VAT,20% VAT,20.0000,15.1500,0,0,15.1500,0,15.1500
528,538,20% VAT,20% VAT,20.0000,15.6500,0,0,15.6500,0,15.6500
529,539,20% VAT,20% VAT,20.0000,5.8200,0,0,5.8200,0,5.8200
530,540,20% VAT,20% VAT,20.0000,14.3200,0,0,14.3200,0,14.3200
531,541,20% VAT,20% VAT,20.0000,30.6400,0,0,30.6400,0,30.6400
532,542,20% VAT,20% VAT,20.0000,15.6500,0,0,15.6500,0,15.6500
533,543,20% VAT,20% VAT,20.0000,23.9700,0,0,23.9700,0,23.9700
534,544,20% VAT,20% VAT,20.0000,7.3200,0,0,7.3200,0,7.3200
535,545,20% VAT,20% VAT,20.0000,15.6500,0,0,15.6500,0,15.6500
536,546,20% VAT,20% VAT,20.0000,7.3200,0,0,7.3200,0,7.3200
537,547,20% VAT,20% VAT,20.0000,15.3200,0,0,15.3200,0,15.3200
538,548,20% VAT,20% VAT,20.0000,7.3200,0,0,7.3200,0,7.3200
539,549,20% VAT,20% VAT,20.0000,6.3200,0,0,6.3200,0,6.3200
540,550,20% VAT,20% VAT,20.0000,6.3200,0,0,6.3200,0,6.3200
541,551,20% VAT,20% VAT,20.0000,20.9700,0,0,20.9700,0,20.9700
542,552,20% VAT,20% VAT,20.0000,20.9700,0,0,20.9700,0,20.9700
543,553,20% VAT,20% VAT,20.0000,5.8200,0,0,5.8200,0,5.8200
544,554,20% VAT,20% VAT,20.0000,8.9800,0,0,8.9800,0,8.9800
545,555,20% VAT,20% VAT,20.0000,7.3200,0,0,7.3200,0,7.3200
546,556,20% VAT,20% VAT,20.0000,6.3200,0,0,6.3200,0,6.3200
547,557,20% VAT,20% VAT,20.0000,7.3200,0,0,7.3200,0,7.3200
548,558,20% VAT,20% VAT,20.0000,14.8200,0,0,14.8200,0,14.8200
549,559,20% VAT,20% VAT,20.0000,14.8200,0,0,14.8200,0,14.8200
550,560,20% VAT,20% VAT,20.0000,14.8200,0,0,14.8200,0,14.8200
551,561,20% VAT,20% VAT,20.0000,30.6400,0,0,30.6400,0,30.6400
552,562,20% VAT,20% VAT,20.0000,20.6300,0,0,20.6300,0,20.6300
553,563,20% VAT,20% VAT,20.0000,20.6300,0,0,20.6300,0,20.6300
554,564,20% VAT,20% VAT,20.0000,29.8100,0,0,29.8100,0,29.8100
555,565,20% VAT,20% VAT,20.0000,9.8200,0,0,9.8200,0,9.8200
556,566,20% VAT,20% VAT,20.0000,15.6500,0,0,15.6500,0,15.6500
557,567,20% VAT,20% VAT,20.0000,15.3200,0,0,15.3200,0,15.3200
558,568,20% VAT,20% VAT,20.0000,15.3200,0,0,15.3200,0,15.3200
559,569,20% VAT,20% VAT,20.0000,5.8200,0,0,5.8200,0,5.8200
560,570,20% VAT,20% VAT,20.0000,15.3200,0,0,15.3200,0,15.3200
561,571,20% VAT,20% VAT,20.0000,16.3200,0,0,16.3200,0,16.3200
562,572,20% VAT,20% VAT,20.0000,16.3200,0,0,16.3200,0,16.3200
563,573,20% VAT,20% VAT,20.0000,8.9800,0,0,8.9800,0,8.9800
564,574,20% VAT,20% VAT,20.0000,11.4700,0,0,11.4700,0,11.4700
565,575,20% VAT,20% VAT,20.0000,15.6500,0,0,15.6500,0,15.6500
566,576,20% VAT,20% VAT,20.0000,6.1500,0,0,6.1500,0,6.1500
567,577,20% VAT,20% VAT,20.0000,22.3100,0,0,22.3100,0,22.3100
568,578,20% VAT,20% VAT,20.0000,7.3200,0,0,7.3200,0,7.3200
569,579,20% VAT,20% VAT,20.0000,16.3200,0,0,16.3200,0,16.3200
570,580,20% VAT,20% VAT,20.0000,15.6500,0,0,15.6500,0,15.6500
571,581,20% VAT,20% VAT,20.0000,7.6500,0,0,7.6500,0,7.6500
572,582,20% VAT,20% VAT,20.0000,6.3200,0,0,6.3200,0,6.3200
573,583,20% VAT,20% VAT,20.0000,17.3200,0,0,17.3200,0,17.3200
574,584,20% VAT,20% VAT,20.0000,7.3200,0,0,7.3200,0,7.3200
575,585,20% VAT,20% VAT,20.0000,15.3100,0,0,15.3100,0,15.3100
576,586,20% VAT,20% VAT,20.0000,3.8100,0,0,3.8100,0,3.8100
577,587,20% VAT,20% VAT,20.0000,14.3200,0,0,14.3200,0,14.3200
578,588,20% VAT,20% VAT,20.0000,29.8100,0,0,29.8100,0,29.8100
579,589,20% VAT,20% VAT,20.0000,16.3200,0,0,16.3200,0,16.3200
580,590,20% VAT,20% VAT,20.0000,16.3200,0,0,16.3200,0,16.3200
581,591,20% VAT,20% VAT,20.0000,7.3200,0,0,7.3200,0,7.3200
582,592,20% VAT,20% VAT,20.0000,14.8200,0,0,14.8200,0,14.8200
583,593,20% VAT,20% VAT,20.0000,14.8200,0,0,14.8200,0,14.8200
584,594,20% VAT,20% VAT,20.0000,6.1500,0,0,6.1500,0,6.1500
585,595,20% VAT,20% VAT,20.0000,22.1300,0,0,22.1300,0,22.1300
586,596,20% VAT,20% VAT,20.0000,21.3100,0,0,21.3100,0,21.3100
587,597,20% VAT,20% VAT,20.0000,9.8200,0,0,9.8200,0,9.8200
588,598,20% VAT,20% VAT,20.0000,7.3200,0,0,7.3200,0,7.3200
589,599,20% VAT,20% VAT,20.0000,15.6500,0,0,15.6500,0,15.6500
590,600,20% VAT,20% VAT,20.0000,14.3200,0,0,14.3200,0,14.3200
591,601,20% VAT,20% VAT,20.0000,16.8200,0,0,16.8200,0,16.8200
592,602,20% VAT,20% VAT,20.0000,6.1500,0,0,6.1500,0,6.1500
593,603,20% VAT,20% VAT,20.0000,15.6500,0,0,15.6500,0,15.6500
594,604,20% VAT,20% VAT,20.0000,15.6500,0,0,15.6500,0,15.6500
595,605,20% VAT,20% VAT,20.0000,4.9800,0,0,4.9800,0,4.9800
596,606,20% VAT,20% VAT,20.0000,7.3200,0,0,7.3200,0,7.3200
597,607,20% VAT,20% VAT,20.0000,88.9400,0,0,88.9400,0,88.9400
598,608,20% VAT,20% VAT,20.0000,14.8200,0,0,14.8200,0,14.8200
599,609,20% VAT,20% VAT,20.0000,12.8100,0,0,12.8100,0,12.8100
600,610,20% VAT,20% VAT,20.0000,7.3200,0,0,7.3200,0,7.3200
601,611,20% VAT,20% VAT,20.0000,6.4800,0,0,6.4800,0,6.4800
602,612,20% VAT,20% VAT,20.0000,11.9700,0,0,11.9700,0,11.9700
603,613,20% VAT,20% VAT,20.0000,7.3200,0,0,7.3200,0,7.3200
604,614,20% VAT,20% VAT,20.0000,14.8200,0,0,14.8200,0,14.8200
605,615,20% VAT,20% VAT,20.0000,14.8200,0,0,14.8200,0,14.8200
606,616,20% VAT,20% VAT,20.0000,30.6400,0,0,30.6400,0,30.6400
607,617,20% VAT,20% VAT,20.0000,10.6400,0,0,10.6400,0,10.6400
608,618,20% VAT,20% VAT,20.0000,7.6500,0,0,7.6500,0,7.6500
609,619,20% VAT,20% VAT,20.0000,15.1500,0,0,15.1500,0,15.1500
610,620,20% VAT,20% VAT,20.0000,7.3200,0,0,7.3200,0,7.3200
611,621,20% VAT,20% VAT,20.0000,14.8200,0,0,14.8200,0,14.8200
612,622,20% VAT,20% VAT,20.0000,2.1500,0,0,2.1500,0,2.1500
613,623,20% VAT,20% VAT,20.0000,16.3200,0,0,16.3200,0,16.3200
614,624,20% VAT,20% VAT,20.0000,7.3200,0,0,7.3200,0,7.3200
615,625,20% VAT,20% VAT,20.0000,43.6300,0,0,43.6300,0,43.6300
616,626,20% VAT,20% VAT,20.0000,30.6400,0,0,30.6400,0,30.6400
617,627,20% VAT,20% VAT,20.0000,14.8200,0,0,14.8200,0,14.8200
618,628,20% VAT,20% VAT,20.0000,14.3200,0,0,14.3200,0,14.3200
619,629,20% VAT,20% VAT,20.0000,15.6500,0,0,15.6500,0,15.6500
620,630,20% VAT,20% VAT,20.0000,17.1500,0,0,17.1500,0,17.1500
621,631,20% VAT,20% VAT,20.0000,26.6600,0,0,26.6600,0,26.6600
622,632,20% VAT,20% VAT,20.0000,54.9700,0,0,54.9700,0,54.9700
623,633,20% VAT,20% VAT,20.0000,59.4300,0,0,59.4300,0,59.4300
624,634,20% VAT,20% VAT,20.0000,15.3500,0,0,15.3500,0,15.3500
625,635,20% VAT,20% VAT,20.0000,2.7900,0,0,2.7900,0,2.7900
626,636,20% VAT,20% VAT,20.0000,7.5500,0,0,7.5500,0,7.5500
627,637,20% VAT,20% VAT,20.0000,9.8300,0,0,9.8300,0,9.8300
628,638,20% VAT,20% VAT,20.0000,15.3500,0,0,15.3500,0,15.3500
629,639,20% VAT,20% VAT,20.0000,10.4000,0,0,10.4000,0,10.4000
630,640,20% VAT,20% VAT,20.0000,31.1900,0,0,31.1900,0,31.1900
631,641,20% VAT,20% VAT,20.0000,10.4000,0,0,10.4000,0,10.4000
632,642,20% VAT,20% VAT,20.0000,67.0200,0,0,67.0200,0,67.0200
633,643,20% VAT,20% VAT,20.0000,68.8700,0,0,68.8700,0,68.8700
634,644,20% VAT,20% VAT,20.0000,4.4500,0,0,4.4500,0,4.4500
635,645,20% VAT,20% VAT,20.0000,19.6400,0,0,19.6400,0,19.6400
636,646,20% VAT,20% VAT,20.0000,25.8100,0,0,25.8100,0,25.8100
637,647,20% VAT,20% VAT,20.0000,8.4400,0,0,8.4400,0,8.4400
638,648,20% VAT,20% VAT,20.0000,4.7000,0,0,4.7000,0,4.7000
639,649,20% VAT,20% VAT,20.0000,10.4000,0,0,10.4000,0,10.4000
640,650,20% VAT,20% VAT,20.0000,45.5300,0,0,45.5300,0,45.5300
641,651,20% VAT,20% VAT,20.0000,27.4700,0,0,27.4700,0,27.4700
642,652,20% VAT,20% VAT,20.0000,10.4000,0,0,10.4000,0,10.4000
643,653,20% VAT,20% VAT,20.0000,10.4000,0,0,10.4000,0,10.4000
644,654,20% VAT,20% VAT,20.0000,9.5000,0,0,9.5000,0,9.5000
645,655,20% VAT,20% VAT,20.0000,10.4000,0,0,10.4000,0,10.4000
646,656,20% VAT,20% VAT,20.0000,8.3600,0,0,8.3600,0,8.3600
647,657,20% VAT,20% VAT,20.0000,40.3500,0,0,40.3500,0,40.3500
648,658,20% VAT,20% VAT,20.0000,9.4500,0,0,9.4500,0,9.4500
649,659,20% VAT,20% VAT,20.0000,26.5700,0,0,26.5700,0,26.5700
650,660,20% VAT,20% VAT,20.0000,17.6100,0,0,17.6100,0,17.6100
651,661,20% VAT,20% VAT,20.0000,10.1900,0,0,10.1900,0,10.1900
652,662,20% VAT,20% VAT,20.0000,17.9900,0,0,17.9900,0,17.9900
653,663,20% VAT,20% VAT,20.0000,48.3800,0,0,48.3800,0,48.3800
654,664,20% VAT,20% VAT,20.0000,56.9800,0,0,56.9800,0,56.9800
655,665,20% VAT,20% VAT,20.0000,5.5500,0,0,5.5500,0,5.5500
656,666,20% VAT,20% VAT,20.0000,9.4500,0,0,9.4500,0,9.4500
657,667,20% VAT,20% VAT,20.0000,9.4500,0,0,9.4500,0,9.4500
658,668,20% VAT,20% VAT,20.0000,10.4000,0,0,10.4000,0,10.4000
659,669,20% VAT,20% VAT,20.0000,10.4000,0,0,10.4000,0,10.4000
660,670,20% VAT,20% VAT,20.0000,60.7200,0,0,60.7200,0,60.7200
661,671,20% VAT,20% VAT,20.0000,43.6300,0,0,43.6300,0,43.6300
662,672,20% VAT,20% VAT,20.0000,3.0800,0,0,3.0800,0,3.0800
663,673,20% VAT,20% VAT,20.0000,17.0400,0,0,17.0400,0,17.0400
664,674,20% VAT,20% VAT,20.0000,45.5300,0,0,45.5300,0,45.5300
665,675,20% VAT,20% VAT,20.0000,51.2800,0,0,51.2800,0,51.2800
666,676,20% VAT,20% VAT,20.0000,8.9700,0,0,8.9700,0,8.9700
667,677,20% VAT,20% VAT,20.0000,29.3900,0,0,29.3900,0,29.3900
668,678,20% VAT,20% VAT,20.0000,10.7800,0,0,10.7800,0,10.7800
669,679,20% VAT,20% VAT,20.0000,18.3700,0,0,18.3700,0,18.3700
670,680,20% VAT,20% VAT,20.0000,18.4000,0,0,18.4000,0,18.4000
671,681,20% VAT,20% VAT,20.0000,32.4800,0,0,32.4800,0,32.4800
672,682,20% VAT,20% VAT,20.0000,34.2200,0,0,34.2200,0,34.2200
673,683,20% VAT,20% VAT,20.0000,17.3300,0,0,17.3300,0,17.3300
674,684,20% VAT,20% VAT,20.0000,8.2100,0,0,8.2100,0,8.2100
675,685,20% VAT,20% VAT,20.0000,25.9700,0,0,25.9700,0,25.9700
676,686,20% VAT,20% VAT,20.0000,75.9700,0,0,75.9700,0,75.9700
677,687,20% VAT,20% VAT,20.0000,28.8000,0,0,28.8000,0,28.8000
678,688,20% VAT,20% VAT,20.0000,18.9800,0,0,18.9800,0,18.9800
679,689,20% VAT,20% VAT,20.0000,18.9800,0,0,18.9800,0,18.9800
680,690,20% VAT,20% VAT,20.0000,30.9700,0,0,30.9700,0,30.9700
681,691,20% VAT,20% VAT,20.0000,27.3700,0,0,27.3700,0,27.3700
682,692,20% VAT,20% VAT,20.0000,60.9600,0,0,60.9600,0,60.9600
683,693,20% VAT,20% VAT,20.0000,72.9600,0,0,72.9600,0,72.9600
684,694,20% VAT,20% VAT,20.0000,20.3600,0,0,20.3600,0,20.3600
685,695,20% VAT,20% VAT,20.0000,26.6300,0,0,26.6300,0,26.6300
686,696,20% VAT,20% VAT,20.0000,22.3100,0,0,22.3100,0,22.3100
687,697,20% VAT,20% VAT,20.0000,36.1700,0,0,36.1700,0,36.1700
688,698,20% VAT,20% VAT,20.0000,75.8000,0,0,75.8000,0,75.8000
689,699,20% VAT,20% VAT,20.0000,57.8300,0,0,57.8300,0,57.8300
690,700,20% VAT,20% VAT,20.0000,30.6400,0,0,30.6400,0,30.6400
691,701,20% VAT,20% VAT,20.0000,30.6400,0,0,30.6400,0,30.6400
692,702,20% VAT,20% VAT,20.0000,40.1300,0,0,40.1300,0,40.1300
693,703,20% VAT,20% VAT,20.0000,60.6300,0,0,60.6300,0,60.6300
694,704,20% VAT,20% VAT,20.0000,89.9500,0,0,89.9500,0,89.9500
695,705,20% VAT,20% VAT,20.0000,90.6100,0,0,90.6100,0,90.6100
696,706,20% VAT,20% VAT,20.0000,20.9800,0,0,20.9800,0,20.9800
697,707,20% VAT,20% VAT,20.0000,48.8000,0,0,48.8000,0,48.8000
698,708,20% VAT,20% VAT,20.0000,30.9700,0,0,30.9700,0,30.9700
699,709,20% VAT,20% VAT,20.0000,21.7800,0,0,21.7800,0,21.7800
700,710,20% VAT,20% VAT,20.0000,30.9700,0,0,30.9700,0,30.9700
701,711,20% VAT,20% VAT,20.0000,30.9700,0,0,30.9700,0,30.9700
702,712,20% VAT,20% VAT,20.0000,30.9700,0,0,30.9700,0,30.9700
703,713,20% VAT,20% VAT,20.0000,30.9700,0,0,30.9700,0,30.9700
704,714,20% VAT,20% VAT,20.0000,20.9800,0,0,20.9800,0,20.9800
705,715,20% VAT,20% VAT,20.0000,19.4900,0,0,19.4900,0,19.4900
706,716,20% VAT,20% VAT,20.0000,20.1500,0,0,20.1500,0,20.1500
707,717,20% VAT,20% VAT,20.0000,40.9700,0,0,40.9700,0,40.9700
708,718,20% VAT,20% VAT,20.0000,27.6100,0,0,27.6100,0,27.6100
709,719,20% VAT,20% VAT,20.0000,43.9700,0,0,43.9700,0,43.9700
710,720,20% VAT,20% VAT,20.0000,58.4600,0,0,58.4600,0,58.4600
711,721,20% VAT,20% VAT,20.0000,59.1200,0,0,59.1200,0,59.1200
712,722,20% VAT,20% VAT,20.0000,17.9900,0,0,17.9900,0,17.9900
713,723,20% VAT,20% VAT,20.0000,17.9900,0,0,17.9900,0,17.9900
714,724,20% VAT,20% VAT,20.0000,33.1800,0,0,33.1800,0,33.1800
715,725,20% VAT,20% VAT,20.0000,30.9000,0,0,30.9000,0,30.9000
716,726,20% VAT,20% VAT,20.0000,51.2800,0,0,51.2800,0,51.2800
717,727,20% VAT,20% VAT,20.0000,52.1800,0,0,52.1800,0,52.1800
718,728,20% VAT,20% VAT,20.0000,18.6500,0,0,18.6500,0,18.6500
719,729,20% VAT,20% VAT,20.0000,27.6500,0,0,27.6500,0,27.6500
720,730,20% VAT,20% VAT,20.0000,18.6500,0,0,18.6500,0,18.6500
721,731,20% VAT,20% VAT,20.0000,27.6500,0,0,27.6500,0,27.6500
722,732,20% VAT,20% VAT,20.0000,24.3400,0,0,24.3400,0,24.3400
723,733,20% VAT,20% VAT,20.0000,53.9800,0,0,53.9800,0,53.9800
724,734,20% VAT,20% VAT,20.0000,60.6200,0,0,60.6200,0,60.6200
725,735,20% VAT,20% VAT,20.0000,18.6500,0,0,18.6500,0,18.6500
726,736,20% VAT,20% VAT,20.0000,17.9900,0,0,17.9900,0,17.9900
727,737,20% VAT,20% VAT,20.0000,15.1300,0,0,15.1300,0,15.1300
728,738,20% VAT,20% VAT,20.0000,31.3200,0,0,31.3200,0,31.3200
729,739,20% VAT,20% VAT,20.0000,4.7000,0,0,4.7000,0,4.7000
730,740,20% VAT,20% VAT,20.0000,48.3800,0,0,48.3800,0,48.3800
731,741,20% VAT,20% VAT,20.0000,10.7800,0,0,10.7800,0,10.7800
732,742,20% VAT,20% VAT,20.0000,36.1700,0,0,36.1700,0,36.1700
733,743,20% VAT,20% VAT,20.0000,20.9800,0,0,20.9800,0,20.9800
734,744,20% VAT,20% VAT,20.0000,19.4900,0,0,19.4900,0,19.4900
735,745,20% VAT,20% VAT,20.0000,26.6300,0,0,26.6300,0,26.6300
736,746,20% VAT,20% VAT,20.0000,11.4900,0,0,11.4900,0,11.4900
737,747,20% VAT,20% VAT,20.0000,14.6100,0,0,14.6100,0,14.6100
738,748,20% VAT,20% VAT,20.0000,18.4000,0,0,18.4000,0,18.4000
739,749,20% VAT,20% VAT,20.0000,12.9800,0,0,12.9800,0,12.9800
740,750,20% VAT,20% VAT,20.0000,3.9000,0,0,3.9000,0,3.9000
741,751,20% VAT,20% VAT,20.0000,13.6400,0,0,13.6400,0,13.6400
742,752,20% VAT,20% VAT,20.0000,8.6600,0,0,8.6600,0,8.6600
743,753,20% VAT,20% VAT,20.0000,12.9800,0,0,12.9800,0,12.9800
744,754,20% VAT,20% VAT,20.0000,9.3100,0,0,9.3100,0,9.3100
745,755,20% VAT,20% VAT,20.0000,17.9700,0,0,17.9700,0,17.9700
746,756,20% VAT,20% VAT,20.0000,4.4100,0,0,4.4100,0,4.4100
747,757,20% VAT,20% VAT,20.0000,4.4100,0,0,4.4100,0,4.4100
748,758,20% VAT,20% VAT,20.0000,4.4100,0,0,4.4100,0,4.4100
749,759,20% VAT,20% VAT,20.0000,4.7000,0,0,4.7000,0,4.7000
750,760,20% VAT,20% VAT,20.0000,3.3700,0,0,3.3700,0,3.3700
751,761,20% VAT,20% VAT,20.0000,4.7000,0,0,4.7000,0,4.7000
752,762,20% VAT,20% VAT,20.0000,27.0100,0,0,27.0100,0,27.0100
753,763,20% VAT,20% VAT,20.0000,4.7000,0,0,4.7000,0,4.7000
754,764,20% VAT,20% VAT,20.0000,17.9900,0,0,17.9900,0,17.9900
755,765,20% VAT,20% VAT,20.0000,4.7000,0,0,4.7000,0,4.7000
756,766,20% VAT,20% VAT,20.0000,4.7000,0,0,4.7000,0,4.7000
757,767,20% VAT,20% VAT,20.0000,19.4900,0,0,19.4900,0,19.4900
758,768,20% VAT,20% VAT,20.0000,5.5500,0,0,5.5500,0,5.5500
759,769,20% VAT,20% VAT,20.0000,8.5900,0,0,8.5900,0,8.5900
760,770,20% VAT,20% VAT,20.0000,7.9200,0,0,7.9200,0,7.9200
761,771,20% VAT,20% VAT,20.0000,6.1200,0,0,6.1200,0,6.1200
762,772,20% VAT,20% VAT,20.0000,6.6200,0,0,6.6200,0,6.6200
763,773,20% VAT,20% VAT,20.0000,4.7000,0,0,4.7000,0,4.7000
764,774,20% VAT,20% VAT,20.0000,3.8400,0,0,3.8400,0,3.8400
765,775,20% VAT,20% VAT,20.0000,4.7000,0,0,4.7000,0,4.7000
766,776,20% VAT,20% VAT,20.0000,6.1200,0,0,6.1200,0,6.1200
767,777,20% VAT,20% VAT,20.0000,5.5500,0,0,5.5500,0,5.5500
768,778,20% VAT,20% VAT,20.0000,4.7000,0,0,4.7000,0,4.7000
769,779,20% VAT,20% VAT,20.0000,4.4100,0,0,4.4100,0,4.4100
770,780,20% VAT,20% VAT,20.0000,4.7000,0,0,4.7000,0,4.7000
771,781,20% VAT,20% VAT,20.0000,4.7000,0,0,4.7000,0,4.7000
772,782,20% VAT,20% VAT,20.0000,4.7000,0,0,4.7000,0,4.7000
773,783,20% VAT,20% VAT,20.0000,8.9700,0,0,8.9700,0,8.9700
774,784,20% VAT,20% VAT,20.0000,4.7000,0,0,4.7000,0,4.7000
775,785,20% VAT,20% VAT,20.0000,4.4100,0,0,4.4100,0,4.4100
776,786,20% VAT,20% VAT,20.0000,8.9700,0,0,8.9700,0,8.9700
777,787,20% VAT,20% VAT,20.0000,4.7000,0,0,4.7000,0,4.7000
778,788,20% VAT,20% VAT,20.0000,19.4100,0,0,19.4100,0,19.4100
779,789,20% VAT,20% VAT,20.0000,5.0600,0,0,5.0600,0,5.0600
780,790,20% VAT,20% VAT,20.0000,4.7000,0,0,4.7000,0,4.7000
781,791,20% VAT,20% VAT,20.0000,4.7000,0,0,4.7000,0,4.7000
782,792,20% VAT,20% VAT,20.0000,4.7000,0,0,4.7000,0,4.7000
783,793,20% VAT,20% VAT,20.0000,4.7000,0,0,4.7000,0,4.7000
784,794,20% VAT,20% VAT,20.0000,4.7000,0,0,4.7000,0,4.7000
785,795,20% VAT,20% VAT,20.0000,12.2900,0,0,12.2900,0,12.2900
786,796,20% VAT,20% VAT,20.0000,8.2100,0,0,8.2100,0,8.2100
787,797,20% VAT,20% VAT,20.0000,4.7000,0,0,4.7000,0,4.7000
788,798,20% VAT,20% VAT,20.0000,4.9800,0,0,4.9800,0,4.9800
789,799,20% VAT,20% VAT,20.0000,4.4100,0,0,4.4100,0,4.4100
790,800,20% VAT,20% VAT,20.0000,17.9900,0,0,17.9900,0,17.9900
791,801,20% VAT,20% VAT,20.0000,4.7000,0,0,4.7000,0,4.7000
792,802,20% VAT,20% VAT,20.0000,4.7000,0,0,4.7000,0,4.7000
793,803,20% VAT,20% VAT,20.0000,8.5700,0,0,8.5700,0,8.5700
794,804,20% VAT,20% VAT,20.0000,7.0600,0,0,7.0600,0,7.0600
795,805,20% VAT,20% VAT,20.0000,6.1200,0,0,6.1200,0,6.1200
796,806,20% VAT,20% VAT,20.0000,4.7000,0,0,4.7000,0,4.7000
797,807,20% VAT,20% VAT,20.0000,4.7000,0,0,4.7000,0,4.7000
798,808,20% VAT,20% VAT,20.0000,4.7000,0,0,4.7000,0,4.7000
799,809,20% VAT,20% VAT,20.0000,4.7000,0,0,4.7000,0,4.7000
800,810,20% VAT,20% VAT,20.0000,4.4100,0,0,4.4100,0,4.4100
801,811,20% VAT,20% VAT,20.0000,4.7000,0,0,4.7000,0,4.7000
802,812,20% VAT,20% VAT,20.0000,4.7000,0,0,4.7000,0,4.7000
803,813,20% VAT,20% VAT,20.0000,4.7000,0,0,4.7000,0,4.7000
804,814,20% VAT,20% VAT,20.0000,4.7000,0,0,4.7000,0,4.7000
805,815,20% VAT,20% VAT,20.0000,4.7000,0,0,4.7000,0,4.7000
806,816,20% VAT,20% VAT,20.0000,4.7000,0,0,4.7000,0,4.7000
807,817,20% VAT,20% VAT,20.0000,4.4100,0,0,4.4100,0,4.4100
808,818,20% VAT,20% VAT,20.0000,6.0600,0,0,6.0600,0,6.0600
809,819,20% VAT,20% VAT,20.0000,4.7000,0,0,4.7000,0,4.7000
810,820,20% VAT,20% VAT,20.0000,6.1200,0,0,6.1200,0,6.1200
811,821,20% VAT,20% VAT,20.0000,4.7000,0,0,4.7000,0,4.7000
812,822,20% VAT,20% VAT,20.0000,6.1200,0,0,6.1200,0,6.1200
813,823,20% VAT,20% VAT,20.0000,4.7000,0,0,4.7000,0,4.7000
814,824,20% VAT,20% VAT,20.0000,4.7000,0,0,4.7000,0,4.7000
815,825,20% VAT,20% VAT,20.0000,4.4100,0,0,4.4100,0,4.4100
816,826,20% VAT,20% VAT,20.0000,4.7000,0,0,4.7000,0,4.7000
817,827,20% VAT,20% VAT,20.0000,10.4000,0,0,10.4000,0,10.4000
818,828,20% VAT,20% VAT,20.0000,6.1200,0,0,6.1200,0,6.1200
819,829,20% VAT,20% VAT,20.0000,28.6500,0,0,28.6500,0,28.6500
820,830,20% VAT,20% VAT,20.0000,62.9000,0,0,62.9000,0,62.9000
821,831,20% VAT,20% VAT,20.0000,4.4100,0,0,4.4100,0,4.4100
822,832,20% VAT,20% VAT,20.0000,4.7000,0,0,4.7000,0,4.7000
823,833,20% VAT,20% VAT,20.0000,8.9700,0,0,8.9700,0,8.9700
824,834,20% VAT,20% VAT,20.0000,17.9900,0,0,17.9900,0,17.9900
825,835,20% VAT,20% VAT,20.0000,4.7000,0,0,4.7000,0,4.7000
826,836,20% VAT,20% VAT,20.0000,4.7000,0,0,4.7000,0,4.7000
827,837,20% VAT,20% VAT,20.0000,4.7000,0,0,4.7000,0,4.7000
828,838,20% VAT,20% VAT,20.0000,9.4500,0,0,9.4500,0,9.4500
829,839,20% VAT,20% VAT,20.0000,4.4100,0,0,4.4100,0,4.4100
830,840,20% VAT,20% VAT,20.0000,4.7000,0,0,4.7000,0,4.7000
831,841,20% VAT,20% VAT,20.0000,4.7000,0,0,4.7000,0,4.7000
832,842,20% VAT,20% VAT,20.0000,24.0600,0,0,24.0600,0,24.0600
833,843,20% VAT,20% VAT,20.0000,4.9800,0,0,4.9800,0,4.9800
834,844,20% VAT,20% VAT,20.0000,4.7000,0,0,4.7000,0,4.7000
835,845,20% VAT,20% VAT,20.0000,4.7000,0,0,4.7000,0,4.7000
836,846,20% VAT,20% VAT,20.0000,4.7000,0,0,4.7000,0,4.7000
837,847,20% VAT,20% VAT,20.0000,5.5500,0,0,5.5500,0,5.5500
838,848,20% VAT,20% VAT,20.0000,6.1200,0,0,6.1200,0,6.1200
839,849,20% VAT,20% VAT,20.0000,8.6900,0,0,8.6900,0,8.6900
840,850,20% VAT,20% VAT,20.0000,4.7000,0,0,4.7000,0,4.7000
841,851,20% VAT,20% VAT,20.0000,5.3000,0,0,5.3000,0,5.3000
842,852,20% VAT,20% VAT,20.0000,4.7000,0,0,4.7000,0,4.7000
843,853,20% VAT,20% VAT,20.0000,17.2200,0,0,17.2200,0,17.2200
844,854,20% VAT,20% VAT,20.0000,4.7000,0,0,4.7000,0,4.7000
845,855,20% VAT,20% VAT,20.0000,4.7000,0,0,4.7000,0,4.7000
846,856,20% VAT,20% VAT,20.0000,12.7700,0,0,12.7700,0,12.7700
847,857,20% VAT,20% VAT,20.0000,4.7000,0,0,4.7000,0,4.7000
848,858,20% VAT,20% VAT,20.0000,4.7000,0,0,4.7000,0,4.7000
849,859,20% VAT,20% VAT,20.0000,4.7000,0,0,4.7000,0,4.7000
850,860,20% VAT,20% VAT,20.0000,4.4100,0,0,4.4100,0,4.4100
851,861,20% VAT,20% VAT,20.0000,4.7000,0,0,4.7000,0,4.7000
852,862,20% VAT,20% VAT,20.0000,4.4100,0,0,4.4100,0,4.4100
853,863,20% VAT,20% VAT,20.0000,4.4100,0,0,4.4100,0,4.4100
854,864,20% VAT,20% VAT,20.0000,4.7000,0,0,4.7000,0,4.7000
855,865,20% VAT,20% VAT,20.0000,4.7000,0,0,4.7000,0,4.7000
856,866,20% VAT,20% VAT,20.0000,8.9700,0,0,8.9700,0,8.9700
857,867,20% VAT,20% VAT,20.0000,4.4100,0,0,4.4100,0,4.4100
858,868,20% VAT,20% VAT,20.0000,4.7000,0,0,4.7000,0,4.7000
859,869,20% VAT,20% VAT,20.0000,9.4500,0,0,9.4500,0,9.4500
860,870,20% VAT,20% VAT,20.0000,9.7400,0,0,9.7400,0,9.7400
861,871,20% VAT,20% VAT,20.0000,5.5500,0,0,5.5500,0,5.5500
862,872,20% VAT,20% VAT,20.0000,4.4100,0,0,4.4100,0,4.4100
863,873,20% VAT,20% VAT,20.0000,4.7000,0,0,4.7000,0,4.7000
864,874,20% VAT,20% VAT,20.0000,11.7100,0,0,11.7100,0,11.7100
865,875,20% VAT,20% VAT,20.0000,4.4100,0,0,4.4100,0,4.4100
866,876,20% VAT,20% VAT,20.0000,6.1200,0,0,6.1200,0,6.1200
867,877,20% VAT,20% VAT,20.0000,4.7000,0,0,4.7000,0,4.7000
868,878,20% VAT,20% VAT,20.0000,4.7000,0,0,4.7000,0,4.7000
869,879,20% VAT,20% VAT,20.0000,5.5500,0,0,5.5500,0,5.5500
870,880,20% VAT,20% VAT,20.0000,4.7000,0,0,4.7000,0,4.7000
871,881,20% VAT,20% VAT,20.0000,6.1200,0,0,6.1200,0,6.1200
872,882,20% VAT,20% VAT,20.0000,4.7000,0,0,4.7000,0,4.7000
873,883,20% VAT,20% VAT,20.0000,7.0600,0,0,7.0600,0,7.0600
874,884,20% VAT,20% VAT,20.0000,4.7000,0,0,4.7000,0,4.7000
875,885,20% VAT,20% VAT,20.0000,8.6900,0,0,8.6900,0,8.6900
876,886,20% VAT,20% VAT,20.0000,6.1200,0,0,6.1200,0,6.1200
877,887,20% VAT,20% VAT,20.0000,6.1200,0,0,6.1200,0,6.1200
878,888,20% VAT,20% VAT,20.0000,4.7000,0,0,4.7000,0,4.7000
879,889,20% VAT,20% VAT,20.0000,6.1200,0,0,6.1200,0,6.1200
880,890,20% VAT,20% VAT,20.0000,8.4900,0,0,8.4900,0,8.4900
881,891,20% VAT,20% VAT,20.0000,4.7000,0,0,4.7000,0,4.7000
882,892,20% VAT,20% VAT,20.0000,4.7000,0,0,4.7000,0,4.7000
883,893,20% VAT,20% VAT,20.0000,4.4100,0,0,4.4100,0,4.4100
884,894,20% VAT,20% VAT,20.0000,4.7000,0,0,4.7000,0,4.7000
885,895,20% VAT,20% VAT,20.0000,8.4900,0,0,8.4900,0,8.4900
886,896,20% VAT,20% VAT,20.0000,5.5500,0,0,5.5500,0,5.5500
887,897,20% VAT,20% VAT,20.0000,14.1900,0,0,14.1900,0,14.1900
888,898,20% VAT,20% VAT,20.0000,11.3400,0,0,11.3400,0,11.3400
889,899,20% VAT,20% VAT,20.0000,4.7000,0,0,4.7000,0,4.7000
890,900,20% VAT,20% VAT,20.0000,9.2000,0,0,9.2000,0,9.2000
891,901,20% VAT,20% VAT,20.0000,4.7000,0,0,4.7000,0,4.7000
892,902,20% VAT,20% VAT,20.0000,4.4100,0,0,4.4100,0,4.4100
893,903,20% VAT,20% VAT,20.0000,4.4100,0,0,4.4100,0,4.4100
894,904,20% VAT,20% VAT,20.0000,8.9700,0,0,8.9700,0,8.9700
895,905,20% VAT,20% VAT,20.0000,8.6900,0,0,8.6900,0,8.6900
896,906,20% VAT,20% VAT,20.0000,4.7000,0,0,4.7000,0,4.7000
897,907,20% VAT,20% VAT,20.0000,4.7000,0,0,4.7000,0,4.7000
898,908,20% VAT,20% VAT,20.0000,4.7000,0,0,4.7000,0,4.7000
899,909,20% VAT,20% VAT,20.0000,4.4100,0,0,4.4100,0,4.4100
900,910,20% VAT,20% VAT,20.0000,4.7000,0,0,4.7000,0,4.7000
901,911,20% VAT,20% VAT,20.0000,4.7000,0,0,4.7000,0,4.7000
902,912,20% VAT,20% VAT,20.0000,6.1200,0,0,6.1200,0,6.1200
903,913,20% VAT,20% VAT,20.0000,4.7000,0,0,4.7000,0,4.7000
904,914,20% VAT,20% VAT,20.0000,4.7000,0,0,4.7000,0,4.7000
905,915,20% VAT,20% VAT,20.0000,4.7000,0,0,4.7000,0,4.7000
906,916,20% VAT,20% VAT,20.0000,4.7000,0,0,4.7000,0,4.7000
907,917,20% VAT,20% VAT,20.0000,8.6900,0,0,8.6900,0,8.6900
908,918,20% VAT,20% VAT,20.0000,5.5500,0,0,5.5500,0,5.5500
909,919,20% VAT,20% VAT,20.0000,4.7000,0,0,4.7000,0,4.7000
910,920,20% VAT,20% VAT,20.0000,6.1200,0,0,6.1200,0,6.1200
911,921,20% VAT,20% VAT,20.0000,4.7000,0,0,4.7000,0,4.7000
912,922,20% VAT,20% VAT,20.0000,4.4100,0,0,4.4100,0,4.4100
913,923,20% VAT,20% VAT,20.0000,4.4100,0,0,4.4100,0,4.4100
914,924,20% VAT,20% VAT,20.0000,17.9900,0,0,17.9900,0,17.9900
915,925,20% VAT,20% VAT,20.0000,21.6600,0,0,21.6600,0,21.6600
916,926,20% VAT,20% VAT,20.0000,1.9400,0,0,1.9400,0,1.9400
917,927,20% VAT,20% VAT,20.0000,4.7000,0,0,4.7000,0,4.7000
918,928,20% VAT,20% VAT,20.0000,4.7000,0,0,4.7000,0,4.7000
919,929,20% VAT,20% VAT,20.0000,4.7000,0,0,4.7000,0,4.7000
920,930,20% VAT,20% VAT,20.0000,4.7000,0,0,4.7000,0,4.7000
921,931,20% VAT,20% VAT,20.0000,4.7000,0,0,4.7000,0,4.7000
922,932,20% VAT,20% VAT,20.0000,8.4900,0,0,8.4900,0,8.4900
923,933,20% VAT,20% VAT,20.0000,4.4100,0,0,4.4100,0,4.4100
924,934,20% VAT,20% VAT,20.0000,4.4100,0,0,4.4100,0,4.4100
925,935,20% VAT,20% VAT,20.0000,4.7000,0,0,4.7000,0,4.7000
926,936,20% VAT,20% VAT,20.0000,4.7000,0,0,4.7000,0,4.7000
927,937,20% VAT,20% VAT,20.0000,4.7000,0,0,4.7000,0,4.7000
928,938,20% VAT,20% VAT,20.0000,9.4500,0,0,9.4500,0,9.4500
929,939,20% VAT,20% VAT,20.0000,4.4100,0,0,4.4100,0,4.4100
930,940,20% VAT,20% VAT,20.0000,14.1000,0,0,14.1000,0,14.1000
931,941,20% VAT,20% VAT,20.0000,4.4100,0,0,4.4100,0,4.4100
932,942,20% VAT,20% VAT,20.0000,6.1200,0,0,6.1200,0,6.1200
933,943,20% VAT,20% VAT,20.0000,4.7000,0,0,4.7000,0,4.7000
934,944,20% VAT,20% VAT,20.0000,18.9400,0,0,18.9400,0,18.9400
935,945,20% VAT,20% VAT,20.0000,5.5500,0,0,5.5500,0,5.5500
936,946,20% VAT,20% VAT,20.0000,4.4100,0,0,4.4100,0,4.4100
937,947,20% VAT,20% VAT,20.0000,4.7000,0,0,4.7000,0,4.7000
938,948,20% VAT,20% VAT,20.0000,4.7000,0,0,4.7000,0,4.7000
939,949,20% VAT,20% VAT,20.0000,4.7000,0,0,4.7000,0,4.7000
940,950,20% VAT,20% VAT,20.0000,6.1200,0,0,6.1200,0,6.1200
941,951,20% VAT,20% VAT,20.0000,4.7000,0,0,4.7000,0,4.7000
942,952,20% VAT,20% VAT,20.0000,4.4100,0,0,4.4100,0,4.4100
943,953,20% VAT,20% VAT,20.0000,3.8400,0,0,3.8400,0,3.8400
944,954,20% VAT,20% VAT,20.0000,4.7000,0,0,4.7000,0,4.7000
945,955,20% VAT,20% VAT,20.0000,6.1200,0,0,6.1200,0,6.1200
946,956,20% VAT,20% VAT,20.0000,2.3700,0,0,2.3700,0,2.3700
947,957,20% VAT,20% VAT,20.0000,4.9800,0,0,4.9800,0,4.9800
948,958,20% VAT,20% VAT,20.0000,4.4100,0,0,4.4100,0,4.4100
949,959,20% VAT,20% VAT,20.0000,6.1200,0,0,6.1200,0,6.1200
950,960,20% VAT,20% VAT,20.0000,4.7000,0,0,4.7000,0,4.7000
951,961,20% VAT,20% VAT,20.0000,4.7000,0,0,4.7000,0,4.7000
952,962,20% VAT,20% VAT,20.0000,6.1200,0,0,6.1200,0,6.1200
953,963,20% VAT,20% VAT,20.0000,8.9700,0,0,8.9700,0,8.9700
954,964,20% VAT,20% VAT,20.0000,4.4100,0,0,4.4100,0,4.4100
955,965,20% VAT,20% VAT,20.0000,19.4900,0,0,19.4900,0,19.4900
956,966,20% VAT,20% VAT,20.0000,4.7000,0,0,4.7000,0,4.7000
957,967,20% VAT,20% VAT,20.0000,4.7000,0,0,4.7000,0,4.7000
958,968,20% VAT,20% VAT,20.0000,4.7000,0,0,4.7000,0,4.7000
959,969,20% VAT,20% VAT,20.0000,4.4100,0,0,4.4100,0,4.4100
960,970,20% VAT,20% VAT,20.0000,4.7000,0,0,4.7000,0,4.7000
961,971,20% VAT,20% VAT,20.0000,4.4100,0,0,4.4100,0,4.4100
962,972,20% VAT,20% VAT,20.0000,6.1200,0,0,6.1200,0,6.1200
963,973,20% VAT,20% VAT,20.0000,8.6900,0,0,8.6900,0,8.6900
964,974,20% VAT,20% VAT,20.0000,4.4100,0,0,4.4100,0,4.4100
965,975,20% VAT,20% VAT,20.0000,4.7000,0,0,4.7000,0,4.7000
966,976,20% VAT,20% VAT,20.0000,8.6900,0,0,8.6900,0,8.6900
967,977,20% VAT,20% VAT,20.0000,4.7000,0,0,4.7000,0,4.7000
968,978,20% VAT,20% VAT,20.0000,4.4100,0,0,4.4100,0,4.4100
969,979,20% VAT,20% VAT,20.0000,4.7000,0,0,4.7000,0,4.7000
970,980,20% VAT,20% VAT,20.0000,4.7000,0,0,4.7000,0,4.7000
971,981,20% VAT,20% VAT,20.0000,6.1200,0,0,6.1200,0,6.1200
972,982,20% VAT,20% VAT,20.0000,4.7000,0,0,4.7000,0,4.7000
973,983,20% VAT,20% VAT,20.0000,5.5500,0,0,5.5500,0,5.5500
974,984,20% VAT,20% VAT,20.0000,4.4100,0,0,4.4100,0,4.4100
975,985,20% VAT,20% VAT,20.0000,4.4100,0,0,4.4100,0,4.4100
976,986,20% VAT,20% VAT,20.0000,4.4100,0,0,4.4100,0,4.4100
977,987,20% VAT,20% VAT,20.0000,6.1200,0,0,6.1200,0,6.1200
978,988,20% VAT,20% VAT,20.0000,6.0300,0,0,6.0300,0,6.0300
979,989,20% VAT,20% VAT,20.0000,4.7000,0,0,4.7000,0,4.7000
980,990,20% VAT,20% VAT,20.0000,5.5500,0,0,5.5500,0,5.5500
981,991,20% VAT,20% VAT,20.0000,4.4100,0,0,4.4100,0,4.4100
982,992,20% VAT,20% VAT,20.0000,4.4100,0,0,4.4100,0,4.4100
983,993,20% VAT,20% VAT,20.0000,8.6900,0,0,8.6900,0,8.6900
984,994,20% VAT,20% VAT,20.0000,6.1200,0,0,6.1200,0,6.1200
985,995,20% VAT,20% VAT,20.0000,11.3400,0,0,11.3400,0,11.3400
986,996,20% VAT,20% VAT,20.0000,13.2400,0,0,13.2400,0,13.2400
987,997,20% VAT,20% VAT,20.0000,6.1200,0,0,6.1200,0,6.1200
988,998,20% VAT,20% VAT,20.0000,8.9700,0,0,8.9700,0,8.9700
989,999,20% VAT,20% VAT,20.0000,8.2100,0,0,8.2100,0,8.2100
990,1000,20% VAT,20% VAT,20.0000,4.7000,0,0,4.7000,0,4.7000
991,1001,20% VAT,20% VAT,20.0000,4.7000,0,0,4.7000,0,4.7000
992,1002,20% VAT,20% VAT,20.0000,8.4900,0,0,8.4900,0,8.4900
993,1003,20% VAT,20% VAT,20.0000,4.7000,0,0,4.7000,0,4.7000
994,1004,20% VAT,20% VAT,20.0000,8.9700,0,0,8.9700,0,8.9700
995,1005,20% VAT,20% VAT,20.0000,4.7000,0,0,4.7000,0,4.7000
996,1006,20% VAT,20% VAT,20.0000,4.7000,0,0,4.7000,0,4.7000
997,1007,20% VAT,20% VAT,20.0000,9.4500,0,0,9.4500,0,9.4500
998,1008,20% VAT,20% VAT,20.0000,4.7000,0,0,4.7000,0,4.7000
999,1009,20% VAT,20% VAT,20.0000,4.7000,0,0,4.7000,0,4.7000
1000,1010,20% VAT,20% VAT,20.0000,4.7000,0,0,4.7000,0,4.7000
1001,1011,20% VAT,20% VAT,20.0000,12.4800,0,0,12.4800,0,12.4800
1002,1012,20% VAT,20% VAT,20.0000,4.4100,0,0,4.4100,0,4.4100
1003,1013,20% VAT,20% VAT,20.0000,4.7000,0,0,4.7000,0,4.7000
1004,1014,20% VAT,20% VAT,20.0000,5.5500,0,0,5.5500,0,5.5500
1005,1015,20% VAT,20% VAT,20.0000,41.6300,0,0,41.6300,0,41.6300
1006,1016,20% VAT,20% VAT,20.0000,8.6900,0,0,8.6900,0,8.6900
1007,1017,20% VAT,20% VAT,20.0000,6.1200,0,0,6.1200,0,6.1200
1008,1018,20% VAT,20% VAT,20.0000,4.4100,0,0,4.4100,0,4.4100
1009,1019,20% VAT,20% VAT,20.0000,4.7000,0,0,4.7000,0,4.7000
1010,1020,20% VAT,20% VAT,20.0000,8.9700,0,0,8.9700,0,8.9700
1011,1021,20% VAT,20% VAT,20.0000,4.7000,0,0,4.7000,0,4.7000
1012,1022,20% VAT,20% VAT,20.0000,13.6200,0,0,13.6200,0,13.6200
1013,1023,20% VAT,20% VAT,20.0000,4.4100,0,0,4.4100,0,4.4100
1014,1024,20% VAT,20% VAT,20.0000,8.9700,0,0,8.9700,0,8.9700
1015,1025,20% VAT,20% VAT,20.0000,4.7000,0,0,4.7000,0,4.7000
1016,1026,20% VAT,20% VAT,20.0000,8.9700,0,0,8.9700,0,8.9700
1017,1027,20% VAT,20% VAT,20.0000,10.8300,0,0,10.8300,0,10.8300
1018,1028,20% VAT,20% VAT,20.0000,4.7000,0,0,4.7000,0,4.7000
1019,1029,20% VAT,20% VAT,20.0000,4.7000,0,0,4.7000,0,4.7000
1020,1030,20% VAT,20% VAT,20.0000,4.7000,0,0,4.7000,0,4.7000
1021,1031,20% VAT,20% VAT,20.0000,20.8400,0,0,20.8400,0,20.8400
1022,1032,20% VAT,20% VAT,20.0000,4.7000,0,0,4.7000,0,4.7000
1023,1033,20% VAT,20% VAT,20.0000,4.4100,0,0,4.4100,0,4.4100
1024,1034,20% VAT,20% VAT,20.0000,9.2000,0,0,9.2000,0,9.2000
1025,1035,20% VAT,20% VAT,20.0000,4.7000,0,0,4.7000,0,4.7000
1026,1036,20% VAT,20% VAT,20.0000,15.8000,0,0,15.8000,0,15.8000
1027,1037,20% VAT,20% VAT,20.0000,7.9200,0,0,7.9200,0,7.9200
1028,1038,20% VAT,20% VAT,20.0000,4.7000,0,0,4.7000,0,4.7000
1029,1039,20% VAT,20% VAT,20.0000,6.1200,0,0,6.1200,0,6.1200
1030,1040,20% VAT,20% VAT,20.0000,4.7000,0,0,4.7000,0,4.7000
1031,1041,20% VAT,20% VAT,20.0000,16.7600,0,0,16.7600,0,16.7600
1032,1042,20% VAT,20% VAT,20.0000,8.9700,0,0,8.9700,0,8.9700
1033,1043,20% VAT,20% VAT,20.0000,8.8800,0,0,8.8800,0,8.8800
1034,1044,20% VAT,20% VAT,20.0000,4.7000,0,0,4.7000,0,4.7000
1035,1045,20% VAT,20% VAT,20.0000,8.6900,0,0,8.6900,0,8.6900
1036,1046,20% VAT,20% VAT,20.0000,4.7000,0,0,4.7000,0,4.7000
1037,1047,20% VAT,20% VAT,20.0000,8.6900,0,0,8.6900,0,8.6900
1038,1048,20% VAT,20% VAT,20.0000,8.9700,0,0,8.9700,0,8.9700
1039,1049,20% VAT,20% VAT,20.0000,4.7000,0,0,4.7000,0,4.7000
1040,1050,20% VAT,20% VAT,20.0000,4.7000,0,0,4.7000,0,4.7000
1041,1051,20% VAT,20% VAT,20.0000,4.7000,0,0,4.7000,0,4.7000
1042,1052,20% VAT,20% VAT,20.0000,4.7000,0,0,4.7000,0,4.7000
1043,1053,20% VAT,20% VAT,20.0000,4.7000,0,0,4.7000,0,4.7000
1044,1054,20% VAT,20% VAT,20.0000,4.7000,0,0,4.7000,0,4.7000
1045,1055,20% VAT,20% VAT,20.0000,3.8400,0,0,3.8400,0,3.8400
1046,1056,20% VAT,20% VAT,20.0000,8.6900,0,0,8.6900,0,8.6900
1047,1057,20% VAT,20% VAT,20.0000,4.7000,0,0,4.7000,0,4.7000
1048,1058,20% VAT,20% VAT,20.0000,8.9700,0,0,8.9700,0,8.9700
1049,1059,20% VAT,20% VAT,20.0000,6.1200,0,0,6.1200,0,6.1200
1050,1060,20% VAT,20% VAT,20.0000,4.7000,0,0,4.7000,0,4.7000
1051,1061,20% VAT,20% VAT,20.0000,4.7000,0,0,4.7000,0,4.7000
1052,1062,20% VAT,20% VAT,20.0000,4.7000,0,0,4.7000,0,4.7000
1053,1063,20% VAT,20% VAT,20.0000,4.7000,0,0,4.7000,0,4.7000
1054,1064,20% VAT,20% VAT,20.0000,16.4700,0,0,16.4700,0,16.4700
1055,1065,20% VAT,20% VAT,20.0000,5.5500,0,0,5.5500,0,5.5500
1056,1066,20% VAT,20% VAT,20.0000,4.7000,0,0,4.7000,0,4.7000
1057,1067,20% VAT,20% VAT,20.0000,8.6900,0,0,8.6900,0,8.6900
1058,1068,20% VAT,20% VAT,20.0000,6.4100,0,0,6.4100,0,6.4100
1059,1069,20% VAT,20% VAT,20.0000,7.9200,0,0,7.9200,0,7.9200
1060,1070,20% VAT,20% VAT,20.0000,8.4900,0,0,8.4900,0,8.4900
1061,1071,20% VAT,20% VAT,20.0000,10.8300,0,0,10.8300,0,10.8300
1062,1072,20% VAT,20% VAT,20.0000,8.6900,0,0,8.6900,0,8.6900
1063,1073,20% VAT,20% VAT,20.0000,4.7000,0,0,4.7000,0,4.7000
1064,1074,20% VAT,20% VAT,20.0000,4.7000,0,0,4.7000,0,4.7000
1065,1075,20% VAT,20% VAT,20.0000,4.7000,0,0,4.7000,0,4.7000
1066,1076,20% VAT,20% VAT,20.0000,17.0400,0,0,17.0400,0,17.0400
1067,1077,20% VAT,20% VAT,20.0000,6.1200,0,0,6.1200,0,6.1200
1068,1078,20% VAT,20% VAT,20.0000,4.7000,0,0,4.7000,0,4.7000
1069,1079,20% VAT,20% VAT,20.0000,4.4100,0,0,4.4100,0,4.4100
1070,1080,20% VAT,20% VAT,20.0000,8.9700,0,0,8.9700,0,8.9700
1071,1081,20% VAT,20% VAT,20.0000,4.7000,0,0,4.7000,0,4.7000
1072,1082,20% VAT,20% VAT,20.0000,4.7000,0,0,4.7000,0,4.7000
1073,1083,20% VAT,20% VAT,20.0000,7.9200,0,0,7.9200,0,7.9200
1074,1084,20% VAT,20% VAT,20.0000,8.6900,0,0,8.6900,0,8.6900
1075,1085,20% VAT,20% VAT,20.0000,4.9800,0,0,4.9800,0,4.9800
1076,1086,20% VAT,20% VAT,20.0000,4.4100,0,0,4.4100,0,4.4100
1077,1087,20% VAT,20% VAT,20.0000,4.7000,0,0,4.7000,0,4.7000
1078,1088,20% VAT,20% VAT,20.0000,12.0000,0,0,12.0000,0,12.0000
1079,1089,20% VAT,20% VAT,20.0000,6.1200,0,0,6.1200,0,6.1200
1080,1090,20% VAT,20% VAT,20.0000,10.4000,0,0,10.4000,0,10.4000
1081,1091,20% VAT,20% VAT,20.0000,8.4900,0,0,8.4900,0,8.4900
1082,1092,20% VAT,20% VAT,20.0000,4.7000,0,0,4.7000,0,4.7000
1083,1093,20% VAT,20% VAT,20.0000,4.7000,0,0,4.7000,0,4.7000
1084,1094,20% VAT,20% VAT,20.0000,5.5500,0,0,5.5500,0,5.5500
1085,1095,20% VAT,20% VAT,20.0000,10.4000,0,0,10.4000,0,10.4000
1086,1096,20% VAT,20% VAT,20.0000,8.6900,0,0,8.6900,0,8.6900
1087,1097,20% VAT,20% VAT,20.0000,10.4000,0,0,10.4000,0,10.4000
1088,1098,20% VAT,20% VAT,20.0000,4.7000,0,0,4.7000,0,4.7000
1089,1099,20% VAT,20% VAT,20.0000,10.8300,0,0,10.8300,0,10.8300
1090,1100,20% VAT,20% VAT,20.0000,36.8100,0,0,36.8100,0,36.8100
1091,1101,20% VAT,20% VAT,20.0000,4.7000,0,0,4.7000,0,4.7000
1092,1102,20% VAT,20% VAT,20.0000,4.7000,0,0,4.7000,0,4.7000
1093,1103,20% VAT,20% VAT,20.0000,9.7400,0,0,9.7400,0,9.7400
1094,1104,20% VAT,20% VAT,20.0000,6.1200,0,0,6.1200,0,6.1200
1095,1105,20% VAT,20% VAT,20.0000,6.1200,0,0,6.1200,0,6.1200
1096,1106,20% VAT,20% VAT,20.0000,4.7000,0,0,4.7000,0,4.7000
1097,1107,20% VAT,20% VAT,20.0000,4.7000,0,0,4.7000,0,4.7000
1098,1108,20% VAT,20% VAT,20.0000,3.8000,0,0,3.8000,0,3.8000
1099,1109,20% VAT,20% VAT,20.0000,5.5500,0,0,5.5500,0,5.5500
1100,1110,20% VAT,20% VAT,20.0000,5.5500,0,0,5.5500,0,5.5500
1101,1111,20% VAT,20% VAT,20.0000,3.8000,0,0,3.8000,0,3.8000
1102,1112,20% VAT,20% VAT,20.0000,3.8000,0,0,3.8000,0,3.8000
1103,1113,20% VAT,20% VAT,20.0000,3.5100,0,0,3.5100,0,3.5100
1104,1114,20% VAT,20% VAT,20.0000,3.8000,0,0,3.8000,0,3.8000
1105,1115,20% VAT,20% VAT,20.0000,3.8000,0,0,3.8000,0,3.8000
1106,1116,20% VAT,20% VAT,20.0000,8.5500,0,0,8.5500,0,8.5500
1107,1117,20% VAT,20% VAT,20.0000,7.9200,0,0,7.9200,0,7.9200
1108,1118,20% VAT,20% VAT,20.0000,8.6900,0,0,8.6900,0,8.6900
1109,1119,20% VAT,20% VAT,20.0000,9.7400,0,0,9.7400,0,9.7400
1110,1120,20% VAT,20% VAT,20.0000,4.7000,0,0,4.7000,0,4.7000
1111,1121,20% VAT,20% VAT,20.0000,4.7000,0,0,4.7000,0,4.7000
1112,1122,20% VAT,20% VAT,20.0000,5.3000,0,0,5.3000,0,5.3000
1113,1123,20% VAT,20% VAT,20.0000,4.7000,0,0,4.7000,0,4.7000
1114,1124,20% VAT,20% VAT,20.0000,10.2000,0,0,10.2000,0,10.2000
1115,1125,20% VAT,20% VAT,20.0000,4.4100,0,0,4.4100,0,4.4100
1116,1126,20% VAT,20% VAT,20.0000,6.1200,0,0,6.1200,0,6.1200
1117,1127,20% VAT,20% VAT,20.0000,9.4500,0,0,9.4500,0,9.4500
1118,1128,20% VAT,20% VAT,20.0000,4.7000,0,0,4.7000,0,4.7000
1119,1129,20% VAT,20% VAT,20.0000,12.4800,0,0,12.4800,0,12.4800
1120,1130,20% VAT,20% VAT,20.0000,4.7000,0,0,4.7000,0,4.7000
1121,1131,20% VAT,20% VAT,20.0000,9.7400,0,0,9.7400,0,9.7400
1122,1132,20% VAT,20% VAT,20.0000,24.6600,0,0,24.6600,0,24.6600
1123,1133,20% VAT,20% VAT,20.0000,20.3600,0,0,20.3600,0,20.3600
1124,1134,20% VAT,20% VAT,20.0000,4.7000,0,0,4.7000,0,4.7000
1125,1135,20% VAT,20% VAT,20.0000,6.1200,0,0,6.1200,0,6.1200
1126,1136,20% VAT,20% VAT,20.0000,4.4100,0,0,4.4100,0,4.4100
1127,1137,20% VAT,20% VAT,20.0000,4.4100,0,0,4.4100,0,4.4100
1128,1138,20% VAT,20% VAT,20.0000,8.6900,0,0,8.6900,0,8.6900
1129,1139,20% VAT,20% VAT,20.0000,6.1200,0,0,6.1200,0,6.1200
1130,1140,20% VAT,20% VAT,20.0000,8.6900,0,0,8.6900,0,8.6900
1131,1141,20% VAT,20% VAT,20.0000,4.7000,0,0,4.7000,0,4.7000
1132,1142,20% VAT,20% VAT,20.0000,8.6900,0,0,8.6900,0,8.6900
1133,1143,20% VAT,20% VAT,20.0000,4.7000,0,0,4.7000,0,4.7000
1134,1144,20% VAT,20% VAT,20.0000,4.7000,0,0,4.7000,0,4.7000
1135,1145,20% VAT,20% VAT,20.0000,4.4100,0,0,4.4100,0,4.4100
1136,1146,20% VAT,20% VAT,20.0000,8.2100,0,0,8.2100,0,8.2100
1137,1147,20% VAT,20% VAT,20.0000,4.7000,0,0,4.7000,0,4.7000
1138,1148,20% VAT,20% VAT,20.0000,11.3400,0,0,11.3400,0,11.3400
1139,1149,20% VAT,20% VAT,20.0000,4.9800,0,0,4.9800,0,4.9800
1140,1150,20% VAT,20% VAT,20.0000,4.7000,0,0,4.7000,0,4.7000
1141,1151,20% VAT,20% VAT,20.0000,8.6900,0,0,8.6900,0,8.6900
1142,1152,20% VAT,20% VAT,20.0000,4.7000,0,0,4.7000,0,4.7000
1143,1153,20% VAT,20% VAT,20.0000,4.4100,0,0,4.4100,0,4.4100
1144,1154,20% VAT,20% VAT,20.0000,4.7000,0,0,4.7000,0,4.7000
1145,1155,20% VAT,20% VAT,20.0000,4.7000,0,0,4.7000,0,4.7000
1146,1156,20% VAT,20% VAT,20.0000,4.4100,0,0,4.4100,0,4.4100
1147,1157,20% VAT,20% VAT,20.0000,8.6900,0,0,8.6900,0,8.6900
1148,1158,20% VAT,20% VAT,20.0000,4.7000,0,0,4.7000,0,4.7000
1149,1159,20% VAT,20% VAT,20.0000,8.4900,0,0,8.4900,0,8.4900
1150,1160,20% VAT,20% VAT,20.0000,9.4500,0,0,9.4500,0,9.4500
1151,1161,20% VAT,20% VAT,20.0000,5.5500,0,0,5.5500,0,5.5500
1152,1162,20% VAT,20% VAT,20.0000,4.7000,0,0,4.7000,0,4.7000
1153,1163,20% VAT,20% VAT,20.0000,4.4100,0,0,4.4100,0,4.4100
1154,1164,20% VAT,20% VAT,20.0000,4.4100,0,0,4.4100,0,4.4100
1155,1165,20% VAT,20% VAT,20.0000,7.9200,0,0,7.9200,0,7.9200
1156,1166,20% VAT,20% VAT,20.0000,4.4100,0,0,4.4100,0,4.4100
1157,1167,20% VAT,20% VAT,20.0000,11.3400,0,0,11.3400,0,11.3400
1158,1168,20% VAT,20% VAT,20.0000,4.7000,0,0,4.7000,0,4.7000
1159,1169,20% VAT,20% VAT,20.0000,4.7000,0,0,4.7000,0,4.7000
1160,1170,20% VAT,20% VAT,20.0000,9.7200,0,0,9.7200,0,9.7200
1161,1171,20% VAT,20% VAT,20.0000,9.4500,0,0,9.4500,0,9.4500
1162,1172,20% VAT,20% VAT,20.0000,4.7000,0,0,4.7000,0,4.7000
1163,1173,20% VAT,20% VAT,20.0000,4.7000,0,0,4.7000,0,4.7000
1164,1174,20% VAT,20% VAT,20.0000,4.4100,0,0,4.4100,0,4.4100
1165,1175,20% VAT,20% VAT,20.0000,6.1200,0,0,6.1200,0,6.1200
1166,1176,20% VAT,20% VAT,20.0000,10.8300,0,0,10.8300,0,10.8300
1167,1177,20% VAT,20% VAT,20.0000,18.4000,0,0,18.4000,0,18.4000
1168,1178,20% VAT,20% VAT,20.0000,4.4100,0,0,4.4100,0,4.4100
1169,1179,20% VAT,20% VAT,20.0000,4.4100,0,0,4.4100,0,4.4100
1170,1180,20% VAT,20% VAT,20.0000,4.7000,0,0,4.7000,0,4.7000
1171,1181,20% VAT,20% VAT,20.0000,9.4500,0,0,9.4500,0,9.4500
1172,1182,20% VAT,20% VAT,20.0000,6.7800,0,0,6.7800,0,6.7800
1173,1183,20% VAT,20% VAT,20.0000,8.6900,0,0,8.6900,0,8.6900
1174,1184,20% VAT,20% VAT,20.0000,4.7000,0,0,4.7000,0,4.7000
1175,1185,20% VAT,20% VAT,20.0000,9.6100,0,0,9.6100,0,9.6100
1176,1186,20% VAT,20% VAT,20.0000,48.1800,0,0,48.1800,0,48.1800
1177,1187,20% VAT,20% VAT,20.0000,29.2300,0,0,29.2300,0,29.2300
1178,1188,20% VAT,20% VAT,20.0000,5.5500,0,0,5.5500,0,5.5500
1179,1189,20% VAT,20% VAT,20.0000,4.7000,0,0,4.7000,0,4.7000
1180,1190,20% VAT,20% VAT,20.0000,4.7000,0,0,4.7000,0,4.7000
1181,1191,20% VAT,20% VAT,20.0000,4.4100,0,0,4.4100,0,4.4100
1182,1192,20% VAT,20% VAT,20.0000,9.7400,0,0,9.7400,0,9.7400
1183,1193,20% VAT,20% VAT,20.0000,8.9700,0,0,8.9700,0,8.9700
1184,1194,20% VAT,20% VAT,20.0000,2.8600,0,0,2.8600,0,2.8600
1185,1195,20% VAT,20% VAT,20.0000,6.1200,0,0,6.1200,0,6.1200
1186,1196,20% VAT,20% VAT,20.0000,4.7000,0,0,4.7000,0,4.7000
1187,1197,20% VAT,20% VAT,20.0000,4.7000,0,0,4.7000,0,4.7000
1188,1198,20% VAT,20% VAT,20.0000,4.4100,0,0,4.4100,0,4.4100
1189,1199,20% VAT,20% VAT,20.0000,4.7000,0,0,4.7000,0,4.7000
1190,1200,20% VAT,20% VAT,20.0000,39.6300,0,0,39.6300,0,39.6300
1191,1201,20% VAT,20% VAT,20.0000,5.5100,0,0,5.5100,0,5.5100
1192,1202,20% VAT,20% VAT,20.0000,11.3400,0,0,11.3400,0,11.3400
1193,1203,20% VAT,20% VAT,20.0000,4.7000,0,0,4.7000,0,4.7000
1194,1204,20% VAT,20% VAT,20.0000,4.7000,0,0,4.7000,0,4.7000
1195,1205,20% VAT,20% VAT,20.0000,9.4500,0,0,9.4500,0,9.4500
1196,1206,20% VAT,20% VAT,20.0000,9.4500,0,0,9.4500,0,9.4500
1197,1207,20% VAT,20% VAT,20.0000,8.6900,0,0,8.6900,0,8.6900
1198,1208,20% VAT,20% VAT,20.0000,4.7000,0,0,4.7000,0,4.7000
1199,1209,20% VAT,20% VAT,20.0000,4.7000,0,0,4.7000,0,4.7000
1200,1210,20% VAT,20% VAT,20.0000,4.7000,0,0,4.7000,0,4.7000
1201,1211,20% VAT,20% VAT,20.0000,6.4100,0,0,6.4100,0,6.4100
1202,1212,20% VAT,20% VAT,20.0000,4.8200,0,0,4.8200,0,4.8200
1203,1213,20% VAT,20% VAT,20.0000,9.6100,0,0,9.6100,0,9.6100
1204,1214,20% VAT,20% VAT,20.0000,4.8200,0,0,4.8200,0,4.8200
1205,1215,20% VAT,20% VAT,20.0000,6.4100,0,0,6.4100,0,6.4100
1206,1216,20% VAT,20% VAT,20.0000,4.8200,0,0,4.8200,0,4.8200
1207,1217,20% VAT,20% VAT,20.0000,5.1100,0,0,5.1100,0,5.1100
1208,1218,20% VAT,20% VAT,20.0000,4.7000,0,0,4.7000,0,4.7000
1209,1219,20% VAT,20% VAT,20.0000,4.8200,0,0,4.8200,0,4.8200
1210,1220,20% VAT,20% VAT,20.0000,18.2300,0,0,18.2300,0,18.2300
1211,1221,20% VAT,20% VAT,20.0000,4.8200,0,0,4.8200,0,4.8200
1212,1222,20% VAT,20% VAT,20.0000,4.8200,0,0,4.8200,0,4.8200
1213,1223,20% VAT,20% VAT,20.0000,4.8200,0,0,4.8200,0,4.8200
1214,1224,20% VAT,20% VAT,20.0000,4.5300,0,0,4.5300,0,4.5300
1215,1225,20% VAT,20% VAT,20.0000,4.8200,0,0,4.8200,0,4.8200
1216,1226,20% VAT,20% VAT,20.0000,4.8200,0,0,4.8200,0,4.8200
1217,1227,20% VAT,20% VAT,20.0000,4.4400,0,0,4.4400,0,4.4400
1218,1228,20% VAT,20% VAT,20.0000,4.4400,0,0,4.4400,0,4.4400
1219,1229,20% VAT,20% VAT,20.0000,4.1800,0,0,4.1800,0,4.1800
1220,1230,20% VAT,20% VAT,20.0000,4.4400,0,0,4.4400,0,4.4400
1221,1231,20% VAT,20% VAT,20.0000,8.3200,0,0,8.3200,0,8.3200
1222,1232,20% VAT,20% VAT,20.0000,4.4400,0,0,4.4400,0,4.4400
1223,1233,20% VAT,20% VAT,20.0000,9.6100,0,0,9.6100,0,9.6100
1224,1234,20% VAT,20% VAT,20.0000,5.2100,0,0,5.2100,0,5.2100
1225,1235,20% VAT,20% VAT,20.0000,4.4400,0,0,4.4400,0,4.4400
1226,1236,20% VAT,20% VAT,20.0000,8.7500,0,0,8.7500,0,8.7500
1227,1237,20% VAT,20% VAT,20.0000,8.3200,0,0,8.3200,0,8.3200
1228,1238,20% VAT,20% VAT,20.0000,8.4900,0,0,8.4900,0,8.4900
1229,1239,20% VAT,20% VAT,20.0000,4.7000,0,0,4.7000,0,4.7000
1230,1240,20% VAT,20% VAT,20.0000,10.4000,0,0,10.4000,0,10.4000
1231,1241,20% VAT,20% VAT,20.0000,11.1000,0,0,11.1000,0,11.1000
1232,1242,20% VAT,20% VAT,20.0000,27.0100,0,0,27.0100,0,27.0100
1233,1243,20% VAT,20% VAT,20.0000,9.2000,0,0,9.2000,0,9.2000
1234,1244,20% VAT,20% VAT,20.0000,4.7000,0,0,4.7000,0,4.7000
1235,1245,20% VAT,20% VAT,20.0000,4.7000,0,0,4.7000,0,4.7000
1236,1246,20% VAT,20% VAT,20.0000,4.7000,0,0,4.7000,0,4.7000
1237,1247,20% VAT,20% VAT,20.0000,6.1200,0,0,6.1200,0,6.1200
1238,1248,20% VAT,20% VAT,20.0000,8.3200,0,0,8.3200,0,8.3200
1239,1249,20% VAT,20% VAT,20.0000,4.4400,0,0,4.4400,0,4.4400
1240,1250,20% VAT,20% VAT,20.0000,5.7300,0,0,5.7300,0,5.7300
1241,1251,20% VAT,20% VAT,20.0000,4.4400,0,0,4.4400,0,4.4400
1242,1252,20% VAT,20% VAT,20.0000,5.2100,0,0,5.2100,0,5.2100
1243,1253,20% VAT,20% VAT,20.0000,8.0600,0,0,8.0600,0,8.0600
1244,1254,20% VAT,20% VAT,20.0000,4.4400,0,0,4.4400,0,4.4400
1245,1255,20% VAT,20% VAT,20.0000,9.6100,0,0,9.6100,0,9.6100
1246,1256,20% VAT,20% VAT,20.0000,8.0600,0,0,8.0600,0,8.0600
1247,1257,20% VAT,20% VAT,20.0000,4.7000,0,0,4.7000,0,4.7000
1248,1258,20% VAT,20% VAT,20.0000,8.0600,0,0,8.0600,0,8.0600
1249,1259,20% VAT,20% VAT,20.0000,4.4400,0,0,4.4400,0,4.4400
1250,1260,20% VAT,20% VAT,20.0000,4.4400,0,0,4.4400,0,4.4400
1251,1261,20% VAT,20% VAT,20.0000,4.4400,0,0,4.4400,0,4.4400
1252,1262,20% VAT,20% VAT,20.0000,4.4400,0,0,4.4400,0,4.4400
1253,1263,20% VAT,20% VAT,20.0000,4.4400,0,0,4.4400,0,4.4400
1254,1264,20% VAT,20% VAT,20.0000,4.4400,0,0,4.4400,0,4.4400
1255,1265,20% VAT,20% VAT,20.0000,8.3200,0,0,8.3200,0,8.3200
1256,1266,20% VAT,20% VAT,20.0000,4.4400,0,0,4.4400,0,4.4400
1257,1267,20% VAT,20% VAT,20.0000,9.6100,0,0,9.6100,0,9.6100
1258,1268,20% VAT,20% VAT,20.0000,5.2100,0,0,5.2100,0,5.2100
1259,1269,20% VAT,20% VAT,20.0000,9.6100,0,0,9.6100,0,9.6100
1260,1270,20% VAT,20% VAT,20.0000,4.4400,0,0,4.4400,0,4.4400
1261,1271,20% VAT,20% VAT,20.0000,53.0600,0,0,53.0600,0,53.0600
1262,1272,20% VAT,20% VAT,20.0000,9.2000,0,0,9.2000,0,9.2000
1263,1273,20% VAT,20% VAT,20.0000,9.0600,0,0,9.0600,0,9.0600
1264,1274,20% VAT,20% VAT,20.0000,4.7000,0,0,4.7000,0,4.7000
1265,1275,20% VAT,20% VAT,20.0000,8.7500,0,0,8.7500,0,8.7500
1266,1276,20% VAT,20% VAT,20.0000,8.3200,0,0,8.3200,0,8.3200
1267,1277,20% VAT,20% VAT,20.0000,4.4400,0,0,4.4400,0,4.4400
1268,1278,20% VAT,20% VAT,20.0000,8.0600,0,0,8.0600,0,8.0600
1269,1279,20% VAT,20% VAT,20.0000,4.4400,0,0,4.4400,0,4.4400
1270,1280,20% VAT,20% VAT,20.0000,5.7300,0,0,5.7300,0,5.7300
1271,1281,20% VAT,20% VAT,20.0000,25.8200,0,0,25.8200,0,25.8200
1272,1282,20% VAT,20% VAT,20.0000,8.3200,0,0,8.3200,0,8.3200
1273,1283,20% VAT,20% VAT,20.0000,17.7200,0,0,17.7200,0,17.7200
1274,1284,20% VAT,20% VAT,20.0000,9.6100,0,0,9.6100,0,9.6100
1275,1285,20% VAT,20% VAT,20.0000,4.1800,0,0,4.1800,0,4.1800
1276,1286,20% VAT,20% VAT,20.0000,8.7500,0,0,8.7500,0,8.7500
1277,1287,20% VAT,20% VAT,20.0000,9.6100,0,0,9.6100,0,9.6100
1278,1288,20% VAT,20% VAT,20.0000,4.3300,0,0,4.3300,0,4.3300
1279,1289,20% VAT,20% VAT,20.0000,8.0600,0,0,8.0600,0,8.0600
1280,1290,20% VAT,20% VAT,20.0000,8.0600,0,0,8.0600,0,8.0600
1281,1291,20% VAT,20% VAT,20.0000,4.9800,0,0,4.9800,0,4.9800
1282,1292,20% VAT,20% VAT,20.0000,4.7000,0,0,4.7000,0,4.7000
1283,1293,20% VAT,20% VAT,20.0000,8.6900,0,0,8.6900,0,8.6900
1284,1294,20% VAT,20% VAT,20.0000,8.0600,0,0,8.0600,0,8.0600
1285,1295,20% VAT,20% VAT,20.0000,10.0000,0,0,10.0000,0,10.0000
1286,1296,20% VAT,20% VAT,20.0000,4.4400,0,0,4.4400,0,4.4400
1287,1297,20% VAT,20% VAT,20.0000,4.4400,0,0,4.4400,0,4.4400
1288,1298,20% VAT,20% VAT,20.0000,4.7000,0,0,4.7000,0,4.7000
1289,1299,20% VAT,20% VAT,20.0000,4.4400,0,0,4.4400,0,4.4400
1290,1300,20% VAT,20% VAT,20.0000,23.6600,0,0,23.6600,0,23.6600
1291,1301,20% VAT,20% VAT,20.0000,9.1000,0,0,9.1000,0,9.1000
1292,1302,20% VAT,20% VAT,20.0000,4.4400,0,0,4.4400,0,4.4400
1293,1303,20% VAT,20% VAT,20.0000,8.0600,0,0,8.0600,0,8.0600
1294,1304,20% VAT,20% VAT,20.0000,9.7400,0,0,9.7400,0,9.7400
1295,1305,20% VAT,20% VAT,20.0000,4.7000,0,0,4.7000,0,4.7000
1296,1306,20% VAT,20% VAT,20.0000,6.1200,0,0,6.1200,0,6.1200
1297,1307,20% VAT,20% VAT,20.0000,4.7000,0,0,4.7000,0,4.7000
1298,1308,20% VAT,20% VAT,20.0000,9.1000,0,0,9.1000,0,9.1000
1299,1309,20% VAT,20% VAT,20.0000,16.1600,0,0,16.1600,0,16.1600
1300,1310,20% VAT,20% VAT,20.0000,4.4400,0,0,4.4400,0,4.4400
1301,1311,20% VAT,20% VAT,20.0000,8.7500,0,0,8.7500,0,8.7500
1302,1312,20% VAT,20% VAT,20.0000,9.6100,0,0,9.6100,0,9.6100
1303,1313,20% VAT,20% VAT,20.0000,4.4100,0,0,4.4100,0,4.4100
1304,1314,20% VAT,20% VAT,20.0000,4.7500,0,0,4.7500,0,4.7500
1305,1315,20% VAT,20% VAT,20.0000,4.7000,0,0,4.7000,0,4.7000
1306,1316,20% VAT,20% VAT,20.0000,8.6900,0,0,8.6900,0,8.6900
1307,1317,20% VAT,20% VAT,20.0000,9.8300,0,0,9.8300,0,9.8300
1308,1318,20% VAT,20% VAT,20.0000,8.7500,0,0,8.7500,0,8.7500
1309,1319,20% VAT,20% VAT,20.0000,8.0600,0,0,8.0600,0,8.0600
1310,1320,20% VAT,20% VAT,20.0000,5.7300,0,0,5.7300,0,5.7300
1311,1321,20% VAT,20% VAT,20.0000,9.6100,0,0,9.6100,0,9.6100
1312,1322,20% VAT,20% VAT,20.0000,4.7000,0,0,4.7000,0,4.7000
1313,1323,20% VAT,20% VAT,20.0000,8.6900,0,0,8.6900,0,8.6900
1314,1324,20% VAT,20% VAT,20.0000,4.4400,0,0,4.4400,0,4.4400
1315,1325,20% VAT,20% VAT,20.0000,9.1800,0,0,9.1800,0,9.1800
1316,1326,20% VAT,20% VAT,20.0000,8.0600,0,0,8.0600,0,8.0600
1317,1327,20% VAT,20% VAT,20.0000,22.4600,0,0,22.4600,0,22.4600
1318,1328,20% VAT,20% VAT,20.0000,8.3200,0,0,8.3200,0,8.3200
1319,1329,20% VAT,20% VAT,20.0000,9.6100,0,0,9.6100,0,9.6100
1320,1330,20% VAT,20% VAT,20.0000,4.4400,0,0,4.4400,0,4.4400
1321,1331,20% VAT,20% VAT,20.0000,9.1800,0,0,9.1800,0,9.1800
1322,1332,20% VAT,20% VAT,20.0000,8.0600,0,0,8.0600,0,8.0600
1323,1333,20% VAT,20% VAT,20.0000,8.8800,0,0,8.8800,0,8.8800
1324,1334,20% VAT,20% VAT,20.0000,4.7000,0,0,4.7000,0,4.7000
1325,1335,20% VAT,20% VAT,20.0000,8.5800,0,0,8.5800,0,8.5800
1326,1336,20% VAT,20% VAT,20.0000,4.4400,0,0,4.4400,0,4.4400
1327,1337,20% VAT,20% VAT,20.0000,9.1800,0,0,9.1800,0,9.1800
1328,1338,20% VAT,20% VAT,20.0000,5.7300,0,0,5.7300,0,5.7300
1329,1339,20% VAT,20% VAT,20.0000,4.4900,0,0,4.4900,0,4.4900
1330,1340,20% VAT,20% VAT,20.0000,4.4400,0,0,4.4400,0,4.4400
1331,1341,20% VAT,20% VAT,20.0000,4.4400,0,0,4.4400,0,4.4400
1332,1342,20% VAT,20% VAT,20.0000,6.4100,0,0,6.4100,0,6.4100
1333,1343,20% VAT,20% VAT,20.0000,4.7000,0,0,4.7000,0,4.7000
1334,1344,20% VAT,20% VAT,20.0000,4.7000,0,0,4.7000,0,4.7000
1335,1345,20% VAT,20% VAT,20.0000,4.4400,0,0,4.4400,0,4.4400
1336,1346,20% VAT,20% VAT,20.0000,4.6100,0,0,4.6100,0,4.6100
1337,1347,20% VAT,20% VAT,20.0000,4.4400,0,0,4.4400,0,4.4400
1338,1348,20% VAT,20% VAT,20.0000,4.4400,0,0,4.4400,0,4.4400
1339,1349,20% VAT,20% VAT,20.0000,8.0600,0,0,8.0600,0,8.0600
1340,1350,20% VAT,20% VAT,20.0000,4.4400,0,0,4.4400,0,4.4400
1341,1351,20% VAT,20% VAT,20.0000,8.0600,0,0,8.0600,0,8.0600
1342,1352,20% VAT,20% VAT,20.0000,8.3200,0,0,8.3200,0,8.3200
1343,1353,20% VAT,20% VAT,20.0000,17.6300,0,0,17.6300,0,17.6300
1344,1354,20% VAT,20% VAT,20.0000,4.4400,0,0,4.4400,0,4.4400
1345,1355,20% VAT,20% VAT,20.0000,4.4400,0,0,4.4400,0,4.4400
1346,1356,20% VAT,20% VAT,20.0000,4.4400,0,0,4.4400,0,4.4400
1347,1357,20% VAT,20% VAT,20.0000,16.0800,0,0,16.0800,0,16.0800
1348,1358,20% VAT,20% VAT,20.0000,8.3200,0,0,8.3200,0,8.3200
1349,1359,20% VAT,20% VAT,20.0000,4.4400,0,0,4.4400,0,4.4400
1350,1360,20% VAT,20% VAT,20.0000,4.4900,0,0,4.4900,0,4.4900
1351,1361,20% VAT,20% VAT,20.0000,4.4900,0,0,4.4900,0,4.4900
1352,1362,20% VAT,20% VAT,20.0000,9.1000,0,0,9.1000,0,9.1000
1353,1363,20% VAT,20% VAT,20.0000,4.4400,0,0,4.4400,0,4.4400
1354,1364,20% VAT,20% VAT,20.0000,8.7500,0,0,8.7500,0,8.7500
1355,1365,20% VAT,20% VAT,20.0000,9.1800,0,0,9.1800,0,9.1800
1356,1366,20% VAT,20% VAT,20.0000,9.0100,0,0,9.0100,0,9.0100
1357,1367,20% VAT,20% VAT,20.0000,5.7300,0,0,5.7300,0,5.7300
1358,1368,20% VAT,20% VAT,20.0000,4.6100,0,0,4.6100,0,4.6100
1359,1369,20% VAT,20% VAT,20.0000,4.4900,0,0,4.4900,0,4.4900
1360,1370,20% VAT,20% VAT,20.0000,4.4900,0,0,4.4900,0,4.4900
1361,1371,20% VAT,20% VAT,20.0000,7.8800,0,0,7.8800,0,7.8800
1362,1372,20% VAT,20% VAT,20.0000,4.4400,0,0,4.4400,0,4.4400
1363,1373,20% VAT,20% VAT,20.0000,7.8800,0,0,7.8800,0,7.8800
1364,1374,20% VAT,20% VAT,20.0000,16.0800,0,0,16.0800,0,16.0800
1365,1375,20% VAT,20% VAT,20.0000,9.6100,0,0,9.6100,0,9.6100
1366,1376,20% VAT,20% VAT,20.0000,8.0600,0,0,8.0600,0,8.0600
1367,1377,20% VAT,20% VAT,20.0000,8.7500,0,0,8.7500,0,8.7500
1368,1378,20% VAT,20% VAT,20.0000,6.1200,0,0,6.1200,0,6.1200
1369,1379,20% VAT,20% VAT,20.0000,8.7500,0,0,8.7500,0,8.7500
1370,1380,20% VAT,20% VAT,20.0000,9.0100,0,0,9.0100,0,9.0100
1371,1381,20% VAT,20% VAT,20.0000,4.4400,0,0,4.4400,0,4.4400
1372,1382,20% VAT,20% VAT,20.0000,8.3200,0,0,8.3200,0,8.3200
1373,1383,20% VAT,20% VAT,20.0000,5.2100,0,0,5.2100,0,5.2100
1374,1384,20% VAT,20% VAT,20.0000,5.7300,0,0,5.7300,0,5.7300
1375,1385,20% VAT,20% VAT,20.0000,4.4400,0,0,4.4400,0,4.4400
1376,1386,20% VAT,20% VAT,20.0000,4.4400,0,0,4.4400,0,4.4400
1377,1387,20% VAT,20% VAT,20.0000,4.4400,0,0,4.4400,0,4.4400
1378,1388,20% VAT,20% VAT,20.0000,4.4900,0,0,4.4900,0,4.4900
1379,1389,20% VAT,20% VAT,20.0000,8.3200,0,0,8.3200,0,8.3200
1380,1390,20% VAT,20% VAT,20.0000,8.0600,0,0,8.0600,0,8.0600
1381,1391,20% VAT,20% VAT,20.0000,4.7000,0,0,4.7000,0,4.7000
1382,1392,20% VAT,20% VAT,20.0000,4.7000,0,0,4.7000,0,4.7000
1383,1393,20% VAT,20% VAT,20.0000,4.7500,0,0,4.7500,0,4.7500
1384,1394,20% VAT,20% VAT,20.0000,4.4400,0,0,4.4400,0,4.4400
1385,1395,20% VAT,20% VAT,20.0000,8.3200,0,0,8.3200,0,8.3200
1386,1396,20% VAT,20% VAT,20.0000,4.4400,0,0,4.4400,0,4.4400
1387,1397,20% VAT,20% VAT,20.0000,4.4900,0,0,4.4900,0,4.4900
1388,1398,20% VAT,20% VAT,20.0000,9.6100,0,0,9.6100,0,9.6100
1389,1399,20% VAT,20% VAT,20.0000,9.6100,0,0,9.6100,0,9.6100
1390,1400,20% VAT,20% VAT,20.0000,8.0600,0,0,8.0600,0,8.0600
1391,1401,20% VAT,20% VAT,20.0000,4.4400,0,0,4.4400,0,4.4400
1392,1402,20% VAT,20% VAT,20.0000,9.6100,0,0,9.6100,0,9.6100
1393,1403,20% VAT,20% VAT,20.0000,4.8900,0,0,4.8900,0,4.8900
1394,1404,20% VAT,20% VAT,20.0000,4.8900,0,0,4.8900,0,4.8900
1395,1405,20% VAT,20% VAT,20.0000,8.7500,0,0,8.7500,0,8.7500
1396,1406,20% VAT,20% VAT,20.0000,8.3200,0,0,8.3200,0,8.3200
1397,1407,20% VAT,20% VAT,20.0000,4.4400,0,0,4.4400,0,4.4400
1398,1408,20% VAT,20% VAT,20.0000,8.0600,0,0,8.0600,0,8.0600
1399,1409,20% VAT,20% VAT,20.0000,5.2100,0,0,5.2100,0,5.2100
1400,1410,20% VAT,20% VAT,20.0000,5.2100,0,0,5.2100,0,5.2100
1401,1411,20% VAT,20% VAT,20.0000,5.5500,0,0,5.5500,0,5.5500
1402,1412,20% VAT,20% VAT,20.0000,10.8300,0,0,10.8300,0,10.8300
1403,1413,20% VAT,20% VAT,20.0000,8.3200,0,0,8.3200,0,8.3200
1404,1414,20% VAT,20% VAT,20.0000,8.7500,0,0,8.7500,0,8.7500
1405,1415,20% VAT,20% VAT,20.0000,8.7500,0,0,8.7500,0,8.7500
1406,1416,20% VAT,20% VAT,20.0000,8.7500,0,0,8.7500,0,8.7500
1407,1417,20% VAT,20% VAT,20.0000,4.4900,0,0,4.4900,0,4.4900
1408,1418,20% VAT,20% VAT,20.0000,8.0600,0,0,8.0600,0,8.0600
1409,1419,20% VAT,20% VAT,20.0000,4.6100,0,0,4.6100,0,4.6100
1410,1420,20% VAT,20% VAT,20.0000,4.9800,0,0,4.9800,0,4.9800
1411,1421,20% VAT,20% VAT,20.0000,34.0900,0,0,34.0900,0,34.0900
1412,1422,20% VAT,20% VAT,20.0000,32.8600,0,0,32.8600,0,32.8600
1413,1423,20% VAT,20% VAT,20.0000,9.4200,0,0,9.4200,0,9.4200
1414,1424,20% VAT,20% VAT,20.0000,8.3200,0,0,8.3200,0,8.3200
1415,1425,20% VAT,20% VAT,20.0000,12.1100,0,0,12.1100,0,12.1100
1416,1426,20% VAT,20% VAT,20.0000,9.1800,0,0,9.1800,0,9.1800
1417,1427,20% VAT,20% VAT,20.0000,4.7000,0,0,4.7000,0,4.7000
1418,1428,20% VAT,20% VAT,20.0000,8.0600,0,0,8.0600,0,8.0600
1419,1429,20% VAT,20% VAT,20.0000,8.5800,0,0,8.5800,0,8.5800
1420,1430,20% VAT,20% VAT,20.0000,4.4900,0,0,4.4900,0,4.4900
1421,1431,20% VAT,20% VAT,20.0000,4.4400,0,0,4.4400,0,4.4400
1422,1432,20% VAT,20% VAT,20.0000,4.4400,0,0,4.4400,0,4.4400
1423,1433,20% VAT,20% VAT,20.0000,5.2100,0,0,5.2100,0,5.2100
1424,1434,20% VAT,20% VAT,20.0000,4.4400,0,0,4.4400,0,4.4400
1425,1435,20% VAT,20% VAT,20.0000,9.6100,0,0,9.6100,0,9.6100
1426,1436,20% VAT,20% VAT,20.0000,4.6100,0,0,4.6100,0,4.6100
1427,1437,20% VAT,20% VAT,20.0000,4.4400,0,0,4.4400,0,4.4400
1428,1438,20% VAT,20% VAT,20.0000,4.4400,0,0,4.4400,0,4.4400
1429,1439,20% VAT,20% VAT,20.0000,8.7500,0,0,8.7500,0,8.7500
1430,1440,20% VAT,20% VAT,20.0000,4.4400,0,0,4.4400,0,4.4400
1431,1441,20% VAT,20% VAT,20.0000,9.1800,0,0,9.1800,0,9.1800
1432,1442,20% VAT,20% VAT,20.0000,4.8900,0,0,4.8900,0,4.8900
1433,1443,20% VAT,20% VAT,20.0000,4.7000,0,0,4.7000,0,4.7000
1434,1444,20% VAT,20% VAT,20.0000,4.8900,0,0,4.8900,0,4.8900
1435,1445,20% VAT,20% VAT,20.0000,6.1200,0,0,6.1200,0,6.1200
1436,1446,20% VAT,20% VAT,20.0000,9.7300,0,0,9.7300,0,9.7300
1437,1447,20% VAT,20% VAT,20.0000,4.9800,0,0,4.9800,0,4.9800
1438,1448,20% VAT,20% VAT,20.0000,8.9700,0,0,8.9700,0,8.9700
1439,1449,20% VAT,20% VAT,20.0000,4.7000,0,0,4.7000,0,4.7000
1440,1450,20% VAT,20% VAT,20.0000,23.2100,0,0,23.2100,0,23.2100
1441,1451,20% VAT,20% VAT,20.0000,4.4900,0,0,4.4900,0,4.4900
1442,1452,20% VAT,20% VAT,20.0000,9.0100,0,0,9.0100,0,9.0100
1443,1453,20% VAT,20% VAT,20.0000,9.1800,0,0,9.1800,0,9.1800
1444,1454,20% VAT,20% VAT,20.0000,8.3200,0,0,8.3200,0,8.3200
1445,1455,20% VAT,20% VAT,20.0000,5.7300,0,0,5.7300,0,5.7300
1446,1456,20% VAT,20% VAT,20.0000,8.3200,0,0,8.3200,0,8.3200
1447,1457,20% VAT,20% VAT,20.0000,4.4400,0,0,4.4400,0,4.4400
1448,1458,20% VAT,20% VAT,20.0000,6.1200,0,0,6.1200,0,6.1200
1449,1459,20% VAT,20% VAT,20.0000,4.8900,0,0,4.8900,0,4.8900
1450,1460,20% VAT,20% VAT,20.0000,4.7500,0,0,4.7500,0,4.7500
1451,1461,20% VAT,20% VAT,20.0000,4.7000,0,0,4.7000,0,4.7000
1452,1462,20% VAT,20% VAT,20.0000,4.4400,0,0,4.4400,0,4.4400
1453,1463,20% VAT,20% VAT,20.0000,4.4400,0,0,4.4400,0,4.4400
1454,1464,20% VAT,20% VAT,20.0000,4.4400,0,0,4.4400,0,4.4400
1455,1465,20% VAT,20% VAT,20.0000,5.9900,0,0,5.9900,0,5.9900
1456,1466,20% VAT,20% VAT,20.0000,5.7300,0,0,5.7300,0,5.7300
1457,1467,20% VAT,20% VAT,20.0000,16.5100,0,0,16.5100,0,16.5100
1458,1468,20% VAT,20% VAT,20.0000,4.4400,0,0,4.4400,0,4.4400
1459,1469,20% VAT,20% VAT,20.0000,12.5000,0,0,12.5000,0,12.5000
1460,1470,20% VAT,20% VAT,20.0000,4.4900,0,0,4.4900,0,4.4900
1461,1471,20% VAT,20% VAT,20.0000,4.7000,0,0,4.7000,0,4.7000
1462,1472,20% VAT,20% VAT,20.0000,4.6100,0,0,4.6100,0,4.6100
1463,1473,20% VAT,20% VAT,20.0000,4.8900,0,0,4.8900,0,4.8900
1464,1474,20% VAT,20% VAT,20.0000,4.7500,0,0,4.7500,0,4.7500
1465,1475,20% VAT,20% VAT,20.0000,8.3200,0,0,8.3200,0,8.3200
1466,1476,20% VAT,20% VAT,20.0000,8.3200,0,0,8.3200,0,8.3200
1467,1477,20% VAT,20% VAT,20.0000,4.4400,0,0,4.4400,0,4.4400
1468,1478,20% VAT,20% VAT,20.0000,4.7000,0,0,4.7000,0,4.7000
1469,1479,20% VAT,20% VAT,20.0000,10.0900,0,0,10.0900,0,10.0900
1470,1480,20% VAT,20% VAT,20.0000,11.5500,0,0,11.5500,0,11.5500
1471,1481,20% VAT,20% VAT,20.0000,4.7000,0,0,4.7000,0,4.7000
1472,1482,20% VAT,20% VAT,20.0000,9.0600,0,0,9.0600,0,9.0600
1473,1483,20% VAT,20% VAT,20.0000,4.8900,0,0,4.8900,0,4.8900
1474,1484,20% VAT,20% VAT,20.0000,5.7300,0,0,5.7300,0,5.7300
1475,1485,20% VAT,20% VAT,20.0000,4.4400,0,0,4.4400,0,4.4400
1476,1486,20% VAT,20% VAT,20.0000,4.7000,0,0,4.7000,0,4.7000
1477,1487,20% VAT,20% VAT,20.0000,4.7000,0,0,4.7000,0,4.7000
1478,1488,20% VAT,20% VAT,20.0000,4.4900,0,0,4.4900,0,4.4900
1479,1489,20% VAT,20% VAT,20.0000,4.7000,0,0,4.7000,0,4.7000
1480,1490,20% VAT,20% VAT,20.0000,8.3200,0,0,8.3200,0,8.3200
1481,1491,20% VAT,20% VAT,20.0000,8.3200,0,0,8.3200,0,8.3200
1482,1492,20% VAT,20% VAT,20.0000,8.4900,0,0,8.4900,0,8.4900
1483,1493,20% VAT,20% VAT,20.0000,4.7000,0,0,4.7000,0,4.7000
1484,1494,20% VAT,20% VAT,20.0000,8.7500,0,0,8.7500,0,8.7500
1485,1495,20% VAT,20% VAT,20.0000,8.7500,0,0,8.7500,0,8.7500
1486,1496,20% VAT,20% VAT,20.0000,4.4400,0,0,4.4400,0,4.4400
1487,1497,20% VAT,20% VAT,20.0000,4.4900,0,0,4.4900,0,4.4900
1488,1498,20% VAT,20% VAT,20.0000,5.2100,0,0,5.2100,0,5.2100
1489,1499,20% VAT,20% VAT,20.0000,4.4400,0,0,4.4400,0,4.4400
1490,1500,20% VAT,20% VAT,20.0000,5.2100,0,0,5.2100,0,5.2100
1491,1501,20% VAT,20% VAT,20.0000,8.4900,0,0,8.4900,0,8.4900
1492,1502,20% VAT,20% VAT,20.0000,5.2100,0,0,5.2100,0,5.2100
1493,1503,20% VAT,20% VAT,20.0000,9.0100,0,0,9.0100,0,9.0100
1494,1504,20% VAT,20% VAT,20.0000,5.2100,0,0,5.2100,0,5.2100
1495,1505,20% VAT,20% VAT,20.0000,9.6100,0,0,9.6100,0,9.6100
1496,1506,20% VAT,20% VAT,20.0000,10.7300,0,0,10.7300,0,10.7300
1497,1507,20% VAT,20% VAT,20.0000,4.4900,0,0,4.4900,0,4.4900
1498,1508,20% VAT,20% VAT,20.0000,9.4500,0,0,9.4500,0,9.4500
1499,1509,20% VAT,20% VAT,20.0000,4.9800,0,0,4.9800,0,4.9800
1500,1510,20% VAT,20% VAT,20.0000,13.2400,0,0,13.2400,0,13.2400
1501,1511,20% VAT,20% VAT,20.0000,4.7500,0,0,4.7500,0,4.7500
1502,1512,20% VAT,20% VAT,20.0000,8.6000,0,0,8.6000,0,8.6000
1503,1513,20% VAT,20% VAT,20.0000,9.4500,0,0,9.4500,0,9.4500
1504,1514,20% VAT,20% VAT,20.0000,4.4400,0,0,4.4400,0,4.4400
1505,1515,20% VAT,20% VAT,20.0000,4.4900,0,0,4.4900,0,4.4900
1506,1516,20% VAT,20% VAT,20.0000,5.2100,0,0,5.2100,0,5.2100
1507,1517,20% VAT,20% VAT,20.0000,4.4400,0,0,4.4400,0,4.4400
1508,1518,20% VAT,20% VAT,20.0000,4.6100,0,0,4.6100,0,4.6100
1509,1519,20% VAT,20% VAT,20.0000,9.0100,0,0,9.0100,0,9.0100
1510,1520,20% VAT,20% VAT,20.0000,4.4900,0,0,4.4900,0,4.4900
1511,1521,20% VAT,20% VAT,20.0000,17.2000,0,0,17.2000,0,17.2000
1512,1522,20% VAT,20% VAT,20.0000,18.8400,0,0,18.8400,0,18.8400
1513,1523,20% VAT,20% VAT,20.0000,6.1200,0,0,6.1200,0,6.1200
1514,1524,20% VAT,20% VAT,20.0000,8.0600,0,0,8.0600,0,8.0600
1515,1525,20% VAT,20% VAT,20.0000,8.0600,0,0,8.0600,0,8.0600
1516,1526,20% VAT,20% VAT,20.0000,9.6100,0,0,9.6100,0,9.6100
1517,1527,20% VAT,20% VAT,20.0000,8.0600,0,0,8.0600,0,8.0600
1518,1528,20% VAT,20% VAT,20.0000,9.0100,0,0,9.0100,0,9.0100
1519,1529,20% VAT,20% VAT,20.0000,4.4900,0,0,4.4900,0,4.4900
1520,1530,20% VAT,20% VAT,20.0000,8.0600,0,0,8.0600,0,8.0600
1521,1531,20% VAT,20% VAT,20.0000,5.7300,0,0,5.7300,0,5.7300
1522,1532,20% VAT,20% VAT,20.0000,10.8300,0,0,10.8300,0,10.8300
1523,1533,20% VAT,20% VAT,20.0000,9.1600,0,0,9.1600,0,9.1600
1524,1534,20% VAT,20% VAT,20.0000,16.5100,0,0,16.5100,0,16.5100
1525,1535,20% VAT,20% VAT,20.0000,9.0100,0,0,9.0100,0,9.0100
1526,1536,20% VAT,20% VAT,20.0000,8.3200,0,0,8.3200,0,8.3200
1527,1537,20% VAT,20% VAT,20.0000,16.4700,0,0,16.4700,0,16.4700
1528,1538,20% VAT,20% VAT,20.0000,6.1200,0,0,6.1200,0,6.1200
1529,1539,20% VAT,20% VAT,20.0000,9.6100,0,0,9.6100,0,9.6100
1530,1540,20% VAT,20% VAT,20.0000,5.7300,0,0,5.7300,0,5.7300
1531,1541,20% VAT,20% VAT,20.0000,8.3200,0,0,8.3200,0,8.3200
1532,1542,20% VAT,20% VAT,20.0000,3.8400,0,0,3.8400,0,3.8400
1533,1543,20% VAT,20% VAT,20.0000,5.9900,0,0,5.9900,0,5.9900
1534,1544,20% VAT,20% VAT,20.0000,4.8200,0,0,4.8200,0,4.8200
1535,1545,20% VAT,20% VAT,20.0000,5.6400,0,0,5.6400,0,5.6400
1536,1546,20% VAT,20% VAT,20.0000,4.4400,0,0,4.4400,0,4.4400
1537,1547,20% VAT,20% VAT,20.0000,5.7300,0,0,5.7300,0,5.7300
1538,1548,20% VAT,20% VAT,20.0000,8.0600,0,0,8.0600,0,8.0600
1539,1549,20% VAT,20% VAT,20.0000,8.4900,0,0,8.4900,0,8.4900
1540,1550,20% VAT,20% VAT,20.0000,7.9300,0,0,7.9300,0,7.9300
1541,1551,20% VAT,20% VAT,20.0000,9.1000,0,0,9.1000,0,9.1000
1542,1552,20% VAT,20% VAT,20.0000,8.3200,0,0,8.3200,0,8.3200
1543,1553,20% VAT,20% VAT,20.0000,8.3200,0,0,8.3200,0,8.3200
1544,1554,20% VAT,20% VAT,20.0000,11.3300,0,0,11.3300,0,11.3300
1545,1555,20% VAT,20% VAT,20.0000,8.8500,0,0,8.8500,0,8.8500
1546,1556,20% VAT,20% VAT,20.0000,4.4400,0,0,4.4400,0,4.4400
1547,1557,20% VAT,20% VAT,20.0000,8.3200,0,0,8.3200,0,8.3200
1548,1558,20% VAT,20% VAT,20.0000,5.6800,0,0,5.6800,0,5.6800
1549,1559,20% VAT,20% VAT,20.0000,8.0600,0,0,8.0600,0,8.0600
1550,1560,20% VAT,20% VAT,20.0000,5.2100,0,0,5.2100,0,5.2100
1551,1561,20% VAT,20% VAT,20.0000,5.7300,0,0,5.7300,0,5.7300
1552,1562,20% VAT,20% VAT,20.0000,2.5200,0,0,2.5200,0,2.5200
1553,1563,20% VAT,20% VAT,20.0000,8.6900,0,0,8.6900,0,8.6900
1554,1564,20% VAT,20% VAT,20.0000,4.8600,0,0,4.8600,0,4.8600
1555,1565,20% VAT,20% VAT,20.0000,4.4400,0,0,4.4400,0,4.4400
1556,1566,20% VAT,20% VAT,20.0000,8.7500,0,0,8.7500,0,8.7500
1557,1567,20% VAT,20% VAT,20.0000,12.1100,0,0,12.1100,0,12.1100
1558,1568,20% VAT,20% VAT,20.0000,4.7500,0,0,4.7500,0,4.7500
1559,1569,20% VAT,20% VAT,20.0000,4.9800,0,0,4.9800,0,4.9800
1560,1570,20% VAT,20% VAT,20.0000,6.4100,0,0,6.4100,0,6.4100
1561,1571,20% VAT,20% VAT,20.0000,4.7500,0,0,4.7500,0,4.7500
1562,1572,20% VAT,20% VAT,20.0000,9.4500,0,0,9.4500,0,9.4500
1563,1573,20% VAT,20% VAT,20.0000,4.8900,0,0,4.8900,0,4.8900
1564,1574,20% VAT,20% VAT,20.0000,4.4400,0,0,4.4400,0,4.4400
1565,1575,20% VAT,20% VAT,20.0000,8.3200,0,0,8.3200,0,8.3200
1566,1576,20% VAT,20% VAT,20.0000,4.7000,0,0,4.7000,0,4.7000
1567,1577,20% VAT,20% VAT,20.0000,9.6100,0,0,9.6100,0,9.6100
1568,1578,20% VAT,20% VAT,20.0000,7.8800,0,0,7.8800,0,7.8800
1569,1579,20% VAT,20% VAT,20.0000,9.6100,0,0,9.6100,0,9.6100
1570,1580,20% VAT,20% VAT,20.0000,8.3200,0,0,8.3200,0,8.3200
1571,1581,20% VAT,20% VAT,20.0000,9.6100,0,0,9.6100,0,9.6100
1572,1582,20% VAT,20% VAT,20.0000,9.1000,0,0,9.1000,0,9.1000
1573,1583,20% VAT,20% VAT,20.0000,4.4400,0,0,4.4400,0,4.4400
1574,1584,20% VAT,20% VAT,20.0000,7.8800,0,0,7.8800,0,7.8800
1575,1585,20% VAT,20% VAT,20.0000,8.7500,0,0,8.7500,0,8.7500
1576,1586,20% VAT,20% VAT,20.0000,5.2100,0,0,5.2100,0,5.2100
1577,1587,20% VAT,20% VAT,20.0000,4.6100,0,0,4.6100,0,4.6100
1578,1588,20% VAT,20% VAT,20.0000,43.3100,0,0,43.3100,0,43.3100
1579,1589,20% VAT,20% VAT,20.0000,5.3000,0,0,5.3000,0,5.3000
1580,1590,20% VAT,20% VAT,20.0000,4.7000,0,0,4.7000,0,4.7000
1581,1591,20% VAT,20% VAT,20.0000,6.4100,0,0,6.4100,0,6.4100
1582,1592,20% VAT,20% VAT,20.0000,4.7500,0,0,4.7500,0,4.7500
1583,1593,20% VAT,20% VAT,20.0000,4.7500,0,0,4.7500,0,4.7500
1584,1594,20% VAT,20% VAT,20.0000,8.5400,0,0,8.5400,0,8.5400
1585,1595,20% VAT,20% VAT,20.0000,4.4900,0,0,4.4900,0,4.4900
1586,1596,20% VAT,20% VAT,20.0000,8.4900,0,0,8.4900,0,8.4900
1587,1597,20% VAT,20% VAT,20.0000,8.0600,0,0,8.0600,0,8.0600
1588,1598,20% VAT,20% VAT,20.0000,15.3900,0,0,15.3900,0,15.3900
1589,1599,20% VAT,20% VAT,20.0000,5.2100,0,0,5.2100,0,5.2100
1590,1600,20% VAT,20% VAT,20.0000,8.7500,0,0,8.7500,0,8.7500
1591,1601,20% VAT,20% VAT,20.0000,4.4900,0,0,4.4900,0,4.4900
1592,1602,20% VAT,20% VAT,20.0000,8.7500,0,0,8.7500,0,8.7500
1593,1603,20% VAT,20% VAT,20.0000,4.4900,0,0,4.4900,0,4.4900
1594,1604,20% VAT,20% VAT,20.0000,8.0600,0,0,8.0600,0,8.0600
1595,1605,20% VAT,20% VAT,20.0000,8.0600,0,0,8.0600,0,8.0600
1596,1606,20% VAT,20% VAT,20.0000,4.4400,0,0,4.4400,0,4.4400
1597,1607,20% VAT,20% VAT,20.0000,8.7500,0,0,8.7500,0,8.7500
1598,1608,20% VAT,20% VAT,20.0000,4.4400,0,0,4.4400,0,4.4400
1599,1609,20% VAT,20% VAT,20.0000,4.4400,0,0,4.4400,0,4.4400
1600,1610,20% VAT,20% VAT,20.0000,18.2300,0,0,18.2300,0,18.2300
1601,1611,20% VAT,20% VAT,20.0000,4.6100,0,0,4.6100,0,4.6100
1602,1612,20% VAT,20% VAT,20.0000,4.7000,0,0,4.7000,0,4.7000
1603,1613,20% VAT,20% VAT,20.0000,8.7500,0,0,8.7500,0,8.7500
1604,1614,20% VAT,20% VAT,20.0000,4.4400,0,0,4.4400,0,4.4400
1605,1615,20% VAT,20% VAT,20.0000,11.7600,0,0,11.7600,0,11.7600
1606,1616,20% VAT,20% VAT,20.0000,8.7500,0,0,8.7500,0,8.7500
1607,1617,20% VAT,20% VAT,20.0000,4.4400,0,0,4.4400,0,4.4400
1608,1618,20% VAT,20% VAT,20.0000,9.6100,0,0,9.6100,0,9.6100
1609,1619,20% VAT,20% VAT,20.0000,8.0600,0,0,8.0600,0,8.0600
1610,1620,20% VAT,20% VAT,20.0000,4.6100,0,0,4.6100,0,4.6100
1611,1621,20% VAT,20% VAT,20.0000,4.8900,0,0,4.8900,0,4.8900
1612,1622,20% VAT,20% VAT,20.0000,8.7500,0,0,8.7500,0,8.7500
1613,1623,20% VAT,20% VAT,20.0000,5.2100,0,0,5.2100,0,5.2100
1614,1624,20% VAT,20% VAT,20.0000,4.4900,0,0,4.4900,0,4.4900
1615,1625,20% VAT,20% VAT,20.0000,4.4400,0,0,4.4400,0,4.4400
1616,1626,20% VAT,20% VAT,20.0000,9.1800,0,0,9.1800,0,9.1800
1617,1627,20% VAT,20% VAT,20.0000,4.6100,0,0,4.6100,0,4.6100
1618,1628,20% VAT,20% VAT,20.0000,9.7400,0,0,9.7400,0,9.7400
1619,1629,20% VAT,20% VAT,20.0000,6.1200,0,0,6.1200,0,6.1200
1620,1630,20% VAT,20% VAT,20.0000,4.7000,0,0,4.7000,0,4.7000
1621,1631,20% VAT,20% VAT,20.0000,4.4900,0,0,4.4900,0,4.4900
1622,1632,20% VAT,20% VAT,20.0000,8.0600,0,0,8.0600,0,8.0600
1623,1633,20% VAT,20% VAT,20.0000,9.4200,0,0,9.4200,0,9.4200
1624,1634,20% VAT,20% VAT,20.0000,8.3200,0,0,8.3200,0,8.3200
1625,1635,20% VAT,20% VAT,20.0000,3.2400,0,0,3.2400,0,3.2400
1626,1636,20% VAT,20% VAT,20.0000,4.4900,0,0,4.4900,0,4.4900
1627,1637,20% VAT,20% VAT,20.0000,9.6100,0,0,9.6100,0,9.6100
1628,1638,20% VAT,20% VAT,20.0000,4.4400,0,0,4.4400,0,4.4400
1629,1639,20% VAT,20% VAT,20.0000,8.7500,0,0,8.7500,0,8.7500
1630,1640,20% VAT,20% VAT,20.0000,5.2100,0,0,5.2100,0,5.2100
1631,1641,20% VAT,20% VAT,20.0000,4.4400,0,0,4.4400,0,4.4400
1632,1642,20% VAT,20% VAT,20.0000,9.0100,0,0,9.0100,0,9.0100
1633,1643,20% VAT,20% VAT,20.0000,4.7000,0,0,4.7000,0,4.7000
1634,1644,20% VAT,20% VAT,20.0000,10.4000,0,0,10.4000,0,10.4000
1635,1645,20% VAT,20% VAT,20.0000,8.4900,0,0,8.4900,0,8.4900
1636,1646,20% VAT,20% VAT,20.0000,4.6100,0,0,4.6100,0,4.6100
1637,1647,20% VAT,20% VAT,20.0000,4.9800,0,0,4.9800,0,4.9800
1638,1648,20% VAT,20% VAT,20.0000,9.1800,0,0,9.1800,0,9.1800
1639,1649,20% VAT,20% VAT,20.0000,23.1400,0,0,23.1400,0,23.1400
1640,1650,20% VAT,20% VAT,20.0000,4.4400,0,0,4.4400,0,4.4400
1641,1651,20% VAT,20% VAT,20.0000,4.4400,0,0,4.4400,0,4.4400
1642,1652,20% VAT,20% VAT,20.0000,9.6100,0,0,9.6100,0,9.6100
1643,1653,20% VAT,20% VAT,20.0000,4.4900,0,0,4.4900,0,4.4900
1644,1654,20% VAT,20% VAT,20.0000,4.6100,0,0,4.6100,0,4.6100
1645,1655,20% VAT,20% VAT,20.0000,8.7500,0,0,8.7500,0,8.7500
1646,1656,20% VAT,20% VAT,20.0000,11.5500,0,0,11.5500,0,11.5500
1647,1657,20% VAT,20% VAT,20.0000,11.7600,0,0,11.7600,0,11.7600
1648,1658,20% VAT,20% VAT,20.0000,4.7000,0,0,4.7000,0,4.7000
1649,1659,20% VAT,20% VAT,20.0000,4.9800,0,0,4.9800,0,4.9800
1650,1660,20% VAT,20% VAT,20.0000,4.7500,0,0,4.7500,0,4.7500
1651,1661,20% VAT,20% VAT,20.0000,29.2300,0,0,29.2300,0,29.2300
1652,1662,20% VAT,20% VAT,20.0000,22.7100,0,0,22.7100,0,22.7100
1653,1663,20% VAT,20% VAT,20.0000,4.4900,0,0,4.4900,0,4.4900
1654,1664,20% VAT,20% VAT,20.0000,9.6100,0,0,9.6100,0,9.6100
1655,1665,20% VAT,20% VAT,20.0000,9.0100,0,0,9.0100,0,9.0100
1656,1666,20% VAT,20% VAT,20.0000,9.0100,0,0,9.0100,0,9.0100
1657,1667,20% VAT,20% VAT,20.0000,4.7000,0,0,4.7000,0,4.7000
1658,1668,20% VAT,20% VAT,20.0000,4.4400,0,0,4.4400,0,4.4400
1659,1669,20% VAT,20% VAT,20.0000,8.7500,0,0,8.7500,0,8.7500
1660,1670,20% VAT,20% VAT,20.0000,8.7500,0,0,8.7500,0,8.7500
1661,1671,20% VAT,20% VAT,20.0000,7.9800,0,0,7.9800,0,7.9800
1662,1672,20% VAT,20% VAT,20.0000,4.7000,0,0,4.7000,0,4.7000
1663,1673,20% VAT,20% VAT,20.0000,4.4900,0,0,4.4900,0,4.4900
1664,1674,20% VAT,20% VAT,20.0000,8.3200,0,0,8.3200,0,8.3200
1665,1675,20% VAT,20% VAT,20.0000,8.7500,0,0,8.7500,0,8.7500
1666,1676,20% VAT,20% VAT,20.0000,8.3200,0,0,8.3200,0,8.3200
1667,1677,20% VAT,20% VAT,20.0000,8.7500,0,0,8.7500,0,8.7500
1668,1678,20% VAT,20% VAT,20.0000,14.7700,0,0,14.7700,0,14.7700
1669,1679,20% VAT,20% VAT,20.0000,6.1200,0,0,6.1200,0,6.1200
1670,1680,20% VAT,20% VAT,20.0000,4.8900,0,0,4.8900,0,4.8900
1671,1681,20% VAT,20% VAT,20.0000,4.4900,0,0,4.4900,0,4.4900
1672,1682,20% VAT,20% VAT,20.0000,4.4900,0,0,4.4900,0,4.4900
1673,1683,20% VAT,20% VAT,20.0000,5.2100,0,0,5.2100,0,5.2100
1674,1684,20% VAT,20% VAT,20.0000,4.7500,0,0,4.7500,0,4.7500
1675,1685,20% VAT,20% VAT,20.0000,4.7500,0,0,4.7500,0,4.7500
1676,1686,20% VAT,20% VAT,20.0000,8.7500,0,0,8.7500,0,8.7500
1677,1687,20% VAT,20% VAT,20.0000,4.7500,0,0,4.7500,0,4.7500
1678,1688,20% VAT,20% VAT,20.0000,8.6900,0,0,8.6900,0,8.6900
1679,1689,20% VAT,20% VAT,20.0000,4.6100,0,0,4.6100,0,4.6100
1680,1690,20% VAT,20% VAT,20.0000,16.5100,0,0,16.5100,0,16.5100
1681,1691,20% VAT,20% VAT,20.0000,4.7000,0,0,4.7000,0,4.7000
1682,1692,20% VAT,20% VAT,20.0000,10.4000,0,0,10.4000,0,10.4000
1683,1693,20% VAT,20% VAT,20.0000,4.7500,0,0,4.7500,0,4.7500
1684,1694,20% VAT,20% VAT,20.0000,10.4000,0,0,10.4000,0,10.4000
1685,1695,20% VAT,20% VAT,20.0000,6.1200,0,0,6.1200,0,6.1200
1686,1696,20% VAT,20% VAT,20.0000,6.1200,0,0,6.1200,0,6.1200
1687,1697,20% VAT,20% VAT,20.0000,9.6100,0,0,9.6100,0,9.6100
1688,1698,20% VAT,20% VAT,20.0000,4.8900,0,0,4.8900,0,4.8900
1689,1699,20% VAT,20% VAT,20.0000,15.7200,0,0,15.7200,0,15.7200
1690,1700,20% VAT,20% VAT,20.0000,4.8900,0,0,4.8900,0,4.8900
1691,1701,20% VAT,20% VAT,20.0000,8.0600,0,0,8.0600,0,8.0600
1692,1702,20% VAT,20% VAT,20.0000,12.9300,0,0,12.9300,0,12.9300
1693,1703,20% VAT,20% VAT,20.0000,5.2100,0,0,5.2100,0,5.2100
1694,1704,20% VAT,20% VAT,20.0000,4.9800,0,0,4.9800,0,4.9800
1695,1705,20% VAT,20% VAT,20.0000,4.7000,0,0,4.7000,0,4.7000
1696,1706,20% VAT,20% VAT,20.0000,18.0600,0,0,18.0600,0,18.0600
1697,1707,20% VAT,20% VAT,20.0000,8.3200,0,0,8.3200,0,8.3200
1698,1708,20% VAT,20% VAT,20.0000,4.4400,0,0,4.4400,0,4.4400
1699,1709,20% VAT,20% VAT,20.0000,4.4400,0,0,4.4400,0,4.4400
1700,1710,20% VAT,20% VAT,20.0000,4.3300,0,0,4.3300,0,4.3300
1701,1711,20% VAT,20% VAT,20.0000,4.4900,0,0,4.4900,0,4.4900
1702,1712,20% VAT,20% VAT,20.0000,4.6100,0,0,4.6100,0,4.6100
1703,1713,20% VAT,20% VAT,20.0000,9.0100,0,0,9.0100,0,9.0100
1704,1714,20% VAT,20% VAT,20.0000,4.4400,0,0,4.4400,0,4.4400
1705,1715,20% VAT,20% VAT,20.0000,4.4400,0,0,4.4400,0,4.4400
1706,1716,20% VAT,20% VAT,20.0000,5.2100,0,0,5.2100,0,5.2100
1707,1717,20% VAT,20% VAT,20.0000,8.3200,0,0,8.3200,0,8.3200
1708,1718,20% VAT,20% VAT,20.0000,4.4900,0,0,4.4900,0,4.4900
1709,1719,20% VAT,20% VAT,20.0000,6.4800,0,0,6.4800,0,6.4800
1710,1720,20% VAT,20% VAT,20.0000,9.6100,0,0,9.6100,0,9.6100
1711,1721,20% VAT,20% VAT,20.0000,13.3400,0,0,13.3400,0,13.3400
1712,1722,20% VAT,20% VAT,20.0000,3.2400,0,0,3.2400,0,3.2400
1713,1723,20% VAT,20% VAT,20.0000,4.8200,0,0,4.8200,0,4.8200
1714,1724,20% VAT,20% VAT,20.0000,9.1300,0,0,9.1300,0,9.1300
1715,1725,20% VAT,20% VAT,20.0000,8.8500,0,0,8.8500,0,8.8500
1716,1726,20% VAT,20% VAT,20.0000,4.8700,0,0,4.8700,0,4.8700
1717,1727,20% VAT,20% VAT,20.0000,6.2600,0,0,6.2600,0,6.2600
1718,1728,20% VAT,20% VAT,20.0000,9.7400,0,0,9.7400,0,9.7400
1719,1729,20% VAT,20% VAT,20.0000,6.2600,0,0,6.2600,0,6.2600
1720,1730,20% VAT,20% VAT,20.0000,4.8200,0,0,4.8200,0,4.8200
1721,1731,20% VAT,20% VAT,20.0000,4.8200,0,0,4.8200,0,4.8200
1722,1732,20% VAT,20% VAT,20.0000,13.7300,0,0,13.7300,0,13.7300
1723,1733,20% VAT,20% VAT,20.0000,4.8200,0,0,4.8200,0,4.8200
1724,1734,20% VAT,20% VAT,20.0000,10.5700,0,0,10.5700,0,10.5700
1725,1735,20% VAT,20% VAT,20.0000,10.5700,0,0,10.5700,0,10.5700
1726,1736,20% VAT,20% VAT,20.0000,9.1300,0,0,9.1300,0,9.1300
1727,1737,20% VAT,20% VAT,20.0000,4.7000,0,0,4.7000,0,4.7000
1728,1738,20% VAT,20% VAT,20.0000,4.8900,0,0,4.8900,0,4.8900
1729,1739,20% VAT,20% VAT,20.0000,8.6600,0,0,8.6600,0,8.6600
1730,1740,20% VAT,20% VAT,20.0000,4.8900,0,0,4.8900,0,4.8900
1731,1741,20% VAT,20% VAT,20.0000,4.7500,0,0,4.7500,0,4.7500
1732,1742,20% VAT,20% VAT,20.0000,5.5500,0,0,5.5500,0,5.5500
1733,1743,20% VAT,20% VAT,20.0000,4.7500,0,0,4.7500,0,4.7500
1734,1744,20% VAT,20% VAT,20.0000,4.8700,0,0,4.8700,0,4.8700
1735,1745,20% VAT,20% VAT,20.0000,9.6100,0,0,9.6100,0,9.6100
1736,1746,20% VAT,20% VAT,20.0000,11.3400,0,0,11.3400,0,11.3400
1737,1747,20% VAT,20% VAT,20.0000,4.8700,0,0,4.8700,0,4.8700
1738,1748,20% VAT,20% VAT,20.0000,5.0100,0,0,5.0100,0,5.0100
1739,1749,20% VAT,20% VAT,20.0000,9.9200,0,0,9.9200,0,9.9200
1740,1750,20% VAT,20% VAT,20.0000,4.7000,0,0,4.7000,0,4.7000
1741,1751,20% VAT,20% VAT,20.0000,4.7000,0,0,4.7000,0,4.7000
1742,1752,20% VAT,20% VAT,20.0000,10.0000,0,0,10.0000,0,10.0000
1743,1753,20% VAT,20% VAT,20.0000,9.1300,0,0,9.1300,0,9.1300
1744,1754,20% VAT,20% VAT,20.0000,9.1300,0,0,9.1300,0,9.1300
1745,1755,20% VAT,20% VAT,20.0000,18.2300,0,0,18.2300,0,18.2300
1746,1756,20% VAT,20% VAT,20.0000,10.0900,0,0,10.0900,0,10.0900
1747,1757,20% VAT,20% VAT,20.0000,9.6100,0,0,9.6100,0,9.6100
1748,1758,20% VAT,20% VAT,20.0000,14.4500,0,0,14.4500,0,14.4500
1749,1759,20% VAT,20% VAT,20.0000,4.8700,0,0,4.8700,0,4.8700
1750,1760,20% VAT,20% VAT,20.0000,6.5500,0,0,6.5500,0,6.5500
1751,1761,20% VAT,20% VAT,20.0000,5.1100,0,0,5.1100,0,5.1100
1752,1762,20% VAT,20% VAT,20.0000,4.9800,0,0,4.9800,0,4.9800
1753,1763,20% VAT,20% VAT,20.0000,4.7500,0,0,4.7500,0,4.7500
1754,1764,20% VAT,20% VAT,20.0000,5.5500,0,0,5.5500,0,5.5500
1755,1765,20% VAT,20% VAT,20.0000,4.7000,0,0,4.7000,0,4.7000
1756,1766,20% VAT,20% VAT,20.0000,4.7500,0,0,4.7500,0,4.7500
1757,1767,20% VAT,20% VAT,20.0000,4.8900,0,0,4.8900,0,4.8900
1758,1768,20% VAT,20% VAT,20.0000,8.9700,0,0,8.9700,0,8.9700
1759,1769,20% VAT,20% VAT,20.0000,4.8200,0,0,4.8200,0,4.8200
1760,1770,20% VAT,20% VAT,20.0000,8.6500,0,0,8.6500,0,8.6500
1761,1771,20% VAT,20% VAT,20.0000,6.2600,0,0,6.2600,0,6.2600
1762,1772,20% VAT,20% VAT,20.0000,10.4000,0,0,10.4000,0,10.4000
1763,1773,20% VAT,20% VAT,20.0000,4.7500,0,0,4.7500,0,4.7500
1764,1774,20% VAT,20% VAT,20.0000,9.6100,0,0,9.6100,0,9.6100
1765,1775,20% VAT,20% VAT,20.0000,9.1300,0,0,9.1300,0,9.1300
1766,1776,20% VAT,20% VAT,20.0000,9.6100,0,0,9.6100,0,9.6100
1767,1777,20% VAT,20% VAT,20.0000,9.1300,0,0,9.1300,0,9.1300
1768,1778,20% VAT,20% VAT,20.0000,9.9000,0,0,9.9000,0,9.9000
1769,1779,20% VAT,20% VAT,20.0000,4.8700,0,0,4.8700,0,4.8700
1770,1780,20% VAT,20% VAT,20.0000,18.2300,0,0,18.2300,0,18.2300
1771,1781,20% VAT,20% VAT,20.0000,5.6800,0,0,5.6800,0,5.6800
1772,1782,20% VAT,20% VAT,20.0000,5.6800,0,0,5.6800,0,5.6800
1773,1783,20% VAT,20% VAT,20.0000,10.0900,0,0,10.0900,0,10.0900
1774,1784,20% VAT,20% VAT,20.0000,5.1100,0,0,5.1100,0,5.1100
1775,1785,20% VAT,20% VAT,20.0000,9.9000,0,0,9.9000,0,9.9000
1776,1786,20% VAT,20% VAT,20.0000,4.8200,0,0,4.8200,0,4.8200
1777,1787,20% VAT,20% VAT,20.0000,4.8200,0,0,4.8200,0,4.8200
1778,1788,20% VAT,20% VAT,20.0000,9.6100,0,0,9.6100,0,9.6100
1779,1789,20% VAT,20% VAT,20.0000,9.4500,0,0,9.4500,0,9.4500
1780,1790,20% VAT,20% VAT,20.0000,4.7500,0,0,4.7500,0,4.7500
1781,1791,20% VAT,20% VAT,20.0000,9.6100,0,0,9.6100,0,9.6100
1782,1792,20% VAT,20% VAT,20.0000,9.6100,0,0,9.6100,0,9.6100
1783,1793,20% VAT,20% VAT,20.0000,4.9800,0,0,4.9800,0,4.9800
1784,1794,20% VAT,20% VAT,20.0000,6.1200,0,0,6.1200,0,6.1200
1785,1795,20% VAT,20% VAT,20.0000,4.7000,0,0,4.7000,0,4.7000
1786,1796,20% VAT,20% VAT,20.0000,8.9700,0,0,8.9700,0,8.9700
1787,1797,20% VAT,20% VAT,20.0000,4.8700,0,0,4.8700,0,4.8700
1788,1798,20% VAT,20% VAT,20.0000,10.0900,0,0,10.0900,0,10.0900
1789,1799,20% VAT,20% VAT,20.0000,4.7500,0,0,4.7500,0,4.7500
1790,1800,20% VAT,20% VAT,20.0000,4.8900,0,0,4.8900,0,4.8900
1791,1801,20% VAT,20% VAT,20.0000,4.7000,0,0,4.7000,0,4.7000
1792,1802,20% VAT,20% VAT,20.0000,9.9000,0,0,9.9000,0,9.9000
1793,1803,20% VAT,20% VAT,20.0000,10.5700,0,0,10.5700,0,10.5700
1794,1804,20% VAT,20% VAT,20.0000,9.9000,0,0,9.9000,0,9.9000
1795,1805,20% VAT,20% VAT,20.0000,5.0100,0,0,5.0100,0,5.0100
1796,1806,20% VAT,20% VAT,20.0000,9.9000,0,0,9.9000,0,9.9000
1797,1807,20% VAT,20% VAT,20.0000,6.1200,0,0,6.1200,0,6.1200
1798,1808,20% VAT,20% VAT,20.0000,4.7500,0,0,4.7500,0,4.7500
1799,1809,20% VAT,20% VAT,20.0000,4.7000,0,0,4.7000,0,4.7000
1800,1810,20% VAT,20% VAT,20.0000,17.5200,0,0,17.5200,0,17.5200
1801,1811,20% VAT,20% VAT,20.0000,9.9000,0,0,9.9000,0,9.9000
1802,1812,20% VAT,20% VAT,20.0000,4.8200,0,0,4.8200,0,4.8200
1803,1813,20% VAT,20% VAT,20.0000,4.8200,0,0,4.8200,0,4.8200
1804,1814,20% VAT,20% VAT,20.0000,18.5200,0,0,18.5200,0,18.5200
1805,1815,20% VAT,20% VAT,20.0000,18.2300,0,0,18.2300,0,18.2300
1806,1816,20% VAT,20% VAT,20.0000,9.1300,0,0,9.1300,0,9.1300
1807,1817,20% VAT,20% VAT,20.0000,6.2600,0,0,6.2600,0,6.2600
1808,1818,20% VAT,20% VAT,20.0000,10.5700,0,0,10.5700,0,10.5700
1809,1819,20% VAT,20% VAT,20.0000,5.0100,0,0,5.0100,0,5.0100
1810,1820,20% VAT,20% VAT,20.0000,4.7500,0,0,4.7500,0,4.7500
1811,1821,20% VAT,20% VAT,20.0000,6.1200,0,0,6.1200,0,6.1200
1812,1822,20% VAT,20% VAT,20.0000,9.7300,0,0,9.7300,0,9.7300
1813,1823,20% VAT,20% VAT,20.0000,8.6000,0,0,8.6000,0,8.6000
1814,1824,20% VAT,20% VAT,20.0000,6.2600,0,0,6.2600,0,6.2600
1815,1825,20% VAT,20% VAT,20.0000,5.0100,0,0,5.0100,0,5.0100
1816,1826,20% VAT,20% VAT,20.0000,5.0100,0,0,5.0100,0,5.0100
1817,1827,20% VAT,20% VAT,20.0000,9.6100,0,0,9.6100,0,9.6100
1818,1828,20% VAT,20% VAT,20.0000,9.9000,0,0,9.9000,0,9.9000
1819,1829,20% VAT,20% VAT,20.0000,9.4500,0,0,9.4500,0,9.4500
1820,1830,20% VAT,20% VAT,20.0000,4.9800,0,0,4.9800,0,4.9800
1821,1831,20% VAT,20% VAT,20.0000,4.9800,0,0,4.9800,0,4.9800
1822,1832,20% VAT,20% VAT,20.0000,4.7500,0,0,4.7500,0,4.7500
1823,1833,20% VAT,20% VAT,20.0000,4.8900,0,0,4.8900,0,4.8900
1824,1834,20% VAT,20% VAT,20.0000,10.5700,0,0,10.5700,0,10.5700
1825,1835,20% VAT,20% VAT,20.0000,4.9800,0,0,4.9800,0,4.9800
1826,1836,20% VAT,20% VAT,20.0000,4.8900,0,0,4.8900,0,4.8900
1827,1837,20% VAT,20% VAT,20.0000,8.8500,0,0,8.8500,0,8.8500
1828,1838,20% VAT,20% VAT,20.0000,4.7000,0,0,4.7000,0,4.7000
1829,1839,20% VAT,20% VAT,20.0000,4.8700,0,0,4.8700,0,4.8700
1830,1840,20% VAT,20% VAT,20.0000,9.1300,0,0,9.1300,0,9.1300
1831,1841,20% VAT,20% VAT,20.0000,4.8700,0,0,4.8700,0,4.8700
1832,1842,20% VAT,20% VAT,20.0000,5.0100,0,0,5.0100,0,5.0100
1833,1843,20% VAT,20% VAT,20.0000,5.0100,0,0,5.0100,0,5.0100
1834,1844,20% VAT,20% VAT,20.0000,8.6500,0,0,8.6500,0,8.6500
1835,1845,20% VAT,20% VAT,20.0000,6.5500,0,0,6.5500,0,6.5500
1836,1846,20% VAT,20% VAT,20.0000,9.6100,0,0,9.6100,0,9.6100
1837,1847,20% VAT,20% VAT,20.0000,9.4500,0,0,9.4500,0,9.4500
1838,1848,20% VAT,20% VAT,20.0000,4.8900,0,0,4.8900,0,4.8900
1839,1849,20% VAT,20% VAT,20.0000,9.3200,0,0,9.3200,0,9.3200
1840,1850,20% VAT,20% VAT,20.0000,10.5700,0,0,10.5700,0,10.5700
1841,1851,20% VAT,20% VAT,20.0000,4.8900,0,0,4.8900,0,4.8900
1842,1852,20% VAT,20% VAT,20.0000,2.0900,0,0,2.0900,0,2.0900
1843,1853,20% VAT,20% VAT,20.0000,4.8900,0,0,4.8900,0,4.8900
1844,1854,20% VAT,20% VAT,20.0000,10.5700,0,0,10.5700,0,10.5700
1845,1855,20% VAT,20% VAT,20.0000,5.0100,0,0,5.0100,0,5.0100
1846,1856,20% VAT,20% VAT,20.0000,4.8200,0,0,4.8200,0,4.8200
1847,1857,20% VAT,20% VAT,20.0000,4.8700,0,0,4.8700,0,4.8700
1848,1858,20% VAT,20% VAT,20.0000,9.1300,0,0,9.1300,0,9.1300
1849,1859,20% VAT,20% VAT,20.0000,5.0100,0,0,5.0100,0,5.0100
1850,1860,20% VAT,20% VAT,20.0000,9.6100,0,0,9.6100,0,9.6100
1851,1861,20% VAT,20% VAT,20.0000,6.1200,0,0,6.1200,0,6.1200
1852,1862,20% VAT,20% VAT,20.0000,9.7300,0,0,9.7300,0,9.7300
1853,1863,20% VAT,20% VAT,20.0000,4.8900,0,0,4.8900,0,4.8900
1854,1864,20% VAT,20% VAT,20.0000,11.3400,0,0,11.3400,0,11.3400
1855,1865,20% VAT,20% VAT,20.0000,4.8700,0,0,4.8700,0,4.8700
1856,1866,20% VAT,20% VAT,20.0000,10.5700,0,0,10.5700,0,10.5700
1857,1867,20% VAT,20% VAT,20.0000,4.8200,0,0,4.8200,0,4.8200
1858,1868,20% VAT,20% VAT,20.0000,5.1100,0,0,5.1100,0,5.1100
1859,1869,20% VAT,20% VAT,20.0000,10.5700,0,0,10.5700,0,10.5700
1860,1870,20% VAT,20% VAT,20.0000,5.1100,0,0,5.1100,0,5.1100
1861,1871,20% VAT,20% VAT,20.0000,6.2600,0,0,6.2600,0,6.2600
1862,1872,20% VAT,20% VAT,20.0000,9.7400,0,0,9.7400,0,9.7400
1863,1873,20% VAT,20% VAT,20.0000,4.7500,0,0,4.7500,0,4.7500
1864,1874,20% VAT,20% VAT,20.0000,9.4500,0,0,9.4500,0,9.4500
1865,1875,20% VAT,20% VAT,20.0000,4.7500,0,0,4.7500,0,4.7500
1866,1876,20% VAT,20% VAT,20.0000,9.1600,0,0,9.1600,0,9.1600
1867,1877,20% VAT,20% VAT,20.0000,4.8900,0,0,4.8900,0,4.8900
1868,1878,20% VAT,20% VAT,20.0000,9.6100,0,0,9.6100,0,9.6100
1869,1879,20% VAT,20% VAT,20.0000,9.3200,0,0,9.3200,0,9.3200
1870,1880,20% VAT,20% VAT,20.0000,5.0100,0,0,5.0100,0,5.0100
1871,1881,20% VAT,20% VAT,20.0000,5.0100,0,0,5.0100,0,5.0100
1872,1882,20% VAT,20% VAT,20.0000,10.5700,0,0,10.5700,0,10.5700
1873,1883,20% VAT,20% VAT,20.0000,9.3200,0,0,9.3200,0,9.3200
1874,1884,20% VAT,20% VAT,20.0000,5.0100,0,0,5.0100,0,5.0100
1875,1885,20% VAT,20% VAT,20.0000,9.6100,0,0,9.6100,0,9.6100
1876,1886,20% VAT,20% VAT,20.0000,4.8200,0,0,4.8200,0,4.8200
1877,1887,20% VAT,20% VAT,20.0000,5.0100,0,0,5.0100,0,5.0100
1878,1888,20% VAT,20% VAT,20.0000,5.0100,0,0,5.0100,0,5.0100
1879,1889,20% VAT,20% VAT,20.0000,5.1100,0,0,5.1100,0,5.1100
1880,1890,20% VAT,20% VAT,20.0000,4.8700,0,0,4.8700,0,4.8700
1881,1891,20% VAT,20% VAT,20.0000,18.2300,0,0,18.2300,0,18.2300
1882,1892,20% VAT,20% VAT,20.0000,5.0100,0,0,5.0100,0,5.0100
1883,1893,20% VAT,20% VAT,20.0000,9.6100,0,0,9.6100,0,9.6100
1884,1894,20% VAT,20% VAT,20.0000,4.8200,0,0,4.8200,0,4.8200
1885,1895,20% VAT,20% VAT,20.0000,4.7500,0,0,4.7500,0,4.7500
1886,1896,20% VAT,20% VAT,20.0000,2.2800,0,0,2.2800,0,2.2800
1887,1897,20% VAT,20% VAT,20.0000,4.8900,0,0,4.8900,0,4.8900
1888,1898,20% VAT,20% VAT,20.0000,9.4500,0,0,9.4500,0,9.4500
1889,1899,20% VAT,20% VAT,20.0000,4.8200,0,0,4.8200,0,4.8200
1890,1900,20% VAT,20% VAT,20.0000,5.0100,0,0,5.0100,0,5.0100
1891,1901,20% VAT,20% VAT,20.0000,5.1100,0,0,5.1100,0,5.1100
1892,1902,20% VAT,20% VAT,20.0000,4.8700,0,0,4.8700,0,4.8700
1893,1903,20% VAT,20% VAT,20.0000,4.8200,0,0,4.8200,0,4.8200
1894,1904,20% VAT,20% VAT,20.0000,4.8700,0,0,4.8700,0,4.8700
1895,1905,20% VAT,20% VAT,20.0000,6.2600,0,0,6.2600,0,6.2600
1896,1906,20% VAT,20% VAT,20.0000,10.5700,0,0,10.5700,0,10.5700
1897,1907,20% VAT,20% VAT,20.0000,9.6100,0,0,9.6100,0,9.6100
1898,1908,20% VAT,20% VAT,20.0000,9.3200,0,0,9.3200,0,9.3200
1899,1909,20% VAT,20% VAT,20.0000,5.1100,0,0,5.1100,0,5.1100
1900,1910,20% VAT,20% VAT,20.0000,10.5700,0,0,10.5700,0,10.5700
1901,1911,20% VAT,20% VAT,20.0000,5.0100,0,0,5.0100,0,5.0100
1902,1912,20% VAT,20% VAT,20.0000,4.7500,0,0,4.7500,0,4.7500
1903,1913,20% VAT,20% VAT,20.0000,4.8900,0,0,4.8900,0,4.8900
1904,1914,20% VAT,20% VAT,20.0000,4.8900,0,0,4.8900,0,4.8900
1905,1915,20% VAT,20% VAT,20.0000,6.5500,0,0,6.5500,0,6.5500
1906,1916,20% VAT,20% VAT,20.0000,9.6100,0,0,9.6100,0,9.6100
1907,1917,20% VAT,20% VAT,20.0000,5.0100,0,0,5.0100,0,5.0100
1908,1918,20% VAT,20% VAT,20.0000,4.8700,0,0,4.8700,0,4.8700
1909,1919,20% VAT,20% VAT,20.0000,18.2300,0,0,18.2300,0,18.2300
1910,1920,20% VAT,20% VAT,20.0000,5.0100,0,0,5.0100,0,5.0100
1911,1921,20% VAT,20% VAT,20.0000,17.7500,0,0,17.7500,0,17.7500
1912,1922,20% VAT,20% VAT,20.0000,7.3300,0,0,7.3300,0,7.3300
1913,1923,20% VAT,20% VAT,20.0000,4.7500,0,0,4.7500,0,4.7500
1914,1924,20% VAT,20% VAT,20.0000,4.7500,0,0,4.7500,0,4.7500
1915,1925,20% VAT,20% VAT,20.0000,4.9800,0,0,4.9800,0,4.9800
1916,1926,20% VAT,20% VAT,20.0000,9.9200,0,0,9.9200,0,9.9200
1917,1927,20% VAT,20% VAT,20.0000,5.0100,0,0,5.0100,0,5.0100
1918,1928,20% VAT,20% VAT,20.0000,10.5700,0,0,10.5700,0,10.5700
1919,1929,20% VAT,20% VAT,20.0000,10.5700,0,0,10.5700,0,10.5700
1920,1930,20% VAT,20% VAT,20.0000,4.8200,0,0,4.8200,0,4.8200
1921,1931,20% VAT,20% VAT,20.0000,4.8200,0,0,4.8200,0,4.8200
1922,1932,20% VAT,20% VAT,20.0000,9.3200,0,0,9.3200,0,9.3200
1923,1933,20% VAT,20% VAT,20.0000,10.5700,0,0,10.5700,0,10.5700
1924,1934,20% VAT,20% VAT,20.0000,9.6100,0,0,9.6100,0,9.6100
1925,1935,20% VAT,20% VAT,20.0000,4.8700,0,0,4.8700,0,4.8700
1926,1936,20% VAT,20% VAT,20.0000,5.0100,0,0,5.0100,0,5.0100
1927,1937,20% VAT,20% VAT,20.0000,5.0100,0,0,5.0100,0,5.0100
1928,1938,20% VAT,20% VAT,20.0000,5.0100,0,0,5.0100,0,5.0100
1929,1939,20% VAT,20% VAT,20.0000,5.0100,0,0,5.0100,0,5.0100
1930,1940,20% VAT,20% VAT,20.0000,4.8700,0,0,4.8700,0,4.8700
1931,1941,20% VAT,20% VAT,20.0000,8.7600,0,0,8.7600,0,8.7600
1932,1942,20% VAT,20% VAT,20.0000,9.7400,0,0,9.7400,0,9.7400
1933,1943,20% VAT,20% VAT,20.0000,4.8700,0,0,4.8700,0,4.8700
1934,1944,20% VAT,20% VAT,20.0000,5.0100,0,0,5.0100,0,5.0100
1935,1945,20% VAT,20% VAT,20.0000,4.8200,0,0,4.8200,0,4.8200
1936,1946,20% VAT,20% VAT,20.0000,12.6700,0,0,12.6700,0,12.6700
1937,1947,20% VAT,20% VAT,20.0000,10.5700,0,0,10.5700,0,10.5700
1938,1948,20% VAT,20% VAT,20.0000,5.1100,0,0,5.1100,0,5.1100
1939,1949,20% VAT,20% VAT,20.0000,4.8200,0,0,4.8200,0,4.8200
1940,1950,20% VAT,20% VAT,20.0000,4.8200,0,0,4.8200,0,4.8200
1941,1951,20% VAT,20% VAT,20.0000,10.0000,0,0,10.0000,0,10.0000
1942,1952,20% VAT,20% VAT,20.0000,18.2300,0,0,18.2300,0,18.2300
1943,1953,20% VAT,20% VAT,20.0000,6.1200,0,0,6.1200,0,6.1200
1944,1954,20% VAT,20% VAT,20.0000,9.1600,0,0,9.1600,0,9.1600
1945,1955,20% VAT,20% VAT,20.0000,4.8900,0,0,4.8900,0,4.8900
1946,1956,20% VAT,20% VAT,20.0000,4.7500,0,0,4.7500,0,4.7500
1947,1957,20% VAT,20% VAT,20.0000,4.7000,0,0,4.7000,0,4.7000
1948,1958,20% VAT,20% VAT,20.0000,6.1700,0,0,6.1700,0,6.1700
1949,1959,20% VAT,20% VAT,20.0000,4.7500,0,0,4.7500,0,4.7500
1950,1960,20% VAT,20% VAT,20.0000,4.8900,0,0,4.8900,0,4.8900
1951,1961,20% VAT,20% VAT,20.0000,4.7000,0,0,4.7000,0,4.7000
1952,1962,20% VAT,20% VAT,20.0000,4.7000,0,0,4.7000,0,4.7000
1953,1963,20% VAT,20% VAT,20.0000,4.8900,0,0,4.8900,0,4.8900
1954,1964,20% VAT,20% VAT,20.0000,6.1200,0,0,6.1200,0,6.1200
1955,1965,20% VAT,20% VAT,20.0000,4.8900,0,0,4.8900,0,4.8900
1956,1966,20% VAT,20% VAT,20.0000,4.7000,0,0,4.7000,0,4.7000
1957,1967,20% VAT,20% VAT,20.0000,6.1200,0,0,6.1200,0,6.1200
1958,1968,20% VAT,20% VAT,20.0000,4.8900,0,0,4.8900,0,4.8900
1959,1969,20% VAT,20% VAT,20.0000,4.7000,0,0,4.7000,0,4.7000
1960,1970,20% VAT,20% VAT,20.0000,10.0700,0,0,10.0700,0,10.0700
1961,1971,20% VAT,20% VAT,20.0000,10.4000,0,0,10.4000,0,10.4000
1962,1972,20% VAT,20% VAT,20.0000,4.9800,0,0,4.9800,0,4.9800
1963,1973,20% VAT,20% VAT,20.0000,8.8500,0,0,8.8500,0,8.8500
1964,1974,20% VAT,20% VAT,20.0000,10.5700,0,0,10.5700,0,10.5700
1965,1975,20% VAT,20% VAT,20.0000,10.5700,0,0,10.5700,0,10.5700
1966,1976,20% VAT,20% VAT,20.0000,9.3200,0,0,9.3200,0,9.3200
1967,1977,20% VAT,20% VAT,20.0000,9.3200,0,0,9.3200,0,9.3200
1968,1978,20% VAT,20% VAT,20.0000,6.2600,0,0,6.2600,0,6.2600
1969,1979,20% VAT,20% VAT,20.0000,4.8200,0,0,4.8200,0,4.8200
1970,1980,20% VAT,20% VAT,20.0000,4.8200,0,0,4.8200,0,4.8200
1971,1981,20% VAT,20% VAT,20.0000,4.9800,0,0,4.9800,0,4.9800
1972,1982,20% VAT,20% VAT,20.0000,4.7500,0,0,4.7500,0,4.7500
1973,1983,20% VAT,20% VAT,20.0000,5.0100,0,0,5.0100,0,5.0100
1974,1984,20% VAT,20% VAT,20.0000,9.6100,0,0,9.6100,0,9.6100
1975,1985,20% VAT,20% VAT,20.0000,5.0100,0,0,5.0100,0,5.0100
1976,1986,20% VAT,20% VAT,20.0000,9.7300,0,0,9.7300,0,9.7300
1977,1987,20% VAT,20% VAT,20.0000,8.8700,0,0,8.8700,0,8.8700
1978,1988,20% VAT,20% VAT,20.0000,8.6000,0,0,8.6000,0,8.6000
1979,1989,20% VAT,20% VAT,20.0000,4.8900,0,0,4.8900,0,4.8900
1980,1990,20% VAT,20% VAT,20.0000,4.7500,0,0,4.7500,0,4.7500
1981,1991,20% VAT,20% VAT,20.0000,4.7000,0,0,4.7000,0,4.7000
1982,1992,20% VAT,20% VAT,20.0000,6.1200,0,0,6.1200,0,6.1200
1983,1993,20% VAT,20% VAT,20.0000,10.5700,0,0,10.5700,0,10.5700
1984,1994,20% VAT,20% VAT,20.0000,6.1200,0,0,6.1200,0,6.1200
1985,1995,20% VAT,20% VAT,20.0000,4.8200,0,0,4.8200,0,4.8200
1986,1996,20% VAT,20% VAT,20.0000,9.3200,0,0,9.3200,0,9.3200
1987,1997,20% VAT,20% VAT,20.0000,34.9000,0,0,34.9000,0,34.9000
1988,1998,20% VAT,20% VAT,20.0000,5.0100,0,0,5.0100,0,5.0100
1989,1999,20% VAT,20% VAT,20.0000,29.6900,0,0,29.6900,0,29.6900
1990,2000,20% VAT,20% VAT,20.0000,5.0100,0,0,5.0100,0,5.0100
1991,2001,20% VAT,20% VAT,20.0000,4.7500,0,0,4.7500,0,4.7500
1992,2002,20% VAT,20% VAT,20.0000,9.6100,0,0,9.6100,0,9.6100
1993,2003,20% VAT,20% VAT,20.0000,4.8700,0,0,4.8700,0,4.8700
1994,2004,20% VAT,20% VAT,20.0000,4.8900,0,0,4.8900,0,4.8900
1995,2005,20% VAT,20% VAT,20.0000,9.6100,0,0,9.6100,0,9.6100
1996,2006,20% VAT,20% VAT,20.0000,4.8200,0,0,4.8200,0,4.8200
1997,2007,20% VAT,20% VAT,20.0000,5.0100,0,0,5.0100,0,5.0100
1998,2008,20% VAT,20% VAT,20.0000,9.9000,0,0,9.9000,0,9.9000
1999,2009,20% VAT,20% VAT,20.0000,10.5700,0,0,10.5700,0,10.5700
2000,2010,20% VAT,20% VAT,20.0000,8.6900,0,0,8.6900,0,8.6900
2001,2011,20% VAT,20% VAT,20.0000,9.0600,0,0,9.0600,0,9.0600
2002,2012,20% VAT,20% VAT,20.0000,6.1200,0,0,6.1200,0,6.1200
2003,2013,20% VAT,20% VAT,20.0000,9.6100,0,0,9.6100,0,9.6100
2004,2014,20% VAT,20% VAT,20.0000,4.9800,0,0,4.9800,0,4.9800
2005,2015,20% VAT,20% VAT,20.0000,10.5700,0,0,10.5700,0,10.5700
2006,2016,20% VAT,20% VAT,20.0000,4.8900,0,0,4.8900,0,4.8900
2007,2017,20% VAT,20% VAT,20.0000,4.7500,0,0,4.7500,0,4.7500
2008,2018,20% VAT,20% VAT,20.0000,5.1100,0,0,5.1100,0,5.1100
2009,2019,20% VAT,20% VAT,20.0000,5.5500,0,0,5.5500,0,5.5500
2010,2020,20% VAT,20% VAT,20.0000,9.6100,0,0,9.6100,0,9.6100
2011,2021,20% VAT,20% VAT,20.0000,4.9800,0,0,4.9800,0,4.9800
2012,2022,20% VAT,20% VAT,20.0000,4.8700,0,0,4.8700,0,4.8700
2013,2023,20% VAT,20% VAT,20.0000,5.0100,0,0,5.0100,0,5.0100
2014,2024,20% VAT,20% VAT,20.0000,10.5700,0,0,10.5700,0,10.5700
2015,2025,20% VAT,20% VAT,20.0000,3.5200,0,0,3.5200,0,3.5200
2016,2026,20% VAT,20% VAT,20.0000,52.5400,0,0,52.5400,0,52.5400
2017,2027,20% VAT,20% VAT,20.0000,4.7000,0,0,4.7000,0,4.7000
2018,2028,20% VAT,20% VAT,20.0000,5.0100,0,0,5.0100,0,5.0100
2019,2029,20% VAT,20% VAT,20.0000,4.8200,0,0,4.8200,0,4.8200
2020,2030,20% VAT,20% VAT,20.0000,8.7600,0,0,8.7600,0,8.7600
2021,2031,20% VAT,20% VAT,20.0000,10.5700,0,0,10.5700,0,10.5700
2022,2032,20% VAT,20% VAT,20.0000,17.7500,0,0,17.7500,0,17.7500
2023,2033,20% VAT,20% VAT,20.0000,20.6200,0,0,20.6200,0,20.6200
2024,2034,20% VAT,20% VAT,20.0000,4.7000,0,0,4.7000,0,4.7000
2025,2035,20% VAT,20% VAT,20.0000,4.7500,0,0,4.7500,0,4.7500
2026,2036,20% VAT,20% VAT,20.0000,10.4000,0,0,10.4000,0,10.4000
2027,2037,20% VAT,20% VAT,20.0000,3.9000,0,0,3.9000,0,3.9000
2028,2038,20% VAT,20% VAT,20.0000,6.4100,0,0,6.4100,0,6.4100
2029,2039,20% VAT,20% VAT,20.0000,14.6900,0,0,14.6900,0,14.6900
2030,2040,20% VAT,20% VAT,20.0000,9.1300,0,0,9.1300,0,9.1300
2031,2041,20% VAT,20% VAT,20.0000,5.6800,0,0,5.6800,0,5.6800
2032,2042,20% VAT,20% VAT,20.0000,10.5700,0,0,10.5700,0,10.5700
2033,2043,20% VAT,20% VAT,20.0000,9.6100,0,0,9.6100,0,9.6100
2034,2044,20% VAT,20% VAT,20.0000,4.8200,0,0,4.8200,0,4.8200
2035,2045,20% VAT,20% VAT,20.0000,10.5700,0,0,10.5700,0,10.5700
2036,2046,20% VAT,20% VAT,20.0000,6.4100,0,0,6.4100,0,6.4100
2037,2047,20% VAT,20% VAT,20.0000,4.8900,0,0,4.8900,0,4.8900
2038,2048,20% VAT,20% VAT,20.0000,5.5500,0,0,5.5500,0,5.5500
2039,2049,20% VAT,20% VAT,20.0000,4.7000,0,0,4.7000,0,4.7000
2040,2050,20% VAT,20% VAT,20.0000,9.9700,0,0,9.9700,0,9.9700
2041,2051,20% VAT,20% VAT,20.0000,4.8900,0,0,4.8900,0,4.8900
2042,2052,20% VAT,20% VAT,20.0000,5.0100,0,0,5.0100,0,5.0100
2043,2053,20% VAT,20% VAT,20.0000,10.5700,0,0,10.5700,0,10.5700
2044,2054,20% VAT,20% VAT,20.0000,10.5700,0,0,10.5700,0,10.5700
2045,2055,20% VAT,20% VAT,20.0000,5.0100,0,0,5.0100,0,5.0100
2046,2056,20% VAT,20% VAT,20.0000,4.7000,0,0,4.7000,0,4.7000
2047,2057,20% VAT,20% VAT,20.0000,4.7000,0,0,4.7000,0,4.7000
2048,2058,20% VAT,20% VAT,20.0000,9.4500,0,0,9.4500,0,9.4500
2049,2059,20% VAT,20% VAT,20.0000,8.6500,0,0,8.6500,0,8.6500
2050,2060,20% VAT,20% VAT,20.0000,9.9000,0,0,9.9000,0,9.9000
2051,2061,20% VAT,20% VAT,20.0000,6.2600,0,0,6.2600,0,6.2600
2052,2062,20% VAT,20% VAT,20.0000,8.9700,0,0,8.9700,0,8.9700
2053,2063,20% VAT,20% VAT,20.0000,8.6900,0,0,8.6900,0,8.6900
2054,2064,20% VAT,20% VAT,20.0000,9.1600,0,0,9.1600,0,9.1600
2055,2065,20% VAT,20% VAT,20.0000,6.1200,0,0,6.1200,0,6.1200
2056,2066,20% VAT,20% VAT,20.0000,4.7000,0,0,4.7000,0,4.7000
2057,2067,20% VAT,20% VAT,20.0000,5.1100,0,0,5.1100,0,5.1100
2058,2068,20% VAT,20% VAT,20.0000,4.7500,0,0,4.7500,0,4.7500
2059,2069,20% VAT,20% VAT,20.0000,4.9800,0,0,4.9800,0,4.9800
2060,2070,20% VAT,20% VAT,20.0000,9.6100,0,0,9.6100,0,9.6100
2061,2071,20% VAT,20% VAT,20.0000,5.0100,0,0,5.0100,0,5.0100
2062,2072,20% VAT,20% VAT,20.0000,5.0100,0,0,5.0100,0,5.0100
2063,2073,20% VAT,20% VAT,20.0000,4.8200,0,0,4.8200,0,4.8200
2064,2074,20% VAT,20% VAT,20.0000,18.2300,0,0,18.2300,0,18.2300
2065,2075,20% VAT,20% VAT,20.0000,10.5700,0,0,10.5700,0,10.5700
2066,2076,20% VAT,20% VAT,20.0000,10.5700,0,0,10.5700,0,10.5700
2067,2077,20% VAT,20% VAT,20.0000,9.3200,0,0,9.3200,0,9.3200
2068,2078,20% VAT,20% VAT,20.0000,5.0100,0,0,5.0100,0,5.0100
2069,2079,20% VAT,20% VAT,20.0000,4.8200,0,0,4.8200,0,4.8200
2070,2080,20% VAT,20% VAT,20.0000,9.6100,0,0,9.6100,0,9.6100
2071,2081,20% VAT,20% VAT,20.0000,9.9000,0,0,9.9000,0,9.9000
2072,2082,20% VAT,20% VAT,20.0000,5.0100,0,0,5.0100,0,5.0100
2073,2083,20% VAT,20% VAT,20.0000,5.1100,0,0,5.1100,0,5.1100
2074,2084,20% VAT,20% VAT,20.0000,4.9800,0,0,4.9800,0,4.9800
2075,2085,20% VAT,20% VAT,20.0000,5.5500,0,0,5.5500,0,5.5500
2076,2086,20% VAT,20% VAT,20.0000,6.1200,0,0,6.1200,0,6.1200
2077,2087,20% VAT,20% VAT,20.0000,4.7000,0,0,4.7000,0,4.7000
2078,2088,20% VAT,20% VAT,20.0000,9.9000,0,0,9.9000,0,9.9000
2079,2089,20% VAT,20% VAT,20.0000,4.9800,0,0,4.9800,0,4.9800
2080,2090,20% VAT,20% VAT,20.0000,8.6000,0,0,8.6000,0,8.6000
2081,2091,20% VAT,20% VAT,20.0000,4.8200,0,0,4.8200,0,4.8200
2082,2092,20% VAT,20% VAT,20.0000,6.2600,0,0,6.2600,0,6.2600
2083,2093,20% VAT,20% VAT,20.0000,4.8900,0,0,4.8900,0,4.8900
2084,2094,20% VAT,20% VAT,20.0000,5.6800,0,0,5.6800,0,5.6800
2085,2095,20% VAT,20% VAT,20.0000,4.8200,0,0,4.8200,0,4.8200
2086,2096,20% VAT,20% VAT,20.0000,5.0100,0,0,5.0100,0,5.0100
2087,2097,20% VAT,20% VAT,20.0000,9.6100,0,0,9.6100,0,9.6100
2088,2098,20% VAT,20% VAT,20.0000,8.8500,0,0,8.8500,0,8.8500
2089,2099,20% VAT,20% VAT,20.0000,9.4200,0,0,9.4200,0,9.4200
2090,2100,20% VAT,20% VAT,20.0000,4.8900,0,0,4.8900,0,4.8900
2091,2101,20% VAT,20% VAT,20.0000,4.8200,0,0,4.8200,0,4.8200
2092,2102,20% VAT,20% VAT,20.0000,4.7500,0,0,4.7500,0,4.7500
2093,2103,20% VAT,20% VAT,20.0000,8.5400,0,0,8.5400,0,8.5400
2094,2104,20% VAT,20% VAT,20.0000,8.8700,0,0,8.8700,0,8.8700
2095,2105,20% VAT,20% VAT,20.0000,4.8200,0,0,4.8200,0,4.8200
2096,2106,20% VAT,20% VAT,20.0000,6.2600,0,0,6.2600,0,6.2600
2097,2107,20% VAT,20% VAT,20.0000,5.0100,0,0,5.0100,0,5.0100
2098,2108,20% VAT,20% VAT,20.0000,9.1300,0,0,9.1300,0,9.1300
2099,2109,20% VAT,20% VAT,20.0000,9.1300,0,0,9.1300,0,9.1300
2100,2110,20% VAT,20% VAT,20.0000,5.1100,0,0,5.1100,0,5.1100
2101,2111,20% VAT,20% VAT,20.0000,9.7400,0,0,9.7400,0,9.7400
2102,2112,20% VAT,20% VAT,20.0000,10.5700,0,0,10.5700,0,10.5700
2103,2113,20% VAT,20% VAT,20.0000,6.2600,0,0,6.2600,0,6.2600
2104,2114,20% VAT,20% VAT,20.0000,5.6800,0,0,5.6800,0,5.6800
2105,2115,20% VAT,20% VAT,20.0000,17.6600,0,0,17.6600,0,17.6600
2106,2116,20% VAT,20% VAT,20.0000,5.6800,0,0,5.6800,0,5.6800
2107,2117,20% VAT,20% VAT,20.0000,8.6500,0,0,8.6500,0,8.6500
2108,2118,20% VAT,20% VAT,20.0000,17.2700,0,0,17.2700,0,17.2700
2109,2119,20% VAT,20% VAT,20.0000,6.2600,0,0,6.2600,0,6.2600
2110,2120,20% VAT,20% VAT,20.0000,16.9900,0,0,16.9900,0,16.9900
2111,2121,20% VAT,20% VAT,20.0000,10.5700,0,0,10.5700,0,10.5700
2112,2122,20% VAT,20% VAT,20.0000,10.5700,0,0,10.5700,0,10.5700
2113,2123,20% VAT,20% VAT,20.0000,9.6100,0,0,9.6100,0,9.6100
2114,2124,20% VAT,20% VAT,20.0000,10.5700,0,0,10.5700,0,10.5700
2115,2125,20% VAT,20% VAT,20.0000,4.7000,0,0,4.7000,0,4.7000
2116,2126,20% VAT,20% VAT,20.0000,5.0100,0,0,5.0100,0,5.0100
2117,2127,20% VAT,20% VAT,20.0000,6.2600,0,0,6.2600,0,6.2600
2118,2128,20% VAT,20% VAT,20.0000,4.7000,0,0,4.7000,0,4.7000
2119,2129,20% VAT,20% VAT,20.0000,4.7000,0,0,4.7000,0,4.7000
2120,2130,20% VAT,20% VAT,20.0000,4.8200,0,0,4.8200,0,4.8200
2121,2131,20% VAT,20% VAT,20.0000,5.6800,0,0,5.6800,0,5.6800
2122,2132,20% VAT,20% VAT,20.0000,4.8200,0,0,4.8200,0,4.8200
2123,2133,20% VAT,20% VAT,20.0000,5.6800,0,0,5.6800,0,5.6800
2124,2134,20% VAT,20% VAT,20.0000,4.8200,0,0,4.8200,0,4.8200
2125,2135,20% VAT,20% VAT,20.0000,6.2600,0,0,6.2600,0,6.2600
2126,2136,20% VAT,20% VAT,20.0000,10.4000,0,0,10.4000,0,10.4000
2127,2137,20% VAT,20% VAT,20.0000,8.8500,0,0,8.8500,0,8.8500
2128,2138,20% VAT,20% VAT,20.0000,9.1300,0,0,9.1300,0,9.1300
2129,2139,20% VAT,20% VAT,20.0000,4.8200,0,0,4.8200,0,4.8200
2130,2140,20% VAT,20% VAT,20.0000,5.0100,0,0,5.0100,0,5.0100
2131,2141,20% VAT,20% VAT,20.0000,4.8700,0,0,4.8700,0,4.8700
2132,2142,20% VAT,20% VAT,20.0000,4.7500,0,0,4.7500,0,4.7500
2133,2143,20% VAT,20% VAT,20.0000,4.7000,0,0,4.7000,0,4.7000
2134,2144,20% VAT,20% VAT,20.0000,4.8900,0,0,4.8900,0,4.8900
2135,2145,20% VAT,20% VAT,20.0000,8.9700,0,0,8.9700,0,8.9700
2136,2146,20% VAT,20% VAT,20.0000,4.8900,0,0,4.8900,0,4.8900
2137,2147,20% VAT,20% VAT,20.0000,4.8200,0,0,4.8200,0,4.8200
2138,2148,20% VAT,20% VAT,20.0000,2.8100,0,0,2.8100,0,2.8100
2139,2149,20% VAT,20% VAT,20.0000,9.1300,0,0,9.1300,0,9.1300
2140,2150,20% VAT,20% VAT,20.0000,4.8700,0,0,4.8700,0,4.8700
2141,2151,20% VAT,20% VAT,20.0000,4.9800,0,0,4.9800,0,4.9800
2142,2152,20% VAT,20% VAT,20.0000,6.5500,0,0,6.5500,0,6.5500
2143,2153,20% VAT,20% VAT,20.0000,4.7500,0,0,4.7500,0,4.7500
2144,2154,20% VAT,20% VAT,20.0000,4.7500,0,0,4.7500,0,4.7500
2145,2155,20% VAT,20% VAT,20.0000,14.4000,0,0,14.4000,0,14.4000
2146,2156,20% VAT,20% VAT,20.0000,5.0100,0,0,5.0100,0,5.0100
2147,2157,20% VAT,20% VAT,20.0000,9.6100,0,0,9.6100,0,9.6100
2148,2158,20% VAT,20% VAT,20.0000,9.6100,0,0,9.6100,0,9.6100
2149,2159,20% VAT,20% VAT,20.0000,5.1100,0,0,5.1100,0,5.1100
2150,2160,20% VAT,20% VAT,20.0000,9.8000,0,0,9.8000,0,9.8000
2151,2161,20% VAT,20% VAT,20.0000,10.5700,0,0,10.5700,0,10.5700
2152,2162,20% VAT,20% VAT,20.0000,29.2500,0,0,29.2500,0,29.2500
2153,2163,20% VAT,20% VAT,20.0000,10.2800,0,0,10.2800,0,10.2800
2154,2164,20% VAT,20% VAT,20.0000,9.6100,0,0,9.6100,0,9.6100
2155,2165,20% VAT,20% VAT,20.0000,9.3200,0,0,9.3200,0,9.3200
2156,2166,20% VAT,20% VAT,20.0000,14.1900,0,0,14.1900,0,14.1900
2157,2167,20% VAT,20% VAT,20.0000,5.0100,0,0,5.0100,0,5.0100
2158,2168,20% VAT,20% VAT,20.0000,5.0100,0,0,5.0100,0,5.0100
2159,2169,20% VAT,20% VAT,20.0000,10.5700,0,0,10.5700,0,10.5700
2160,2170,20% VAT,20% VAT,20.0000,6.2600,0,0,6.2600,0,6.2600
2161,2171,20% VAT,20% VAT,20.0000,9.7400,0,0,9.7400,0,9.7400
2162,2172,20% VAT,20% VAT,20.0000,4.7500,0,0,4.7500,0,4.7500
2163,2173,20% VAT,20% VAT,20.0000,4.9800,0,0,4.9800,0,4.9800
2164,2174,20% VAT,20% VAT,20.0000,10.5700,0,0,10.5700,0,10.5700
2165,2175,20% VAT,20% VAT,20.0000,5.0100,0,0,5.0100,0,5.0100
2166,2176,20% VAT,20% VAT,20.0000,4.8900,0,0,4.8900,0,4.8900
2167,2177,20% VAT,20% VAT,20.0000,10.0900,0,0,10.0900,0,10.0900
2168,2178,20% VAT,20% VAT,20.0000,9.1300,0,0,9.1300,0,9.1300
2169,2179,20% VAT,20% VAT,20.0000,4.8200,0,0,4.8200,0,4.8200
2170,2180,20% VAT,20% VAT,20.0000,5.0100,0,0,5.0100,0,5.0100
2171,2181,20% VAT,20% VAT,20.0000,5.0100,0,0,5.0100,0,5.0100
2172,2182,20% VAT,20% VAT,20.0000,9.6100,0,0,9.6100,0,9.6100
2173,2183,20% VAT,20% VAT,20.0000,9.9000,0,0,9.9000,0,9.9000
2174,2184,20% VAT,20% VAT,20.0000,5.0100,0,0,5.0100,0,5.0100
2175,2185,20% VAT,20% VAT,20.0000,9.1300,0,0,9.1300,0,9.1300
2176,2186,20% VAT,20% VAT,20.0000,4.8200,0,0,4.8200,0,4.8200
2177,2187,20% VAT,20% VAT,20.0000,6.1200,0,0,6.1200,0,6.1200
2178,2188,20% VAT,20% VAT,20.0000,6.4100,0,0,6.4100,0,6.4100
2179,2189,20% VAT,20% VAT,20.0000,4.8700,0,0,4.8700,0,4.8700
2180,2190,20% VAT,20% VAT,20.0000,4.7000,0,0,4.7000,0,4.7000
2181,2191,20% VAT,20% VAT,20.0000,9.9000,0,0,9.9000,0,9.9000
2182,2192,20% VAT,20% VAT,20.0000,4.9800,0,0,4.9800,0,4.9800
2183,2193,20% VAT,20% VAT,20.0000,10.5700,0,0,10.5700,0,10.5700
2184,2194,20% VAT,20% VAT,20.0000,9.3200,0,0,9.3200,0,9.3200
2185,2195,20% VAT,20% VAT,20.0000,10.5700,0,0,10.5700,0,10.5700
2186,2196,20% VAT,20% VAT,20.0000,9.6100,0,0,9.6100,0,9.6100
2187,2197,20% VAT,20% VAT,20.0000,5.1100,0,0,5.1100,0,5.1100
2188,2198,20% VAT,20% VAT,20.0000,4.8900,0,0,4.8900,0,4.8900
2189,2199,20% VAT,20% VAT,20.0000,9.3200,0,0,9.3200,0,9.3200
2190,2200,20% VAT,20% VAT,20.0000,9.9000,0,0,9.9000,0,9.9000
2191,2201,20% VAT,20% VAT,20.0000,4.8900,0,0,4.8900,0,4.8900
2192,2202,20% VAT,20% VAT,20.0000,8.7000,0,0,8.7000,0,8.7000
2193,2203,20% VAT,20% VAT,20.0000,4.7000,0,0,4.7000,0,4.7000
2194,2204,20% VAT,20% VAT,20.0000,4.8900,0,0,4.8900,0,4.8900
2195,2205,20% VAT,20% VAT,20.0000,4.8900,0,0,4.8900,0,4.8900
2196,2206,20% VAT,20% VAT,20.0000,8.9700,0,0,8.9700,0,8.9700
2197,2207,20% VAT,20% VAT,20.0000,2.2800,0,0,2.2800,0,2.2800
2198,2208,20% VAT,20% VAT,20.0000,4.9800,0,0,4.9800,0,4.9800
2199,2209,20% VAT,20% VAT,20.0000,6.2600,0,0,6.2600,0,6.2600
2200,2210,20% VAT,20% VAT,20.0000,4.8200,0,0,4.8200,0,4.8200
2201,2211,20% VAT,20% VAT,20.0000,4.8200,0,0,4.8200,0,4.8200
2202,2212,20% VAT,20% VAT,20.0000,5.0100,0,0,5.0100,0,5.0100
2203,2213,20% VAT,20% VAT,20.0000,8.8500,0,0,8.8500,0,8.8500
2204,2214,20% VAT,20% VAT,20.0000,4.8200,0,0,4.8200,0,4.8200
2205,2215,20% VAT,20% VAT,20.0000,1.7400,0,0,1.7400,0,1.7400
2206,2216,20% VAT,20% VAT,20.0000,4.7000,0,0,4.7000,0,4.7000
2207,2217,20% VAT,20% VAT,20.0000,6.1200,0,0,6.1200,0,6.1200
2208,2218,20% VAT,20% VAT,20.0000,3.5200,0,0,3.5200,0,3.5200
2209,2219,20% VAT,20% VAT,20.0000,6.4100,0,0,6.4100,0,6.4100
2210,2220,20% VAT,20% VAT,20.0000,4.9800,0,0,4.9800,0,4.9800
2211,2221,20% VAT,20% VAT,20.0000,10.5700,0,0,10.5700,0,10.5700
2212,2222,20% VAT,20% VAT,20.0000,4.8200,0,0,4.8200,0,4.8200
2213,2223,20% VAT,20% VAT,20.0000,4.7000,0,0,4.7000,0,4.7000
2214,2224,20% VAT,20% VAT,20.0000,4.8200,0,0,4.8200,0,4.8200
2215,2225,20% VAT,20% VAT,20.0000,48.4500,0,0,48.4500,0,48.4500
2216,2226,20% VAT,20% VAT,20.0000,4.8900,0,0,4.8900,0,4.8900
2217,2227,20% VAT,20% VAT,20.0000,4.8900,0,0,4.8900,0,4.8900
2218,2228,20% VAT,20% VAT,20.0000,8.8700,0,0,8.8700,0,8.8700
2219,2229,20% VAT,20% VAT,20.0000,10.4000,0,0,10.4000,0,10.4000
2220,2230,20% VAT,20% VAT,20.0000,4.7500,0,0,4.7500,0,4.7500
2221,2231,20% VAT,20% VAT,20.0000,10.0900,0,0,10.0900,0,10.0900
2222,2232,20% VAT,20% VAT,20.0000,5.5500,0,0,5.5500,0,5.5500
2223,2233,20% VAT,20% VAT,20.0000,9.1300,0,0,9.1300,0,9.1300
2224,2234,20% VAT,20% VAT,20.0000,4.8700,0,0,4.8700,0,4.8700
2225,2235,20% VAT,20% VAT,20.0000,6.2600,0,0,6.2600,0,6.2600
2226,2236,20% VAT,20% VAT,20.0000,10.5700,0,0,10.5700,0,10.5700
2227,2237,20% VAT,20% VAT,20.0000,6.2600,0,0,6.2600,0,6.2600
2228,2238,20% VAT,20% VAT,20.0000,4.7500,0,0,4.7500,0,4.7500
2229,2239,20% VAT,20% VAT,20.0000,10.2800,0,0,10.2800,0,10.2800
2230,2240,20% VAT,20% VAT,20.0000,4.8900,0,0,4.8900,0,4.8900
2231,2241,20% VAT,20% VAT,20.0000,4.8900,0,0,4.8900,0,4.8900
2232,2242,20% VAT,20% VAT,20.0000,4.7500,0,0,4.7500,0,4.7500
2233,2243,20% VAT,20% VAT,20.0000,2.0600,0,0,2.0600,0,2.0600
2234,2244,20% VAT,20% VAT,20.0000,5.0100,0,0,5.0100,0,5.0100
2235,2245,20% VAT,20% VAT,20.0000,5.0100,0,0,5.0100,0,5.0100
2236,2246,20% VAT,20% VAT,20.0000,6.2600,0,0,6.2600,0,6.2600
2237,2247,20% VAT,20% VAT,20.0000,4.8200,0,0,4.8200,0,4.8200
2238,2248,20% VAT,20% VAT,20.0000,4.7000,0,0,4.7000,0,4.7000
2239,2249,20% VAT,20% VAT,20.0000,4.8900,0,0,4.8900,0,4.8900
2240,2250,20% VAT,20% VAT,20.0000,4.8900,0,0,4.8900,0,4.8900
2241,2251,20% VAT,20% VAT,20.0000,6.1200,0,0,6.1200,0,6.1200
2242,2252,20% VAT,20% VAT,20.0000,4.8900,0,0,4.8900,0,4.8900
2243,2253,20% VAT,20% VAT,20.0000,4.7000,0,0,4.7000,0,4.7000
2244,2254,20% VAT,20% VAT,20.0000,6.1200,0,0,6.1200,0,6.1200
2245,2255,20% VAT,20% VAT,20.0000,4.8900,0,0,4.8900,0,4.8900
2246,2256,20% VAT,20% VAT,20.0000,4.7500,0,0,4.7500,0,4.7500
2247,2257,20% VAT,20% VAT,20.0000,5.5500,0,0,5.5500,0,5.5500
2248,2258,20% VAT,20% VAT,20.0000,4.7500,0,0,4.7500,0,4.7500
2249,2259,20% VAT,20% VAT,20.0000,8.6500,0,0,8.6500,0,8.6500
2250,2260,20% VAT,20% VAT,20.0000,4.8200,0,0,4.8200,0,4.8200
2251,2261,20% VAT,20% VAT,20.0000,4.8200,0,0,4.8200,0,4.8200
2252,2262,20% VAT,20% VAT,20.0000,6.1200,0,0,6.1200,0,6.1200
2253,2263,20% VAT,20% VAT,20.0000,9.6100,0,0,9.6100,0,9.6100
2254,2264,20% VAT,20% VAT,20.0000,6.1200,0,0,6.1200,0,6.1200
2255,2265,20% VAT,20% VAT,20.0000,10.2800,0,0,10.2800,0,10.2800
2256,2266,20% VAT,20% VAT,20.0000,4.8200,0,0,4.8200,0,4.8200
2257,2267,20% VAT,20% VAT,20.0000,4.7000,0,0,4.7000,0,4.7000
2258,2268,20% VAT,20% VAT,20.0000,9.6100,0,0,9.6100,0,9.6100
2259,2269,20% VAT,20% VAT,20.0000,5.4100,0,0,5.4100,0,5.4100
2260,2270,20% VAT,20% VAT,20.0000,4.7000,0,0,4.7000,0,4.7000
2261,2271,20% VAT,20% VAT,20.0000,2.0900,0,0,2.0900,0,2.0900
2262,2272,20% VAT,20% VAT,20.0000,4.7500,0,0,4.7500,0,4.7500
2263,2273,20% VAT,20% VAT,20.0000,6.1200,0,0,6.1200,0,6.1200
2264,2274,20% VAT,20% VAT,20.0000,2.0900,0,0,2.0900,0,2.0900
2265,2275,20% VAT,20% VAT,20.0000,9.0300,0,0,9.0300,0,9.0300
2266,2276,20% VAT,20% VAT,20.0000,4.8200,0,0,4.8200,0,4.8200
2267,2277,20% VAT,20% VAT,20.0000,8.6900,0,0,8.6900,0,8.6900
2268,2278,20% VAT,20% VAT,20.0000,9.4500,0,0,9.4500,0,9.4500
2269,2279,20% VAT,20% VAT,20.0000,4.7000,0,0,4.7000,0,4.7000
2270,2280,20% VAT,20% VAT,20.0000,5.5500,0,0,5.5500,0,5.5500
2271,2281,20% VAT,20% VAT,20.0000,8.6500,0,0,8.6500,0,8.6500
2272,2282,20% VAT,20% VAT,20.0000,6.2600,0,0,6.2600,0,6.2600
2273,2283,20% VAT,20% VAT,20.0000,4.8200,0,0,4.8200,0,4.8200
2274,2284,20% VAT,20% VAT,20.0000,4.9800,0,0,4.9800,0,4.9800
2275,2285,20% VAT,20% VAT,20.0000,9.1300,0,0,9.1300,0,9.1300
2276,2286,20% VAT,20% VAT,20.0000,10.5700,0,0,10.5700,0,10.5700
2277,2287,20% VAT,20% VAT,20.0000,4.8900,0,0,4.8900,0,4.8900
2278,2288,20% VAT,20% VAT,20.0000,4.8700,0,0,4.8700,0,4.8700
2279,2289,20% VAT,20% VAT,20.0000,9.9000,0,0,9.9000,0,9.9000
2280,2290,20% VAT,20% VAT,20.0000,9.1300,0,0,9.1300,0,9.1300
2281,2291,20% VAT,20% VAT,20.0000,11.9600,0,0,11.9600,0,11.9600
2282,2292,20% VAT,20% VAT,20.0000,4.7000,0,0,4.7000,0,4.7000
2283,2293,20% VAT,20% VAT,20.0000,9.9200,0,0,9.9200,0,9.9200
2284,2294,20% VAT,20% VAT,20.0000,4.7500,0,0,4.7500,0,4.7500
2285,2295,20% VAT,20% VAT,20.0000,14.2900,0,0,14.2900,0,14.2900
2286,2296,20% VAT,20% VAT,20.0000,4.9800,0,0,4.9800,0,4.9800
2287,2297,20% VAT,20% VAT,20.0000,9.1600,0,0,9.1600,0,9.1600
2288,2298,20% VAT,20% VAT,20.0000,6.1800,0,0,6.1800,0,6.1800
2289,2299,20% VAT,20% VAT,20.0000,8.9700,0,0,8.9700,0,8.9700
2290,2300,20% VAT,20% VAT,20.0000,9.7300,0,0,9.7300,0,9.7300
2291,2301,20% VAT,20% VAT,20.0000,4.8900,0,0,4.8900,0,4.8900
2292,2302,20% VAT,20% VAT,20.0000,4.8900,0,0,4.8900,0,4.8900
2293,2303,20% VAT,20% VAT,20.0000,4.7500,0,0,4.7500,0,4.7500
2294,2304,20% VAT,20% VAT,20.0000,3.5200,0,0,3.5200,0,3.5200
2295,2305,20% VAT,20% VAT,20.0000,9.6100,0,0,9.6100,0,9.6100
2296,2306,20% VAT,20% VAT,20.0000,4.8700,0,0,4.8700,0,4.8700
2297,2307,20% VAT,20% VAT,20.0000,5.0100,0,0,5.0100,0,5.0100
2298,2308,20% VAT,20% VAT,20.0000,4.8700,0,0,4.8700,0,4.8700
2299,2309,20% VAT,20% VAT,20.0000,5.0100,0,0,5.0100,0,5.0100
2300,2310,20% VAT,20% VAT,20.0000,5.1100,0,0,5.1100,0,5.1100
2301,2311,20% VAT,20% VAT,20.0000,9.3200,0,0,9.3200,0,9.3200
2302,2312,20% VAT,20% VAT,20.0000,9.6100,0,0,9.6100,0,9.6100
2303,2313,20% VAT,20% VAT,20.0000,5.0100,0,0,5.0100,0,5.0100
2304,2314,20% VAT,20% VAT,20.0000,5.0100,0,0,5.0100,0,5.0100
2305,2315,20% VAT,20% VAT,20.0000,5.0100,0,0,5.0100,0,5.0100
2306,2316,20% VAT,20% VAT,20.0000,5.6800,0,0,5.6800,0,5.6800
2307,2317,20% VAT,20% VAT,20.0000,6.2600,0,0,6.2600,0,6.2600
2308,2318,20% VAT,20% VAT,20.0000,4.8700,0,0,4.8700,0,4.8700
2309,2319,20% VAT,20% VAT,20.0000,4.8700,0,0,4.8700,0,4.8700
2310,2320,20% VAT,20% VAT,20.0000,9.3200,0,0,9.3200,0,9.3200
2311,2321,20% VAT,20% VAT,20.0000,9.6100,0,0,9.6100,0,9.6100
2312,2322,20% VAT,20% VAT,20.0000,14.4500,0,0,14.4500,0,14.4500
2313,2323,20% VAT,20% VAT,20.0000,5.0100,0,0,5.0100,0,5.0100
2314,2324,20% VAT,20% VAT,20.0000,22.6300,0,0,22.6300,0,22.6300
2315,2325,20% VAT,20% VAT,20.0000,4.8900,0,0,4.8900,0,4.8900
2316,2326,20% VAT,20% VAT,20.0000,4.9800,0,0,4.9800,0,4.9800
2317,2327,20% VAT,20% VAT,20.0000,4.7500,0,0,4.7500,0,4.7500
2318,2328,20% VAT,20% VAT,20.0000,8.9700,0,0,8.9700,0,8.9700
2319,2329,20% VAT,20% VAT,20.0000,4.9800,0,0,4.9800,0,4.9800
2320,2330,20% VAT,20% VAT,20.0000,10.5700,0,0,10.5700,0,10.5700
2321,2331,20% VAT,20% VAT,20.0000,4.9800,0,0,4.9800,0,4.9800
2322,2332,20% VAT,20% VAT,20.0000,9.9000,0,0,9.9000,0,9.9000
2323,2333,20% VAT,20% VAT,20.0000,2.8100,0,0,2.8100,0,2.8100
2324,2334,20% VAT,20% VAT,20.0000,4.7000,0,0,4.7000,0,4.7000
2325,2335,20% VAT,20% VAT,20.0000,6.1200,0,0,6.1200,0,6.1200
2326,2336,20% VAT,20% VAT,20.0000,4.8900,0,0,4.8900,0,4.8900
2327,2337,20% VAT,20% VAT,20.0000,10.5700,0,0,10.5700,0,10.5700
2328,2338,20% VAT,20% VAT,20.0000,6.2600,0,0,6.2600,0,6.2600
2329,2339,20% VAT,20% VAT,20.0000,4.8700,0,0,4.8700,0,4.8700
2330,2340,20% VAT,20% VAT,20.0000,11.5200,0,0,11.5200,0,11.5200
2331,2341,20% VAT,20% VAT,20.0000,4.8200,0,0,4.8200,0,4.8200
2332,2342,20% VAT,20% VAT,20.0000,4.9800,0,0,4.9800,0,4.9800
2333,2343,20% VAT,20% VAT,20.0000,4.7500,0,0,4.7500,0,4.7500
2334,2344,20% VAT,20% VAT,20.0000,4.8900,0,0,4.8900,0,4.8900
2335,2345,20% VAT,20% VAT,20.0000,4.4400,0,0,4.4400,0,4.4400
2336,2346,20% VAT,20% VAT,20.0000,4.7000,0,0,4.7000,0,4.7000
2337,2347,20% VAT,20% VAT,20.0000,4.4900,0,0,4.4900,0,4.4900
2338,2348,20% VAT,20% VAT,20.0000,9.6100,0,0,9.6100,0,9.6100
2339,2349,20% VAT,20% VAT,20.0000,9.6100,0,0,9.6100,0,9.6100
2340,2350,20% VAT,20% VAT,20.0000,5.7300,0,0,5.7300,0,5.7300
2341,2351,20% VAT,20% VAT,20.0000,25.8200,0,0,25.8200,0,25.8200
2342,2352,20% VAT,20% VAT,20.0000,4.7000,0,0,4.7000,0,4.7000
2343,2353,20% VAT,20% VAT,20.0000,4.9800,0,0,4.9800,0,4.9800
2344,2354,20% VAT,20% VAT,20.0000,6.1200,0,0,6.1200,0,6.1200
2345,2355,20% VAT,20% VAT,20.0000,5.5500,0,0,5.5500,0,5.5500
2346,2356,20% VAT,20% VAT,20.0000,8.1000,0,0,8.1000,0,8.1000
2347,2357,20% VAT,20% VAT,20.0000,4.4900,0,0,4.4900,0,4.4900
2348,2358,20% VAT,20% VAT,20.0000,9.1800,0,0,9.1800,0,9.1800
2349,2359,20% VAT,20% VAT,20.0000,4.4400,0,0,4.4400,0,4.4400
2350,2360,20% VAT,20% VAT,20.0000,4.7000,0,0,4.7000,0,4.7000
2351,2361,20% VAT,20% VAT,20.0000,4.6100,0,0,4.6100,0,4.6100
2352,2362,20% VAT,20% VAT,20.0000,9.6100,0,0,9.6100,0,9.6100
2353,2363,20% VAT,20% VAT,20.0000,9.1800,0,0,9.1800,0,9.1800
2354,2364,20% VAT,20% VAT,20.0000,4.6100,0,0,4.6100,0,4.6100
2355,2365,20% VAT,20% VAT,20.0000,2.2800,0,0,2.2800,0,2.2800
2356,2366,20% VAT,20% VAT,20.0000,4.4900,0,0,4.4900,0,4.4900
2357,2367,20% VAT,20% VAT,20.0000,1.7400,0,0,1.7400,0,1.7400
2358,2368,20% VAT,20% VAT,20.0000,8.7500,0,0,8.7500,0,8.7500
2359,2369,20% VAT,20% VAT,20.0000,4.7000,0,0,4.7000,0,4.7000
2360,2370,20% VAT,20% VAT,20.0000,4.4400,0,0,4.4400,0,4.4400
2361,2371,20% VAT,20% VAT,20.0000,9.3500,0,0,9.3500,0,9.3500
2362,2372,20% VAT,20% VAT,20.0000,4.4900,0,0,4.4900,0,4.4900
2363,2373,20% VAT,20% VAT,20.0000,9.0100,0,0,9.0100,0,9.0100
2364,2374,20% VAT,20% VAT,20.0000,5.5500,0,0,5.5500,0,5.5500
2365,2375,20% VAT,20% VAT,20.0000,8.6900,0,0,8.6900,0,8.6900
2366,2376,20% VAT,20% VAT,20.0000,12.2000,0,0,12.2000,0,12.2000
2367,2377,20% VAT,20% VAT,20.0000,2.0900,0,0,2.0900,0,2.0900
2368,2378,20% VAT,20% VAT,20.0000,9.6100,0,0,9.6100,0,9.6100
2369,2379,20% VAT,20% VAT,20.0000,4.8900,0,0,4.8900,0,4.8900
2370,2380,20% VAT,20% VAT,20.0000,7.9800,0,0,7.9800,0,7.9800
2371,2381,20% VAT,20% VAT,20.0000,9.6100,0,0,9.6100,0,9.6100
2372,2382,20% VAT,20% VAT,20.0000,4.6100,0,0,4.6100,0,4.6100
2373,2383,20% VAT,20% VAT,20.0000,9.6100,0,0,9.6100,0,9.6100
2374,2384,20% VAT,20% VAT,20.0000,9.6100,0,0,9.6100,0,9.6100
2375,2385,20% VAT,20% VAT,20.0000,4.8900,0,0,4.8900,0,4.8900
2376,2386,20% VAT,20% VAT,20.0000,4.4400,0,0,4.4400,0,4.4400
2377,2387,20% VAT,20% VAT,20.0000,4.4400,0,0,4.4400,0,4.4400
2378,2388,20% VAT,20% VAT,20.0000,8.1000,0,0,8.1000,0,8.1000
2379,2389,20% VAT,20% VAT,20.0000,4.7500,0,0,4.7500,0,4.7500
2380,2390,20% VAT,20% VAT,20.0000,4.7000,0,0,4.7000,0,4.7000
2381,2391,20% VAT,20% VAT,20.0000,8.4900,0,0,8.4900,0,8.4900
2382,2392,20% VAT,20% VAT,20.0000,4.7000,0,0,4.7000,0,4.7000
2383,2393,20% VAT,20% VAT,20.0000,4.4900,0,0,4.4900,0,4.4900
2384,2394,20% VAT,20% VAT,20.0000,4.7000,0,0,4.7000,0,4.7000
2385,2395,20% VAT,20% VAT,20.0000,4.4900,0,0,4.4900,0,4.4900
2386,2396,20% VAT,20% VAT,20.0000,9.0100,0,0,9.0100,0,9.0100
2387,2397,20% VAT,20% VAT,20.0000,16.5100,0,0,16.5100,0,16.5100
2388,2398,20% VAT,20% VAT,20.0000,9.1800,0,0,9.1800,0,9.1800
2389,2399,20% VAT,20% VAT,20.0000,5.2100,0,0,5.2100,0,5.2100
2390,2400,20% VAT,20% VAT,20.0000,11.3400,0,0,11.3400,0,11.3400
2391,2401,20% VAT,20% VAT,20.0000,4.9500,0,0,4.9500,0,4.9500
2392,2402,20% VAT,20% VAT,20.0000,4.7000,0,0,4.7000,0,4.7000
2393,2403,20% VAT,20% VAT,20.0000,4.4400,0,0,4.4400,0,4.4400
2394,2404,20% VAT,20% VAT,20.0000,8.4900,0,0,8.4900,0,8.4900
2395,2405,20% VAT,20% VAT,20.0000,8.9700,0,0,8.9700,0,8.9700
2396,2406,20% VAT,20% VAT,20.0000,9.6100,0,0,9.6100,0,9.6100
2397,2407,20% VAT,20% VAT,20.0000,18.2300,0,0,18.2300,0,18.2300
2398,2408,20% VAT,20% VAT,20.0000,4.6100,0,0,4.6100,0,4.6100
2399,2409,20% VAT,20% VAT,20.0000,4.6100,0,0,4.6100,0,4.6100
2400,2410,20% VAT,20% VAT,20.0000,9.4400,0,0,9.4400,0,9.4400
2401,2411,20% VAT,20% VAT,20.0000,4.7000,0,0,4.7000,0,4.7000
2402,2412,20% VAT,20% VAT,20.0000,4.6100,0,0,4.6100,0,4.6100
2403,2413,20% VAT,20% VAT,20.0000,4.4900,0,0,4.4900,0,4.4900
2404,2414,20% VAT,20% VAT,20.0000,6.1200,0,0,6.1200,0,6.1200
2405,2415,20% VAT,20% VAT,20.0000,5.5500,0,0,5.5500,0,5.5500
2406,2416,20% VAT,20% VAT,20.0000,8.8700,0,0,8.8700,0,8.8700
2407,2417,20% VAT,20% VAT,20.0000,4.7000,0,0,4.7000,0,4.7000
2408,2418,20% VAT,20% VAT,20.0000,12.7600,0,0,12.7600,0,12.7600
2409,2419,20% VAT,20% VAT,20.0000,8.3200,0,0,8.3200,0,8.3200
2410,2420,20% VAT,20% VAT,20.0000,5.2100,0,0,5.2100,0,5.2100
2411,2421,20% VAT,20% VAT,20.0000,4.4400,0,0,4.4400,0,4.4400
2412,2422,20% VAT,20% VAT,20.0000,9.6100,0,0,9.6100,0,9.6100
2413,2423,20% VAT,20% VAT,20.0000,18.2300,0,0,18.2300,0,18.2300
2414,2424,20% VAT,20% VAT,20.0000,9.1800,0,0,9.1800,0,9.1800
2415,2425,20% VAT,20% VAT,20.0000,12.3700,0,0,12.3700,0,12.3700
2416,2426,20% VAT,20% VAT,20.0000,4.4400,0,0,4.4400,0,4.4400
2417,2427,20% VAT,20% VAT,20.0000,8.3200,0,0,8.3200,0,8.3200
2418,2428,20% VAT,20% VAT,20.0000,4.6100,0,0,4.6100,0,4.6100
2419,2429,20% VAT,20% VAT,20.0000,9.0100,0,0,9.0100,0,9.0100
2420,2430,20% VAT,20% VAT,20.0000,4.6100,0,0,4.6100,0,4.6100
2421,2431,20% VAT,20% VAT,20.0000,6.1200,0,0,6.1200,0,6.1200
2422,2432,20% VAT,20% VAT,20.0000,4.8900,0,0,4.8900,0,4.8900
2423,2433,20% VAT,20% VAT,20.0000,4.7000,0,0,4.7000,0,4.7000
2424,2434,20% VAT,20% VAT,20.0000,4.8900,0,0,4.8900,0,4.8900
2425,2435,20% VAT,20% VAT,20.0000,4.7500,0,0,4.7500,0,4.7500
2426,2436,20% VAT,20% VAT,20.0000,6.1200,0,0,6.1200,0,6.1200
2427,2437,20% VAT,20% VAT,20.0000,4.8700,0,0,4.8700,0,4.8700
2428,2438,20% VAT,20% VAT,20.0000,5.0100,0,0,5.0100,0,5.0100
2429,2439,20% VAT,20% VAT,20.0000,4.8700,0,0,4.8700,0,4.8700
2430,2440,20% VAT,20% VAT,20.0000,10.5700,0,0,10.5700,0,10.5700
2431,2441,20% VAT,20% VAT,20.0000,9.6100,0,0,9.6100,0,9.6100
2432,2442,20% VAT,20% VAT,20.0000,13.9700,0,0,13.9700,0,13.9700
2433,2443,20% VAT,20% VAT,20.0000,5.1100,0,0,5.1100,0,5.1100
2434,2444,20% VAT,20% VAT,20.0000,6.2600,0,0,6.2600,0,6.2600
2435,2445,20% VAT,20% VAT,20.0000,5.0100,0,0,5.0100,0,5.0100
2436,2446,20% VAT,20% VAT,20.0000,9.9000,0,0,9.9000,0,9.9000
2437,2447,20% VAT,20% VAT,20.0000,4.8700,0,0,4.8700,0,4.8700
2438,2448,20% VAT,20% VAT,20.0000,4.7500,0,0,4.7500,0,4.7500
2439,2449,20% VAT,20% VAT,20.0000,6.1200,0,0,6.1200,0,6.1200
2440,2450,20% VAT,20% VAT,20.0000,4.8900,0,0,4.8900,0,4.8900
2441,2451,20% VAT,20% VAT,20.0000,9.7300,0,0,9.7300,0,9.7300
2442,2452,20% VAT,20% VAT,20.0000,5.0100,0,0,5.0100,0,5.0100
2443,2453,20% VAT,20% VAT,20.0000,5.0100,0,0,5.0100,0,5.0100
2444,2454,20% VAT,20% VAT,20.0000,6.5500,0,0,6.5500,0,6.5500
2445,2455,20% VAT,20% VAT,20.0000,4.8200,0,0,4.8200,0,4.8200
2446,2456,20% VAT,20% VAT,20.0000,5.0100,0,0,5.0100,0,5.0100
2447,2457,20% VAT,20% VAT,20.0000,4.8200,0,0,4.8200,0,4.8200
2448,2458,20% VAT,20% VAT,20.0000,10.2800,0,0,10.2800,0,10.2800
2449,2459,20% VAT,20% VAT,20.0000,11.5200,0,0,11.5200,0,11.5200
2450,2460,20% VAT,20% VAT,20.0000,10.5700,0,0,10.5700,0,10.5700
2451,2461,20% VAT,20% VAT,20.0000,4.9800,0,0,4.9800,0,4.9800
2452,2462,20% VAT,20% VAT,20.0000,10.5700,0,0,10.5700,0,10.5700
2453,2463,20% VAT,20% VAT,20.0000,4.7500,0,0,4.7500,0,4.7500
2454,2464,20% VAT,20% VAT,20.0000,26.8500,0,0,26.8500,0,26.8500
2455,2465,20% VAT,20% VAT,20.0000,9.3200,0,0,9.3200,0,9.3200
2456,2466,20% VAT,20% VAT,20.0000,4.8200,0,0,4.8200,0,4.8200
2457,2467,20% VAT,20% VAT,20.0000,4.8900,0,0,4.8900,0,4.8900
2458,2468,20% VAT,20% VAT,20.0000,9.3200,0,0,9.3200,0,9.3200
2459,2469,20% VAT,20% VAT,20.0000,6.5500,0,0,6.5500,0,6.5500
2460,2470,20% VAT,20% VAT,20.0000,4.8200,0,0,4.8200,0,4.8200
2461,2471,20% VAT,20% VAT,20.0000,4.9800,0,0,4.9800,0,4.9800
2462,2472,20% VAT,20% VAT,20.0000,4.9800,0,0,4.9800,0,4.9800
2463,2473,20% VAT,20% VAT,20.0000,4.7000,0,0,4.7000,0,4.7000
2464,2474,20% VAT,20% VAT,20.0000,1.8400,0,0,1.8400,0,1.8400
2465,2475,20% VAT,20% VAT,20.0000,6.1200,0,0,6.1200,0,6.1200
2466,2476,20% VAT,20% VAT,20.0000,10.2800,0,0,10.2800,0,10.2800
2467,2477,20% VAT,20% VAT,20.0000,5.0100,0,0,5.0100,0,5.0100
2468,2478,20% VAT,20% VAT,20.0000,4.8900,0,0,4.8900,0,4.8900
2469,2479,20% VAT,20% VAT,20.0000,5.5500,0,0,5.5500,0,5.5500
2470,2480,20% VAT,20% VAT,20.0000,4.7000,0,0,4.7000,0,4.7000
2471,2481,20% VAT,20% VAT,20.0000,4.7500,0,0,4.7500,0,4.7500
2472,2482,20% VAT,20% VAT,20.0000,4.7500,0,0,4.7500,0,4.7500
2473,2483,20% VAT,20% VAT,20.0000,5.5500,0,0,5.5500,0,5.5500
2474,2484,20% VAT,20% VAT,20.0000,4.8900,0,0,4.8900,0,4.8900
2475,2485,20% VAT,20% VAT,20.0000,6.1200,0,0,6.1200,0,6.1200
2476,2486,20% VAT,20% VAT,20.0000,10.5700,0,0,10.5700,0,10.5700
2477,2487,20% VAT,20% VAT,20.0000,4.8900,0,0,4.8900,0,4.8900
2478,2488,20% VAT,20% VAT,20.0000,2.0900,0,0,2.0900,0,2.0900
2479,2489,20% VAT,20% VAT,20.0000,4.8900,0,0,4.8900,0,4.8900
2480,2490,20% VAT,20% VAT,20.0000,4.7000,0,0,4.7000,0,4.7000
2481,2491,20% VAT,20% VAT,20.0000,4.7500,0,0,4.7500,0,4.7500
2482,2492,20% VAT,20% VAT,20.0000,4.8900,0,0,4.8900,0,4.8900
2483,2493,20% VAT,20% VAT,20.0000,12.8600,0,0,12.8600,0,12.8600
2484,2494,20% VAT,20% VAT,20.0000,4.7500,0,0,4.7500,0,4.7500
2485,2495,20% VAT,20% VAT,20.0000,4.9800,0,0,4.9800,0,4.9800
2486,2496,20% VAT,20% VAT,20.0000,4.7500,0,0,4.7500,0,4.7500
2487,2497,20% VAT,20% VAT,20.0000,4.9800,0,0,4.9800,0,4.9800
2488,2498,20% VAT,20% VAT,20.0000,4.9800,0,0,4.9800,0,4.9800
2489,2499,20% VAT,20% VAT,20.0000,4.7500,0,0,4.7500,0,4.7500
2490,2500,20% VAT,20% VAT,20.0000,4.8900,0,0,4.8900,0,4.8900
2491,2501,20% VAT,20% VAT,20.0000,4.7500,0,0,4.7500,0,4.7500
2492,2502,20% VAT,20% VAT,20.0000,4.7500,0,0,4.7500,0,4.7500
2493,2503,20% VAT,20% VAT,20.0000,11.3400,0,0,11.3400,0,11.3400
2494,2504,20% VAT,20% VAT,20.0000,5.5500,0,0,5.5500,0,5.5500
2495,2505,20% VAT,20% VAT,20.0000,4.9800,0,0,4.9800,0,4.9800
2496,2506,20% VAT,20% VAT,20.0000,6.1200,0,0,6.1200,0,6.1200
2497,2507,20% VAT,20% VAT,20.0000,10.1100,0,0,10.1100,0,10.1100
2498,2508,20% VAT,20% VAT,20.0000,4.3300,0,0,4.3300,0,4.3300
2499,2509,20% VAT,20% VAT,20.0000,4.7500,0,0,4.7500,0,4.7500
2500,2510,20% VAT,20% VAT,20.0000,8.9700,0,0,8.9700,0,8.9700
2501,2511,20% VAT,20% VAT,20.0000,6.1200,0,0,6.1200,0,6.1200
2502,2512,20% VAT,20% VAT,20.0000,4.8900,0,0,4.8900,0,4.8900
2503,2513,20% VAT,20% VAT,20.0000,4.8900,0,0,4.8900,0,4.8900
2504,2514,20% VAT,20% VAT,20.0000,9.4500,0,0,9.4500,0,9.4500
2505,2515,20% VAT,20% VAT,20.0000,6.4800,0,0,6.4800,0,6.4800
2506,2516,20% VAT,20% VAT,20.0000,8.9700,0,0,8.9700,0,8.9700
2507,2517,20% VAT,20% VAT,20.0000,33.2800,0,0,33.2800,0,33.2800
2508,2518,20% VAT,20% VAT,20.0000,4.9800,0,0,4.9800,0,4.9800
2509,2519,20% VAT,20% VAT,20.0000,4.7500,0,0,4.7500,0,4.7500
2510,2520,20% VAT,20% VAT,20.0000,4.8900,0,0,4.8900,0,4.8900
2511,2521,20% VAT,20% VAT,20.0000,9.4500,0,0,9.4500,0,9.4500
2512,2522,20% VAT,20% VAT,20.0000,8.8700,0,0,8.8700,0,8.8700
2513,2523,20% VAT,20% VAT,20.0000,4.7500,0,0,4.7500,0,4.7500
2514,2524,20% VAT,20% VAT,20.0000,4.8900,0,0,4.8900,0,4.8900
2515,2525,20% VAT,20% VAT,20.0000,6.1200,0,0,6.1200,0,6.1200
2516,2526,20% VAT,20% VAT,20.0000,6.4100,0,0,6.4100,0,6.4100
2517,2527,20% VAT,20% VAT,20.0000,10.4000,0,0,10.4000,0,10.4000
2518,2528,20% VAT,20% VAT,20.0000,4.8900,0,0,4.8900,0,4.8900
2519,2529,20% VAT,20% VAT,20.0000,10.0800,0,0,10.0800,0,10.0800
2520,2530,20% VAT,20% VAT,20.0000,4.7500,0,0,4.7500,0,4.7500
2521,2531,20% VAT,20% VAT,20.0000,4.8900,0,0,4.8900,0,4.8900
2522,2532,20% VAT,20% VAT,20.0000,4.9800,0,0,4.9800,0,4.9800
2523,2533,20% VAT,20% VAT,20.0000,4.9800,0,0,4.9800,0,4.9800
2524,2534,20% VAT,20% VAT,20.0000,4.9800,0,0,4.9800,0,4.9800
2525,2535,20% VAT,20% VAT,20.0000,4.8900,0,0,4.8900,0,4.8900
2526,2536,20% VAT,20% VAT,20.0000,4.9800,0,0,4.9800,0,4.9800
2527,2537,20% VAT,20% VAT,20.0000,4.8900,0,0,4.8900,0,4.8900
2528,2538,20% VAT,20% VAT,20.0000,4.7500,0,0,4.7500,0,4.7500
2529,2539,20% VAT,20% VAT,20.0000,4.7500,0,0,4.7500,0,4.7500
2530,2540,20% VAT,20% VAT,20.0000,4.7000,0,0,4.7000,0,4.7000
2531,2541,20% VAT,20% VAT,20.0000,12.4800,0,0,12.4800,0,12.4800
2532,2542,20% VAT,20% VAT,20.0000,4.7000,0,0,4.7000,0,4.7000
2533,2543,20% VAT,20% VAT,20.0000,2.0900,0,0,2.0900,0,2.0900
2534,2544,20% VAT,20% VAT,20.0000,4.8900,0,0,4.8900,0,4.8900
2535,2545,20% VAT,20% VAT,20.0000,4.9800,0,0,4.9800,0,4.9800
2536,2546,20% VAT,20% VAT,20.0000,6.1200,0,0,6.1200,0,6.1200
2537,2547,20% VAT,20% VAT,20.0000,4.3900,0,0,4.3900,0,4.3900
2538,2548,20% VAT,20% VAT,20.0000,4.7500,0,0,4.7500,0,4.7500
2539,2549,20% VAT,20% VAT,20.0000,6.1200,0,0,6.1200,0,6.1200
2540,2550,20% VAT,20% VAT,20.0000,6.1200,0,0,6.1200,0,6.1200
2541,2551,20% VAT,20% VAT,20.0000,4.9800,0,0,4.9800,0,4.9800
2542,2552,20% VAT,20% VAT,20.0000,4.9800,0,0,4.9800,0,4.9800
2543,2553,20% VAT,20% VAT,20.0000,4.7500,0,0,4.7500,0,4.7500
2544,2554,20% VAT,20% VAT,20.0000,2.2800,0,0,2.2800,0,2.2800
2545,2555,20% VAT,20% VAT,20.0000,12.3300,0,0,12.3300,0,12.3300
2546,2556,20% VAT,20% VAT,20.0000,9.4500,0,0,9.4500,0,9.4500
2547,2557,20% VAT,20% VAT,20.0000,2.0900,0,0,2.0900,0,2.0900
2548,2558,20% VAT,20% VAT,20.0000,4.8900,0,0,4.8900,0,4.8900
2549,2559,20% VAT,20% VAT,20.0000,8.6000,0,0,8.6000,0,8.6000
2550,2560,20% VAT,20% VAT,20.0000,4.5400,0,0,4.5400,0,4.5400
2551,2561,20% VAT,20% VAT,20.0000,10.4000,0,0,10.4000,0,10.4000
2552,2562,20% VAT,20% VAT,20.0000,4.8900,0,0,4.8900,0,4.8900
2553,2563,20% VAT,20% VAT,20.0000,4.7500,0,0,4.7500,0,4.7500
2554,2564,20% VAT,20% VAT,20.0000,4.7500,0,0,4.7500,0,4.7500
2555,2565,20% VAT,20% VAT,20.0000,4.7500,0,0,4.7500,0,4.7500
2556,2566,20% VAT,20% VAT,20.0000,5.7200,0,0,5.7200,0,5.7200
2557,2567,20% VAT,20% VAT,20.0000,4.7500,0,0,4.7500,0,4.7500
2558,2568,20% VAT,20% VAT,20.0000,4.9800,0,0,4.9800,0,4.9800
2559,2569,20% VAT,20% VAT,20.0000,4.7500,0,0,4.7500,0,4.7500
2560,2570,20% VAT,20% VAT,20.0000,21.3600,0,0,21.3600,0,21.3600
2561,2571,20% VAT,20% VAT,20.0000,4.7500,0,0,4.7500,0,4.7500
2562,2572,20% VAT,20% VAT,20.0000,4.8900,0,0,4.8900,0,4.8900
2563,2573,20% VAT,20% VAT,20.0000,68.7800,0,0,68.7800,0,68.7800
2564,2574,20% VAT,20% VAT,20.0000,4.7500,0,0,4.7500,0,4.7500
2565,2575,20% VAT,20% VAT,20.0000,8.9700,0,0,8.9700,0,8.9700
2566,2576,20% VAT,20% VAT,20.0000,3.5200,0,0,3.5200,0,3.5200
2567,2577,20% VAT,20% VAT,20.0000,8.8700,0,0,8.8700,0,8.8700
2568,2578,20% VAT,20% VAT,20.0000,6.1200,0,0,6.1200,0,6.1200
2569,2579,20% VAT,20% VAT,20.0000,16.4400,0,0,16.4400,0,16.4400
2570,2580,20% VAT,20% VAT,20.0000,4.8900,0,0,4.8900,0,4.8900
2571,2581,20% VAT,20% VAT,20.0000,4.7500,0,0,4.7500,0,4.7500
2572,2582,20% VAT,20% VAT,20.0000,13.4300,0,0,13.4300,0,13.4300
2573,2583,20% VAT,20% VAT,20.0000,8.6900,0,0,8.6900,0,8.6900
2574,2584,20% VAT,20% VAT,20.0000,10.4000,0,0,10.4000,0,10.4000
2575,2585,20% VAT,20% VAT,20.0000,6.4700,0,0,6.4700,0,6.4700
2576,2586,20% VAT,20% VAT,20.0000,4.8900,0,0,4.8900,0,4.8900
2577,2587,20% VAT,20% VAT,20.0000,4.7500,0,0,4.7500,0,4.7500
2578,2588,20% VAT,20% VAT,20.0000,6.1200,0,0,6.1200,0,6.1200
2579,2589,20% VAT,20% VAT,20.0000,5.5500,0,0,5.5500,0,5.5500
2580,2590,20% VAT,20% VAT,20.0000,8.6900,0,0,8.6900,0,8.6900
2581,2591,20% VAT,20% VAT,20.0000,6.1200,0,0,6.1200,0,6.1200
2582,2592,20% VAT,20% VAT,20.0000,60.1700,0,0,60.1700,0,60.1700
2583,2593,20% VAT,20% VAT,20.0000,2.0900,0,0,2.0900,0,2.0900
2584,2594,20% VAT,20% VAT,20.0000,9.4500,0,0,9.4500,0,9.4500
2585,2595,20% VAT,20% VAT,20.0000,4.7500,0,0,4.7500,0,4.7500
2586,2596,20% VAT,20% VAT,20.0000,4.8900,0,0,4.8900,0,4.8900
2587,2597,20% VAT,20% VAT,20.0000,4.8900,0,0,4.8900,0,4.8900
2588,2598,20% VAT,20% VAT,20.0000,9.4500,0,0,9.4500,0,9.4500
2589,2599,20% VAT,20% VAT,20.0000,4.7000,0,0,4.7000,0,4.7000
2590,2600,20% VAT,20% VAT,20.0000,4.9800,0,0,4.9800,0,4.9800
2591,2601,20% VAT,20% VAT,20.0000,4.7500,0,0,4.7500,0,4.7500
2592,2602,20% VAT,20% VAT,20.0000,6.1200,0,0,6.1200,0,6.1200
2593,2603,20% VAT,20% VAT,20.0000,4.7500,0,0,4.7500,0,4.7500
2594,2604,20% VAT,20% VAT,20.0000,4.8900,0,0,4.8900,0,4.8900
2595,2605,20% VAT,20% VAT,20.0000,19.4900,0,0,19.4900,0,19.4900
2596,2606,20% VAT,20% VAT,20.0000,4.9800,0,0,4.9800,0,4.9800
2597,2607,20% VAT,20% VAT,20.0000,9.4500,0,0,9.4500,0,9.4500
2598,2608,20% VAT,20% VAT,20.0000,4.8900,0,0,4.8900,0,4.8900
2599,2609,20% VAT,20% VAT,20.0000,10.0700,0,0,10.0700,0,10.0700
2600,2610,20% VAT,20% VAT,20.0000,4.7500,0,0,4.7500,0,4.7500
2601,2611,20% VAT,20% VAT,20.0000,4.7500,0,0,4.7500,0,4.7500
2602,2612,20% VAT,20% VAT,20.0000,4.7500,0,0,4.7500,0,4.7500
2603,2613,20% VAT,20% VAT,20.0000,4.8900,0,0,4.8900,0,4.8900
2604,2614,20% VAT,20% VAT,20.0000,4.7500,0,0,4.7500,0,4.7500
2605,2615,20% VAT,20% VAT,20.0000,4.7500,0,0,4.7500,0,4.7500
2606,2616,20% VAT,20% VAT,20.0000,4.7500,0,0,4.7500,0,4.7500
2607,2617,20% VAT,20% VAT,20.0000,2.0900,0,0,2.0900,0,2.0900
2608,2618,20% VAT,20% VAT,20.0000,6.4800,0,0,6.4800,0,6.4800
2609,2619,20% VAT,20% VAT,20.0000,4.7000,0,0,4.7000,0,4.7000
2610,2620,20% VAT,20% VAT,20.0000,3.5200,0,0,3.5200,0,3.5200
2611,2621,20% VAT,20% VAT,20.0000,21.6900,0,0,21.6900,0,21.6900
2612,2622,20% VAT,20% VAT,20.0000,9.7400,0,0,9.7400,0,9.7400
2613,2623,20% VAT,20% VAT,20.0000,16.7600,0,0,16.7600,0,16.7600
2614,2624,20% VAT,20% VAT,20.0000,5.5500,0,0,5.5500,0,5.5500
2615,2625,20% VAT,20% VAT,20.0000,4.9800,0,0,4.9800,0,4.9800
2616,2626,20% VAT,20% VAT,20.0000,4.7000,0,0,4.7000,0,4.7000
2617,2627,20% VAT,20% VAT,20.0000,5.5500,0,0,5.5500,0,5.5500
2618,2628,20% VAT,20% VAT,20.0000,4.7500,0,0,4.7500,0,4.7500
2619,2629,20% VAT,20% VAT,20.0000,6.1200,0,0,6.1200,0,6.1200
2620,2630,20% VAT,20% VAT,20.0000,6.4800,0,0,6.4800,0,6.4800
2621,2631,20% VAT,20% VAT,20.0000,8.6000,0,0,8.6000,0,8.6000
2622,2632,20% VAT,20% VAT,20.0000,6.1200,0,0,6.1200,0,6.1200
2623,2633,20% VAT,20% VAT,20.0000,4.8900,0,0,4.8900,0,4.8900
2624,2634,20% VAT,20% VAT,20.0000,8.6900,0,0,8.6900,0,8.6900
2625,2635,20% VAT,20% VAT,20.0000,4.9800,0,0,4.9800,0,4.9800
2626,2636,20% VAT,20% VAT,20.0000,4.7000,0,0,4.7000,0,4.7000
2627,2637,20% VAT,20% VAT,20.0000,2.2800,0,0,2.2800,0,2.2800
2628,2638,20% VAT,20% VAT,20.0000,4.7500,0,0,4.7500,0,4.7500
2629,2639,20% VAT,20% VAT,20.0000,4.8900,0,0,4.8900,0,4.8900
2630,2640,20% VAT,20% VAT,20.0000,23.8300,0,0,23.8300,0,23.8300
2631,2641,20% VAT,20% VAT,20.0000,2.0900,0,0,2.0900,0,2.0900
2632,2642,20% VAT,20% VAT,20.0000,8.6900,0,0,8.6900,0,8.6900
2633,2643,20% VAT,20% VAT,20.0000,6.1200,0,0,6.1200,0,6.1200
2634,2644,20% VAT,20% VAT,20.0000,4.8900,0,0,4.8900,0,4.8900
2635,2645,20% VAT,20% VAT,20.0000,4.9800,0,0,4.9800,0,4.9800
2636,2646,20% VAT,20% VAT,20.0000,4.8900,0,0,4.8900,0,4.8900
2637,2647,20% VAT,20% VAT,20.0000,8.6900,0,0,8.6900,0,8.6900
2638,2648,20% VAT,20% VAT,20.0000,6.1200,0,0,6.1200,0,6.1200
2639,2649,20% VAT,20% VAT,20.0000,4.9800,0,0,4.9800,0,4.9800
2640,2650,20% VAT,20% VAT,20.0000,6.1200,0,0,6.1200,0,6.1200
2641,2651,20% VAT,20% VAT,20.0000,4.7500,0,0,4.7500,0,4.7500
2642,2652,20% VAT,20% VAT,20.0000,4.7500,0,0,4.7500,0,4.7500
2643,2653,20% VAT,20% VAT,20.0000,2.0900,0,0,2.0900,0,2.0900
2644,2654,20% VAT,20% VAT,20.0000,4.7500,0,0,4.7500,0,4.7500
2645,2655,20% VAT,20% VAT,20.0000,4.7000,0,0,4.7000,0,4.7000
2646,2656,20% VAT,20% VAT,20.0000,2.2800,0,0,2.2800,0,2.2800
2647,2657,20% VAT,20% VAT,20.0000,4.8900,0,0,4.8900,0,4.8900
2648,2658,20% VAT,20% VAT,20.0000,8.9700,0,0,8.9700,0,8.9700
2649,2659,20% VAT,20% VAT,20.0000,6.1200,0,0,6.1200,0,6.1200
2650,2660,20% VAT,20% VAT,20.0000,4.7500,0,0,4.7500,0,4.7500
2651,2661,20% VAT,20% VAT,20.0000,10.4000,0,0,10.4000,0,10.4000
2652,2662,20% VAT,20% VAT,20.0000,143.3800,0,0,143.3800,0,143.3800
2653,2663,20% VAT,20% VAT,20.0000,8.4900,0,0,8.4900,0,8.4900
2654,2664,20% VAT,20% VAT,20.0000,4.7500,0,0,4.7500,0,4.7500
2655,2665,20% VAT,20% VAT,20.0000,4.8900,0,0,4.8900,0,4.8900
2656,2666,20% VAT,20% VAT,20.0000,4.7000,0,0,4.7000,0,4.7000
2657,2667,20% VAT,20% VAT,20.0000,15.6200,0,0,15.6200,0,15.6200
2658,2668,20% VAT,20% VAT,20.0000,13.5300,0,0,13.5300,0,13.5300
2659,2669,20% VAT,20% VAT,20.0000,4.7500,0,0,4.7500,0,4.7500
2660,2670,20% VAT,20% VAT,20.0000,6.1200,0,0,6.1200,0,6.1200
2661,2671,20% VAT,20% VAT,20.0000,8.1000,0,0,8.1000,0,8.1000
2662,2672,20% VAT,20% VAT,20.0000,6.1200,0,0,6.1200,0,6.1200
2663,2673,20% VAT,20% VAT,20.0000,8.9700,0,0,8.9700,0,8.9700
2664,2674,20% VAT,20% VAT,20.0000,5.5500,0,0,5.5500,0,5.5500
2665,2675,20% VAT,20% VAT,20.0000,4.9800,0,0,4.9800,0,4.9800
2666,2676,20% VAT,20% VAT,20.0000,4.7500,0,0,4.7500,0,4.7500
2667,2677,20% VAT,20% VAT,20.0000,4.7500,0,0,4.7500,0,4.7500
2668,2678,20% VAT,20% VAT,20.0000,4.7500,0,0,4.7500,0,4.7500
2669,2679,20% VAT,20% VAT,20.0000,10.8300,0,0,10.8300,0,10.8300
2670,2680,20% VAT,20% VAT,20.0000,8.6900,0,0,8.6900,0,8.6900
2671,2681,20% VAT,20% VAT,20.0000,4.7000,0,0,4.7000,0,4.7000
2672,2682,20% VAT,20% VAT,20.0000,10.5000,0,0,10.5000,0,10.5000
2673,2683,20% VAT,20% VAT,20.0000,9.0600,0,0,9.0600,0,9.0600
2674,2684,20% VAT,20% VAT,20.0000,8.6900,0,0,8.6900,0,8.6900
2675,2685,20% VAT,20% VAT,20.0000,10.4000,0,0,10.4000,0,10.4000
2676,2686,20% VAT,20% VAT,20.0000,3.5200,0,0,3.5200,0,3.5200
2677,2687,20% VAT,20% VAT,20.0000,29.5800,0,0,29.5800,0,29.5800
2678,2688,20% VAT,20% VAT,20.0000,34.8200,0,0,34.8200,0,34.8200
2679,2689,20% VAT,20% VAT,20.0000,4.7000,0,0,4.7000,0,4.7000
2680,2690,20% VAT,20% VAT,20.0000,4.8900,0,0,4.8900,0,4.8900
2681,2691,20% VAT,20% VAT,20.0000,9.4500,0,0,9.4500,0,9.4500
2682,2692,20% VAT,20% VAT,20.0000,4.8900,0,0,4.8900,0,4.8900
2683,2693,20% VAT,20% VAT,20.0000,6.4100,0,0,6.4100,0,6.4100
2684,2694,20% VAT,20% VAT,20.0000,19.8900,0,0,19.8900,0,19.8900
2685,2695,20% VAT,20% VAT,20.0000,4.8900,0,0,4.8900,0,4.8900
2686,2696,20% VAT,20% VAT,20.0000,4.9800,0,0,4.9800,0,4.9800
2687,2697,20% VAT,20% VAT,20.0000,4.7000,0,0,4.7000,0,4.7000
2688,2698,20% VAT,20% VAT,20.0000,4.8900,0,0,4.8900,0,4.8900
2689,2699,20% VAT,20% VAT,20.0000,4.7500,0,0,4.7500,0,4.7500
2690,2700,20% VAT,20% VAT,20.0000,4.7500,0,0,4.7500,0,4.7500
2691,2701,20% VAT,20% VAT,20.0000,6.1200,0,0,6.1200,0,6.1200
2692,2702,20% VAT,20% VAT,20.0000,9.6300,0,0,9.6300,0,9.6300
2693,2703,20% VAT,20% VAT,20.0000,4.3300,0,0,4.3300,0,4.3300
2694,2704,20% VAT,20% VAT,20.0000,7.3400,0,0,7.3400,0,7.3400
2695,2705,20% VAT,20% VAT,20.0000,4.8900,0,0,4.8900,0,4.8900
2696,2706,20% VAT,20% VAT,20.0000,9.4500,0,0,9.4500,0,9.4500
2697,2707,20% VAT,20% VAT,20.0000,13.1500,0,0,13.1500,0,13.1500
2698,2708,20% VAT,20% VAT,20.0000,4.7500,0,0,4.7500,0,4.7500
2699,2709,20% VAT,20% VAT,20.0000,5.9500,0,0,5.9500,0,5.9500
2700,2711,20% VAT,20% VAT,20.0000,4.7000,0,0,4.7000,0,4.7000
2701,2712,20% VAT,20% VAT,20.0000,4.7500,0,0,4.7500,0,4.7500
2702,2713,20% VAT,20% VAT,20.0000,20.9000,0,0,20.9000,0,20.9000
2703,2714,20% VAT,20% VAT,20.0000,11.8700,0,0,11.8700,0,11.8700
2704,2715,20% VAT,20% VAT,20.0000,4.8900,0,0,4.8900,0,4.8900
2705,2716,20% VAT,20% VAT,20.0000,9.7300,0,0,9.7300,0,9.7300
2706,2717,20% VAT,20% VAT,20.0000,4.7000,0,0,4.7000,0,4.7000
2707,2718,20% VAT,20% VAT,20.0000,9.2600,0,0,9.2600,0,9.2600
2708,2719,20% VAT,20% VAT,20.0000,6.1200,0,0,6.1200,0,6.1200
2709,2720,20% VAT,20% VAT,20.0000,4.9800,0,0,4.9800,0,4.9800
2710,2721,20% VAT,20% VAT,20.0000,9.4500,0,0,9.4500,0,9.4500
2711,2722,20% VAT,20% VAT,20.0000,13.4300,0,0,13.4300,0,13.4300
2712,2723,20% VAT,20% VAT,20.0000,4.9500,0,0,4.9500,0,4.9500
2713,2724,20% VAT,20% VAT,20.0000,5.5500,0,0,5.5500,0,5.5500
2714,2725,20% VAT,20% VAT,20.0000,4.8900,0,0,4.8900,0,4.8900
2715,2726,20% VAT,20% VAT,20.0000,10.4000,0,0,10.4000,0,10.4000
2716,2727,20% VAT,20% VAT,20.0000,9.6100,0,0,9.6100,0,9.6100
2717,2728,20% VAT,20% VAT,20.0000,4.9800,0,0,4.9800,0,4.9800
2718,2729,20% VAT,20% VAT,20.0000,9.4500,0,0,9.4500,0,9.4500
2719,2730,20% VAT,20% VAT,20.0000,4.7000,0,0,4.7000,0,4.7000
2720,2731,20% VAT,20% VAT,20.0000,8.9700,0,0,8.9700,0,8.9700
2721,2732,20% VAT,20% VAT,20.0000,17.0400,0,0,17.0400,0,17.0400
2722,2733,20% VAT,20% VAT,20.0000,9.2000,0,0,9.2000,0,9.2000
2723,2734,20% VAT,20% VAT,20.0000,6.4100,0,0,6.4100,0,6.4100
2724,2735,20% VAT,20% VAT,20.0000,4.7500,0,0,4.7500,0,4.7500
2725,2736,20% VAT,20% VAT,20.0000,4.7500,0,0,4.7500,0,4.7500
2726,2737,20% VAT,20% VAT,20.0000,4.7000,0,0,4.7000,0,4.7000
2727,2738,20% VAT,20% VAT,20.0000,6.1200,0,0,6.1200,0,6.1200
2728,2739,20% VAT,20% VAT,20.0000,8.9700,0,0,8.9700,0,8.9700
2729,2740,20% VAT,20% VAT,20.0000,4.7500,0,0,4.7500,0,4.7500
2730,2741,20% VAT,20% VAT,20.0000,6.1200,0,0,6.1200,0,6.1200
2731,2742,20% VAT,20% VAT,20.0000,12.4400,0,0,12.4400,0,12.4400
2732,2743,20% VAT,20% VAT,20.0000,9.4500,0,0,9.4500,0,9.4500
2733,2744,20% VAT,20% VAT,20.0000,3.5200,0,0,3.5200,0,3.5200
2734,2745,20% VAT,20% VAT,20.0000,20.5000,0,0,20.5000,0,20.5000
2735,2746,20% VAT,20% VAT,20.0000,4.7500,0,0,4.7500,0,4.7500
2736,2747,20% VAT,20% VAT,20.0000,4.9800,0,0,4.9800,0,4.9800
2737,2748,20% VAT,20% VAT,20.0000,4.7500,0,0,4.7500,0,4.7500
2738,2749,20% VAT,20% VAT,20.0000,4.7500,0,0,4.7500,0,4.7500
2739,2750,20% VAT,20% VAT,20.0000,4.7000,0,0,4.7000,0,4.7000
2740,2751,20% VAT,20% VAT,20.0000,4.7000,0,0,4.7000,0,4.7000
2741,2752,20% VAT,20% VAT,20.0000,9.4200,0,0,9.4200,0,9.4200
2742,2753,20% VAT,20% VAT,20.0000,10.4000,0,0,10.4000,0,10.4000
2743,2754,20% VAT,20% VAT,20.0000,4.9800,0,0,4.9800,0,4.9800
2744,2755,20% VAT,20% VAT,20.0000,4.7000,0,0,4.7000,0,4.7000
2745,2756,20% VAT,20% VAT,20.0000,10.2900,0,0,10.2900,0,10.2900
2746,2757,20% VAT,20% VAT,20.0000,4.8900,0,0,4.8900,0,4.8900
2747,2758,20% VAT,20% VAT,20.0000,4.7000,0,0,4.7000,0,4.7000
2748,2759,20% VAT,20% VAT,20.0000,4.7000,0,0,4.7000,0,4.7000
2749,2760,20% VAT,20% VAT,20.0000,9.4500,0,0,9.4500,0,9.4500
2750,2761,20% VAT,20% VAT,20.0000,4.7500,0,0,4.7500,0,4.7500
2751,2762,20% VAT,20% VAT,20.0000,6.1200,0,0,6.1200,0,6.1200
2752,2763,20% VAT,20% VAT,20.0000,4.9800,0,0,4.9800,0,4.9800
2753,2764,20% VAT,20% VAT,20.0000,9.7300,0,0,9.7300,0,9.7300
2754,2765,20% VAT,20% VAT,20.0000,4.7500,0,0,4.7500,0,4.7500
2755,2766,20% VAT,20% VAT,20.0000,19.2700,0,0,19.2700,0,19.2700
2756,2767,20% VAT,20% VAT,20.0000,4.8900,0,0,4.8900,0,4.8900
2757,2768,20% VAT,20% VAT,20.0000,6.1200,0,0,6.1200,0,6.1200
2758,2769,20% VAT,20% VAT,20.0000,4.7000,0,0,4.7000,0,4.7000
2759,2770,20% VAT,20% VAT,20.0000,29.3400,0,0,29.3400,0,29.3400
2760,2771,20% VAT,20% VAT,20.0000,4.7000,0,0,4.7000,0,4.7000
2761,2772,20% VAT,20% VAT,20.0000,4.7500,0,0,4.7500,0,4.7500
2762,2773,20% VAT,20% VAT,20.0000,4.7500,0,0,4.7500,0,4.7500
2763,2774,20% VAT,20% VAT,20.0000,4.7500,0,0,4.7500,0,4.7500
2764,2775,20% VAT,20% VAT,20.0000,12.6700,0,0,12.6700,0,12.6700
2765,2776,20% VAT,20% VAT,20.0000,19.4900,0,0,19.4900,0,19.4900
2766,2777,20% VAT,20% VAT,20.0000,41.3100,0,0,41.3100,0,41.3100
2767,2778,20% VAT,20% VAT,20.0000,4.7000,0,0,4.7000,0,4.7000
2768,2779,20% VAT,20% VAT,20.0000,9.4500,0,0,9.4500,0,9.4500
2769,2780,20% VAT,20% VAT,20.0000,6.1200,0,0,6.1200,0,6.1200
2770,2781,20% VAT,20% VAT,20.0000,9.4500,0,0,9.4500,0,9.4500
2771,2782,20% VAT,20% VAT,20.0000,9.2000,0,0,9.2000,0,9.2000
2772,2783,20% VAT,20% VAT,20.0000,8.6000,0,0,8.6000,0,8.6000
2773,2784,20% VAT,20% VAT,20.0000,9.4500,0,0,9.4500,0,9.4500
2774,2785,20% VAT,20% VAT,20.0000,8.4900,0,0,8.4900,0,8.4900
2775,2786,20% VAT,20% VAT,20.0000,9.4500,0,0,9.4500,0,9.4500
2776,2787,20% VAT,20% VAT,20.0000,6.1200,0,0,6.1200,0,6.1200
2777,2788,20% VAT,20% VAT,20.0000,4.7000,0,0,4.7000,0,4.7000
2778,2789,20% VAT,20% VAT,20.0000,4.7000,0,0,4.7000,0,4.7000
2779,2790,20% VAT,20% VAT,20.0000,4.9800,0,0,4.9800,0,4.9800
2780,2791,20% VAT,20% VAT,20.0000,9.2000,0,0,9.2000,0,9.2000
2781,2792,20% VAT,20% VAT,20.0000,9.4500,0,0,9.4500,0,9.4500
2782,2793,20% VAT,20% VAT,20.0000,9.4500,0,0,9.4500,0,9.4500
2783,2794,20% VAT,20% VAT,20.0000,4.7500,0,0,4.7500,0,4.7500
2784,2795,20% VAT,20% VAT,20.0000,4.7000,0,0,4.7000,0,4.7000
2785,2796,20% VAT,20% VAT,20.0000,4.7500,0,0,4.7500,0,4.7500
2786,2797,20% VAT,20% VAT,20.0000,9.4500,0,0,9.4500,0,9.4500
2787,2798,20% VAT,20% VAT,20.0000,9.7300,0,0,9.7300,0,9.7300
2788,2799,20% VAT,20% VAT,20.0000,10.4000,0,0,10.4000,0,10.4000
2789,2800,20% VAT,20% VAT,20.0000,13.3900,0,0,13.3900,0,13.3900
2790,2801,20% VAT,20% VAT,20.0000,9.4500,0,0,9.4500,0,9.4500
2791,2802,20% VAT,20% VAT,20.0000,8.7300,0,0,8.7300,0,8.7300
2792,2803,20% VAT,20% VAT,20.0000,4.9800,0,0,4.9800,0,4.9800
2793,2804,20% VAT,20% VAT,20.0000,9.9200,0,0,9.9200,0,9.9200
2794,2805,20% VAT,20% VAT,20.0000,58.5700,0,0,58.5700,0,58.5700
2795,2806,20% VAT,20% VAT,20.0000,43.2900,0,0,43.2900,0,43.2900
2796,2807,20% VAT,20% VAT,20.0000,4.9800,0,0,4.9800,0,4.9800
2797,2808,20% VAT,20% VAT,20.0000,4.7000,0,0,4.7000,0,4.7000
2798,2809,20% VAT,20% VAT,20.0000,4.7000,0,0,4.7000,0,4.7000
2799,2810,20% VAT,20% VAT,20.0000,28.6900,0,0,28.6900,0,28.6900
2800,2811,20% VAT,20% VAT,20.0000,4.7500,0,0,4.7500,0,4.7500
2801,2812,20% VAT,20% VAT,20.0000,9.7300,0,0,9.7300,0,9.7300
2802,2813,20% VAT,20% VAT,20.0000,6.1200,0,0,6.1200,0,6.1200
2803,2814,20% VAT,20% VAT,20.0000,10.4000,0,0,10.4000,0,10.4000
2804,2815,20% VAT,20% VAT,20.0000,8.6900,0,0,8.6900,0,8.6900
2805,2816,20% VAT,20% VAT,20.0000,4.7000,0,0,4.7000,0,4.7000
2806,2817,20% VAT,20% VAT,20.0000,13.2400,0,0,13.2400,0,13.2400
2807,2818,20% VAT,20% VAT,20.0000,4.7000,0,0,4.7000,0,4.7000
2808,2819,20% VAT,20% VAT,20.0000,8.9700,0,0,8.9700,0,8.9700
2809,2820,20% VAT,20% VAT,20.0000,4.9800,0,0,4.9800,0,4.9800
2810,2821,20% VAT,20% VAT,20.0000,4.9500,0,0,4.9500,0,4.9500
2811,2822,20% VAT,20% VAT,20.0000,10.4000,0,0,10.4000,0,10.4000
2812,2823,20% VAT,20% VAT,20.0000,29.2300,0,0,29.2300,0,29.2300
2813,2824,20% VAT,20% VAT,20.0000,16.9500,0,0,16.9500,0,16.9500
2814,2825,20% VAT,20% VAT,20.0000,4.8900,0,0,4.8900,0,4.8900
2815,2826,20% VAT,20% VAT,20.0000,21.0000,0,0,21.0000,0,21.0000
2816,2827,20% VAT,20% VAT,20.0000,12.9600,0,0,12.9600,0,12.9600
2817,2828,20% VAT,20% VAT,20.0000,4.9800,0,0,4.9800,0,4.9800
2818,2829,20% VAT,20% VAT,20.0000,4.7500,0,0,4.7500,0,4.7500
2819,2830,20% VAT,20% VAT,20.0000,8.6900,0,0,8.6900,0,8.6900
2820,2831,20% VAT,20% VAT,20.0000,4.7000,0,0,4.7000,0,4.7000
2821,2832,20% VAT,20% VAT,20.0000,8.6900,0,0,8.6900,0,8.6900
2822,2833,20% VAT,20% VAT,20.0000,8.6900,0,0,8.6900,0,8.6900
2823,2834,20% VAT,20% VAT,20.0000,4.8900,0,0,4.8900,0,4.8900
2824,2835,20% VAT,20% VAT,20.0000,4.8900,0,0,4.8900,0,4.8900
2825,2836,20% VAT,20% VAT,20.0000,3.5200,0,0,3.5200,0,3.5200
2826,2837,20% VAT,20% VAT,20.0000,4.9800,0,0,4.9800,0,4.9800
2827,2838,20% VAT,20% VAT,20.0000,4.7500,0,0,4.7500,0,4.7500
2828,2839,20% VAT,20% VAT,20.0000,10.0700,0,0,10.0700,0,10.0700
2829,2840,20% VAT,20% VAT,20.0000,8.6000,0,0,8.6000,0,8.6000
2830,2841,20% VAT,20% VAT,20.0000,10.4000,0,0,10.4000,0,10.4000
2831,2842,20% VAT,20% VAT,20.0000,4.8900,0,0,4.8900,0,4.8900
2832,2843,20% VAT,20% VAT,20.0000,20.1400,0,0,20.1400,0,20.1400
2833,2844,20% VAT,20% VAT,20.0000,4.7500,0,0,4.7500,0,4.7500
2834,2845,20% VAT,20% VAT,20.0000,9.2600,0,0,9.2600,0,9.2600
2835,2846,20% VAT,20% VAT,20.0000,7.1500,0,0,7.1500,0,7.1500
2836,2847,20% VAT,20% VAT,20.0000,21.0800,0,0,21.0800,0,21.0800
2837,2848,20% VAT,20% VAT,20.0000,18.3600,0,0,18.3600,0,18.3600
2838,2849,20% VAT,20% VAT,20.0000,4.8900,0,0,4.8900,0,4.8900
2839,2850,20% VAT,20% VAT,20.0000,4.7500,0,0,4.7500,0,4.7500
2840,2851,20% VAT,20% VAT,20.0000,8.6900,0,0,8.6900,0,8.6900
2841,2852,20% VAT,20% VAT,20.0000,4.9800,0,0,4.9800,0,4.9800
2842,2853,20% VAT,20% VAT,20.0000,12.5600,0,0,12.5600,0,12.5600
2843,2854,20% VAT,20% VAT,20.0000,10.4000,0,0,10.4000,0,10.4000
2844,2855,20% VAT,20% VAT,20.0000,6.1200,0,0,6.1200,0,6.1200
2845,2856,20% VAT,20% VAT,20.0000,4.7500,0,0,4.7500,0,4.7500
2846,2857,20% VAT,20% VAT,20.0000,4.7000,0,0,4.7000,0,4.7000
2847,2858,20% VAT,20% VAT,20.0000,4.7000,0,0,4.7000,0,4.7000
2848,2859,20% VAT,20% VAT,20.0000,9.4500,0,0,9.4500,0,9.4500
2849,2860,20% VAT,20% VAT,20.0000,15.1300,0,0,15.1300,0,15.1300
2850,2861,20% VAT,20% VAT,20.0000,4.7500,0,0,4.7500,0,4.7500
2851,2862,20% VAT,20% VAT,20.0000,8.6900,0,0,8.6900,0,8.6900
2852,2863,20% VAT,20% VAT,20.0000,9.4500,0,0,9.4500,0,9.4500
2853,2864,20% VAT,20% VAT,20.0000,8.9700,0,0,8.9700,0,8.9700
2854,2865,20% VAT,20% VAT,20.0000,8.9700,0,0,8.9700,0,8.9700
2855,2866,20% VAT,20% VAT,20.0000,9.1600,0,0,9.1600,0,9.1600
2856,2867,20% VAT,20% VAT,20.0000,4.7500,0,0,4.7500,0,4.7500
2857,2868,20% VAT,20% VAT,20.0000,6.1200,0,0,6.1200,0,6.1200
2858,2869,20% VAT,20% VAT,20.0000,10.4000,0,0,10.4000,0,10.4000
2859,2870,20% VAT,20% VAT,20.0000,37.6200,0,0,37.6200,0,37.6200
2860,2871,20% VAT,20% VAT,20.0000,4.7500,0,0,4.7500,0,4.7500
2861,2872,20% VAT,20% VAT,20.0000,4.8900,0,0,4.8900,0,4.8900
2862,2873,20% VAT,20% VAT,20.0000,8.6000,0,0,8.6000,0,8.6000
2863,2874,20% VAT,20% VAT,20.0000,9.4500,0,0,9.4500,0,9.4500
2864,2875,20% VAT,20% VAT,20.0000,18.2800,0,0,18.2800,0,18.2800
2865,2876,20% VAT,20% VAT,20.0000,8.9700,0,0,8.9700,0,8.9700
2866,2877,20% VAT,20% VAT,20.0000,4.7500,0,0,4.7500,0,4.7500
2867,2878,20% VAT,20% VAT,20.0000,8.9700,0,0,8.9700,0,8.9700
2868,2879,20% VAT,20% VAT,20.0000,9.4500,0,0,9.4500,0,9.4500
2869,2880,20% VAT,20% VAT,20.0000,9.4500,0,0,9.4500,0,9.4500
2870,2881,20% VAT,20% VAT,20.0000,4.7000,0,0,4.7000,0,4.7000
2871,2882,20% VAT,20% VAT,20.0000,8.4900,0,0,8.4900,0,8.4900
2872,2883,20% VAT,20% VAT,20.0000,8.9700,0,0,8.9700,0,8.9700
2873,2884,20% VAT,20% VAT,20.0000,4.7000,0,0,4.7000,0,4.7000
2874,2885,20% VAT,20% VAT,20.0000,9.2600,0,0,9.2600,0,9.2600
2875,2886,20% VAT,20% VAT,20.0000,4.3300,0,0,4.3300,0,4.3300
2876,2887,20% VAT,20% VAT,20.0000,4.7000,0,0,4.7000,0,4.7000
2877,2888,20% VAT,20% VAT,20.0000,4.7500,0,0,4.7500,0,4.7500
2878,2889,20% VAT,20% VAT,20.0000,9.1600,0,0,9.1600,0,9.1600
2879,2890,20% VAT,20% VAT,20.0000,16.4700,0,0,16.4700,0,16.4700
2880,2891,20% VAT,20% VAT,20.0000,10.0700,0,0,10.0700,0,10.0700
2881,2892,20% VAT,20% VAT,20.0000,4.7500,0,0,4.7500,0,4.7500
2882,2893,20% VAT,20% VAT,20.0000,5.5500,0,0,5.5500,0,5.5500
2883,2894,20% VAT,20% VAT,20.0000,4.7500,0,0,4.7500,0,4.7500
2884,2895,20% VAT,20% VAT,20.0000,4.7500,0,0,4.7500,0,4.7500
2885,2896,20% VAT,20% VAT,20.0000,4.7500,0,0,4.7500,0,4.7500
2886,2897,20% VAT,20% VAT,20.0000,8.6900,0,0,8.6900,0,8.6900
2887,2898,20% VAT,20% VAT,20.0000,4.7500,0,0,4.7500,0,4.7500
2888,2899,20% VAT,20% VAT,20.0000,8.6900,0,0,8.6900,0,8.6900
2889,2900,20% VAT,20% VAT,20.0000,8.6900,0,0,8.6900,0,8.6900
2890,2901,20% VAT,20% VAT,20.0000,12.2900,0,0,12.2900,0,12.2900
2891,2902,20% VAT,20% VAT,20.0000,4.7500,0,0,4.7500,0,4.7500
2892,2903,20% VAT,20% VAT,20.0000,9.4500,0,0,9.4500,0,9.4500
2893,2904,20% VAT,20% VAT,20.0000,8.6900,0,0,8.6900,0,8.6900
2894,2905,20% VAT,20% VAT,20.0000,4.7500,0,0,4.7500,0,4.7500
2895,2906,20% VAT,20% VAT,20.0000,4.8900,0,0,4.8900,0,4.8900
2896,2907,20% VAT,20% VAT,20.0000,4.7500,0,0,4.7500,0,4.7500
2897,2908,20% VAT,20% VAT,20.0000,9.4500,0,0,9.4500,0,9.4500
2898,2909,20% VAT,20% VAT,20.0000,8.9700,0,0,8.9700,0,8.9700
2899,2910,20% VAT,20% VAT,20.0000,8.6900,0,0,8.6900,0,8.6900
2900,2911,20% VAT,20% VAT,20.0000,35.8300,0,0,35.8300,0,35.8300
2901,2912,20% VAT,20% VAT,20.0000,9.7300,0,0,9.7300,0,9.7300
2902,2913,20% VAT,20% VAT,20.0000,26.3100,0,0,26.3100,0,26.3100
2903,2914,20% VAT,20% VAT,20.0000,8.6900,0,0,8.6900,0,8.6900
2904,2915,20% VAT,20% VAT,20.0000,6.1200,0,0,6.1200,0,6.1200
2905,2916,20% VAT,20% VAT,20.0000,8.6900,0,0,8.6900,0,8.6900
2906,2917,20% VAT,20% VAT,20.0000,67.4500,0,0,67.4500,0,67.4500
2907,2918,20% VAT,20% VAT,20.0000,39.9500,0,0,39.9500,0,39.9500
2908,2919,20% VAT,20% VAT,20.0000,8.6000,0,0,8.6000,0,8.6000
2909,2920,20% VAT,20% VAT,20.0000,6.1200,0,0,6.1200,0,6.1200
2910,2921,20% VAT,20% VAT,20.0000,4.7500,0,0,4.7500,0,4.7500
2911,2922,20% VAT,20% VAT,20.0000,8.6900,0,0,8.6900,0,8.6900
2912,2923,20% VAT,20% VAT,20.0000,4.7500,0,0,4.7500,0,4.7500
2913,2924,20% VAT,20% VAT,20.0000,4.7000,0,0,4.7000,0,4.7000
2914,2925,20% VAT,20% VAT,20.0000,9.9200,0,0,9.9200,0,9.9200
2915,2926,20% VAT,20% VAT,20.0000,4.9800,0,0,4.9800,0,4.9800
2916,2927,20% VAT,20% VAT,20.0000,4.7000,0,0,4.7000,0,4.7000
2917,2928,20% VAT,20% VAT,20.0000,9.9200,0,0,9.9200,0,9.9200
2918,2929,20% VAT,20% VAT,20.0000,4.7000,0,0,4.7000,0,4.7000
2919,2930,20% VAT,20% VAT,20.0000,15.2600,0,0,15.2600,0,15.2600
2920,2931,20% VAT,20% VAT,20.0000,4.7000,0,0,4.7000,0,4.7000
2921,2932,20% VAT,20% VAT,20.0000,4.8900,0,0,4.8900,0,4.8900
2922,2933,20% VAT,20% VAT,20.0000,8.9700,0,0,8.9700,0,8.9700
2923,2934,20% VAT,20% VAT,20.0000,4.7000,0,0,4.7000,0,4.7000
2924,2935,20% VAT,20% VAT,20.0000,8.8700,0,0,8.8700,0,8.8700
2925,2936,20% VAT,20% VAT,20.0000,2.0900,0,0,2.0900,0,2.0900
2926,2937,20% VAT,20% VAT,20.0000,6.4100,0,0,6.4100,0,6.4100
2927,2938,20% VAT,20% VAT,20.0000,8.9700,0,0,8.9700,0,8.9700
2928,2939,20% VAT,20% VAT,20.0000,4.7000,0,0,4.7000,0,4.7000
2929,2940,20% VAT,20% VAT,20.0000,4.7000,0,0,4.7000,0,4.7000
2930,2941,20% VAT,20% VAT,20.0000,4.8900,0,0,4.8900,0,4.8900
2931,2942,20% VAT,20% VAT,20.0000,8.9700,0,0,8.9700,0,8.9700
2932,2943,20% VAT,20% VAT,20.0000,4.7000,0,0,4.7000,0,4.7000
2933,2944,20% VAT,20% VAT,20.0000,6.1200,0,0,6.1200,0,6.1200
2934,2945,20% VAT,20% VAT,20.0000,4.7500,0,0,4.7500,0,4.7500
2935,2946,20% VAT,20% VAT,20.0000,14.5900,0,0,14.5900,0,14.5900
2936,2947,20% VAT,20% VAT,20.0000,4.7000,0,0,4.7000,0,4.7000
2937,2948,20% VAT,20% VAT,20.0000,4.7000,0,0,4.7000,0,4.7000
2938,2949,20% VAT,20% VAT,20.0000,4.7500,0,0,4.7500,0,4.7500
2939,2950,20% VAT,20% VAT,20.0000,6.1200,0,0,6.1200,0,6.1200
2940,2951,20% VAT,20% VAT,20.0000,4.8900,0,0,4.8900,0,4.8900
2941,2952,20% VAT,20% VAT,20.0000,8.9700,0,0,8.9700,0,8.9700
2942,2953,20% VAT,20% VAT,20.0000,9.4500,0,0,9.4500,0,9.4500
2943,2954,20% VAT,20% VAT,20.0000,6.1200,0,0,6.1200,0,6.1200
2944,2955,20% VAT,20% VAT,20.0000,4.7000,0,0,4.7000,0,4.7000
2945,2956,20% VAT,20% VAT,20.0000,9.9200,0,0,9.9200,0,9.9200
2946,2957,20% VAT,20% VAT,20.0000,17.7500,0,0,17.7500,0,17.7500
2947,2958,20% VAT,20% VAT,20.0000,4.7500,0,0,4.7500,0,4.7500
2948,2959,20% VAT,20% VAT,20.0000,4.7000,0,0,4.7000,0,4.7000
2949,2960,20% VAT,20% VAT,20.0000,4.7500,0,0,4.7500,0,4.7500
2950,2961,20% VAT,20% VAT,20.0000,4.9800,0,0,4.9800,0,4.9800
2951,2962,20% VAT,20% VAT,20.0000,9.4500,0,0,9.4500,0,9.4500
2952,2963,20% VAT,20% VAT,20.0000,4.7500,0,0,4.7500,0,4.7500
2953,2964,20% VAT,20% VAT,20.0000,10.8300,0,0,10.8300,0,10.8300
2954,2965,20% VAT,20% VAT,20.0000,12.7700,0,0,12.7700,0,12.7700
2955,2966,20% VAT,20% VAT,20.0000,61.8300,0,0,61.8300,0,61.8300
2956,2967,20% VAT,20% VAT,20.0000,9.7400,0,0,9.7400,0,9.7400
2957,2968,20% VAT,20% VAT,20.0000,6.1200,0,0,6.1200,0,6.1200
2958,2969,20% VAT,20% VAT,20.0000,4.7500,0,0,4.7500,0,4.7500
2959,2970,20% VAT,20% VAT,20.0000,8.9700,0,0,8.9700,0,8.9700
2960,2971,20% VAT,20% VAT,20.0000,4.7000,0,0,4.7000,0,4.7000
2961,2972,20% VAT,20% VAT,20.0000,4.7500,0,0,4.7500,0,4.7500
2962,2973,20% VAT,20% VAT,20.0000,4.9800,0,0,4.9800,0,4.9800
2963,2974,20% VAT,20% VAT,20.0000,9.2000,0,0,9.2000,0,9.2000
2964,2975,20% VAT,20% VAT,20.0000,9.7400,0,0,9.7400,0,9.7400
2965,2976,20% VAT,20% VAT,20.0000,4.7500,0,0,4.7500,0,4.7500
2966,2977,20% VAT,20% VAT,20.0000,4.7500,0,0,4.7500,0,4.7500
2967,2978,20% VAT,20% VAT,20.0000,9.2000,0,0,9.2000,0,9.2000
2968,2979,20% VAT,20% VAT,20.0000,9.1600,0,0,9.1600,0,9.1600
2969,2980,20% VAT,20% VAT,20.0000,16.0800,0,0,16.0800,0,16.0800
2970,2981,20% VAT,20% VAT,20.0000,9.4500,0,0,9.4500,0,9.4500
2971,2982,20% VAT,20% VAT,20.0000,4.7000,0,0,4.7000,0,4.7000
2972,2983,20% VAT,20% VAT,20.0000,6.4100,0,0,6.4100,0,6.4100
2973,2984,20% VAT,20% VAT,20.0000,6.1200,0,0,6.1200,0,6.1200
2974,2985,20% VAT,20% VAT,20.0000,8.4900,0,0,8.4900,0,8.4900
2975,2986,20% VAT,20% VAT,20.0000,58.7900,0,0,58.7900,0,58.7900
2976,2987,20% VAT,20% VAT,20.0000,51.4300,0,0,51.4300,0,51.4300
2977,2988,20% VAT,20% VAT,20.0000,8.9700,0,0,8.9700,0,8.9700
2978,2989,20% VAT,20% VAT,20.0000,4.7000,0,0,4.7000,0,4.7000
2979,2990,20% VAT,20% VAT,20.0000,8.8700,0,0,8.8700,0,8.8700
2980,2991,20% VAT,20% VAT,20.0000,16.4700,0,0,16.4700,0,16.4700
2981,2992,20% VAT,20% VAT,20.0000,4.7500,0,0,4.7500,0,4.7500
2982,2993,20% VAT,20% VAT,20.0000,9.4200,0,0,9.4200,0,9.4200
2983,2994,20% VAT,20% VAT,20.0000,8.9700,0,0,8.9700,0,8.9700
2984,2995,20% VAT,20% VAT,20.0000,4.7000,0,0,4.7000,0,4.7000
2985,2996,20% VAT,20% VAT,20.0000,19.4900,0,0,19.4900,0,19.4900
2986,2997,20% VAT,20% VAT,20.0000,4.7500,0,0,4.7500,0,4.7500
2987,2998,20% VAT,20% VAT,20.0000,15.6800,0,0,15.6800,0,15.6800
2988,2999,20% VAT,20% VAT,20.0000,8.8800,0,0,8.8800,0,8.8800
2989,3000,20% VAT,20% VAT,20.0000,5.3000,0,0,5.3000,0,5.3000
2990,3001,20% VAT,20% VAT,20.0000,8.6600,0,0,8.6600,0,8.6600
2991,3002,20% VAT,20% VAT,20.0000,26.1100,0,0,26.1100,0,26.1100
2992,3003,20% VAT,20% VAT,20.0000,4.7000,0,0,4.7000,0,4.7000
2993,3004,20% VAT,20% VAT,20.0000,4.7500,0,0,4.7500,0,4.7500
2994,3005,20% VAT,20% VAT,20.0000,4.7500,0,0,4.7500,0,4.7500
2995,3006,20% VAT,20% VAT,20.0000,6.4100,0,0,6.4100,0,6.4100
2996,3007,20% VAT,20% VAT,20.0000,4.7000,0,0,4.7000,0,4.7000
2997,3008,20% VAT,20% VAT,20.0000,9.4500,0,0,9.4500,0,9.4500
2998,3009,20% VAT,20% VAT,20.0000,4.7500,0,0,4.7500,0,4.7500
2999,3010,20% VAT,20% VAT,20.0000,4.8900,0,0,4.8900,0,4.8900
3000,3011,20% VAT,20% VAT,20.0000,28.0900,0,0,28.0900,0,28.0900
3001,3012,20% VAT,20% VAT,20.0000,9.2000,0,0,9.2000,0,9.2000
3002,3013,20% VAT,20% VAT,20.0000,9.7400,0,0,9.7400,0,9.7400
3003,3014,20% VAT,20% VAT,20.0000,4.8900,0,0,4.8900,0,4.8900
3004,3015,20% VAT,20% VAT,20.0000,10.0700,0,0,10.0700,0,10.0700
3005,3016,20% VAT,20% VAT,20.0000,8.4900,0,0,8.4900,0,8.4900
3006,3017,20% VAT,20% VAT,20.0000,4.9800,0,0,4.9800,0,4.9800
3007,3018,20% VAT,20% VAT,20.0000,8.6900,0,0,8.6900,0,8.6900
3008,3019,20% VAT,20% VAT,20.0000,4.7000,0,0,4.7000,0,4.7000
3009,3020,20% VAT,20% VAT,20.0000,4.7000,0,0,4.7000,0,4.7000
3010,3021,20% VAT,20% VAT,20.0000,12.7700,0,0,12.7700,0,12.7700
3011,3022,20% VAT,20% VAT,20.0000,8.7800,0,0,8.7800,0,8.7800
3012,3023,20% VAT,20% VAT,20.0000,9.4500,0,0,9.4500,0,9.4500
3013,3024,20% VAT,20% VAT,20.0000,4.7000,0,0,4.7000,0,4.7000
3014,3025,20% VAT,20% VAT,20.0000,4.7500,0,0,4.7500,0,4.7500
3015,3026,20% VAT,20% VAT,20.0000,4.7000,0,0,4.7000,0,4.7000
3016,3027,20% VAT,20% VAT,20.0000,8.6900,0,0,8.6900,0,8.6900
3017,3028,20% VAT,20% VAT,20.0000,4.7500,0,0,4.7500,0,4.7500
3018,3029,20% VAT,20% VAT,20.0000,4.7500,0,0,4.7500,0,4.7500
3019,3030,20% VAT,20% VAT,20.0000,25.7300,0,0,25.7300,0,25.7300
3020,3031,20% VAT,20% VAT,20.0000,8.6000,0,0,8.6000,0,8.6000
3021,3032,20% VAT,20% VAT,20.0000,4.7000,0,0,4.7000,0,4.7000
3022,3033,20% VAT,20% VAT,20.0000,4.7000,0,0,4.7000,0,4.7000
3023,3034,20% VAT,20% VAT,20.0000,4.7000,0,0,4.7000,0,4.7000
3024,3035,20% VAT,20% VAT,20.0000,9.7300,0,0,9.7300,0,9.7300
3025,3036,20% VAT,20% VAT,20.0000,8.5400,0,0,8.5400,0,8.5400
3026,3037,20% VAT,20% VAT,20.0000,6.1200,0,0,6.1200,0,6.1200
3027,3038,20% VAT,20% VAT,20.0000,6.1200,0,0,6.1200,0,6.1200
3028,3039,20% VAT,20% VAT,20.0000,8.7800,0,0,8.7800,0,8.7800
3029,3040,20% VAT,20% VAT,20.0000,4.7000,0,0,4.7000,0,4.7000
3030,3041,20% VAT,20% VAT,20.0000,9.4500,0,0,9.4500,0,9.4500
3031,3042,20% VAT,20% VAT,20.0000,8.9700,0,0,8.9700,0,8.9700
3032,3043,20% VAT,20% VAT,20.0000,8.4900,0,0,8.4900,0,8.4900
3033,3044,20% VAT,20% VAT,20.0000,8.8700,0,0,8.8700,0,8.8700
3034,3045,20% VAT,20% VAT,20.0000,4.7000,0,0,4.7000,0,4.7000
3035,3046,20% VAT,20% VAT,20.0000,8.8800,0,0,8.8800,0,8.8800
3036,3047,20% VAT,20% VAT,20.0000,4.9800,0,0,4.9800,0,4.9800
3037,3048,20% VAT,20% VAT,20.0000,4.7500,0,0,4.7500,0,4.7500
3038,3049,20% VAT,20% VAT,20.0000,8.6900,0,0,8.6900,0,8.6900
3039,3050,20% VAT,20% VAT,20.0000,10.4000,0,0,10.4000,0,10.4000
3040,3051,20% VAT,20% VAT,20.0000,49.1500,0,0,49.1500,0,49.1500
3041,3052,20% VAT,20% VAT,20.0000,4.3300,0,0,4.3300,0,4.3300
3042,3053,20% VAT,20% VAT,20.0000,4.8900,0,0,4.8900,0,4.8900
3043,3054,20% VAT,20% VAT,20.0000,4.8900,0,0,4.8900,0,4.8900
3044,3055,20% VAT,20% VAT,20.0000,4.7000,0,0,4.7000,0,4.7000
3045,3056,20% VAT,20% VAT,20.0000,4.7500,0,0,4.7500,0,4.7500
3046,3057,20% VAT,20% VAT,20.0000,84.3300,0,0,84.3300,0,84.3300
3047,3058,20% VAT,20% VAT,20.0000,6.1200,0,0,6.1200,0,6.1200
3048,3059,20% VAT,20% VAT,20.0000,4.9800,0,0,4.9800,0,4.9800
3049,3060,20% VAT,20% VAT,20.0000,4.7000,0,0,4.7000,0,4.7000
3050,3061,20% VAT,20% VAT,20.0000,8.6900,0,0,8.6900,0,8.6900
3051,3062,20% VAT,20% VAT,20.0000,5.5500,0,0,5.5500,0,5.5500
3052,3063,20% VAT,20% VAT,20.0000,9.4200,0,0,9.4200,0,9.4200
3053,3064,20% VAT,20% VAT,20.0000,4.7000,0,0,4.7000,0,4.7000
3054,3065,20% VAT,20% VAT,20.0000,4.7000,0,0,4.7000,0,4.7000
3055,3066,20% VAT,20% VAT,20.0000,5.5500,0,0,5.5500,0,5.5500
3056,3067,20% VAT,20% VAT,20.0000,8.5400,0,0,8.5400,0,8.5400
3057,3068,20% VAT,20% VAT,20.0000,4.7500,0,0,4.7500,0,4.7500
3058,3069,20% VAT,20% VAT,20.0000,4.7500,0,0,4.7500,0,4.7500
3059,3070,20% VAT,20% VAT,20.0000,4.7500,0,0,4.7500,0,4.7500
3060,3071,20% VAT,20% VAT,20.0000,9.2000,0,0,9.2000,0,9.2000
3061,3072,20% VAT,20% VAT,20.0000,9.4200,0,0,9.4200,0,9.4200
3062,3073,20% VAT,20% VAT,20.0000,9.1600,0,0,9.1600,0,9.1600
3063,3074,20% VAT,20% VAT,20.0000,4.7000,0,0,4.7000,0,4.7000
3064,3075,20% VAT,20% VAT,20.0000,29.3600,0,0,29.3600,0,29.3600
3065,3076,20% VAT,20% VAT,20.0000,4.7000,0,0,4.7000,0,4.7000
3066,3077,20% VAT,20% VAT,20.0000,6.1200,0,0,6.1200,0,6.1200
3067,3078,20% VAT,20% VAT,20.0000,4.7500,0,0,4.7500,0,4.7500
3068,3079,20% VAT,20% VAT,20.0000,8.8800,0,0,8.8800,0,8.8800
3069,3080,20% VAT,20% VAT,20.0000,8.6800,0,0,8.6800,0,8.6800
3070,3081,20% VAT,20% VAT,20.0000,4.7000,0,0,4.7000,0,4.7000
3071,3082,20% VAT,20% VAT,20.0000,4.7000,0,0,4.7000,0,4.7000
3072,3083,20% VAT,20% VAT,20.0000,4.7000,0,0,4.7000,0,4.7000
3073,3084,20% VAT,20% VAT,20.0000,6.1200,0,0,6.1200,0,6.1200
3074,3085,20% VAT,20% VAT,20.0000,6.4800,0,0,6.4800,0,6.4800
3075,3086,20% VAT,20% VAT,20.0000,9.7400,0,0,9.7400,0,9.7400
3076,3087,20% VAT,20% VAT,20.0000,16.4700,0,0,16.4700,0,16.4700
3077,3088,20% VAT,20% VAT,20.0000,4.7500,0,0,4.7500,0,4.7500
3078,3089,20% VAT,20% VAT,20.0000,38.6500,0,0,38.6500,0,38.6500
3079,3090,20% VAT,20% VAT,20.0000,10.4000,0,0,10.4000,0,10.4000
3080,3091,20% VAT,20% VAT,20.0000,4.7500,0,0,4.7500,0,4.7500
3081,3092,20% VAT,20% VAT,20.0000,4.7500,0,0,4.7500,0,4.7500
3082,3093,20% VAT,20% VAT,20.0000,4.9800,0,0,4.9800,0,4.9800
3083,3094,20% VAT,20% VAT,20.0000,8.9700,0,0,8.9700,0,8.9700
3084,3095,20% VAT,20% VAT,20.0000,4.7500,0,0,4.7500,0,4.7500
3085,3096,20% VAT,20% VAT,20.0000,41.5800,0,0,41.5800,0,41.5800
3086,3097,20% VAT,20% VAT,20.0000,16.7600,0,0,16.7600,0,16.7600
3087,3098,20% VAT,20% VAT,20.0000,4.7000,0,0,4.7000,0,4.7000
3088,3099,20% VAT,20% VAT,20.0000,10.4000,0,0,10.4000,0,10.4000
3089,3100,20% VAT,20% VAT,20.0000,4.8900,0,0,4.8900,0,4.8900
3090,3101,20% VAT,20% VAT,20.0000,11.3400,0,0,11.3400,0,11.3400
3091,3102,20% VAT,20% VAT,20.0000,4.7000,0,0,4.7000,0,4.7000
3092,3103,20% VAT,20% VAT,20.0000,4.7500,0,0,4.7500,0,4.7500
3093,3104,20% VAT,20% VAT,20.0000,8.9700,0,0,8.9700,0,8.9700
3094,3105,20% VAT,20% VAT,20.0000,2.0600,0,0,2.0600,0,2.0600
3095,3106,20% VAT,20% VAT,20.0000,6.4800,0,0,6.4800,0,6.4800
3096,3107,20% VAT,20% VAT,20.0000,5.5500,0,0,5.5500,0,5.5500
3097,3108,20% VAT,20% VAT,20.0000,18.7300,0,0,18.7300,0,18.7300
3098,3109,20% VAT,20% VAT,20.0000,17.4000,0,0,17.4000,0,17.4000
3099,3110,20% VAT,20% VAT,20.0000,11.6500,0,0,11.6500,0,11.6500
3100,3111,20% VAT,20% VAT,20.0000,4.8900,0,0,4.8900,0,4.8900
3101,3112,20% VAT,20% VAT,20.0000,4.8900,0,0,4.8900,0,4.8900
3102,3113,20% VAT,20% VAT,20.0000,4.7000,0,0,4.7000,0,4.7000
3103,3114,20% VAT,20% VAT,20.0000,4.8900,0,0,4.8900,0,4.8900
3104,3115,20% VAT,20% VAT,20.0000,18.4700,0,0,18.4700,0,18.4700
3105,3116,20% VAT,20% VAT,20.0000,4.7000,0,0,4.7000,0,4.7000
3106,3117,20% VAT,20% VAT,20.0000,4.7000,0,0,4.7000,0,4.7000
3107,3118,20% VAT,20% VAT,20.0000,4.7500,0,0,4.7500,0,4.7500
3108,3119,20% VAT,20% VAT,20.0000,4.7500,0,0,4.7500,0,4.7500
3109,3120,20% VAT,20% VAT,20.0000,4.7000,0,0,4.7000,0,4.7000
3110,3121,20% VAT,20% VAT,20.0000,62.9300,0,0,62.9300,0,62.9300
3111,3122,20% VAT,20% VAT,20.0000,17.4200,0,0,17.4200,0,17.4200
3112,3123,20% VAT,20% VAT,20.0000,4.7500,0,0,4.7500,0,4.7500
3113,3124,20% VAT,20% VAT,20.0000,4.9800,0,0,4.9800,0,4.9800
3114,3125,20% VAT,20% VAT,20.0000,6.1200,0,0,6.1200,0,6.1200
3115,3126,20% VAT,20% VAT,20.0000,8.6800,0,0,8.6800,0,8.6800
3116,3127,20% VAT,20% VAT,20.0000,4.7000,0,0,4.7000,0,4.7000
3117,3128,20% VAT,20% VAT,20.0000,9.1600,0,0,9.1600,0,9.1600
3118,3129,20% VAT,20% VAT,20.0000,4.7500,0,0,4.7500,0,4.7500
3119,3130,20% VAT,20% VAT,20.0000,4.7500,0,0,4.7500,0,4.7500
3120,3131,20% VAT,20% VAT,20.0000,4.8900,0,0,4.8900,0,4.8900
3121,3132,20% VAT,20% VAT,20.0000,4.7500,0,0,4.7500,0,4.7500
3122,3133,20% VAT,20% VAT,20.0000,9.9200,0,0,9.9200,0,9.9200
3123,3134,20% VAT,20% VAT,20.0000,4.7500,0,0,4.7500,0,4.7500
3124,3135,20% VAT,20% VAT,20.0000,4.7500,0,0,4.7500,0,4.7500
3125,3136,20% VAT,20% VAT,20.0000,6.1200,0,0,6.1200,0,6.1200
3126,3137,20% VAT,20% VAT,20.0000,4.7000,0,0,4.7000,0,4.7000
3127,3138,20% VAT,20% VAT,20.0000,4.7500,0,0,4.7500,0,4.7500
3128,3139,20% VAT,20% VAT,20.0000,8.6900,0,0,8.6900,0,8.6900
3129,3140,20% VAT,20% VAT,20.0000,4.7500,0,0,4.7500,0,4.7500
3130,3141,20% VAT,20% VAT,20.0000,4.7500,0,0,4.7500,0,4.7500
3131,3142,20% VAT,20% VAT,20.0000,8.6900,0,0,8.6900,0,8.6900
3132,3143,20% VAT,20% VAT,20.0000,5.3000,0,0,5.3000,0,5.3000
3133,3144,20% VAT,20% VAT,20.0000,4.9800,0,0,4.9800,0,4.9800
3134,3145,20% VAT,20% VAT,20.0000,6.1200,0,0,6.1200,0,6.1200
3135,3146,20% VAT,20% VAT,20.0000,4.7500,0,0,4.7500,0,4.7500
3136,3147,20% VAT,20% VAT,20.0000,4.7000,0,0,4.7000,0,4.7000
3137,3148,20% VAT,20% VAT,20.0000,6.1200,0,0,6.1200,0,6.1200
3138,3149,20% VAT,20% VAT,20.0000,4.7000,0,0,4.7000,0,4.7000
3139,3150,20% VAT,20% VAT,20.0000,4.7000,0,0,4.7000,0,4.7000
3140,3151,20% VAT,20% VAT,20.0000,2.0900,0,0,2.0900,0,2.0900
3141,3152,20% VAT,20% VAT,20.0000,4.7500,0,0,4.7500,0,4.7500
3142,3153,20% VAT,20% VAT,20.0000,14.9300,0,0,14.9300,0,14.9300
3143,3154,20% VAT,20% VAT,20.0000,4.7500,0,0,4.7500,0,4.7500
3144,3155,20% VAT,20% VAT,20.0000,6.1200,0,0,6.1200,0,6.1200
3145,3156,20% VAT,20% VAT,20.0000,8.9700,0,0,8.9700,0,8.9700
3146,3157,20% VAT,20% VAT,20.0000,4.7500,0,0,4.7500,0,4.7500
3147,3158,20% VAT,20% VAT,20.0000,4.7000,0,0,4.7000,0,4.7000
3148,3159,20% VAT,20% VAT,20.0000,5.5500,0,0,5.5500,0,5.5500
3149,3160,20% VAT,20% VAT,20.0000,4.7000,0,0,4.7000,0,4.7000
3150,3161,20% VAT,20% VAT,20.0000,4.7000,0,0,4.7000,0,4.7000
3151,3162,20% VAT,20% VAT,20.0000,6.1200,0,0,6.1200,0,6.1200
3152,3163,20% VAT,20% VAT,20.0000,4.7500,0,0,4.7500,0,4.7500
3153,3164,20% VAT,20% VAT,20.0000,4.7500,0,0,4.7500,0,4.7500
3154,3165,20% VAT,20% VAT,20.0000,3.9000,0,0,3.9000,0,3.9000
3155,3166,20% VAT,20% VAT,20.0000,8.6000,0,0,8.6000,0,8.6000
3156,3167,20% VAT,20% VAT,20.0000,4.7000,0,0,4.7000,0,4.7000
3157,3168,20% VAT,20% VAT,20.0000,4.7000,0,0,4.7000,0,4.7000
3158,3169,20% VAT,20% VAT,20.0000,8.9700,0,0,8.9700,0,8.9700
3159,3170,20% VAT,20% VAT,20.0000,4.9800,0,0,4.9800,0,4.9800
3160,3171,20% VAT,20% VAT,20.0000,4.9800,0,0,4.9800,0,4.9800
3161,3172,20% VAT,20% VAT,20.0000,4.7000,0,0,4.7000,0,4.7000
3162,3173,20% VAT,20% VAT,20.0000,4.7500,0,0,4.7500,0,4.7500
3163,3174,20% VAT,20% VAT,20.0000,4.7500,0,0,4.7500,0,4.7500
3164,3175,20% VAT,20% VAT,20.0000,4.7500,0,0,4.7500,0,4.7500
3165,3176,20% VAT,20% VAT,20.0000,4.7500,0,0,4.7500,0,4.7500
3166,3177,20% VAT,20% VAT,20.0000,68.7500,0,0,68.7500,0,68.7500
3167,3178,20% VAT,20% VAT,20.0000,9.9700,0,0,9.9700,0,9.9700
3168,3179,20% VAT,20% VAT,20.0000,4.8900,0,0,4.8900,0,4.8900
3169,3180,20% VAT,20% VAT,20.0000,34.8800,0,0,34.8800,0,34.8800
3170,3181,20% VAT,20% VAT,20.0000,4.7500,0,0,4.7500,0,4.7500
3171,3182,20% VAT,20% VAT,20.0000,4.7500,0,0,4.7500,0,4.7500
3172,3183,20% VAT,20% VAT,20.0000,6.1200,0,0,6.1200,0,6.1200
3173,3184,20% VAT,20% VAT,20.0000,4.7000,0,0,4.7000,0,4.7000
3174,3185,20% VAT,20% VAT,20.0000,6.1200,0,0,6.1200,0,6.1200
3175,3186,20% VAT,20% VAT,20.0000,16.1900,0,0,16.1900,0,16.1900
3176,3187,20% VAT,20% VAT,20.0000,4.8900,0,0,4.8900,0,4.8900
3177,3188,20% VAT,20% VAT,20.0000,4.8900,0,0,4.8900,0,4.8900
3178,3189,20% VAT,20% VAT,20.0000,5.7200,0,0,5.7200,0,5.7200
3179,3190,20% VAT,20% VAT,20.0000,8.5400,0,0,8.5400,0,8.5400
3180,3191,20% VAT,20% VAT,20.0000,4.7000,0,0,4.7000,0,4.7000
3181,3192,20% VAT,20% VAT,20.0000,5.3000,0,0,5.3000,0,5.3000
3182,3193,20% VAT,20% VAT,20.0000,10.6000,0,0,10.6000,0,10.6000
3183,3194,20% VAT,20% VAT,20.0000,8.8800,0,0,8.8800,0,8.8800
3184,3195,20% VAT,20% VAT,20.0000,4.9800,0,0,4.9800,0,4.9800
3185,3196,20% VAT,20% VAT,20.0000,4.7500,0,0,4.7500,0,4.7500
3186,3197,20% VAT,20% VAT,20.0000,4.7500,0,0,4.7500,0,4.7500
3187,3198,20% VAT,20% VAT,20.0000,4.9800,0,0,4.9800,0,4.9800
3188,3199,20% VAT,20% VAT,20.0000,6.1200,0,0,6.1200,0,6.1200
3189,3200,20% VAT,20% VAT,20.0000,4.9800,0,0,4.9800,0,4.9800
3190,3201,20% VAT,20% VAT,20.0000,4.7500,0,0,4.7500,0,4.7500
3191,3202,20% VAT,20% VAT,20.0000,6.1200,0,0,6.1200,0,6.1200
3192,3203,20% VAT,20% VAT,20.0000,4.7500,0,0,4.7500,0,4.7500
3193,3204,20% VAT,20% VAT,20.0000,4.7500,0,0,4.7500,0,4.7500
3194,3205,20% VAT,20% VAT,20.0000,8.9700,0,0,8.9700,0,8.9700
3195,3206,20% VAT,20% VAT,20.0000,4.9800,0,0,4.9800,0,4.9800
3196,3207,20% VAT,20% VAT,20.0000,4.9800,0,0,4.9800,0,4.9800
3197,3208,20% VAT,20% VAT,20.0000,4.9800,0,0,4.9800,0,4.9800
3198,3209,20% VAT,20% VAT,20.0000,8.7300,0,0,8.7300,0,8.7300
3199,3210,20% VAT,20% VAT,20.0000,5.5500,0,0,5.5500,0,5.5500
3200,3211,20% VAT,20% VAT,20.0000,4.8900,0,0,4.8900,0,4.8900
3201,3212,20% VAT,20% VAT,20.0000,9.1600,0,0,9.1600,0,9.1600
3202,3213,20% VAT,20% VAT,20.0000,4.7500,0,0,4.7500,0,4.7500
3203,3214,20% VAT,20% VAT,20.0000,20.3500,0,0,20.3500,0,20.3500
3204,3215,20% VAT,20% VAT,20.0000,4.7000,0,0,4.7000,0,4.7000
3205,3216,20% VAT,20% VAT,20.0000,4.7500,0,0,4.7500,0,4.7500
3206,3217,20% VAT,20% VAT,20.0000,4.7500,0,0,4.7500,0,4.7500
3207,3218,20% VAT,20% VAT,20.0000,4.9800,0,0,4.9800,0,4.9800
3208,3219,20% VAT,20% VAT,20.0000,4.3300,0,0,4.3300,0,4.3300
3209,3220,20% VAT,20% VAT,20.0000,6.4800,0,0,6.4800,0,6.4800
3210,3221,20% VAT,20% VAT,20.0000,10.0700,0,0,10.0700,0,10.0700
3211,3222,20% VAT,20% VAT,20.0000,16.4700,0,0,16.4700,0,16.4700
3212,3223,20% VAT,20% VAT,20.0000,12.4800,0,0,12.4800,0,12.4800
3213,3224,20% VAT,20% VAT,20.0000,4.7500,0,0,4.7500,0,4.7500
3214,3225,20% VAT,20% VAT,20.0000,4.8900,0,0,4.8900,0,4.8900
3215,3226,20% VAT,20% VAT,20.0000,5.5200,0,0,5.5200,0,5.5200
3216,3227,20% VAT,20% VAT,20.0000,4.8900,0,0,4.8900,0,4.8900
3217,3228,20% VAT,20% VAT,20.0000,10.4000,0,0,10.4000,0,10.4000
3218,3229,20% VAT,20% VAT,20.0000,9.4500,0,0,9.4500,0,9.4500
3219,3230,20% VAT,20% VAT,20.0000,12.4500,0,0,12.4500,0,12.4500
3220,3231,20% VAT,20% VAT,20.0000,4.7500,0,0,4.7500,0,4.7500
3221,3232,20% VAT,20% VAT,20.0000,8.6900,0,0,8.6900,0,8.6900
3222,3233,20% VAT,20% VAT,20.0000,6.1200,0,0,6.1200,0,6.1200
3223,3234,20% VAT,20% VAT,20.0000,6.1200,0,0,6.1200,0,6.1200
3224,3235,20% VAT,20% VAT,20.0000,9.0600,0,0,9.0600,0,9.0600
3225,3236,20% VAT,20% VAT,20.0000,4.7500,0,0,4.7500,0,4.7500
3226,3237,20% VAT,20% VAT,20.0000,10.8300,0,0,10.8300,0,10.8300
3227,3238,20% VAT,20% VAT,20.0000,9.7400,0,0,9.7400,0,9.7400
3228,3239,20% VAT,20% VAT,20.0000,5.3000,0,0,5.3000,0,5.3000
3229,3240,20% VAT,20% VAT,20.0000,4.7500,0,0,4.7500,0,4.7500
3230,3241,20% VAT,20% VAT,20.0000,4.7000,0,0,4.7000,0,4.7000
3231,3242,20% VAT,20% VAT,20.0000,4.7000,0,0,4.7000,0,4.7000
3232,3243,20% VAT,20% VAT,20.0000,4.7500,0,0,4.7500,0,4.7500
3233,3244,20% VAT,20% VAT,20.0000,8.6900,0,0,8.6900,0,8.6900
3234,3245,20% VAT,20% VAT,20.0000,4.7500,0,0,4.7500,0,4.7500
3235,3246,20% VAT,20% VAT,20.0000,8.9700,0,0,8.9700,0,8.9700
3236,3247,20% VAT,20% VAT,20.0000,4.7500,0,0,4.7500,0,4.7500
3237,3248,20% VAT,20% VAT,20.0000,10.4000,0,0,10.4000,0,10.4000
3238,3249,20% VAT,20% VAT,20.0000,4.7500,0,0,4.7500,0,4.7500
3239,3250,20% VAT,20% VAT,20.0000,4.9800,0,0,4.9800,0,4.9800
3240,3251,20% VAT,20% VAT,20.0000,9.7400,0,0,9.7400,0,9.7400
3241,3252,20% VAT,20% VAT,20.0000,9.7300,0,0,9.7300,0,9.7300
3242,3253,20% VAT,20% VAT,20.0000,4.7500,0,0,4.7500,0,4.7500
3243,3254,20% VAT,20% VAT,20.0000,4.7000,0,0,4.7000,0,4.7000
3244,3255,20% VAT,20% VAT,20.0000,9.4500,0,0,9.4500,0,9.4500
3245,3256,20% VAT,20% VAT,20.0000,4.7000,0,0,4.7000,0,4.7000
3246,3257,20% VAT,20% VAT,20.0000,4.7500,0,0,4.7500,0,4.7500
3247,3258,20% VAT,20% VAT,20.0000,4.7500,0,0,4.7500,0,4.7500
3248,3259,20% VAT,20% VAT,20.0000,4.7500,0,0,4.7500,0,4.7500
3249,3260,20% VAT,20% VAT,20.0000,10.2900,0,0,10.2900,0,10.2900
3250,3261,20% VAT,20% VAT,20.0000,4.7000,0,0,4.7000,0,4.7000
3251,3262,20% VAT,20% VAT,20.0000,4.7000,0,0,4.7000,0,4.7000
3252,3263,20% VAT,20% VAT,20.0000,4.7000,0,0,4.7000,0,4.7000
3253,3264,20% VAT,20% VAT,20.0000,4.7500,0,0,4.7500,0,4.7500
3254,3265,20% VAT,20% VAT,20.0000,4.7500,0,0,4.7500,0,4.7500
3255,3266,20% VAT,20% VAT,20.0000,4.9800,0,0,4.9800,0,4.9800
3256,3267,20% VAT,20% VAT,20.0000,6.1200,0,0,6.1200,0,6.1200
3257,3268,20% VAT,20% VAT,20.0000,25.5900,0,0,25.5900,0,25.5900
3258,3269,20% VAT,20% VAT,20.0000,11.3400,0,0,11.3400,0,11.3400
3259,3270,20% VAT,20% VAT,20.0000,4.7500,0,0,4.7500,0,4.7500
3260,3271,20% VAT,20% VAT,20.0000,10.4000,0,0,10.4000,0,10.4000
3261,3272,20% VAT,20% VAT,20.0000,4.7500,0,0,4.7500,0,4.7500
3262,3273,20% VAT,20% VAT,20.0000,12.3100,0,0,12.3100,0,12.3100
3263,3274,20% VAT,20% VAT,20.0000,9.4500,0,0,9.4500,0,9.4500
3264,3275,20% VAT,20% VAT,20.0000,4.7500,0,0,4.7500,0,4.7500
3265,3276,20% VAT,20% VAT,20.0000,4.8900,0,0,4.8900,0,4.8900
3266,3277,20% VAT,20% VAT,20.0000,4.7500,0,0,4.7500,0,4.7500
3267,3278,20% VAT,20% VAT,20.0000,4.7500,0,0,4.7500,0,4.7500
3268,3279,20% VAT,20% VAT,20.0000,4.8900,0,0,4.8900,0,4.8900
3269,3280,20% VAT,20% VAT,20.0000,6.1200,0,0,6.1200,0,6.1200
3270,3281,20% VAT,20% VAT,20.0000,4.8900,0,0,4.8900,0,4.8900
3271,3282,20% VAT,20% VAT,20.0000,4.7500,0,0,4.7500,0,4.7500
3272,3283,20% VAT,20% VAT,20.0000,8.6900,0,0,8.6900,0,8.6900
3273,3284,20% VAT,20% VAT,20.0000,8.9700,0,0,8.9700,0,8.9700
3274,3285,20% VAT,20% VAT,20.0000,4.7500,0,0,4.7500,0,4.7500
3275,3286,20% VAT,20% VAT,20.0000,4.8900,0,0,4.8900,0,4.8900
3276,3287,20% VAT,20% VAT,20.0000,4.7500,0,0,4.7500,0,4.7500
3277,3288,20% VAT,20% VAT,20.0000,5.5500,0,0,5.5500,0,5.5500
3278,3289,20% VAT,20% VAT,20.0000,12.8600,0,0,12.8600,0,12.8600
3279,3290,20% VAT,20% VAT,20.0000,5.9500,0,0,5.9500,0,5.9500
3280,3291,20% VAT,20% VAT,20.0000,4.7500,0,0,4.7500,0,4.7500
3281,3292,20% VAT,20% VAT,20.0000,4.7500,0,0,4.7500,0,4.7500
3282,3293,20% VAT,20% VAT,20.0000,4.7000,0,0,4.7000,0,4.7000
3283,3294,20% VAT,20% VAT,20.0000,4.7500,0,0,4.7500,0,4.7500
3284,3295,20% VAT,20% VAT,20.0000,6.1200,0,0,6.1200,0,6.1200
3285,3296,20% VAT,20% VAT,20.0000,4.7000,0,0,4.7000,0,4.7000
3286,3297,20% VAT,20% VAT,20.0000,4.7000,0,0,4.7000,0,4.7000
3287,3298,20% VAT,20% VAT,20.0000,6.1200,0,0,6.1200,0,6.1200
3288,3299,20% VAT,20% VAT,20.0000,5.5500,0,0,5.5500,0,5.5500
3289,3300,20% VAT,20% VAT,20.0000,4.7000,0,0,4.7000,0,4.7000
3290,3301,20% VAT,20% VAT,20.0000,4.7000,0,0,4.7000,0,4.7000
3291,3302,20% VAT,20% VAT,20.0000,9.4500,0,0,9.4500,0,9.4500
3292,3303,20% VAT,20% VAT,20.0000,5.5500,0,0,5.5500,0,5.5500
3293,3304,20% VAT,20% VAT,20.0000,6.1200,0,0,6.1200,0,6.1200
3294,3305,20% VAT,20% VAT,20.0000,4.7500,0,0,4.7500,0,4.7500
3295,3306,20% VAT,20% VAT,20.0000,4.7000,0,0,4.7000,0,4.7000
3296,3307,20% VAT,20% VAT,20.0000,12.4500,0,0,12.4500,0,12.4500
3297,3308,20% VAT,20% VAT,20.0000,4.7500,0,0,4.7500,0,4.7500
3298,3309,20% VAT,20% VAT,20.0000,4.7500,0,0,4.7500,0,4.7500
3299,3310,20% VAT,20% VAT,20.0000,6.4800,0,0,6.4800,0,6.4800
3300,3311,20% VAT,20% VAT,20.0000,10.4000,0,0,10.4000,0,10.4000
3301,3312,20% VAT,20% VAT,20.0000,4.7000,0,0,4.7000,0,4.7000
3302,3313,20% VAT,20% VAT,20.0000,4.7500,0,0,4.7500,0,4.7500
3303,3314,20% VAT,20% VAT,20.0000,4.7500,0,0,4.7500,0,4.7500
3304,3315,20% VAT,20% VAT,20.0000,8.8800,0,0,8.8800,0,8.8800
3305,3316,20% VAT,20% VAT,20.0000,4.7000,0,0,4.7000,0,4.7000
3306,3317,20% VAT,20% VAT,20.0000,4.7500,0,0,4.7500,0,4.7500
3307,3318,20% VAT,20% VAT,20.0000,4.7500,0,0,4.7500,0,4.7500
3308,3319,20% VAT,20% VAT,20.0000,17.9900,0,0,17.9900,0,17.9900
3309,3320,20% VAT,20% VAT,20.0000,4.7000,0,0,4.7000,0,4.7000
3310,3321,20% VAT,20% VAT,20.0000,4.7000,0,0,4.7000,0,4.7000
3311,3322,20% VAT,20% VAT,20.0000,4.7500,0,0,4.7500,0,4.7500
3312,3323,20% VAT,20% VAT,20.0000,10.7300,0,0,10.7300,0,10.7300
3313,3324,20% VAT,20% VAT,20.0000,8.6900,0,0,8.6900,0,8.6900
3314,3325,20% VAT,20% VAT,20.0000,6.1200,0,0,6.1200,0,6.1200
3315,3326,20% VAT,20% VAT,20.0000,9.7400,0,0,9.7400,0,9.7400
3316,3327,20% VAT,20% VAT,20.0000,4.7500,0,0,4.7500,0,4.7500
3317,3328,20% VAT,20% VAT,20.0000,4.7500,0,0,4.7500,0,4.7500
3318,3329,20% VAT,20% VAT,20.0000,2.0900,0,0,2.0900,0,2.0900
3319,3330,20% VAT,20% VAT,20.0000,4.9800,0,0,4.9800,0,4.9800
3320,3331,20% VAT,20% VAT,20.0000,4.7000,0,0,4.7000,0,4.7000
3321,3332,20% VAT,20% VAT,20.0000,4.9800,0,0,4.9800,0,4.9800
3322,3333,20% VAT,20% VAT,20.0000,4.7000,0,0,4.7000,0,4.7000
3323,3334,20% VAT,20% VAT,20.0000,4.7000,0,0,4.7000,0,4.7000
3324,3335,20% VAT,20% VAT,20.0000,4.7000,0,0,4.7000,0,4.7000
3325,3336,20% VAT,20% VAT,20.0000,6.1200,0,0,6.1200,0,6.1200
3326,3337,20% VAT,20% VAT,20.0000,8.4900,0,0,8.4900,0,8.4900
3327,3338,20% VAT,20% VAT,20.0000,4.7000,0,0,4.7000,0,4.7000
3328,3339,20% VAT,20% VAT,20.0000,4.7500,0,0,4.7500,0,4.7500
3329,3340,20% VAT,20% VAT,20.0000,4.7000,0,0,4.7000,0,4.7000
3330,3341,20% VAT,20% VAT,20.0000,4.7500,0,0,4.7500,0,4.7500
3331,3342,20% VAT,20% VAT,20.0000,6.1200,0,0,6.1200,0,6.1200
3332,3343,20% VAT,20% VAT,20.0000,4.7000,0,0,4.7000,0,4.7000
3333,3344,20% VAT,20% VAT,20.0000,4.7500,0,0,4.7500,0,4.7500
3334,3346,20% VAT,20% VAT,20.0000,4.7500,0,0,4.7500,0,4.7500
3335,3347,20% VAT,20% VAT,20.0000,4.7000,0,0,4.7000,0,4.7000
3336,3348,20% VAT,20% VAT,20.0000,2.0900,0,0,2.0900,0,2.0900
3337,3349,20% VAT,20% VAT,20.0000,4.7000,0,0,4.7000,0,4.7000
3338,3350,20% VAT,20% VAT,20.0000,4.7500,0,0,4.7500,0,4.7500
3339,3351,20% VAT,20% VAT,20.0000,4.7500,0,0,4.7500,0,4.7500
3340,3352,20% VAT,20% VAT,20.0000,4.7500,0,0,4.7500,0,4.7500
3341,3356,20% VAT,20% VAT,20.0000,6.1200,0,0,6.1200,0,6.1200
3342,3357,20% VAT,20% VAT,20.0000,4.7000,0,0,4.7000,0,4.7000
3343,3358,20% VAT,20% VAT,20.0000,4.7500,0,0,4.7500,0,4.7500
3344,3359,20% VAT,20% VAT,20.0000,4.7000,0,0,4.7000,0,4.7000
3345,3360,20% VAT,20% VAT,20.0000,4.7500,0,0,4.7500,0,4.7500
3346,3361,20% VAT,20% VAT,20.0000,9.4500,0,0,9.4500,0,9.4500
3347,3362,20% VAT,20% VAT,20.0000,8.9700,0,0,8.9700,0,8.9700
3348,3363,20% VAT,20% VAT,20.0000,4.7500,0,0,4.7500,0,4.7500
3349,3364,20% VAT,20% VAT,20.0000,8.9700,0,0,8.9700,0,8.9700
3350,3365,20% VAT,20% VAT,20.0000,6.1200,0,0,6.1200,0,6.1200
3351,3366,20% VAT,20% VAT,20.0000,4.7000,0,0,4.7000,0,4.7000
3352,3367,20% VAT,20% VAT,20.0000,9.1600,0,0,9.1600,0,9.1600
3353,3368,20% VAT,20% VAT,20.0000,17.0400,0,0,17.0400,0,17.0400
3354,3369,20% VAT,20% VAT,20.0000,4.7000,0,0,4.7000,0,4.7000
3355,3370,20% VAT,20% VAT,20.0000,4.7500,0,0,4.7500,0,4.7500
3356,3371,20% VAT,20% VAT,20.0000,6.1200,0,0,6.1200,0,6.1200
3357,3372,20% VAT,20% VAT,20.0000,20.4600,0,0,20.4600,0,20.4600
3358,3373,20% VAT,20% VAT,20.0000,32.4800,0,0,32.4800,0,32.4800
3359,3374,20% VAT,20% VAT,20.0000,10.4000,0,0,10.4000,0,10.4000
3360,3375,20% VAT,20% VAT,20.0000,4.7500,0,0,4.7500,0,4.7500
3361,3376,20% VAT,20% VAT,20.0000,4.7500,0,0,4.7500,0,4.7500
3362,3377,20% VAT,20% VAT,20.0000,4.8900,0,0,4.8900,0,4.8900
3363,3378,20% VAT,20% VAT,20.0000,4.7000,0,0,4.7000,0,4.7000
3364,3379,20% VAT,20% VAT,20.0000,4.9800,0,0,4.9800,0,4.9800
3365,3380,20% VAT,20% VAT,20.0000,4.9800,0,0,4.9800,0,4.9800
3366,3381,20% VAT,20% VAT,20.0000,10.0700,0,0,10.0700,0,10.0700
3367,3382,20% VAT,20% VAT,20.0000,8.7300,0,0,8.7300,0,8.7300
3368,3383,20% VAT,20% VAT,20.0000,4.9800,0,0,4.9800,0,4.9800
3369,3384,20% VAT,20% VAT,20.0000,4.7500,0,0,4.7500,0,4.7500
3370,3385,20% VAT,20% VAT,20.0000,4.7500,0,0,4.7500,0,4.7500
3371,3386,20% VAT,20% VAT,20.0000,4.7500,0,0,4.7500,0,4.7500
3372,3387,20% VAT,20% VAT,20.0000,4.7500,0,0,4.7500,0,4.7500
3373,3388,20% VAT,20% VAT,20.0000,4.7500,0,0,4.7500,0,4.7500
3374,3389,20% VAT,20% VAT,20.0000,10.4000,0,0,10.4000,0,10.4000
3375,3390,20% VAT,20% VAT,20.0000,2.0900,0,0,2.0900,0,2.0900
3376,3391,20% VAT,20% VAT,20.0000,4.7000,0,0,4.7000,0,4.7000
3377,3392,20% VAT,20% VAT,20.0000,4.7000,0,0,4.7000,0,4.7000
3378,3393,20% VAT,20% VAT,20.0000,4.8900,0,0,4.8900,0,4.8900
3379,3394,20% VAT,20% VAT,20.0000,8.7300,0,0,8.7300,0,8.7300
3380,3395,20% VAT,20% VAT,20.0000,4.9800,0,0,4.9800,0,4.9800
3381,3396,20% VAT,20% VAT,20.0000,4.8900,0,0,4.8900,0,4.8900
3382,3397,20% VAT,20% VAT,20.0000,84.0000,0,0,84.0000,0,84.0000
3383,3398,20% VAT,20% VAT,20.0000,4.7500,0,0,4.7500,0,4.7500
3384,3399,20% VAT,20% VAT,20.0000,9.4500,0,0,9.4500,0,9.4500
3385,3400,20% VAT,20% VAT,20.0000,4.7000,0,0,4.7000,0,4.7000
3386,3401,20% VAT,20% VAT,20.0000,4.7500,0,0,4.7500,0,4.7500
3387,3402,20% VAT,20% VAT,20.0000,4.3900,0,0,4.3900,0,4.3900
3388,3403,20% VAT,20% VAT,20.0000,4.9800,0,0,4.9800,0,4.9800
3389,3404,20% VAT,20% VAT,20.0000,4.7000,0,0,4.7000,0,4.7000
3390,3405,20% VAT,20% VAT,20.0000,4.7000,0,0,4.7000,0,4.7000
3391,3406,20% VAT,20% VAT,20.0000,6.1200,0,0,6.1200,0,6.1200
3392,3407,20% VAT,20% VAT,20.0000,4.7500,0,0,4.7500,0,4.7500
3393,3408,20% VAT,20% VAT,20.0000,4.7500,0,0,4.7500,0,4.7500
3394,3409,20% VAT,20% VAT,20.0000,10.4000,0,0,10.4000,0,10.4000
3395,3410,20% VAT,20% VAT,20.0000,29.2300,0,0,29.2300,0,29.2300
3396,3411,20% VAT,20% VAT,20.0000,18.9400,0,0,18.9400,0,18.9400
3397,3412,20% VAT,20% VAT,20.0000,9.4500,0,0,9.4500,0,9.4500
3398,3413,20% VAT,20% VAT,20.0000,8.9700,0,0,8.9700,0,8.9700
3399,3414,20% VAT,20% VAT,20.0000,8.9700,0,0,8.9700,0,8.9700
3400,3415,20% VAT,20% VAT,20.0000,4.7500,0,0,4.7500,0,4.7500
3401,3416,20% VAT,20% VAT,20.0000,4.7500,0,0,4.7500,0,4.7500
3402,3417,20% VAT,20% VAT,20.0000,17.0400,0,0,17.0400,0,17.0400
3403,3418,20% VAT,20% VAT,20.0000,4.7000,0,0,4.7000,0,4.7000
3404,3419,20% VAT,20% VAT,20.0000,4.7500,0,0,4.7500,0,4.7500
3405,3420,20% VAT,20% VAT,20.0000,6.1200,0,0,6.1200,0,6.1200
3406,3421,20% VAT,20% VAT,20.0000,9.4500,0,0,9.4500,0,9.4500
3407,3422,20% VAT,20% VAT,20.0000,6.1800,0,0,6.1800,0,6.1800
3408,3423,20% VAT,20% VAT,20.0000,19.8100,0,0,19.8100,0,19.8100
3409,3424,20% VAT,20% VAT,20.0000,9.4500,0,0,9.4500,0,9.4500
3410,3425,20% VAT,20% VAT,20.0000,4.9800,0,0,4.9800,0,4.9800
3411,3426,20% VAT,20% VAT,20.0000,6.1200,0,0,6.1200,0,6.1200
3412,3427,20% VAT,20% VAT,20.0000,4.7000,0,0,4.7000,0,4.7000
3413,3428,20% VAT,20% VAT,20.0000,9.1600,0,0,9.1600,0,9.1600
3414,3429,20% VAT,20% VAT,20.0000,4.7000,0,0,4.7000,0,4.7000
3415,3430,20% VAT,20% VAT,20.0000,8.4900,0,0,8.4900,0,8.4900
3416,3431,20% VAT,20% VAT,20.0000,10.0700,0,0,10.0700,0,10.0700
3417,3432,20% VAT,20% VAT,20.0000,9.7300,0,0,9.7300,0,9.7300
3418,3433,20% VAT,20% VAT,20.0000,9.2000,0,0,9.2000,0,9.2000
3419,3434,20% VAT,20% VAT,20.0000,28.2600,0,0,28.2600,0,28.2600
3420,3435,20% VAT,20% VAT,20.0000,4.7500,0,0,4.7500,0,4.7500
3421,3436,20% VAT,20% VAT,20.0000,8.4900,0,0,8.4900,0,8.4900
3422,3437,20% VAT,20% VAT,20.0000,6.1200,0,0,6.1200,0,6.1200
3423,3438,20% VAT,20% VAT,20.0000,4.7000,0,0,4.7000,0,4.7000
3424,3439,20% VAT,20% VAT,20.0000,8.8800,0,0,8.8800,0,8.8800
3425,3440,20% VAT,20% VAT,20.0000,8.6000,0,0,8.6000,0,8.6000
3426,3441,20% VAT,20% VAT,20.0000,7.7200,0,0,7.7200,0,7.7200
3427,3442,20% VAT,20% VAT,20.0000,6.1200,0,0,6.1200,0,6.1200
3428,3443,20% VAT,20% VAT,20.0000,25.4300,0,0,25.4300,0,25.4300
3429,3444,20% VAT,20% VAT,20.0000,4.9800,0,0,4.9800,0,4.9800
3430,3445,20% VAT,20% VAT,20.0000,9.7400,0,0,9.7400,0,9.7400
3431,3446,20% VAT,20% VAT,20.0000,10.4000,0,0,10.4000,0,10.4000
3432,3447,20% VAT,20% VAT,20.0000,4.8900,0,0,4.8900,0,4.8900
3433,3448,20% VAT,20% VAT,20.0000,8.6900,0,0,8.6900,0,8.6900
3434,3449,20% VAT,20% VAT,20.0000,4.7500,0,0,4.7500,0,4.7500
3435,3450,20% VAT,20% VAT,20.0000,4.7500,0,0,4.7500,0,4.7500
3436,3451,20% VAT,20% VAT,20.0000,4.7000,0,0,4.7000,0,4.7000
3437,3452,20% VAT,20% VAT,20.0000,9.0600,0,0,9.0600,0,9.0600
3438,3453,20% VAT,20% VAT,20.0000,4.8900,0,0,4.8900,0,4.8900
3439,3454,20% VAT,20% VAT,20.0000,9.7400,0,0,9.7400,0,9.7400
3440,3455,20% VAT,20% VAT,20.0000,4.7500,0,0,4.7500,0,4.7500
3441,3456,20% VAT,20% VAT,20.0000,4.7500,0,0,4.7500,0,4.7500
3442,3457,20% VAT,20% VAT,20.0000,8.6900,0,0,8.6900,0,8.6900
3443,3458,20% VAT,20% VAT,20.0000,4.8900,0,0,4.8900,0,4.8900
3444,3459,20% VAT,20% VAT,20.0000,4.9800,0,0,4.9800,0,4.9800
3445,3460,20% VAT,20% VAT,20.0000,8.8700,0,0,8.8700,0,8.8700
3446,3461,20% VAT,20% VAT,20.0000,4.9800,0,0,4.9800,0,4.9800
3447,3462,20% VAT,20% VAT,20.0000,34.0900,0,0,34.0900,0,34.0900
3448,3463,20% VAT,20% VAT,20.0000,6.1200,0,0,6.1200,0,6.1200
3449,3464,20% VAT,20% VAT,20.0000,4.9800,0,0,4.9800,0,4.9800
3450,3465,20% VAT,20% VAT,20.0000,12.8200,0,0,12.8200,0,12.8200
3451,3466,20% VAT,20% VAT,20.0000,4.7500,0,0,4.7500,0,4.7500
3452,3467,20% VAT,20% VAT,20.0000,38.4200,0,0,38.4200,0,38.4200
3453,3468,20% VAT,20% VAT,20.0000,4.7500,0,0,4.7500,0,4.7500
3454,3469,20% VAT,20% VAT,20.0000,4.7500,0,0,4.7500,0,4.7500
3455,3470,20% VAT,20% VAT,20.0000,10.4000,0,0,10.4000,0,10.4000
3456,3471,20% VAT,20% VAT,20.0000,4.7500,0,0,4.7500,0,4.7500
3457,3472,20% VAT,20% VAT,20.0000,11.3400,0,0,11.3400,0,11.3400
3458,3473,20% VAT,20% VAT,20.0000,4.9800,0,0,4.9800,0,4.9800
3459,3474,20% VAT,20% VAT,20.0000,4.7000,0,0,4.7000,0,4.7000
3460,3475,20% VAT,20% VAT,20.0000,4.7000,0,0,4.7000,0,4.7000
3461,3476,20% VAT,20% VAT,20.0000,20.9800,0,0,20.9800,0,20.9800
3462,3477,20% VAT,20% VAT,20.0000,9.2000,0,0,9.2000,0,9.2000
3463,3478,20% VAT,20% VAT,20.0000,4.7000,0,0,4.7000,0,4.7000
3464,3479,20% VAT,20% VAT,20.0000,4.7500,0,0,4.7500,0,4.7500
3465,3480,20% VAT,20% VAT,20.0000,26.7200,0,0,26.7200,0,26.7200
3466,3481,20% VAT,20% VAT,20.0000,10.4000,0,0,10.4000,0,10.4000
3467,3482,20% VAT,20% VAT,20.0000,8.4900,0,0,8.4900,0,8.4900
3468,3483,20% VAT,20% VAT,20.0000,6.1200,0,0,6.1200,0,6.1200
3469,3484,20% VAT,20% VAT,20.0000,6.1200,0,0,6.1200,0,6.1200
3470,3485,20% VAT,20% VAT,20.0000,4.8900,0,0,4.8900,0,4.8900
3471,3486,20% VAT,20% VAT,20.0000,25.7600,0,0,25.7600,0,25.7600
3472,3487,20% VAT,20% VAT,20.0000,9.0600,0,0,9.0600,0,9.0600
3473,3488,20% VAT,20% VAT,20.0000,4.7000,0,0,4.7000,0,4.7000
3474,3489,20% VAT,20% VAT,20.0000,9.7400,0,0,9.7400,0,9.7400
3475,3490,20% VAT,20% VAT,20.0000,4.7500,0,0,4.7500,0,4.7500
3476,3491,20% VAT,20% VAT,20.0000,5.5500,0,0,5.5500,0,5.5500
3477,3492,20% VAT,20% VAT,20.0000,4.7500,0,0,4.7500,0,4.7500
3478,3493,20% VAT,20% VAT,20.0000,5.2000,0,0,5.2000,0,5.2000
3479,3494,20% VAT,20% VAT,20.0000,58.6800,0,0,58.6800,0,58.6800
3480,3495,20% VAT,20% VAT,20.0000,4.7500,0,0,4.7500,0,4.7500
3481,3496,20% VAT,20% VAT,20.0000,6.1200,0,0,6.1200,0,6.1200
3482,3497,20% VAT,20% VAT,20.0000,21.6600,0,0,21.6600,0,21.6600
3483,3498,20% VAT,20% VAT,20.0000,6.1200,0,0,6.1200,0,6.1200
3484,3499,20% VAT,20% VAT,20.0000,4.8900,0,0,4.8900,0,4.8900
3485,3500,20% VAT,20% VAT,20.0000,4.7500,0,0,4.7500,0,4.7500
3486,3501,20% VAT,20% VAT,20.0000,4.7500,0,0,4.7500,0,4.7500
3487,3502,20% VAT,20% VAT,20.0000,4.7500,0,0,4.7500,0,4.7500
3488,3503,20% VAT,20% VAT,20.0000,4.9800,0,0,4.9800,0,4.9800
3489,3504,20% VAT,20% VAT,20.0000,18.9400,0,0,18.9400,0,18.9400
3490,3505,20% VAT,20% VAT,20.0000,4.7500,0,0,4.7500,0,4.7500
3491,3506,20% VAT,20% VAT,20.0000,4.7500,0,0,4.7500,0,4.7500
3492,3507,20% VAT,20% VAT,20.0000,4.7000,0,0,4.7000,0,4.7000
3493,3508,20% VAT,20% VAT,20.0000,4.7500,0,0,4.7500,0,4.7500
3494,3509,20% VAT,20% VAT,20.0000,10.0700,0,0,10.0700,0,10.0700
3495,3510,20% VAT,20% VAT,20.0000,9.4500,0,0,9.4500,0,9.4500
3496,3511,20% VAT,20% VAT,20.0000,4.7500,0,0,4.7500,0,4.7500
3497,3512,20% VAT,20% VAT,20.0000,5.5500,0,0,5.5500,0,5.5500
3498,3513,20% VAT,20% VAT,20.0000,4.7000,0,0,4.7000,0,4.7000
3499,3514,20% VAT,20% VAT,20.0000,6.1200,0,0,6.1200,0,6.1200
3500,3515,20% VAT,20% VAT,20.0000,4.8900,0,0,4.8900,0,4.8900
3501,3516,20% VAT,20% VAT,20.0000,4.8900,0,0,4.8900,0,4.8900
3502,3517,20% VAT,20% VAT,20.0000,6.1200,0,0,6.1200,0,6.1200
3503,3518,20% VAT,20% VAT,20.0000,8.6000,0,0,8.6000,0,8.6000
3504,3519,20% VAT,20% VAT,20.0000,15.1900,0,0,15.1900,0,15.1900
3505,3520,20% VAT,20% VAT,20.0000,4.7500,0,0,4.7500,0,4.7500
3506,3521,20% VAT,20% VAT,20.0000,4.8900,0,0,4.8900,0,4.8900
3507,3522,20% VAT,20% VAT,20.0000,6.1200,0,0,6.1200,0,6.1200
3508,3523,20% VAT,20% VAT,20.0000,4.9800,0,0,4.9800,0,4.9800
3509,3524,20% VAT,20% VAT,20.0000,9.1600,0,0,9.1600,0,9.1600
3510,3525,20% VAT,20% VAT,20.0000,4.7000,0,0,4.7000,0,4.7000
3511,3526,20% VAT,20% VAT,20.0000,4.9800,0,0,4.9800,0,4.9800
3512,3527,20% VAT,20% VAT,20.0000,5.5500,0,0,5.5500,0,5.5500
3513,3528,20% VAT,20% VAT,20.0000,4.7000,0,0,4.7000,0,4.7000
3514,3529,20% VAT,20% VAT,20.0000,6.1200,0,0,6.1200,0,6.1200
3515,3530,20% VAT,20% VAT,20.0000,4.7500,0,0,4.7500,0,4.7500
3516,3531,20% VAT,20% VAT,20.0000,4.7500,0,0,4.7500,0,4.7500
3517,3532,20% VAT,20% VAT,20.0000,8.8700,0,0,8.8700,0,8.8700
3518,3533,20% VAT,20% VAT,20.0000,10.0700,0,0,10.0700,0,10.0700
3519,3534,20% VAT,20% VAT,20.0000,6.1200,0,0,6.1200,0,6.1200
3520,3535,20% VAT,20% VAT,20.0000,6.1200,0,0,6.1200,0,6.1200
3521,3536,20% VAT,20% VAT,20.0000,4.8900,0,0,4.8900,0,4.8900
3522,3537,20% VAT,20% VAT,20.0000,5.5500,0,0,5.5500,0,5.5500
3523,3538,20% VAT,20% VAT,20.0000,6.1200,0,0,6.1200,0,6.1200
3524,3539,20% VAT,20% VAT,20.0000,6.1200,0,0,6.1200,0,6.1200
3525,3540,20% VAT,20% VAT,20.0000,4.8900,0,0,4.8900,0,4.8900
3526,3541,20% VAT,20% VAT,20.0000,6.1200,0,0,6.1200,0,6.1200
3527,3542,20% VAT,20% VAT,20.0000,4.7500,0,0,4.7500,0,4.7500
3528,3543,20% VAT,20% VAT,20.0000,6.1200,0,0,6.1200,0,6.1200
3529,3544,20% VAT,20% VAT,20.0000,4.7500,0,0,4.7500,0,4.7500
3530,3545,20% VAT,20% VAT,20.0000,4.7500,0,0,4.7500,0,4.7500
3531,3546,20% VAT,20% VAT,20.0000,4.8900,0,0,4.8900,0,4.8900
3532,3547,20% VAT,20% VAT,20.0000,4.9800,0,0,4.9800,0,4.9800
3533,3548,20% VAT,20% VAT,20.0000,9.4500,0,0,9.4500,0,9.4500
3534,3549,20% VAT,20% VAT,20.0000,6.1200,0,0,6.1200,0,6.1200
3535,3550,20% VAT,20% VAT,20.0000,4.8900,0,0,4.8900,0,4.8900
3536,3551,20% VAT,20% VAT,20.0000,4.7500,0,0,4.7500,0,4.7500
3537,3552,20% VAT,20% VAT,20.0000,4.9800,0,0,4.9800,0,4.9800
3538,3553,20% VAT,20% VAT,20.0000,9.4500,0,0,9.4500,0,9.4500
3539,3554,20% VAT,20% VAT,20.0000,11.3400,0,0,11.3400,0,11.3400
3540,3555,20% VAT,20% VAT,20.0000,4.8900,0,0,4.8900,0,4.8900
3541,3556,20% VAT,20% VAT,20.0000,6.1200,0,0,6.1200,0,6.1200
3542,3557,20% VAT,20% VAT,20.0000,4.7500,0,0,4.7500,0,4.7500
3543,3558,20% VAT,20% VAT,20.0000,4.7500,0,0,4.7500,0,4.7500
3544,3559,20% VAT,20% VAT,20.0000,6.1200,0,0,6.1200,0,6.1200
3545,3560,20% VAT,20% VAT,20.0000,4.7000,0,0,4.7000,0,4.7000
3546,3561,20% VAT,20% VAT,20.0000,6.1200,0,0,6.1200,0,6.1200
3547,3562,20% VAT,20% VAT,20.0000,6.1200,0,0,6.1200,0,6.1200
3548,3563,20% VAT,20% VAT,20.0000,4.9800,0,0,4.9800,0,4.9800
3549,3564,20% VAT,20% VAT,20.0000,8.6900,0,0,8.6900,0,8.6900
3550,3565,20% VAT,20% VAT,20.0000,4.9800,0,0,4.9800,0,4.9800
3551,3566,20% VAT,20% VAT,20.0000,9.9700,0,0,9.9700,0,9.9700
3552,3567,20% VAT,20% VAT,20.0000,4.8900,0,0,4.8900,0,4.8900
3553,3568,20% VAT,20% VAT,20.0000,6.1200,0,0,6.1200,0,6.1200
3554,3569,20% VAT,20% VAT,20.0000,4.7500,0,0,4.7500,0,4.7500
3555,3570,20% VAT,20% VAT,20.0000,6.1200,0,0,6.1200,0,6.1200
3556,3571,20% VAT,20% VAT,20.0000,4.9800,0,0,4.9800,0,4.9800
3557,3572,20% VAT,20% VAT,20.0000,26.9600,0,0,26.9600,0,26.9600
3558,3573,20% VAT,20% VAT,20.0000,6.1200,0,0,6.1200,0,6.1200
3559,3574,20% VAT,20% VAT,20.0000,4.7500,0,0,4.7500,0,4.7500
3560,3575,20% VAT,20% VAT,20.0000,6.1200,0,0,6.1200,0,6.1200
3561,3576,20% VAT,20% VAT,20.0000,43.8400,0,0,43.8400,0,43.8400
3562,3577,20% VAT,20% VAT,20.0000,4.7500,0,0,4.7500,0,4.7500
3563,3578,20% VAT,20% VAT,20.0000,4.7500,0,0,4.7500,0,4.7500
3564,3579,20% VAT,20% VAT,20.0000,6.1200,0,0,6.1200,0,6.1200
3565,3580,20% VAT,20% VAT,20.0000,4.7500,0,0,4.7500,0,4.7500
3566,3581,20% VAT,20% VAT,20.0000,11.3400,0,0,11.3400,0,11.3400
3567,3582,20% VAT,20% VAT,20.0000,6.1200,0,0,6.1200,0,6.1200
3568,3583,20% VAT,20% VAT,20.0000,4.9800,0,0,4.9800,0,4.9800
3569,3584,20% VAT,20% VAT,20.0000,4.7500,0,0,4.7500,0,4.7500
3570,3585,20% VAT,20% VAT,20.0000,6.1200,0,0,6.1200,0,6.1200
3571,3586,20% VAT,20% VAT,20.0000,6.1200,0,0,6.1200,0,6.1200
3572,3587,20% VAT,20% VAT,20.0000,6.1200,0,0,6.1200,0,6.1200
3573,3588,20% VAT,20% VAT,20.0000,6.1200,0,0,6.1200,0,6.1200
3574,3589,20% VAT,20% VAT,20.0000,4.8900,0,0,4.8900,0,4.8900
3575,3590,20% VAT,20% VAT,20.0000,4.7000,0,0,4.7000,0,4.7000
3576,3591,20% VAT,20% VAT,20.0000,4.7500,0,0,4.7500,0,4.7500
3577,3592,20% VAT,20% VAT,20.0000,6.5100,0,0,6.5100,0,6.5100
3578,3593,20% VAT,20% VAT,20.0000,9.7400,0,0,9.7400,0,9.7400
3579,3594,20% VAT,20% VAT,20.0000,10.0700,0,0,10.0700,0,10.0700
3580,3595,20% VAT,20% VAT,20.0000,21.0000,0,0,21.0000,0,21.0000
3581,3596,20% VAT,20% VAT,20.0000,4.7500,0,0,4.7500,0,4.7500
3582,3597,20% VAT,20% VAT,20.0000,4.7500,0,0,4.7500,0,4.7500
3583,3598,20% VAT,20% VAT,20.0000,6.1200,0,0,6.1200,0,6.1200
3584,3599,20% VAT,20% VAT,20.0000,8.8700,0,0,8.8700,0,8.8700
3585,3600,20% VAT,20% VAT,20.0000,6.1200,0,0,6.1200,0,6.1200
3586,3601,20% VAT,20% VAT,20.0000,4.9800,0,0,4.9800,0,4.9800
3587,3602,20% VAT,20% VAT,20.0000,3.4600,0,0,3.4600,0,3.4600
3588,3603,20% VAT,20% VAT,20.0000,6.1200,0,0,6.1200,0,6.1200
3589,3604,20% VAT,20% VAT,20.0000,6.1200,0,0,6.1200,0,6.1200
3590,3605,20% VAT,20% VAT,20.0000,4.7500,0,0,4.7500,0,4.7500
3591,3606,20% VAT,20% VAT,20.0000,4.7500,0,0,4.7500,0,4.7500
3592,3607,20% VAT,20% VAT,20.0000,8.1000,0,0,8.1000,0,8.1000
3593,3608,20% VAT,20% VAT,20.0000,4.7500,0,0,4.7500,0,4.7500
3594,3609,20% VAT,20% VAT,20.0000,4.7000,0,0,4.7000,0,4.7000
3595,3610,20% VAT,20% VAT,20.0000,4.7500,0,0,4.7500,0,4.7500
3596,3611,20% VAT,20% VAT,20.0000,4.8900,0,0,4.8900,0,4.8900
3597,3612,20% VAT,20% VAT,20.0000,6.1200,0,0,6.1200,0,6.1200
3598,3613,20% VAT,20% VAT,20.0000,4.7500,0,0,4.7500,0,4.7500
3599,3614,20% VAT,20% VAT,20.0000,8.6000,0,0,8.6000,0,8.6000
3600,3615,20% VAT,20% VAT,20.0000,4.8900,0,0,4.8900,0,4.8900
3601,3616,20% VAT,20% VAT,20.0000,4.7500,0,0,4.7500,0,4.7500
3602,3617,20% VAT,20% VAT,20.0000,24.1400,0,0,24.1400,0,24.1400
3603,3618,20% VAT,20% VAT,20.0000,6.6100,0,0,6.6100,0,6.6100
3604,3619,20% VAT,20% VAT,20.0000,5.5500,0,0,5.5500,0,5.5500
3605,3620,20% VAT,20% VAT,20.0000,4.8900,0,0,4.8900,0,4.8900
3606,3621,20% VAT,20% VAT,20.0000,4.7500,0,0,4.7500,0,4.7500
3607,3622,20% VAT,20% VAT,20.0000,4.7500,0,0,4.7500,0,4.7500
3608,3623,20% VAT,20% VAT,20.0000,6.4100,0,0,6.4100,0,6.4100
3609,3624,20% VAT,20% VAT,20.0000,3.9000,0,0,3.9000,0,3.9000
3610,3625,20% VAT,20% VAT,20.0000,13.9500,0,0,13.9500,0,13.9500
3611,3626,20% VAT,20% VAT,20.0000,9.4500,0,0,9.4500,0,9.4500
3612,3627,20% VAT,20% VAT,20.0000,4.7500,0,0,4.7500,0,4.7500
3613,3628,20% VAT,20% VAT,20.0000,4.8900,0,0,4.8900,0,4.8900
3614,3629,20% VAT,20% VAT,20.0000,6.1200,0,0,6.1200,0,6.1200
3615,3630,20% VAT,20% VAT,20.0000,4.7000,0,0,4.7000,0,4.7000
3616,3631,20% VAT,20% VAT,20.0000,6.1200,0,0,6.1200,0,6.1200
3617,3632,20% VAT,20% VAT,20.0000,4.7500,0,0,4.7500,0,4.7500
3618,3633,20% VAT,20% VAT,20.0000,4.7500,0,0,4.7500,0,4.7500
3619,3634,20% VAT,20% VAT,20.0000,6.1200,0,0,6.1200,0,6.1200
3620,3635,20% VAT,20% VAT,20.0000,6.1200,0,0,6.1200,0,6.1200
3621,3636,20% VAT,20% VAT,20.0000,4.9800,0,0,4.9800,0,4.9800
3622,3637,20% VAT,20% VAT,20.0000,6.1200,0,0,6.1200,0,6.1200
3623,3638,20% VAT,20% VAT,20.0000,13.0100,0,0,13.0100,0,13.0100
3624,3639,20% VAT,20% VAT,20.0000,4.9800,0,0,4.9800,0,4.9800
3625,3640,20% VAT,20% VAT,20.0000,4.7000,0,0,4.7000,0,4.7000
3626,3641,20% VAT,20% VAT,20.0000,17.9900,0,0,17.9900,0,17.9900
3627,3642,20% VAT,20% VAT,20.0000,9.4500,0,0,9.4500,0,9.4500
3628,3643,20% VAT,20% VAT,20.0000,6.1200,0,0,6.1200,0,6.1200
3629,3644,20% VAT,20% VAT,20.0000,6.1200,0,0,6.1200,0,6.1200
3630,3645,20% VAT,20% VAT,20.0000,6.1200,0,0,6.1200,0,6.1200
3631,3646,20% VAT,20% VAT,20.0000,8.3200,0,0,8.3200,0,8.3200
3632,3647,20% VAT,20% VAT,20.0000,18.4000,0,0,18.4000,0,18.4000
3633,3648,20% VAT,20% VAT,20.0000,29.5600,0,0,29.5600,0,29.5600
3634,3649,20% VAT,20% VAT,20.0000,4.7500,0,0,4.7500,0,4.7500
3635,3650,20% VAT,20% VAT,20.0000,4.7500,0,0,4.7500,0,4.7500
3636,3651,20% VAT,20% VAT,20.0000,9.4500,0,0,9.4500,0,9.4500
3637,3652,20% VAT,20% VAT,20.0000,9.5100,0,0,9.5100,0,9.5100
3638,3653,20% VAT,20% VAT,20.0000,4.7500,0,0,4.7500,0,4.7500
3639,3654,20% VAT,20% VAT,20.0000,4.7500,0,0,4.7500,0,4.7500
3640,3655,20% VAT,20% VAT,20.0000,4.7500,0,0,4.7500,0,4.7500
3641,3656,20% VAT,20% VAT,20.0000,6.1200,0,0,6.1200,0,6.1200
3642,3657,20% VAT,20% VAT,20.0000,14.4800,0,0,14.4800,0,14.4800
3643,3658,20% VAT,20% VAT,20.0000,10.4000,0,0,10.4000,0,10.4000
3644,3659,20% VAT,20% VAT,20.0000,4.7000,0,0,4.7000,0,4.7000
3645,3660,20% VAT,20% VAT,20.0000,4.7000,0,0,4.7000,0,4.7000
3646,3661,20% VAT,20% VAT,20.0000,6.1200,0,0,6.1200,0,6.1200
3647,3662,20% VAT,20% VAT,20.0000,4.7000,0,0,4.7000,0,4.7000
3648,3663,20% VAT,20% VAT,20.0000,6.1200,0,0,6.1200,0,6.1200
3649,3664,20% VAT,20% VAT,20.0000,6.1200,0,0,6.1200,0,6.1200
3650,3665,20% VAT,20% VAT,20.0000,4.9800,0,0,4.9800,0,4.9800
3651,3666,20% VAT,20% VAT,20.0000,4.7500,0,0,4.7500,0,4.7500
3652,3667,20% VAT,20% VAT,20.0000,14.5000,0,0,14.5000,0,14.5000
3653,3668,20% VAT,20% VAT,20.0000,4.9800,0,0,4.9800,0,4.9800
3654,3669,20% VAT,20% VAT,20.0000,6.1200,0,0,6.1200,0,6.1200
3655,3670,20% VAT,20% VAT,20.0000,4.2200,0,0,4.2200,0,4.2200
3656,3671,20% VAT,20% VAT,20.0000,9.1900,0,0,9.1900,0,9.1900
3657,3672,20% VAT,20% VAT,20.0000,4.7000,0,0,4.7000,0,4.7000
3658,3673,20% VAT,20% VAT,20.0000,4.7000,0,0,4.7000,0,4.7000
3659,3674,20% VAT,20% VAT,20.0000,6.6100,0,0,6.6100,0,6.6100
3660,3675,20% VAT,20% VAT,20.0000,5.5500,0,0,5.5500,0,5.5500
3661,3676,20% VAT,20% VAT,20.0000,4.7000,0,0,4.7000,0,4.7000
3662,3677,20% VAT,20% VAT,20.0000,6.1200,0,0,6.1200,0,6.1200
3663,3678,20% VAT,20% VAT,20.0000,4.7500,0,0,4.7500,0,4.7500
3664,3679,20% VAT,20% VAT,20.0000,6.1200,0,0,6.1200,0,6.1200
3665,3680,20% VAT,20% VAT,20.0000,29.5600,0,0,29.5600,0,29.5600
3666,3681,20% VAT,20% VAT,20.0000,4.8900,0,0,4.8900,0,4.8900
3667,3682,20% VAT,20% VAT,20.0000,8.9700,0,0,8.9700,0,8.9700
3668,3683,20% VAT,20% VAT,20.0000,4.8900,0,0,4.8900,0,4.8900
3669,3684,20% VAT,20% VAT,20.0000,4.7500,0,0,4.7500,0,4.7500
3670,3685,20% VAT,20% VAT,20.0000,6.1200,0,0,6.1200,0,6.1200
3671,3686,20% VAT,20% VAT,20.0000,10.4000,0,0,10.4000,0,10.4000
3672,3687,20% VAT,20% VAT,20.0000,6.1200,0,0,6.1200,0,6.1200
3673,3688,20% VAT,20% VAT,20.0000,6.5100,0,0,6.5100,0,6.5100
3674,3689,20% VAT,20% VAT,20.0000,4.7500,0,0,4.7500,0,4.7500
3675,3690,20% VAT,20% VAT,20.0000,6.1200,0,0,6.1200,0,6.1200
3676,3691,20% VAT,20% VAT,20.0000,4.7500,0,0,4.7500,0,4.7500
3677,3692,20% VAT,20% VAT,20.0000,6.1200,0,0,6.1200,0,6.1200
3678,3693,20% VAT,20% VAT,20.0000,4.7000,0,0,4.7000,0,4.7000
3679,3694,20% VAT,20% VAT,20.0000,13.7100,0,0,13.7100,0,13.7100
3680,3695,20% VAT,20% VAT,20.0000,14.1600,0,0,14.1600,0,14.1600
3681,3696,20% VAT,20% VAT,20.0000,4.7000,0,0,4.7000,0,4.7000
3682,3697,20% VAT,20% VAT,20.0000,9.4500,0,0,9.4500,0,9.4500
3683,3698,20% VAT,20% VAT,20.0000,4.7500,0,0,4.7500,0,4.7500
3684,3699,20% VAT,20% VAT,20.0000,11.2200,0,0,11.2200,0,11.2200
3685,3700,20% VAT,20% VAT,20.0000,9.4500,0,0,9.4500,0,9.4500
3686,3701,20% VAT,20% VAT,20.0000,9.4500,0,0,9.4500,0,9.4500
3687,3702,20% VAT,20% VAT,20.0000,6.1200,0,0,6.1200,0,6.1200
3688,3703,20% VAT,20% VAT,20.0000,10.3300,0,0,10.3300,0,10.3300
3689,3704,20% VAT,20% VAT,20.0000,8.4900,0,0,8.4900,0,8.4900
3690,3705,20% VAT,20% VAT,20.0000,4.7500,0,0,4.7500,0,4.7500
3691,3706,20% VAT,20% VAT,20.0000,9.1600,0,0,9.1600,0,9.1600
3692,3707,20% VAT,20% VAT,20.0000,4.7500,0,0,4.7500,0,4.7500
3693,3708,20% VAT,20% VAT,20.0000,4.7500,0,0,4.7500,0,4.7500
3694,3709,20% VAT,20% VAT,20.0000,10.0700,0,0,10.0700,0,10.0700
3695,3710,20% VAT,20% VAT,20.0000,26.0800,0,0,26.0800,0,26.0800
3696,3711,20% VAT,20% VAT,20.0000,4.7500,0,0,4.7500,0,4.7500
3697,3712,20% VAT,20% VAT,20.0000,9.2000,0,0,9.2000,0,9.2000
3698,3713,20% VAT,20% VAT,20.0000,10.2900,0,0,10.2900,0,10.2900
3699,3714,20% VAT,20% VAT,20.0000,10.0700,0,0,10.0700,0,10.0700
3700,3715,20% VAT,20% VAT,20.0000,9.7300,0,0,9.7300,0,9.7300
3701,3716,20% VAT,20% VAT,20.0000,6.1200,0,0,6.1200,0,6.1200
3702,3717,20% VAT,20% VAT,20.0000,4.7000,0,0,4.7000,0,4.7000
3703,3718,20% VAT,20% VAT,20.0000,9.2000,0,0,9.2000,0,9.2000
3704,3719,20% VAT,20% VAT,20.0000,9.1900,0,0,9.1900,0,9.1900
3705,3720,20% VAT,20% VAT,20.0000,6.4800,0,0,6.4800,0,6.4800
3706,3721,20% VAT,20% VAT,20.0000,5.5500,0,0,5.5500,0,5.5500
3707,3722,20% VAT,20% VAT,20.0000,9.4500,0,0,9.4500,0,9.4500
3708,3723,20% VAT,20% VAT,20.0000,1.8400,0,0,1.8400,0,1.8400
3709,3724,20% VAT,20% VAT,20.0000,6.1200,0,0,6.1200,0,6.1200
3710,3725,20% VAT,20% VAT,20.0000,4.9800,0,0,4.9800,0,4.9800
3711,3726,20% VAT,20% VAT,20.0000,5.5500,0,0,5.5500,0,5.5500
3712,3727,20% VAT,20% VAT,20.0000,8.9700,0,0,8.9700,0,8.9700
3713,3728,20% VAT,20% VAT,20.0000,20.1400,0,0,20.1400,0,20.1400
3714,3729,20% VAT,20% VAT,20.0000,4.8900,0,0,4.8900,0,4.8900
3715,3730,20% VAT,20% VAT,20.0000,4.7500,0,0,4.7500,0,4.7500
3716,3731,20% VAT,20% VAT,20.0000,8.9700,0,0,8.9700,0,8.9700
3717,3732,20% VAT,20% VAT,20.0000,4.8900,0,0,4.8900,0,4.8900
3718,3733,20% VAT,20% VAT,20.0000,8.8300,0,0,8.8300,0,8.8300
3719,3734,20% VAT,20% VAT,20.0000,10.2000,0,0,10.2000,0,10.2000
3720,3735,20% VAT,20% VAT,20.0000,6.4800,0,0,6.4800,0,6.4800
3721,3736,20% VAT,20% VAT,20.0000,6.1200,0,0,6.1200,0,6.1200
3722,3737,20% VAT,20% VAT,20.0000,5.5200,0,0,5.5200,0,5.5200
3723,3738,20% VAT,20% VAT,20.0000,32.4300,0,0,32.4300,0,32.4300
3724,3739,20% VAT,20% VAT,20.0000,4.8900,0,0,4.8900,0,4.8900
3725,3740,20% VAT,20% VAT,20.0000,9.4500,0,0,9.4500,0,9.4500
3726,3741,20% VAT,20% VAT,20.0000,7.7400,0,0,7.7400,0,7.7400
3727,3742,20% VAT,20% VAT,20.0000,8.6000,0,0,8.6000,0,8.6000
3728,3743,20% VAT,20% VAT,20.0000,4.7500,0,0,4.7500,0,4.7500
3729,3744,20% VAT,20% VAT,20.0000,3.0300,0,0,3.0300,0,3.0300
3730,3745,20% VAT,20% VAT,20.0000,6.4800,0,0,6.4800,0,6.4800
3731,3746,20% VAT,20% VAT,20.0000,4.7500,0,0,4.7500,0,4.7500
3732,3747,20% VAT,20% VAT,20.0000,5.5200,0,0,5.5200,0,5.5200
3733,3748,20% VAT,20% VAT,20.0000,19.4900,0,0,19.4900,0,19.4900
3734,3749,20% VAT,20% VAT,20.0000,17.8600,0,0,17.8600,0,17.8600
3735,3750,20% VAT,20% VAT,20.0000,6.1200,0,0,6.1200,0,6.1200
3736,3751,20% VAT,20% VAT,20.0000,9.9200,0,0,9.9200,0,9.9200
3737,3752,20% VAT,20% VAT,20.0000,22.5000,0,0,22.5000,0,22.5000
3738,3753,20% VAT,20% VAT,20.0000,4.7500,0,0,4.7500,0,4.7500
3739,3754,20% VAT,20% VAT,20.0000,9.7400,0,0,9.7400,0,9.7400
3740,3755,20% VAT,20% VAT,20.0000,11.3400,0,0,11.3400,0,11.3400
3741,3756,20% VAT,20% VAT,20.0000,4.7500,0,0,4.7500,0,4.7500
3742,3757,20% VAT,20% VAT,20.0000,15.1000,0,0,15.1000,0,15.1000
3743,3758,20% VAT,20% VAT,20.0000,4.9800,0,0,4.9800,0,4.9800
3744,3759,20% VAT,20% VAT,20.0000,4.9800,0,0,4.9800,0,4.9800
3745,3760,20% VAT,20% VAT,20.0000,10.8300,0,0,10.8300,0,10.8300
3746,3761,20% VAT,20% VAT,20.0000,4.7500,0,0,4.7500,0,4.7500
3747,3762,20% VAT,20% VAT,20.0000,8.6000,0,0,8.6000,0,8.6000
3748,3763,20% VAT,20% VAT,20.0000,19.2700,0,0,19.2700,0,19.2700
3749,3764,20% VAT,20% VAT,20.0000,4.7500,0,0,4.7500,0,4.7500
3750,3765,20% VAT,20% VAT,20.0000,8.6000,0,0,8.6000,0,8.6000
3751,3766,20% VAT,20% VAT,20.0000,4.7500,0,0,4.7500,0,4.7500
3752,3767,20% VAT,20% VAT,20.0000,9.9200,0,0,9.9200,0,9.9200
3753,3768,20% VAT,20% VAT,20.0000,4.7000,0,0,4.7000,0,4.7000
3754,3769,20% VAT,20% VAT,20.0000,9.7400,0,0,9.7400,0,9.7400
3755,3770,20% VAT,20% VAT,20.0000,34.2300,0,0,34.2300,0,34.2300
3756,3771,20% VAT,20% VAT,20.0000,4.7500,0,0,4.7500,0,4.7500
3757,3772,20% VAT,20% VAT,20.0000,4.7000,0,0,4.7000,0,4.7000
3758,3773,20% VAT,20% VAT,20.0000,4.7000,0,0,4.7000,0,4.7000
3759,3774,20% VAT,20% VAT,20.0000,21.2100,0,0,21.2100,0,21.2100
3760,3775,20% VAT,20% VAT,20.0000,11.9000,0,0,11.9000,0,11.9000
3761,3776,20% VAT,20% VAT,20.0000,4.7500,0,0,4.7500,0,4.7500
3762,3777,20% VAT,20% VAT,20.0000,4.7000,0,0,4.7000,0,4.7000
3763,3778,20% VAT,20% VAT,20.0000,4.7500,0,0,4.7500,0,4.7500
3764,3779,20% VAT,20% VAT,20.0000,4.7000,0,0,4.7000,0,4.7000
3765,3780,20% VAT,20% VAT,20.0000,10.1500,0,0,10.1500,0,10.1500
3766,3781,20% VAT,20% VAT,20.0000,4.7500,0,0,4.7500,0,4.7500
3767,3782,20% VAT,20% VAT,20.0000,9.0600,0,0,9.0600,0,9.0600
3768,3783,20% VAT,20% VAT,20.0000,4.7000,0,0,4.7000,0,4.7000
3769,3784,20% VAT,20% VAT,20.0000,9.7400,0,0,9.7400,0,9.7400
3770,3785,20% VAT,20% VAT,20.0000,4.7000,0,0,4.7000,0,4.7000
3771,3786,20% VAT,20% VAT,20.0000,5.5500,0,0,5.5500,0,5.5500
3772,3787,20% VAT,20% VAT,20.0000,15.0500,0,0,15.0500,0,15.0500
3773,3788,20% VAT,20% VAT,20.0000,4.7000,0,0,4.7000,0,4.7000
3774,3789,20% VAT,20% VAT,20.0000,9.4500,0,0,9.4500,0,9.4500
3775,3790,20% VAT,20% VAT,20.0000,19.3400,0,0,19.3400,0,19.3400
3776,3791,20% VAT,20% VAT,20.0000,21.6600,0,0,21.6600,0,21.6600
3777,3792,20% VAT,20% VAT,20.0000,6.1200,0,0,6.1200,0,6.1200
3778,3793,20% VAT,20% VAT,20.0000,4.7500,0,0,4.7500,0,4.7500
3779,3794,20% VAT,20% VAT,20.0000,4.7000,0,0,4.7000,0,4.7000
3780,3795,20% VAT,20% VAT,20.0000,4.7500,0,0,4.7500,0,4.7500
3781,3796,20% VAT,20% VAT,20.0000,4.7500,0,0,4.7500,0,4.7500
3782,3797,20% VAT,20% VAT,20.0000,8.6900,0,0,8.6900,0,8.6900
3783,3798,20% VAT,20% VAT,20.0000,8.6900,0,0,8.6900,0,8.6900
3784,3799,20% VAT,20% VAT,20.0000,9.1600,0,0,9.1600,0,9.1600
3785,3800,20% VAT,20% VAT,20.0000,6.1200,0,0,6.1200,0,6.1200
3786,3801,20% VAT,20% VAT,20.0000,6.1200,0,0,6.1200,0,6.1200
3787,3802,20% VAT,20% VAT,20.0000,6.1200,0,0,6.1200,0,6.1200
3788,3803,20% VAT,20% VAT,20.0000,9.4500,0,0,9.4500,0,9.4500
3789,3804,20% VAT,20% VAT,20.0000,10.6300,0,0,10.6300,0,10.6300
3790,3805,20% VAT,20% VAT,20.0000,5.5500,0,0,5.5500,0,5.5500
3791,3806,20% VAT,20% VAT,20.0000,17.9900,0,0,17.9900,0,17.9900
3792,3807,20% VAT,20% VAT,20.0000,4.7000,0,0,4.7000,0,4.7000
3793,3808,20% VAT,20% VAT,20.0000,6.1200,0,0,6.1200,0,6.1200
3794,3809,20% VAT,20% VAT,20.0000,4.7500,0,0,4.7500,0,4.7500
3795,3810,20% VAT,20% VAT,20.0000,14.5300,0,0,14.5300,0,14.5300
3796,3811,20% VAT,20% VAT,20.0000,4.7000,0,0,4.7000,0,4.7000
3797,3812,20% VAT,20% VAT,20.0000,12.8200,0,0,12.8200,0,12.8200
3798,3813,20% VAT,20% VAT,20.0000,6.1200,0,0,6.1200,0,6.1200
3799,3814,20% VAT,20% VAT,20.0000,9.4200,0,0,9.4200,0,9.4200
3800,3815,20% VAT,20% VAT,20.0000,19.4900,0,0,19.4900,0,19.4900
3801,3816,20% VAT,20% VAT,20.0000,6.1200,0,0,6.1200,0,6.1200
3802,3817,20% VAT,20% VAT,20.0000,4.8900,0,0,4.8900,0,4.8900
3803,3818,20% VAT,20% VAT,20.0000,4.7500,0,0,4.7500,0,4.7500
3804,3819,20% VAT,20% VAT,20.0000,9.4500,0,0,9.4500,0,9.4500
3805,3820,20% VAT,20% VAT,20.0000,10.4000,0,0,10.4000,0,10.4000
3806,3821,20% VAT,20% VAT,20.0000,4.7000,0,0,4.7000,0,4.7000
3807,3822,20% VAT,20% VAT,20.0000,40.4500,0,0,40.4500,0,40.4500
3808,3823,20% VAT,20% VAT,20.0000,14.9300,0,0,14.9300,0,14.9300
3809,3824,20% VAT,20% VAT,20.0000,4.7500,0,0,4.7500,0,4.7500
3810,3825,20% VAT,20% VAT,20.0000,9.1600,0,0,9.1600,0,9.1600
3811,3826,20% VAT,20% VAT,20.0000,14.7000,0,0,14.7000,0,14.7000
3812,3827,20% VAT,20% VAT,20.0000,4.8900,0,0,4.8900,0,4.8900
3813,3828,20% VAT,20% VAT,20.0000,6.1200,0,0,6.1200,0,6.1200
3814,3829,20% VAT,20% VAT,20.0000,4.7000,0,0,4.7000,0,4.7000
3815,3830,20% VAT,20% VAT,20.0000,9.7400,0,0,9.7400,0,9.7400
3816,3831,20% VAT,20% VAT,20.0000,9.7400,0,0,9.7400,0,9.7400
3817,3832,20% VAT,20% VAT,20.0000,9.4500,0,0,9.4500,0,9.4500
3818,3833,20% VAT,20% VAT,20.0000,4.9800,0,0,4.9800,0,4.9800
3819,3834,20% VAT,20% VAT,20.0000,4.7000,0,0,4.7000,0,4.7000
3820,3835,20% VAT,20% VAT,20.0000,8.6900,0,0,8.6900,0,8.6900
3821,3836,20% VAT,20% VAT,20.0000,18.8200,0,0,18.8200,0,18.8200
3822,3837,20% VAT,20% VAT,20.0000,4.7000,0,0,4.7000,0,4.7000
3823,3838,20% VAT,20% VAT,20.0000,4.8900,0,0,4.8900,0,4.8900
3824,3839,20% VAT,20% VAT,20.0000,4.7000,0,0,4.7000,0,4.7000
3825,3840,20% VAT,20% VAT,20.0000,9.7300,0,0,9.7300,0,9.7300
3826,3841,20% VAT,20% VAT,20.0000,47.2100,0,0,47.2100,0,47.2100
3827,3842,20% VAT,20% VAT,20.0000,8.6800,0,0,8.6800,0,8.6800
3828,3843,20% VAT,20% VAT,20.0000,10.3600,0,0,10.3600,0,10.3600
3829,3844,20% VAT,20% VAT,20.0000,4.7500,0,0,4.7500,0,4.7500
3830,3845,20% VAT,20% VAT,20.0000,8.6900,0,0,8.6900,0,8.6900
3831,3846,20% VAT,20% VAT,20.0000,8.9700,0,0,8.9700,0,8.9700
3832,3847,20% VAT,20% VAT,20.0000,4.7500,0,0,4.7500,0,4.7500
3833,3848,20% VAT,20% VAT,20.0000,4.7500,0,0,4.7500,0,4.7500
3834,3849,20% VAT,20% VAT,20.0000,8.9700,0,0,8.9700,0,8.9700
3835,3850,20% VAT,20% VAT,20.0000,8.6900,0,0,8.6900,0,8.6900
3836,3851,20% VAT,20% VAT,20.0000,8.6900,0,0,8.6900,0,8.6900
3837,3852,20% VAT,20% VAT,20.0000,8.9700,0,0,8.9700,0,8.9700
3838,3853,20% VAT,20% VAT,20.0000,6.1200,0,0,6.1200,0,6.1200
3839,3854,20% VAT,20% VAT,20.0000,10.8200,0,0,10.8200,0,10.8200
3840,3855,20% VAT,20% VAT,20.0000,29.2300,0,0,29.2300,0,29.2300
3841,3856,20% VAT,20% VAT,20.0000,11.9600,0,0,11.9600,0,11.9600
3842,3857,20% VAT,20% VAT,20.0000,31.6200,0,0,31.6200,0,31.6200
3843,3858,20% VAT,20% VAT,20.0000,9.4500,0,0,9.4500,0,9.4500
3844,3859,20% VAT,20% VAT,20.0000,10.6000,0,0,10.6000,0,10.6000
3845,3860,20% VAT,20% VAT,20.0000,9.4200,0,0,9.4200,0,9.4200
3846,3861,20% VAT,20% VAT,20.0000,4.9800,0,0,4.9800,0,4.9800
3847,3862,20% VAT,20% VAT,20.0000,17.9900,0,0,17.9900,0,17.9900
3848,3863,20% VAT,20% VAT,20.0000,4.7500,0,0,4.7500,0,4.7500
3849,3864,20% VAT,20% VAT,20.0000,8.6900,0,0,8.6900,0,8.6900
3850,3865,20% VAT,20% VAT,20.0000,8.6900,0,0,8.6900,0,8.6900
3851,3866,20% VAT,20% VAT,20.0000,4.7000,0,0,4.7000,0,4.7000
3852,3867,20% VAT,20% VAT,20.0000,14.1900,0,0,14.1900,0,14.1900
3853,3868,20% VAT,20% VAT,20.0000,9.4500,0,0,9.4500,0,9.4500
3854,3869,20% VAT,20% VAT,20.0000,26.3900,0,0,26.3900,0,26.3900
3855,3870,20% VAT,20% VAT,20.0000,9.1600,0,0,9.1600,0,9.1600
3856,3871,20% VAT,20% VAT,20.0000,14.0700,0,0,14.0700,0,14.0700
3857,3872,20% VAT,20% VAT,20.0000,8.9700,0,0,8.9700,0,8.9700
3858,3873,20% VAT,20% VAT,20.0000,4.7000,0,0,4.7000,0,4.7000
3859,3874,20% VAT,20% VAT,20.0000,18.4000,0,0,18.4000,0,18.4000
3860,3875,20% VAT,20% VAT,20.0000,9.4500,0,0,9.4500,0,9.4500
3861,3876,20% VAT,20% VAT,20.0000,10.2000,0,0,10.2000,0,10.2000
3862,3877,20% VAT,20% VAT,20.0000,8.6900,0,0,8.6900,0,8.6900
3863,3878,20% VAT,20% VAT,20.0000,8.6900,0,0,8.6900,0,8.6900
3864,3879,20% VAT,20% VAT,20.0000,4.7500,0,0,4.7500,0,4.7500
3865,3880,20% VAT,20% VAT,20.0000,6.1200,0,0,6.1200,0,6.1200
3866,3881,20% VAT,20% VAT,20.0000,6.1200,0,0,6.1200,0,6.1200
3867,3882,20% VAT,20% VAT,20.0000,4.7000,0,0,4.7000,0,4.7000
3868,3883,20% VAT,20% VAT,20.0000,6.1200,0,0,6.1200,0,6.1200
3869,3884,20% VAT,20% VAT,20.0000,4.9800,0,0,4.9800,0,4.9800
3870,3885,20% VAT,20% VAT,20.0000,6.1200,0,0,6.1200,0,6.1200
3871,3886,20% VAT,20% VAT,20.0000,14.3900,0,0,14.3900,0,14.3900
3872,3887,20% VAT,20% VAT,20.0000,8.6900,0,0,8.6900,0,8.6900
3873,3888,20% VAT,20% VAT,20.0000,9.3600,0,0,9.3600,0,9.3600
3874,3889,20% VAT,20% VAT,20.0000,8.9700,0,0,8.9700,0,8.9700
3875,3890,20% VAT,20% VAT,20.0000,12.4500,0,0,12.4500,0,12.4500
3876,3891,20% VAT,20% VAT,20.0000,8.6900,0,0,8.6900,0,8.6900
3877,3892,20% VAT,20% VAT,20.0000,4.9800,0,0,4.9800,0,4.9800
3878,3893,20% VAT,20% VAT,20.0000,13.8100,0,0,13.8100,0,13.8100
3879,3894,20% VAT,20% VAT,20.0000,4.7000,0,0,4.7000,0,4.7000
3880,3895,20% VAT,20% VAT,20.0000,8.9700,0,0,8.9700,0,8.9700
3881,3896,20% VAT,20% VAT,20.0000,6.1200,0,0,6.1200,0,6.1200
3882,3897,20% VAT,20% VAT,20.0000,4.9800,0,0,4.9800,0,4.9800
3883,3898,20% VAT,20% VAT,20.0000,8.9700,0,0,8.9700,0,8.9700
3884,3899,20% VAT,20% VAT,20.0000,31.0800,0,0,31.0800,0,31.0800
3885,3900,20% VAT,20% VAT,20.0000,4.7000,0,0,4.7000,0,4.7000
3886,3901,20% VAT,20% VAT,20.0000,18.4000,0,0,18.4000,0,18.4000
3887,3902,20% VAT,20% VAT,20.0000,6.1200,0,0,6.1200,0,6.1200
3888,3903,20% VAT,20% VAT,20.0000,4.7500,0,0,4.7500,0,4.7500
3889,3904,20% VAT,20% VAT,20.0000,42.2300,0,0,42.2300,0,42.2300
3890,3905,20% VAT,20% VAT,20.0000,10.4000,0,0,10.4000,0,10.4000
3891,3906,20% VAT,20% VAT,20.0000,9.5100,0,0,9.5100,0,9.5100
3892,3907,20% VAT,20% VAT,20.0000,4.7500,0,0,4.7500,0,4.7500
3893,3908,20% VAT,20% VAT,20.0000,4.7000,0,0,4.7000,0,4.7000
3894,3909,20% VAT,20% VAT,20.0000,7.3400,0,0,7.3400,0,7.3400
3895,3910,20% VAT,20% VAT,20.0000,4.7000,0,0,4.7000,0,4.7000
3896,3911,20% VAT,20% VAT,20.0000,9.1600,0,0,9.1600,0,9.1600
3897,3912,20% VAT,20% VAT,20.0000,6.1200,0,0,6.1200,0,6.1200
3898,3913,20% VAT,20% VAT,20.0000,19.4900,0,0,19.4900,0,19.4900
3899,3914,20% VAT,20% VAT,20.0000,8.9700,0,0,8.9700,0,8.9700
3900,3915,20% VAT,20% VAT,20.0000,9.8600,0,0,9.8600,0,9.8600
3901,3916,20% VAT,20% VAT,20.0000,9.7400,0,0,9.7400,0,9.7400
3902,3917,20% VAT,20% VAT,20.0000,9.4500,0,0,9.4500,0,9.4500
3903,3918,20% VAT,20% VAT,20.0000,9.7400,0,0,9.7400,0,9.7400
3904,3919,20% VAT,20% VAT,20.0000,4.7500,0,0,4.7500,0,4.7500
3905,3920,20% VAT,20% VAT,20.0000,9.4500,0,0,9.4500,0,9.4500
3906,3921,20% VAT,20% VAT,20.0000,4.3300,0,0,4.3300,0,4.3300
3907,3922,20% VAT,20% VAT,20.0000,9.5300,0,0,9.5300,0,9.5300
3908,3923,20% VAT,20% VAT,20.0000,8.9700,0,0,8.9700,0,8.9700
3909,3924,20% VAT,20% VAT,20.0000,10.4000,0,0,10.4000,0,10.4000
3910,3925,20% VAT,20% VAT,20.0000,4.7500,0,0,4.7500,0,4.7500
3911,3926,20% VAT,20% VAT,20.0000,9.7300,0,0,9.7300,0,9.7300
3912,3927,20% VAT,20% VAT,20.0000,6.1200,0,0,6.1200,0,6.1200
3913,3928,20% VAT,20% VAT,20.0000,4.7500,0,0,4.7500,0,4.7500
3914,3929,20% VAT,20% VAT,20.0000,5.5200,0,0,5.5200,0,5.5200
3915,3930,20% VAT,20% VAT,20.0000,4.3900,0,0,4.3900,0,4.3900
3916,3931,20% VAT,20% VAT,20.0000,4.7000,0,0,4.7000,0,4.7000
3917,3932,20% VAT,20% VAT,20.0000,4.7500,0,0,4.7500,0,4.7500
3918,3933,20% VAT,20% VAT,20.0000,4.7000,0,0,4.7000,0,4.7000
3919,3934,20% VAT,20% VAT,20.0000,5.5500,0,0,5.5500,0,5.5500
3920,3935,20% VAT,20% VAT,20.0000,16.5600,0,0,16.5600,0,16.5600
3921,3936,20% VAT,20% VAT,20.0000,8.8800,0,0,8.8800,0,8.8800
3922,3937,20% VAT,20% VAT,20.0000,8.9700,0,0,8.9700,0,8.9700
3923,3938,20% VAT,20% VAT,20.0000,6.1200,0,0,6.1200,0,6.1200
3924,3939,20% VAT,20% VAT,20.0000,8.4900,0,0,8.4900,0,8.4900
3925,3940,20% VAT,20% VAT,20.0000,8.6900,0,0,8.6900,0,8.6900
3926,3941,20% VAT,20% VAT,20.0000,4.8900,0,0,4.8900,0,4.8900
3927,3942,20% VAT,20% VAT,20.0000,8.6900,0,0,8.6900,0,8.6900
3928,3943,20% VAT,20% VAT,20.0000,6.1200,0,0,6.1200,0,6.1200
3929,3944,20% VAT,20% VAT,20.0000,4.7000,0,0,4.7000,0,4.7000
3930,3945,20% VAT,20% VAT,20.0000,8.6900,0,0,8.6900,0,8.6900
3931,3946,20% VAT,20% VAT,20.0000,4.7500,0,0,4.7500,0,4.7500
3932,3947,20% VAT,20% VAT,20.0000,9.4500,0,0,9.4500,0,9.4500
3933,3948,20% VAT,20% VAT,20.0000,9.4500,0,0,9.4500,0,9.4500
3934,3949,20% VAT,20% VAT,20.0000,9.2000,0,0,9.2000,0,9.2000
3935,3950,20% VAT,20% VAT,20.0000,36.1600,0,0,36.1600,0,36.1600
3936,3951,20% VAT,20% VAT,20.0000,6.4100,0,0,6.4100,0,6.4100
3937,3952,20% VAT,20% VAT,20.0000,6.1200,0,0,6.1200,0,6.1200
3938,3953,20% VAT,20% VAT,20.0000,6.1200,0,0,6.1200,0,6.1200
3939,3954,20% VAT,20% VAT,20.0000,9.4500,0,0,9.4500,0,9.4500
3940,3955,20% VAT,20% VAT,20.0000,4.7000,0,0,4.7000,0,4.7000
3941,3956,20% VAT,20% VAT,20.0000,6.1200,0,0,6.1200,0,6.1200
3942,3957,20% VAT,20% VAT,20.0000,8.6900,0,0,8.6900,0,8.6900
3943,3958,20% VAT,20% VAT,20.0000,8.8800,0,0,8.8800,0,8.8800
3944,3959,20% VAT,20% VAT,20.0000,8.4900,0,0,8.4900,0,8.4900
3945,3960,20% VAT,20% VAT,20.0000,4.7000,0,0,4.7000,0,4.7000
3946,3961,20% VAT,20% VAT,20.0000,6.1200,0,0,6.1200,0,6.1200
3947,3962,20% VAT,20% VAT,20.0000,4.7000,0,0,4.7000,0,4.7000
3948,3963,20% VAT,20% VAT,20.0000,8.9700,0,0,8.9700,0,8.9700
3949,3964,20% VAT,20% VAT,20.0000,8.8800,0,0,8.8800,0,8.8800
3950,3965,20% VAT,20% VAT,20.0000,8.6900,0,0,8.6900,0,8.6900
3951,3966,20% VAT,20% VAT,20.0000,4.7500,0,0,4.7500,0,4.7500
3952,3967,20% VAT,20% VAT,20.0000,4.7500,0,0,4.7500,0,4.7500
3953,3968,20% VAT,20% VAT,20.0000,13.3700,0,0,13.3700,0,13.3700
3954,3969,20% VAT,20% VAT,20.0000,15.9000,0,0,15.9000,0,15.9000
3955,3970,20% VAT,20% VAT,20.0000,9.4500,0,0,9.4500,0,9.4500
3956,3971,20% VAT,20% VAT,20.0000,4.7500,0,0,4.7500,0,4.7500
3957,3972,20% VAT,20% VAT,20.0000,4.7500,0,0,4.7500,0,4.7500
3958,3973,20% VAT,20% VAT,20.0000,3.9000,0,0,3.9000,0,3.9000
3959,3974,20% VAT,20% VAT,20.0000,4.7500,0,0,4.7500,0,4.7500
3960,3975,20% VAT,20% VAT,20.0000,4.7500,0,0,4.7500,0,4.7500
3961,3976,20% VAT,20% VAT,20.0000,4.7500,0,0,4.7500,0,4.7500
3962,3977,20% VAT,20% VAT,20.0000,8.9700,0,0,8.9700,0,8.9700
3963,3978,20% VAT,20% VAT,20.0000,8.9700,0,0,8.9700,0,8.9700
3964,3979,20% VAT,20% VAT,20.0000,38.3700,0,0,38.3700,0,38.3700
3965,3980,20% VAT,20% VAT,20.0000,17.0400,0,0,17.0400,0,17.0400
3966,3981,20% VAT,20% VAT,20.0000,5.5500,0,0,5.5500,0,5.5500
3967,3982,20% VAT,20% VAT,20.0000,6.1200,0,0,6.1200,0,6.1200
3968,3983,20% VAT,20% VAT,20.0000,4.9800,0,0,4.9800,0,4.9800
3969,3984,20% VAT,20% VAT,20.0000,21.3200,0,0,21.3200,0,21.3200
3970,3985,20% VAT,20% VAT,20.0000,8.6900,0,0,8.6900,0,8.6900
3971,3986,20% VAT,20% VAT,20.0000,9.4500,0,0,9.4500,0,9.4500
3972,3987,20% VAT,20% VAT,20.0000,4.9800,0,0,4.9800,0,4.9800
3973,3988,20% VAT,20% VAT,20.0000,4.7000,0,0,4.7000,0,4.7000
3974,3989,20% VAT,20% VAT,20.0000,4.9800,0,0,4.9800,0,4.9800
3975,3990,20% VAT,20% VAT,20.0000,4.9800,0,0,4.9800,0,4.9800
3976,3991,20% VAT,20% VAT,20.0000,26.4400,0,0,26.4400,0,26.4400
3977,3992,20% VAT,20% VAT,20.0000,6.4800,0,0,6.4800,0,6.4800
3978,3993,20% VAT,20% VAT,20.0000,4.8900,0,0,4.8900,0,4.8900
3979,3994,20% VAT,20% VAT,20.0000,9.3500,0,0,9.3500,0,9.3500
3980,3995,20% VAT,20% VAT,20.0000,4.7000,0,0,4.7000,0,4.7000
3981,3996,20% VAT,20% VAT,20.0000,4.7500,0,0,4.7500,0,4.7500
3982,3997,20% VAT,20% VAT,20.0000,9.4500,0,0,9.4500,0,9.4500
3983,3998,20% VAT,20% VAT,20.0000,9.2600,0,0,9.2600,0,9.2600
3984,3999,20% VAT,20% VAT,20.0000,4.7500,0,0,4.7500,0,4.7500
3985,4000,20% VAT,20% VAT,20.0000,4.7000,0,0,4.7000,0,4.7000
3986,4001,20% VAT,20% VAT,20.0000,9.1600,0,0,9.1600,0,9.1600
3987,4002,20% VAT,20% VAT,20.0000,8.6900,0,0,8.6900,0,8.6900
3988,4003,20% VAT,20% VAT,20.0000,8.6900,0,0,8.6900,0,8.6900
3989,4004,20% VAT,20% VAT,20.0000,4.7500,0,0,4.7500,0,4.7500
3990,4005,20% VAT,20% VAT,20.0000,4.7000,0,0,4.7000,0,4.7000
3991,4006,20% VAT,20% VAT,20.0000,4.7500,0,0,4.7500,0,4.7500
3992,4007,20% VAT,20% VAT,20.0000,9.7400,0,0,9.7400,0,9.7400
3993,4008,20% VAT,20% VAT,20.0000,4.6500,0,0,4.6500,0,4.6500
3994,4009,20% VAT,20% VAT,20.0000,70.0600,0,0,70.0600,0,70.0600
3995,4010,20% VAT,20% VAT,20.0000,9.2000,0,0,9.2000,0,9.2000
3996,4011,20% VAT,20% VAT,20.0000,9.2600,0,0,9.2600,0,9.2600
3997,4012,20% VAT,20% VAT,20.0000,8.6900,0,0,8.6900,0,8.6900
3998,4013,20% VAT,20% VAT,20.0000,4.7500,0,0,4.7500,0,4.7500
3999,4014,20% VAT,20% VAT,20.0000,8.6900,0,0,8.6900,0,8.6900
4000,4015,20% VAT,20% VAT,20.0000,4.7000,0,0,4.7000,0,4.7000
4001,4016,20% VAT,20% VAT,20.0000,14.1900,0,0,14.1900,0,14.1900
4002,4017,20% VAT,20% VAT,20.0000,10.4000,0,0,10.4000,0,10.4000
4003,4018,20% VAT,20% VAT,20.0000,9.7400,0,0,9.7400,0,9.7400
4004,4019,20% VAT,20% VAT,20.0000,6.1200,0,0,6.1200,0,6.1200
4005,4020,20% VAT,20% VAT,20.0000,8.6900,0,0,8.6900,0,8.6900
4006,4021,20% VAT,20% VAT,20.0000,23.4900,0,0,23.4900,0,23.4900
4007,4022,20% VAT,20% VAT,20.0000,8.9700,0,0,8.9700,0,8.9700
4008,4023,20% VAT,20% VAT,20.0000,6.1200,0,0,6.1200,0,6.1200
4009,4024,20% VAT,20% VAT,20.0000,4.7000,0,0,4.7000,0,4.7000
4010,4025,20% VAT,20% VAT,20.0000,6.4800,0,0,6.4800,0,6.4800
4011,4026,20% VAT,20% VAT,20.0000,4.7500,0,0,4.7500,0,4.7500
4012,4027,20% VAT,20% VAT,20.0000,11.3400,0,0,11.3400,0,11.3400
4013,4028,20% VAT,20% VAT,20.0000,4.7500,0,0,4.7500,0,4.7500
4014,4029,20% VAT,20% VAT,20.0000,4.7000,0,0,4.7000,0,4.7000
4015,4030,20% VAT,20% VAT,20.0000,71.7000,0,0,71.7000,0,71.7000
4016,4031,20% VAT,20% VAT,20.0000,8.6900,0,0,8.6900,0,8.6900
4017,4032,20% VAT,20% VAT,20.0000,4.7500,0,0,4.7500,0,4.7500
4018,4033,20% VAT,20% VAT,20.0000,8.9700,0,0,8.9700,0,8.9700
4019,4034,20% VAT,20% VAT,20.0000,4.7500,0,0,4.7500,0,4.7500
4020,4035,20% VAT,20% VAT,20.0000,6.1200,0,0,6.1200,0,6.1200
4021,4036,20% VAT,20% VAT,20.0000,20.1400,0,0,20.1400,0,20.1400
4022,4037,20% VAT,20% VAT,20.0000,26.5100,0,0,26.5100,0,26.5100
4023,4038,20% VAT,20% VAT,20.0000,20.4600,0,0,20.4600,0,20.4600
4024,4039,20% VAT,20% VAT,20.0000,4.8900,0,0,4.8900,0,4.8900
4025,4040,20% VAT,20% VAT,20.0000,6.1200,0,0,6.1200,0,6.1200
4026,4041,20% VAT,20% VAT,20.0000,9.4500,0,0,9.4500,0,9.4500
4027,4042,20% VAT,20% VAT,20.0000,6.1200,0,0,6.1200,0,6.1200
4028,4043,20% VAT,20% VAT,20.0000,4.7000,0,0,4.7000,0,4.7000
4029,4044,20% VAT,20% VAT,20.0000,4.7000,0,0,4.7000,0,4.7000
4030,4045,20% VAT,20% VAT,20.0000,28.1500,0,0,28.1500,0,28.1500
4031,4046,20% VAT,20% VAT,20.0000,8.6900,0,0,8.6900,0,8.6900
4032,4047,20% VAT,20% VAT,20.0000,4.7000,0,0,4.7000,0,4.7000
4033,4048,20% VAT,20% VAT,20.0000,21.8000,0,0,21.8000,0,21.8000
4034,4049,20% VAT,20% VAT,20.0000,10.8300,0,0,10.8300,0,10.8300
4035,4050,20% VAT,20% VAT,20.0000,8.6900,0,0,8.6900,0,8.6900
4036,4051,20% VAT,20% VAT,20.0000,6.1200,0,0,6.1200,0,6.1200
4037,4052,20% VAT,20% VAT,20.0000,6.1200,0,0,6.1200,0,6.1200
4038,4053,20% VAT,20% VAT,20.0000,8.9700,0,0,8.9700,0,8.9700
4039,4054,20% VAT,20% VAT,20.0000,4.7500,0,0,4.7500,0,4.7500
4040,4055,20% VAT,20% VAT,20.0000,9.2600,0,0,9.2600,0,9.2600
4041,4056,20% VAT,20% VAT,20.0000,4.7000,0,0,4.7000,0,4.7000
4042,4057,20% VAT,20% VAT,20.0000,10.8300,0,0,10.8300,0,10.8300
4043,4058,20% VAT,20% VAT,20.0000,16.2400,0,0,16.2400,0,16.2400
4044,4059,20% VAT,20% VAT,20.0000,9.4500,0,0,9.4500,0,9.4500
4045,4060,20% VAT,20% VAT,20.0000,4.7500,0,0,4.7500,0,4.7500
4046,4061,20% VAT,20% VAT,20.0000,6.1200,0,0,6.1200,0,6.1200
4047,4062,20% VAT,20% VAT,20.0000,76.2200,0,0,76.2200,0,76.2200
4048,4063,20% VAT,20% VAT,20.0000,46.0100,0,0,46.0100,0,46.0100
4049,4064,20% VAT,20% VAT,20.0000,9.7400,0,0,9.7400,0,9.7400
4050,4065,20% VAT,20% VAT,20.0000,10.5000,0,0,10.5000,0,10.5000
4051,4066,20% VAT,20% VAT,20.0000,4.7000,0,0,4.7000,0,4.7000
4052,4067,20% VAT,20% VAT,20.0000,10.2900,0,0,10.2900,0,10.2900
4053,4068,20% VAT,20% VAT,20.0000,4.7500,0,0,4.7500,0,4.7500
4054,4069,20% VAT,20% VAT,20.0000,9.2000,0,0,9.2000,0,9.2000
4055,4070,20% VAT,20% VAT,20.0000,6.1200,0,0,6.1200,0,6.1200
4056,4071,20% VAT,20% VAT,20.0000,4.8900,0,0,4.8900,0,4.8900
4057,4072,20% VAT,20% VAT,20.0000,8.6400,0,0,8.6400,0,8.6400
4058,4073,20% VAT,20% VAT,20.0000,4.7500,0,0,4.7500,0,4.7500
4059,4074,20% VAT,20% VAT,20.0000,6.1200,0,0,6.1200,0,6.1200
4060,4075,20% VAT,20% VAT,20.0000,115.4100,0,0,115.4100,0,115.4100
4061,4076,20% VAT,20% VAT,20.0000,4.7000,0,0,4.7000,0,4.7000
4062,4077,20% VAT,20% VAT,20.0000,4.7000,0,0,4.7000,0,4.7000
4063,4078,20% VAT,20% VAT,20.0000,20.5700,0,0,20.5700,0,20.5700
4064,4079,20% VAT,20% VAT,20.0000,33.1200,0,0,33.1200,0,33.1200
4065,4080,20% VAT,20% VAT,20.0000,5.9500,0,0,5.9500,0,5.9500
4066,4081,20% VAT,20% VAT,20.0000,21.6600,0,0,21.6600,0,21.6600
4067,4082,20% VAT,20% VAT,20.0000,9.2000,0,0,9.2000,0,9.2000
4068,4083,20% VAT,20% VAT,20.0000,27.6100,0,0,27.6100,0,27.6100
4069,4084,20% VAT,20% VAT,20.0000,10.8300,0,0,10.8300,0,10.8300
4070,4085,20% VAT,20% VAT,20.0000,9.4500,0,0,9.4500,0,9.4500
4071,4086,20% VAT,20% VAT,20.0000,10.6000,0,0,10.6000,0,10.6000
4072,4087,20% VAT,20% VAT,20.0000,5.9500,0,0,5.9500,0,5.9500
4073,4088,20% VAT,20% VAT,20.0000,25.9200,0,0,25.9200,0,25.9200
4074,4089,20% VAT,20% VAT,20.0000,4.7500,0,0,4.7500,0,4.7500
4075,4090,20% VAT,20% VAT,20.0000,5.9500,0,0,5.9500,0,5.9500
4076,4091,20% VAT,20% VAT,20.0000,10.0700,0,0,10.0700,0,10.0700
4077,4092,20% VAT,20% VAT,20.0000,4.7000,0,0,4.7000,0,4.7000
4078,4093,20% VAT,20% VAT,20.0000,9.0600,0,0,9.0600,0,9.0600
4079,4094,20% VAT,20% VAT,20.0000,6.9100,0,0,6.9100,0,6.9100
4080,4095,20% VAT,20% VAT,20.0000,10.0700,0,0,10.0700,0,10.0700
4081,4096,20% VAT,20% VAT,20.0000,4.9800,0,0,4.9800,0,4.9800
4082,4097,20% VAT,20% VAT,20.0000,4.7500,0,0,4.7500,0,4.7500
4083,4098,20% VAT,20% VAT,20.0000,17.9200,0,0,17.9200,0,17.9200
4084,4099,20% VAT,20% VAT,20.0000,9.2000,0,0,9.2000,0,9.2000
4085,4100,20% VAT,20% VAT,20.0000,14.6100,0,0,14.6100,0,14.6100
4086,4101,20% VAT,20% VAT,20.0000,6.1200,0,0,6.1200,0,6.1200
4087,4102,20% VAT,20% VAT,20.0000,5.9500,0,0,5.9500,0,5.9500
4088,4103,20% VAT,20% VAT,20.0000,4.9800,0,0,4.9800,0,4.9800
4089,4104,20% VAT,20% VAT,20.0000,20.2500,0,0,20.2500,0,20.2500
4090,4105,20% VAT,20% VAT,20.0000,9.7400,0,0,9.7400,0,9.7400
4091,4106,20% VAT,20% VAT,20.0000,25.6500,0,0,25.6500,0,25.6500
4092,4107,20% VAT,20% VAT,20.0000,8.9700,0,0,8.9700,0,8.9700
4093,4108,20% VAT,20% VAT,20.0000,78.6000,0,0,78.6000,0,78.6000
4094,4109,20% VAT,20% VAT,20.0000,40.8200,0,0,40.8200,0,40.8200
4095,4110,20% VAT,20% VAT,20.0000,5.9500,0,0,5.9500,0,5.9500
4096,4111,20% VAT,20% VAT,20.0000,6.1200,0,0,6.1200,0,6.1200
4097,4112,20% VAT,20% VAT,20.0000,4.8900,0,0,4.8900,0,4.8900
4098,4113,20% VAT,20% VAT,20.0000,4.7000,0,0,4.7000,0,4.7000
4099,4114,20% VAT,20% VAT,20.0000,28.9900,0,0,28.9900,0,28.9900
4100,4115,20% VAT,20% VAT,20.0000,4.5400,0,0,4.5400,0,4.5400
4101,4116,20% VAT,20% VAT,20.0000,13.4300,0,0,13.4300,0,13.4300
4102,4117,20% VAT,20% VAT,20.0000,9.4200,0,0,9.4200,0,9.4200
4103,4118,20% VAT,20% VAT,20.0000,25.7600,0,0,25.7600,0,25.7600
4104,4119,20% VAT,20% VAT,20.0000,5.9500,0,0,5.9500,0,5.9500
4105,4120,20% VAT,20% VAT,20.0000,9.7400,0,0,9.7400,0,9.7400
4106,4121,20% VAT,20% VAT,20.0000,20.1400,0,0,20.1400,0,20.1400
4107,4122,20% VAT,20% VAT,20.0000,18.6200,0,0,18.6200,0,18.6200
4108,4123,20% VAT,20% VAT,20.0000,4.7000,0,0,4.7000,0,4.7000
4109,4124,20% VAT,20% VAT,20.0000,6.1200,0,0,6.1200,0,6.1200
4110,4125,20% VAT,20% VAT,20.0000,4.7500,0,0,4.7500,0,4.7500
4111,4126,20% VAT,20% VAT,20.0000,6.9100,0,0,6.9100,0,6.9100
4112,4127,20% VAT,20% VAT,20.0000,9.9200,0,0,9.9200,0,9.9200
4113,4128,20% VAT,20% VAT,20.0000,4.7000,0,0,4.7000,0,4.7000
4114,4129,20% VAT,20% VAT,20.0000,4.7500,0,0,4.7500,0,4.7500
4115,4130,20% VAT,20% VAT,20.0000,4.7000,0,0,4.7000,0,4.7000
4116,4131,20% VAT,20% VAT,20.0000,53.0200,0,0,53.0200,0,53.0200
4117,4132,20% VAT,20% VAT,20.0000,10.8300,0,0,10.8300,0,10.8300
4118,4133,20% VAT,20% VAT,20.0000,8.4400,0,0,8.4400,0,8.4400
4119,4134,20% VAT,20% VAT,20.0000,38.6900,0,0,38.6900,0,38.6900
4120,4135,20% VAT,20% VAT,20.0000,38.1000,0,0,38.1000,0,38.1000
4121,4136,20% VAT,20% VAT,20.0000,103.9300,0,0,103.9300,0,103.9300
4122,4137,20% VAT,20% VAT,20.0000,4.7500,0,0,4.7500,0,4.7500
4123,4138,20% VAT,20% VAT,20.0000,4.8900,0,0,4.8900,0,4.8900
4124,4139,20% VAT,20% VAT,20.0000,4.7500,0,0,4.7500,0,4.7500
4125,4140,20% VAT,20% VAT,20.0000,11.9100,0,0,11.9100,0,11.9100
4126,4141,20% VAT,20% VAT,20.0000,45.0400,0,0,45.0400,0,45.0400
4127,4142,20% VAT,20% VAT,20.0000,4.8900,0,0,4.8900,0,4.8900
4128,4143,20% VAT,20% VAT,20.0000,17.3200,0,0,17.3200,0,17.3200
4129,4144,20% VAT,20% VAT,20.0000,4.9800,0,0,4.9800,0,4.9800
4130,4145,20% VAT,20% VAT,20.0000,19.8100,0,0,19.8100,0,19.8100
4131,4146,20% VAT,20% VAT,20.0000,4.7500,0,0,4.7500,0,4.7500
4132,4147,20% VAT,20% VAT,20.0000,9.0400,0,0,9.0400,0,9.0400
4133,4148,20% VAT,20% VAT,20.0000,8.4900,0,0,8.4900,0,8.4900
4134,4149,20% VAT,20% VAT,20.0000,4.8900,0,0,4.8900,0,4.8900
4135,4150,20% VAT,20% VAT,20.0000,4.7000,0,0,4.7000,0,4.7000
4136,4151,20% VAT,20% VAT,20.0000,4.7500,0,0,4.7500,0,4.7500
4137,4152,20% VAT,20% VAT,20.0000,4.7000,0,0,4.7000,0,4.7000
4138,4153,20% VAT,20% VAT,20.0000,13.6300,0,0,13.6300,0,13.6300
4139,4154,20% VAT,20% VAT,20.0000,4.3900,0,0,4.3900,0,4.3900
4140,4155,20% VAT,20% VAT,20.0000,4.8900,0,0,4.8900,0,4.8900
4141,4156,20% VAT,20% VAT,20.0000,4.7000,0,0,4.7000,0,4.7000
4142,4157,20% VAT,20% VAT,20.0000,50.0200,0,0,50.0200,0,50.0200
4143,4158,20% VAT,20% VAT,20.0000,4.7500,0,0,4.7500,0,4.7500
4144,4159,20% VAT,20% VAT,20.0000,21.6600,0,0,21.6600,0,21.6600
4145,4160,20% VAT,20% VAT,20.0000,6.1200,0,0,6.1200,0,6.1200
4146,4161,20% VAT,20% VAT,20.0000,4.7000,0,0,4.7000,0,4.7000
4147,4162,20% VAT,20% VAT,20.0000,9.3300,0,0,9.3300,0,9.3300
4148,4163,20% VAT,20% VAT,20.0000,10.0700,0,0,10.0700,0,10.0700
4149,4164,20% VAT,20% VAT,20.0000,6.1200,0,0,6.1200,0,6.1200
4150,4165,20% VAT,20% VAT,20.0000,21.7600,0,0,21.7600,0,21.7600
4151,4166,20% VAT,20% VAT,20.0000,6.2200,0,0,6.2200,0,6.2200
4152,4167,20% VAT,20% VAT,20.0000,4.9800,0,0,4.9800,0,4.9800
4153,4168,20% VAT,20% VAT,20.0000,6.1200,0,0,6.1200,0,6.1200
4154,4169,20% VAT,20% VAT,20.0000,4.3300,0,0,4.3300,0,4.3300
4155,4170,20% VAT,20% VAT,20.0000,4.8900,0,0,4.8900,0,4.8900
4156,4171,20% VAT,20% VAT,20.0000,4.7000,0,0,4.7000,0,4.7000
4157,4172,20% VAT,20% VAT,20.0000,8.6800,0,0,8.6800,0,8.6800
4158,4173,20% VAT,20% VAT,20.0000,4.7500,0,0,4.7500,0,4.7500
4159,4174,20% VAT,20% VAT,20.0000,17.1100,0,0,17.1100,0,17.1100
4160,4175,20% VAT,20% VAT,20.0000,4.8900,0,0,4.8900,0,4.8900
4161,4176,20% VAT,20% VAT,20.0000,6.1200,0,0,6.1200,0,6.1200
4162,4177,20% VAT,20% VAT,20.0000,4.7000,0,0,4.7000,0,4.7000
4163,4178,20% VAT,20% VAT,20.0000,4.7500,0,0,4.7500,0,4.7500
4164,4179,20% VAT,20% VAT,20.0000,4.9800,0,0,4.9800,0,4.9800
4165,4180,20% VAT,20% VAT,20.0000,4.8900,0,0,4.8900,0,4.8900
4166,4181,20% VAT,20% VAT,20.0000,6.1200,0,0,6.1200,0,6.1200
4167,4182,20% VAT,20% VAT,20.0000,19.8300,0,0,19.8300,0,19.8300
4168,4183,20% VAT,20% VAT,20.0000,10.1100,0,0,10.1100,0,10.1100
4169,4184,20% VAT,20% VAT,20.0000,4.7000,0,0,4.7000,0,4.7000
4170,4185,20% VAT,20% VAT,20.0000,6.1200,0,0,6.1200,0,6.1200
4171,4186,20% VAT,20% VAT,20.0000,25.1800,0,0,25.1800,0,25.1800
4172,4187,20% VAT,20% VAT,20.0000,11.4400,0,0,11.4400,0,11.4400
4173,4188,20% VAT,20% VAT,20.0000,6.1200,0,0,6.1200,0,6.1200
4174,4189,20% VAT,20% VAT,20.0000,17.7100,0,0,17.7100,0,17.7100
4175,4190,20% VAT,20% VAT,20.0000,6.2800,0,0,6.2800,0,6.2800
4176,4191,20% VAT,20% VAT,20.0000,4.3900,0,0,4.3900,0,4.3900
4177,4192,20% VAT,20% VAT,20.0000,4.8900,0,0,4.8900,0,4.8900
4178,4193,20% VAT,20% VAT,20.0000,4.7000,0,0,4.7000,0,4.7000
4179,4194,20% VAT,20% VAT,20.0000,4.7500,0,0,4.7500,0,4.7500
4180,4195,20% VAT,20% VAT,20.0000,6.1200,0,0,6.1200,0,6.1200
4181,4196,20% VAT,20% VAT,20.0000,6.1200,0,0,6.1200,0,6.1200
4182,4197,20% VAT,20% VAT,20.0000,18.7000,0,0,18.7000,0,18.7000
4183,4198,20% VAT,20% VAT,20.0000,4.8900,0,0,4.8900,0,4.8900
4184,4199,20% VAT,20% VAT,20.0000,24.9800,0,0,24.9800,0,24.9800
4185,4200,20% VAT,20% VAT,20.0000,4.7000,0,0,4.7000,0,4.7000
4186,4201,20% VAT,20% VAT,20.0000,6.1200,0,0,6.1200,0,6.1200
4187,4202,20% VAT,20% VAT,20.0000,4.8900,0,0,4.8900,0,4.8900
4188,4203,20% VAT,20% VAT,20.0000,5.3000,0,0,5.3000,0,5.3000
4189,4204,20% VAT,20% VAT,20.0000,4.7000,0,0,4.7000,0,4.7000
4190,4205,20% VAT,20% VAT,20.0000,4.6700,0,0,4.6700,0,4.6700
4191,4206,20% VAT,20% VAT,20.0000,17.1100,0,0,17.1100,0,17.1100
4192,4207,20% VAT,20% VAT,20.0000,4.7500,0,0,4.7500,0,4.7500
4193,4208,20% VAT,20% VAT,20.0000,6.1200,0,0,6.1200,0,6.1200
4194,4209,20% VAT,20% VAT,20.0000,4.7500,0,0,4.7500,0,4.7500
4195,4210,20% VAT,20% VAT,20.0000,19.4900,0,0,19.4900,0,19.4900
4196,4211,20% VAT,20% VAT,20.0000,17.8600,0,0,17.8600,0,17.8600
4197,4212,20% VAT,20% VAT,20.0000,6.1200,0,0,6.1200,0,6.1200
4198,4213,20% VAT,20% VAT,20.0000,16.4500,0,0,16.4500,0,16.4500
4199,4214,20% VAT,20% VAT,20.0000,19.1600,0,0,19.1600,0,19.1600
4200,4215,20% VAT,20% VAT,20.0000,10.5000,0,0,10.5000,0,10.5000
4201,4216,20% VAT,20% VAT,20.0000,9.7400,0,0,9.7400,0,9.7400
4202,4217,20% VAT,20% VAT,20.0000,9.2000,0,0,9.2000,0,9.2000
4203,4218,20% VAT,20% VAT,20.0000,148.9700,0,0,148.9700,0,148.9700
4204,4219,20% VAT,20% VAT,20.0000,10.8300,0,0,10.8300,0,10.8300
4205,4220,20% VAT,20% VAT,20.0000,4.3900,0,0,4.3900,0,4.3900
4206,4221,20% VAT,20% VAT,20.0000,13.6900,0,0,13.6900,0,13.6900
4207,4222,20% VAT,20% VAT,20.0000,5.3000,0,0,5.3000,0,5.3000
4208,4223,20% VAT,20% VAT,20.0000,8.6000,0,0,8.6000,0,8.6000
4209,4224,20% VAT,20% VAT,20.0000,6.1200,0,0,6.1200,0,6.1200
4210,4225,20% VAT,20% VAT,20.0000,11.3400,0,0,11.3400,0,11.3400
4211,4226,20% VAT,20% VAT,20.0000,54.5000,0,0,54.5000,0,54.5000
4212,4227,20% VAT,20% VAT,20.0000,9.7400,0,0,9.7400,0,9.7400
4213,4228,20% VAT,20% VAT,20.0000,8.4900,0,0,8.4900,0,8.4900
4214,4229,20% VAT,20% VAT,20.0000,10.0700,0,0,10.0700,0,10.0700
4215,4230,20% VAT,20% VAT,20.0000,4.7500,0,0,4.7500,0,4.7500
4216,4231,20% VAT,20% VAT,20.0000,8.1200,0,0,8.1200,0,8.1200
4217,4232,20% VAT,20% VAT,20.0000,9.7400,0,0,9.7400,0,9.7400
4218,4233,20% VAT,20% VAT,20.0000,4.7500,0,0,4.7500,0,4.7500
4219,4234,20% VAT,20% VAT,20.0000,17.3100,0,0,17.3100,0,17.3100
4220,4235,20% VAT,20% VAT,20.0000,10.0700,0,0,10.0700,0,10.0700
4221,4236,20% VAT,20% VAT,20.0000,4.7500,0,0,4.7500,0,4.7500
4222,4237,20% VAT,20% VAT,20.0000,4.7000,0,0,4.7000,0,4.7000
4223,4238,20% VAT,20% VAT,20.0000,4.5400,0,0,4.5400,0,4.5400
4224,4239,20% VAT,20% VAT,20.0000,4.5400,0,0,4.5400,0,4.5400
4225,4240,20% VAT,20% VAT,20.0000,4.8900,0,0,4.8900,0,4.8900
4226,4241,20% VAT,20% VAT,20.0000,4.7500,0,0,4.7500,0,4.7500
4227,4242,20% VAT,20% VAT,20.0000,7.6300,0,0,7.6300,0,7.6300
4228,4243,20% VAT,20% VAT,20.0000,4.7000,0,0,4.7000,0,4.7000
4229,4244,20% VAT,20% VAT,20.0000,4.9800,0,0,4.9800,0,4.9800
4230,4245,20% VAT,20% VAT,20.0000,37.7900,0,0,37.7900,0,37.7900
4231,4246,20% VAT,20% VAT,20.0000,4.7500,0,0,4.7500,0,4.7500
4232,4247,20% VAT,20% VAT,20.0000,10.4000,0,0,10.4000,0,10.4000
4233,4248,20% VAT,20% VAT,20.0000,21.3300,0,0,21.3300,0,21.3300
4234,4249,20% VAT,20% VAT,20.0000,7.5800,0,0,7.5800,0,7.5800
4235,4250,20% VAT,20% VAT,20.0000,4.8900,0,0,4.8900,0,4.8900
4236,4251,20% VAT,20% VAT,20.0000,10.2900,0,0,10.2900,0,10.2900
4237,4252,20% VAT,20% VAT,20.0000,9.4200,0,0,9.4200,0,9.4200
4238,4253,20% VAT,20% VAT,20.0000,22.6000,0,0,22.6000,0,22.6000
4239,4254,20% VAT,20% VAT,20.0000,6.1200,0,0,6.1200,0,6.1200
4240,4255,20% VAT,20% VAT,20.0000,19.8100,0,0,19.8100,0,19.8100
4241,4256,20% VAT,20% VAT,20.0000,6.1200,0,0,6.1200,0,6.1200
4242,4257,20% VAT,20% VAT,20.0000,4.7500,0,0,4.7500,0,4.7500
4243,4258,20% VAT,20% VAT,20.0000,4.8900,0,0,4.8900,0,4.8900
4244,4259,20% VAT,20% VAT,20.0000,4.3900,0,0,4.3900,0,4.3900
4245,4260,20% VAT,20% VAT,20.0000,47.6400,0,0,47.6400,0,47.6400
4246,4261,20% VAT,20% VAT,20.0000,8.8800,0,0,8.8800,0,8.8800
4247,4262,20% VAT,20% VAT,20.0000,4.7500,0,0,4.7500,0,4.7500
4248,4263,20% VAT,20% VAT,20.0000,15.5900,0,0,15.5900,0,15.5900
4249,4264,20% VAT,20% VAT,20.0000,21.6600,0,0,21.6600,0,21.6600
4250,4265,20% VAT,20% VAT,20.0000,4.7500,0,0,4.7500,0,4.7500
4251,4266,20% VAT,20% VAT,20.0000,4.7500,0,0,4.7500,0,4.7500
4252,4267,20% VAT,20% VAT,20.0000,24.4600,0,0,24.4600,0,24.4600
4253,4268,20% VAT,20% VAT,20.0000,5.5500,0,0,5.5500,0,5.5500
4254,4269,20% VAT,20% VAT,20.0000,39.5200,0,0,39.5200,0,39.5200
4255,4270,20% VAT,20% VAT,20.0000,4.7000,0,0,4.7000,0,4.7000
4256,4271,20% VAT,20% VAT,20.0000,4.7500,0,0,4.7500,0,4.7500
4257,4272,20% VAT,20% VAT,20.0000,85.9600,0,0,85.9600,0,85.9600
4258,4273,20% VAT,20% VAT,20.0000,25.2200,0,0,25.2200,0,25.2200
4259,4274,20% VAT,20% VAT,20.0000,4.7500,0,0,4.7500,0,4.7500
